twfy_id;First name;Last name;Party;Constituency;person_id;brexit_vote;Fullname;Gender;HouseStartYear;HouseEndYear;Birthdate
;Mr;Speaker;;;uk.org.publicwhip/member/40131;;Mr Speaker;;;;
;Mr;Speaker;;;uk.org.publicwhip/person/10040;;Mr Speaker;;;;
;The;Chairman;;;unknown;;The Chairman;;;;
;Unknown;Unknown;;;unknown;;Unknown Unknown;;;;
10900;Hywel;Francis;Labour;Aberafan Maesteg;uk.org.publicwhip/member/10900;;Hywel Francis;M;2001;2015;06/06/1946
25297;Stephen;Kinnock;Labour;Aberafan Maesteg;uk.org.publicwhip/member/25297;remain;Stephen Kinnock;M;2015;;01/01/1970
10174;Frank;Doran;Labour;Aberdeen North;uk.org.publicwhip/member/10174;;Frank Doran;M;1997;2015;13/04/1949
25314;Kirsty;Blackman;Scottish National Party;Aberdeen North;uk.org.publicwhip/member/25314;;Kirsty Blackman;F;2015;;20/03/1986
10032;Anne;Begg;Labour;Aberdeen South;uk.org.publicwhip/member/10032;;Anne Begg;F;1997;2015;06/12/1955
25400;Callum;McCaig;Scottish National Party;Aberdeen South;uk.org.publicwhip/member/25400;;Callum McCaig;M;2015;2017;06/01/1985
25539;Ross;Thomson;Conservative;Aberdeen South;uk.org.publicwhip/member/25539;;Ross Thomson;M;2017;2019;21/09/1987
25867;Stephen;Flynn;Scottish National Party;Aberdeen South;uk.org.publicwhip/member/25867;;Stephen Flynn;M;2019;;13/10/1988
24812;Eilidh;Whiteford;Scottish National Party;Aberdeenshire North and Moray East;uk.org.publicwhip/member/24812;;Eilidh Whiteford;F;2010;2017;04/04/1969
25664;David;Duguid;Conservative;Aberdeenshire North and Moray East;uk.org.publicwhip/member/25664;;David Duguid;M;2017;2024;08/10/1970
24737;Pamela;Nash;Labour;Airdrie and Shotts;uk.org.publicwhip/member/24737;;Pamela Nash;F;2024;;24/06/1984
25293;Neil;Gray;Scottish National Party;Airdrie and Shotts;uk.org.publicwhip/member/25293;;Neil Gray;M;2015;2021;16/03/1986
26020;Anum;Qaisar;Scottish National Party;Airdrie and Shotts;uk.org.publicwhip/member/26020;;Anum Qaisar;F;2021;2024;25/09/1992
10293;Gerald;Howarth;Conservative;Aldershot;uk.org.publicwhip/member/10293;leave;Gerald Howarth;M;1997;2017;12/09/1947
25628;Leo;Docherty;Conservative;Aldershot;uk.org.publicwhip/member/25628;;Leo Docherty;M;2017;2024;04/10/1976
10537;Richard;Shepherd;Conservative;Aldridge-Brownhills;uk.org.publicwhip/member/10537;;Richard Shepherd;M;1979;2015;06/12/1942
25342;Wendy;Morton;Conservative;Aldridge-Brownhills;uk.org.publicwhip/member/25342;remain;Wendy Morton;F;2015;;09/11/1967
12005;Gordon;Banks;Labour;Alloa and Grangemouth;uk.org.publicwhip/member/12005;;Gordon Banks;M;2005;2015;14/06/1957
25274;Tasmina;Ahmed-Sheikh;Scottish National Party;Alloa and Grangemouth;uk.org.publicwhip/member/25274;;Tasmina Ahmed-Sheikh;F;2015;2017;05/10/1970
25281;John;Nicolson;Scottish National Party;Alloa and Grangemouth;uk.org.publicwhip/member/25281;;John Nicolson;M;2019;2024;23/09/1961
25625;Luke;Graham;Conservative;Alloa and Grangemouth;uk.org.publicwhip/member/25625;;Luke Graham;M;2017;2019;08/06/1985
10062;Graham;Brady;Conservative;Altrincham and Sale West;uk.org.publicwhip/member/10062;leave;Graham Brady;M;1997;2024;20/05/1967
11267;Mark;Tami;Labour;Alyn and Deeside;uk.org.publicwhip/member/11267;remain;Mark Tami;M;2001;;03/10/1962
10259;David;Hanson;Labour;Alyn and Deeside;uk.org.publicwhip/member/10259;remain;David Hanson;M;1992;2019;05/07/1957
25852;Rob;Roberts;Independent;Alyn and Deeside;uk.org.publicwhip/member/25852;;Rob Roberts;M;2019;2024;30/10/1979
24965;Nigel;Mills;Conservative;Amber Valley;uk.org.publicwhip/member/24965;leave;Nigel Mills;M;2010;2024;28/10/1974
11312;Michael;Weir;Scottish National Party;Angus;uk.org.publicwhip/member/11312;;Michael Weir;M;2001;2015;19/03/1957
25616;Kirstene;Hair;Conservative;Angus;uk.org.publicwhip/member/25616;;Kirstene Hair;F;2017;2019;22/12/1989
25796;Dave;Doogan;Scottish National Party;Angus;uk.org.publicwhip/member/25796;;Dave Doogan;M;2019;;20/03/1975
11973;Stewart;Hosie;Scottish National Party;Arbroath and Broughty Ferry;uk.org.publicwhip/member/11973;;Stewart Hosie;M;2005;2024;03/01/1963
11185;Alan;Reid;Liberal Democrat;Argyll, Bute and South Lochaber;uk.org.publicwhip/member/11185;;Alan Reid;M;2001;2015;07/08/1954
25370;Brendan;O'Hara;Scottish National Party;Argyll, Bute and South Lochaber;uk.org.publicwhip/member/25370;;Brendan O'Hara;M;2015;;27/04/1963
11377;Nick;Herbert;Conservative;Arundel and South Downs;uk.org.publicwhip/member/11377;remain;Nick Herbert;M;2005;2019;07/04/1963
25927;Andrew;Griffith;Conservative;Arundel and South Downs;uk.org.publicwhip/member/25927;;Andrew Griffith;M;2019;;23/02/1971
24811;Gloria;De Piero;Labour;Ashfield;uk.org.publicwhip/member/24811;remain;Gloria De Piero;F;2010;2019;21/12/1972
25894;Lee;Anderson;Conservative;Ashfield;uk.org.publicwhip/member/25894;;Lee Anderson;M;2019;;06/01/1967
10241;Damian;Green;Conservative;Ashford;uk.org.publicwhip/member/10241;remain;Damian Green;M;1997;2024;17/01/1956
10961;David;Heyes;Labour;Ashton-under-Lyne;uk.org.publicwhip/member/10961;;David Heyes;M;2001;2015;02/04/1946
25429;Angela;Rayner;Labour;Ashton-under-Lyne;uk.org.publicwhip/member/25429;remain;Angela Rayner;F;2015;;28/03/1980
10361;David;Lidington;Conservative;Aylesbury;uk.org.publicwhip/member/10361;remain;David Lidington;M;1992;2019;30/06/1956
25895;Rob;Butler;Conservative;Aylesbury;uk.org.publicwhip/member/25895;;Rob Butler;M;2019;2024;09/06/1967
10467;Sandra;Osborne;Labour;Ayr, Carrick and Cumnock;uk.org.publicwhip/member/10467;;Sandra Osborne;F;1997;2015;23/02/1956
25401;Corri;Wilson;Scottish National Party;Ayr, Carrick and Cumnock;uk.org.publicwhip/member/25401;;Corri Wilson;F;2015;2017;11/04/1965
25643;Bill;Grant;Conservative;Ayr, Carrick and Cumnock;uk.org.publicwhip/member/25643;;Bill Grant;M;2017;2019;09/04/1951
25870;Allan;Dorans;Scottish National Party;Ayr, Carrick and Cumnock;uk.org.publicwhip/member/25870;;Allan Dorans;M;2019;2024;30/07/1955
10023;Tony;Baldry;Conservative;Banbury;uk.org.publicwhip/member/10023;;Tony Baldry;M;1983;2015;10/07/1950
25420;Victoria;Prentis;Conservative;Banbury;uk.org.publicwhip/member/25420;remain;Victoria Prentis;F;2015;2024;24/03/1971
24736;Guto;Bebb;Conservative;Bangor Aberconwy;uk.org.publicwhip/member/24736;remain;Guto Bebb;M;2010;2019;09/10/1968
25832;Robin;Millar;Conservative;Bangor Aberconwy;uk.org.publicwhip/member/25832;;Robin Millar;M;2019;2024;19/10/1971
11323;Hywel;Williams;Plaid Cymru;Bangor Aberconwy;uk.org.publicwhip/member/11323;;Hywel Williams;M;2001;2024;14/05/1953
11506;David;Jones;Conservative;Bangor Aberconwy;uk.org.publicwhip/member/11506;leave;David Jones;M;2005;2024;22/03/1952
10281;Margaret;Hodge;Labour;Barking;uk.org.publicwhip/member/10281;remain;Margaret Hodge;F;1994;2024;08/09/1944
10305;Eric;Illsley;Labour;Barnsley North;uk.org.publicwhip/member/10305;;Eric Illsley;M;1987;2011;09/04/1955
25067;Dan;Jarvis;Labour;Barnsley North;uk.org.publicwhip/member/25067;remain;Dan Jarvis;M;2011;;30/11/1972
24762;Michael;Dugher;Labour;Barnsley South;uk.org.publicwhip/member/24762;remain;Michael Dugher;M;2010;2017;26/04/1975
25617;Stephanie;Peacock;Labour;Barnsley South;uk.org.publicwhip/member/25617;;Stephanie Peacock;F;2017;;19/12/1986
24837;John;Woodcock;Labour/Co-operative;Barrow and Furness;uk.org.publicwhip/member/24837;remain;John Woodcock;M;2010;2019;06/10/1978
25869;Simon;Fell;Conservative;Barrow and Furness;uk.org.publicwhip/member/25869;;Simon Fell;M;2019;2024;09/02/1981
10715;John;Baron;Conservative;Basildon and Billericay;uk.org.publicwhip/member/10715;leave;John Baron;M;2001;2024;21/06/1959
11389;Maria;Miller;Conservative;Basingstoke;uk.org.publicwhip/member/11389;remain;Maria Miller;F;2005;2024;26/03/1964
11093;John;Mann;Labour;Bassetlaw;uk.org.publicwhip/member/11093;leave;John Mann;M;2001;2019;10/01/1960
25862;Brendan;Clarke-Smith;Conservative;Bassetlaw;uk.org.publicwhip/member/25862;;Brendan Clarke-Smith;M;2019;2024;17/09/1980
10208;Don;Foster;Liberal Democrat;Bath;uk.org.publicwhip/member/10208;;Don Foster;M;1992;2015;31/03/1947
25334;Ben;Howlett;Conservative;Bath;uk.org.publicwhip/member/25334;remain;Ben Howlett;M;2015;2017;21/08/1986
25648;Wera;Hobhouse;Liberal Democrat;Bath;uk.org.publicwhip/member/25648;;Wera Hobhouse;F;2017;;08/02/1960
10128;Michael;Connarty;Labour;Bathgate and Linlithgow;uk.org.publicwhip/member/10128;;Michael Connarty;M;1992;2015;03/09/1947
25307;Martyn;Day;Scottish National Party;Bathgate and Linlithgow;uk.org.publicwhip/member/25307;;Martyn Day;M;2015;2024;26/06/1971
24719;Jane;Ellison;Conservative;Battersea;uk.org.publicwhip/member/24719;remain;Jane Ellison;F;2010;2017;15/08/1964
25620;Marsha;de Cordova;Labour;Battersea;uk.org.publicwhip/member/25620;;Marsha de Cordova;F;2017;;23/01/1976
10243;Dominic;Grieve;Conservative;Beaconsfield;uk.org.publicwhip/member/10243;remain;Dominic Grieve;M;1997;2019;24/05/1956
25878;Joy;Morrissey;Conservative;Beaconsfield;uk.org.publicwhip/member/25878;;Joy Morrissey;F;2019;;30/01/1981
24907;Bob;Stewart;Conservative;Beckenham and Penge;uk.org.publicwhip/member/24907;leave;Bob Stewart;M;2010;2024;07/07/1949
25649;Mohammad;Yasin;Labour;Bedford;uk.org.publicwhip/member/25649;;Mohammad Yasin;M;2017;;17/10/1970
13814;Naomi;Long;Alliance;Belfast East;uk.org.publicwhip/member/13814;;Naomi Long;F;2010;2015;13/12/1971
25280;Gavin;Robinson;DUP;Belfast East;uk.org.publicwhip/member/25280;;Gavin Robinson;M;2015;;02/11/1984
10857;Nigel;Dodds;DUP;Belfast North;uk.org.publicwhip/member/10857;;Nigel Dodds;M;2010;2019;20/08/1958
25821;John;Finucane;Sinn Féin;Belfast North;uk.org.publicwhip/member/25821;;John Finucane;M;2019;;01/02/1980
11402;Alasdair;McDonnell;Social Democratic and Labour Party;Belfast South and Mid Down;uk.org.publicwhip/member/11402;;Alasdair McDonnell;M;2005;2017;01/09/1949
25447;Claire;Hanna;Social Democratic and Labour Party;Belfast South and Mid Down;uk.org.publicwhip/member/25447;;Claire Hanna;F;2019;;19/06/1980
25452;Emma;Little-Pengelly;DUP;Belfast South and Mid Down;uk.org.publicwhip/member/25452;;Emma Little-Pengelly;F;2017;2022;31/12/1979
10002;Gerry;Adams;Sinn Féin;Belfast West;uk.org.publicwhip/member/10002;;Gerry Adams;M;1997;2011;06/10/1948
13904;Paul;Maskey;Sinn Féin;Belfast West;uk.org.publicwhip/member/13904;;Paul Maskey;M;2011;;10/06/1967
10298;Simon;Hughes;Liberal Democrat;Bermondsey and Old Southwark;uk.org.publicwhip/member/10298;;Simon Hughes;M;1983;2015;17/05/1951
25326;Neil;Coyle;Labour;Bermondsey and Old Southwark;uk.org.publicwhip/member/25326;remain;Neil Coyle;M;2015;;30/12/1978
10439;Michael;Moore;Liberal Democrat;Berwickshire, Roxburgh and Selkirk;uk.org.publicwhip/member/10439;;Michael Moore;M;1997;2015;03/06/1965
14026;John;Lamont;Conservative;Berwickshire, Roxburgh and Selkirk;uk.org.publicwhip/member/14026;;John Lamont;M;2017;;15/07/1976
25416;Calum;Kerr;Scottish National Party;Berwickshire, Roxburgh and Selkirk;uk.org.publicwhip/member/25416;;Calum Kerr;M;2015;2017;06/09/1972
24958;Rushanara;Ali;Labour;Bethnal Green and Stepney;uk.org.publicwhip/member/24958;remain;Rushanara Ali;F;2010;;14/09/1975
11406;Graham;Stuart;Conservative;Beverley and Holderness;uk.org.publicwhip/member/11406;remain;Graham Stuart;M;2005;;12/03/1962
10713;Gregory;Barker;Conservative;Bexhill and Battle;uk.org.publicwhip/member/10713;;Gregory Barker;M;2001;2015;08/03/1966
25426;Huw;Merriman;Conservative;Bexhill and Battle;uk.org.publicwhip/member/25426;remain;Huw Merriman;M;2015;2024;13/07/1973
11408;David;Evennett;Conservative;Bexleyheath and Crayford;uk.org.publicwhip/member/11408;remain;David Evennett;M;2005;2024;03/06/1949
10197;Frank;Field;Labour;Birkenhead;uk.org.publicwhip/member/10197;leave;Frank Field;M;1979;2019;16/07/1942
25798;Mick;Whitley;Labour;Birkenhead;uk.org.publicwhip/member/25798;;Mick Whitley;M;2019;2024;17/07/1951
10577;Gisela;Stuart;Labour;Birmingham Edgbaston;uk.org.publicwhip/member/10577;leave;Gisela Stuart;F;1997;2017;26/11/1956
25666;Preet Kaur;Gill;Labour/Co-operative;Birmingham Edgbaston;uk.org.publicwhip/member/25666;;Preet Kaur Gill;F;2017;;21/11/1972
24825;Jack;Dromey;Labour;Birmingham Erdington;uk.org.publicwhip/member/24825;remain;Jack Dromey;M;2010;2022;21/09/1948
10231;Roger;Godsiff;Labour;Birmingham Hall Green and Moseley;uk.org.publicwhip/member/10231;leave;Roger Godsiff;M;1992;2019;28/06/1946
25888;Tahir;Ali;Labour;Birmingham Hall Green and Moseley;uk.org.publicwhip/member/25888;;Tahir Ali;M;2019;;10/10/1967
11360;Liam;Byrne;Labour;Birmingham Hodge Hill and Solihull North;uk.org.publicwhip/member/11360;remain;Liam Byrne;M;2004;;02/10/1970
24788;Shabana;Mahmood;Labour;Birmingham Ladywood;uk.org.publicwhip/member/24788;remain;Shabana Mahmood;F;2010;;17/09/1980
10076;Richard;Burden;Labour;Birmingham Northfield;uk.org.publicwhip/member/10076;remain;Richard Burden;M;1992;2019;01/09/1954
25887;Gary;Sambrook;Conservative;Birmingham Northfield;uk.org.publicwhip/member/25887;;Gary Sambrook;M;2019;2024;25/06/1989
11087;Khalid;Mahmood;Labour;Birmingham Perry Barr;uk.org.publicwhip/member/11087;remain;Khalid Mahmood;M;2001;2024;13/07/1961
10377;Steve;McCabe;Labour;Birmingham Selly Oak;uk.org.publicwhip/member/10377;remain;Steve McCabe;M;1997;2024;04/08/1955
;Stephen;McCabe;Labour;Birmingham Selly Oak;uk.org.publicwhip/member/40087;;Stephen McCabe;M;1997;2024;04/08/1955
11420;John;Hemming;Liberal Democrat;Birmingham Yardley;uk.org.publicwhip/member/11420;;John Hemming;M;2005;2015;16/03/1960
25364;Jess;Phillips;Labour;Birmingham Yardley;uk.org.publicwhip/member/25364;remain;Jess Phillips;F;2015;;09/10/1981
11421;Helen;Goodman;Labour;Bishop Auckland;uk.org.publicwhip/member/11421;remain;Helen Goodman;F;2005;2019;02/01/1958
25815;Dehenna;Davison;Conservative;Bishop Auckland;uk.org.publicwhip/member/25815;;Dehenna Davison;F;2019;2024;27/07/1993
10574;Jack;Straw;Labour;Blackburn;uk.org.publicwhip/member/10574;;Jack Straw;M;1979;2015;03/08/1946
25298;Kate;Hollern;Labour;Blackburn;uk.org.publicwhip/member/25298;remain;Kate Hollern;F;2015;2024;25/04/1955
10576;Graham;Stringer;Labour;Blackley and Middleton South;uk.org.publicwhip/member/10576;leave;Graham Stringer;M;1997;;17/02/1950
24764;Paul;Maynard;Conservative;Blackpool North and Fleetwood;uk.org.publicwhip/member/24764;leave;Paul Maynard;M;2010;2024;08/12/1975
24967;Eric;Ollerenshaw;Conservative;Blackpool North and Fleetwood;uk.org.publicwhip/member/24967;;Eric Ollerenshaw;M;2010;2015;26/03/1950
25432;Cat;Smith;Labour;Blackpool North and Fleetwood;uk.org.publicwhip/member/25432;remain;Cat Smith;F;2015;;15/07/1985
10415;Gordon;Marsden;Labour;Blackpool South;uk.org.publicwhip/member/10415;remain;Gordon Marsden;M;1997;2019;28/11/1953
25800;Scott;Benton;Conservative;Blackpool South;uk.org.publicwhip/member/25800;;Scott Benton;M;2019;2024;01/07/1987
24728;Nick;Smith;Labour;Blaenau Gwent and Rhymney;uk.org.publicwhip/member/24728;remain;Nick Smith;M;2010;;05/05/1960
24721;Chris;Evans;Labour/Co-operative;Blaenau Gwent and Rhymney;uk.org.publicwhip/member/24721;remain;Chris Evans;M;2010;;05/07/1976
11427;David;Anderson;Labour;Blaydon and Consett;uk.org.publicwhip/member/11427;remain;David Anderson;M;2005;2017;02/02/1953
25623;Liz;Twist;Labour;Blaydon and Consett;uk.org.publicwhip/member/25623;;Liz Twist;F;2017;;10/06/1966
24917;Pat;Glass;Labour;Blaydon and Consett;uk.org.publicwhip/member/24917;remain;Pat Glass;F;2010;2017;06/02/1957
25640;Laura;Pidcock;Labour;Blaydon and Consett;uk.org.publicwhip/member/25640;;Laura Pidcock;F;2017;2019;12/08/1987
25893;Richard;Holden;Conservative;Blaydon and Consett;uk.org.publicwhip/member/25893;;Richard Holden;M;2019;;11/03/1985
10089;Ronnie;Campbell;Labour;Blyth and Ashington;uk.org.publicwhip/member/10089;leave;Ronnie Campbell;M;1987;2019;14/08/1943
25791;Ian;Levy;Conservative;Blyth and Ashington;uk.org.publicwhip/member/25791;;Ian Levy;M;2019;2024;14/02/1966
24963;Ian;Lavery;Labour;Blyth and Ashington;uk.org.publicwhip/member/24963;remain;Ian Lavery;M;2010;;06/01/1963
10225;Nick;Gibb;Conservative;Bognor Regis and Littlehampton;uk.org.publicwhip/member/10225;remain;Nick Gibb;M;1997;2024;03/09/1960
10544;Dennis;Skinner;Labour;Bolsover;uk.org.publicwhip/member/10544;leave;Dennis Skinner;M;1970;2019;11/02/1932
25903;Mark;Fletcher;Conservative;Bolsover;uk.org.publicwhip/member/25903;;Mark Fletcher;M;2019;2024;29/09/1985
10141;David;Crausby;Labour;Bolton North East;uk.org.publicwhip/member/10141;remain;David Crausby;M;1997;2019;17/06/1946
25886;Mark;Logan;Conservative;Bolton North East;uk.org.publicwhip/member/25886;;Mark Logan;M;2019;2024;28/01/1984
24775;Yasmin;Qureshi;Labour;Bolton South and Walkden;uk.org.publicwhip/member/24775;remain;Yasmin Qureshi;F;2010;;05/07/1963
24881;Julie;Hilling;Labour;Bolton West;uk.org.publicwhip/member/24881;;Julie Hilling;F;2010;2015;03/04/1955
25359;Chris;Green;Conservative;Bolton West;uk.org.publicwhip/member/25359;leave;Chris Green;M;2015;2024;12/08/1973
10039;Joe;Benton;Labour;Bootle;uk.org.publicwhip/member/10039;;Joe Benton;M;1990;2015;28/09/1933
25309;Peter;Dowd;Labour;Bootle;uk.org.publicwhip/member/25309;remain;Peter Dowd;M;2015;;20/06/1957
11224;Mark;Simmonds;Conservative;Boston and Skegness;uk.org.publicwhip/member/11224;;Mark Simmonds;M;2001;2015;12/04/1964
25395;Matt;Warman;Conservative;Boston and Skegness;uk.org.publicwhip/member/25395;remain;Matt Warman;M;2015;2024;01/09/1981
11437;Tobias;Ellwood;Conservative;Bournemouth East;uk.org.publicwhip/member/11437;remain;Tobias Ellwood;M;2005;2024;12/08/1966
24780;Conor;Burns;Conservative;Bournemouth West;uk.org.publicwhip/member/24780;leave;Conor Burns;M;2010;2024;24/09/1972
24765;Phillip;Lee;Conservative;Bracknell;uk.org.publicwhip/member/24765;;Phillip Lee;M;2010;2019;28/09/1970
25860;James;Sunderland;Conservative;Bracknell;uk.org.publicwhip/member/25860;;James Sunderland;M;2019;2024;06/06/1970
24946;David;Ward;Liberal Democrat;Bradford East;uk.org.publicwhip/member/24946;;David Ward;M;2010;2015;16/06/1953
25375;Imran;Hussain;Labour;Bradford East;uk.org.publicwhip/member/25375;remain;Imran Hussain;M;2015;;07/09/1978
10579;Gerry;Sutcliffe;Labour;Bradford South;uk.org.publicwhip/member/10579;;Gerry Sutcliffe;M;1994;2015;13/02/1952
25393;Judith;Cummins;Labour;Bradford South;uk.org.publicwhip/member/25393;remain;Judith Cummins;F;2015;;26/06/1963
10543;Marsha;Singh;Labour;Bradford West;uk.org.publicwhip/member/10543;;Marsha Singh;M;1997;2012;11/10/1955
25385;Naseem;Shah;Labour;Bradford West;uk.org.publicwhip/member/25385;;Naseem Shah;F;2015;;13/11/1973
11443;Brooks;Newmark;Conservative;Braintree;uk.org.publicwhip/member/11443;;Brooks Newmark;M;2005;2015;08/05/1958
25376;James;Cleverly;Conservative;Braintree;uk.org.publicwhip/member/25376;;James Cleverly;M;2015;;04/09/1969
11324;Roger;Williams;Liberal Democrat;Brecon, Radnor and Cwm Tawe;uk.org.publicwhip/member/11324;;Roger Williams;M;2001;2015;22/01/1948
25282;Chris;Davies;Conservative;Brecon, Radnor and Cwm Tawe;uk.org.publicwhip/member/25282;leave;Chris Davies;M;1995;1997;18/07/1967
25881;Fay;Jones;Conservative;Brecon, Radnor and Cwm Tawe;uk.org.publicwhip/member/25881;;Fay Jones;F;2019;2024;18/11/1985
;Jane;Dodds;Liberal Democrats;Brecon, Radnor and Cwm Tawe;uk.org.publicwhip/person/25774;;Jane Dodds;F;2019;2019;13/09/1963
11350;Sarah;Teather;Liberal Democrat;Brent East;uk.org.publicwhip/member/11350;;Sarah Teather;F;2003;2015;01/06/1974
11447;Dawn;Butler;Labour;Brent East;uk.org.publicwhip/member/11447;remain;Dawn Butler;F;2015;;03/11/1969
10220;Barry;Gardiner;Labour;Brent West;uk.org.publicwhip/member/10220;remain;Barry Gardiner;M;1997;;10/03/1957
24913;Mary;Macleod;Conservative;Brentford and Isleworth;uk.org.publicwhip/member/24913;;Mary Macleod;F;2010;2015;05/01/1969
25343;Ruth;Cadbury;Labour;Brentford and Isleworth;uk.org.publicwhip/member/25343;remain;Ruth Cadbury;F;2015;;14/05/1959
10477;Eric;Pickles;Conservative;Brentwood and Ongar;uk.org.publicwhip/member/10477;remain;Eric Pickles;M;1992;2017;20/04/1952
25659;Alex;Burghart;Conservative;Brentwood and Ongar;uk.org.publicwhip/member/25659;;Alex Burghart;M;2017;;14/03/1977
11450;Madeleine;Moon;Labour;Bridgend;uk.org.publicwhip/member/11450;remain;Madeleine Moon;F;2005;2019;27/03/1950
25829;Jamie;Wallis;Conservative;Bridgend;uk.org.publicwhip/member/25829;;Jamie Wallis;M;2019;2024;02/06/1984
;Jamie Hamilton;Wallis;Conservative;Bridgend;uk.org.publicwhip/person/25829;;Jamie Hamilton Wallis;F;2019;2024;02/06/1984
11026;Greg;Knight;Conservative;Bridlington and The Wolds;uk.org.publicwhip/member/11026;leave;Greg Knight;M;2001;2024;04/04/1949
24814;Martin;Vickers;Conservative;Brigg and Immingham;uk.org.publicwhip/member/24814;leave;Martin Vickers;M;2010;;30/12/1950
24900;Simon;Kirby;Conservative;Brighton Kemptown and Peacehaven;uk.org.publicwhip/member/24900;remain;Simon Kirby;M;2010;2017;22/12/1960
25667;Lloyd;Russell-Moyle;Labour/Co-operative;Brighton Kemptown and Peacehaven;uk.org.publicwhip/member/25667;;Lloyd Russell-Moyle;M;2017;2024;14/09/1986
24910;Caroline;Lucas;Green;Brighton Pavilion;uk.org.publicwhip/member/24910;;Caroline Lucas;F;2010;2024;09/12/1960
11458;Stephen;Williams;Liberal Democrat;Bristol Central;uk.org.publicwhip/member/11458;;Stephen Williams;M;2005;2015;11/10/1966
25402;Thangam;Debbonaire;Labour;Bristol Central;uk.org.publicwhip/member/25402;remain;Thangam Debbonaire;F;2015;2024;26/12/1966
11455;Kerry;McCarthy;Labour;Bristol East;uk.org.publicwhip/member/11455;remain;Kerry McCarthy;F;2005;;26/03/1965
24713;Chris;Skidmore;Conservative;Bristol East;uk.org.publicwhip/member/24713;remain;Chris Skidmore;M;2010;2024;17/05/1981
24891;Charlotte;Leslie;Conservative;Bristol North West;uk.org.publicwhip/member/24891;leave;Charlotte Leslie;F;2010;2017;11/08/1978
25637;Darren;Jones;Labour;Bristol North West;uk.org.publicwhip/member/25637;;Darren Jones;M;2017;;13/11/1986
10489;Dawn;Primarolo;Labour;Bristol South;uk.org.publicwhip/member/10489;;Dawn Primarolo;F;1987;2015;02/05/1954
25390;Karin;Smyth;Labour;Bristol South;uk.org.publicwhip/member/25390;remain;Karin Smyth;F;2015;;08/09/1964
10542;Keith;Simpson;Conservative;Broadland and Fakenham;uk.org.publicwhip/member/10542;remain;Keith Simpson;M;1997;2019;29/03/1949
25904;Jerome;Mayhew;Conservative;Broadland and Fakenham;uk.org.publicwhip/member/25904;;Jerome Mayhew;M;2019;;11/04/1970
13736;Bob;Neill;Conservative;Bromley and Biggin Hill;uk.org.publicwhip/member/13736;remain;Bob Neill;M;2006;2024;24/06/1952
24854;Sajid;Javid;Conservative;Bromsgrove;uk.org.publicwhip/member/24854;remain;Sajid Javid;M;2010;2024;05/12/1969
11461;Charles;Walker;Conservative;Broxbourne;uk.org.publicwhip/member/11461;leave;Charles Walker;M;2005;2024;11/09/1967
24772;Anna;Soubry;Conservative;Broxtowe;uk.org.publicwhip/member/24772;remain;Anna Soubry;F;2010;2019;07/12/1956
25871;Darren;Henry;Conservative;Broxtowe;uk.org.publicwhip/member/25871;;Darren Henry;M;2019;2024;22/08/1968
10040;John;Bercow;Speaker;Buckingham and Bletchley;uk.org.publicwhip/member/10040;;John Bercow;M;1997;2019;19/01/1963
25925;Greg;Smith;Conservative;Buckingham and Bletchley;uk.org.publicwhip/member/25925;;Greg Smith;M;2019;;08/06/1981
24793;Gordon;Birtwistle;Liberal Democrat;Burnley;uk.org.publicwhip/member/24793;;Gordon Birtwistle;M;2010;2015;06/09/1943
25283;Julie;Cooper;Labour;Burnley;uk.org.publicwhip/member/25283;remain;Julie Cooper;F;2015;2019;20/06/1960
25842;Antony;Higginbotham;Conservative;Burnley;uk.org.publicwhip/member/25842;;Antony Higginbotham;M;2019;2024;11/06/1989
24826;Andrew;Griffiths;Conservative;Burton and Uttoxeter;uk.org.publicwhip/member/24826;remain;Andrew Griffiths;M;2010;2019;23/10/1970
25839;Kate;Griffiths;Conservative;Burton and Uttoxeter;uk.org.publicwhip/member/25839;;Kate Griffiths;F;2019;2024;04/03/1971
24877;David;Nuttall;Conservative;Bury North;uk.org.publicwhip/member/24877;leave;David Nuttall;M;2010;2017;25/03/1962
25622;James;Frith;Labour;Bury North;uk.org.publicwhip/member/25622;;James Frith;M;2024;;05/09/1977
25905;James;Daly;Conservative;Bury North;uk.org.publicwhip/member/25905;;James Daly;M;2019;2024;11/01/1980
10357;Ivan;Lewis;Labour;Bury South;uk.org.publicwhip/member/10357;remain;Ivan Lewis;M;1997;2019;04/03/1967
25874;Christian;Wakeford;Conservative;Bury South;uk.org.publicwhip/member/25874;;Christian Wakeford;M;2019;;09/11/1984
10520;David;Ruffley;Conservative;Bury St Edmunds and Stowmarket;uk.org.publicwhip/member/10520;;David Ruffley;M;1997;2015;18/04/1962
25408;Jo;Churchill;Conservative;Bury St Edmunds and Stowmarket;uk.org.publicwhip/member/25408;remain;Jo Churchill;F;2015;2024;18/03/1964
24743;Jonathan;Edwards;Independent;Caerfyrddin;uk.org.publicwhip/member/24743;;Jonathan Edwards;M;2010;2024;26/05/1976
24813;Simon;Hart;Conservative;Caerfyrddin;uk.org.publicwhip/member/24813;remain;Simon Hart;M;2010;2024;15/08/1963
10842;Wayne;David;Labour;Caerphilly;uk.org.publicwhip/member/10842;remain;Wayne David;M;2001;2024;01/07/1957
11280;John;Thurso;Liberal Democrat;Caithness, Sutherland and Easter Ross;uk.org.publicwhip/member/11280;;John Thurso;M;2001;2015;10/04/1953
25339;Paul;Monaghan;Scottish National Party;Caithness, Sutherland and Easter Ross;uk.org.publicwhip/member/25339;;Paul Monaghan;M;2015;2017;11/01/1968
10334;Charles;Kennedy;Liberal Democrat;Caithness, Sutherland and Easter Ross;uk.org.publicwhip/member/10334;;Charles Kennedy;M;1983;2015;25/11/1959
25361;Ian;Blackford;Scottish National Party;Caithness, Sutherland and Easter Ross;uk.org.publicwhip/member/25361;;Ian Blackford;M;2015;2024;14/05/1961
25668;Jamie;Stone;Liberal Democrat;Caithness, Sutherland and Easter Ross;uk.org.publicwhip/member/25668;;Jamie Stone;M;2017;;07/10/1954
24944;Craig;Whittaker;Conservative;Calder Valley;uk.org.publicwhip/member/24944;remain;Craig Whittaker;M;2010;2024;30/08/1962
24933;George;Eustice;Conservative;Camborne and Redruth;uk.org.publicwhip/member/24933;leave;George Eustice;M;2010;2024;28/09/1971
24892;Julian;Huppert;Liberal Democrat;Cambridge;uk.org.publicwhip/member/24892;;Julian Huppert;M;2010;2015;21/07/1978
25386;Daniel;Zeichner;Labour;Cambridge;uk.org.publicwhip/member/25386;remain;Daniel Zeichner;M;2015;;09/11/1956
24844;Aidan;Burley;Conservative;Cannock Chase;uk.org.publicwhip/member/24844;;Aidan Burley;M;2010;2015;22/01/1979
25350;Amanda;Milling;Conservative;Cannock Chase;uk.org.publicwhip/member/25350;remain;Amanda Milling;F;2015;2024;12/03/1975
10065;Julian;Brazier;Conservative;Canterbury;uk.org.publicwhip/member/10065;leave;Julian Brazier;M;1987;2017;26/07/1953
25656;Rosie;Duffield;Labour;Canterbury;uk.org.publicwhip/member/25656;;Rosie Duffield;F;2017;;01/07/1971
11480;Jennifer;Willott;Liberal Democrat;Cardiff East;uk.org.publicwhip/member/11480;;Jennifer Willott;F;2005;2015;29/05/1974
25304;Jo;Stevens;Labour;Cardiff East;uk.org.publicwhip/member/25304;remain;Jo Stevens;F;2015;;24/09/1966
22650;Jonathan;Evans;Conservative;Cardiff North;uk.org.publicwhip/member/22650;;Jonathan Evans;M;2010;2015;02/06/1960
25647;Anna;McMorrin;Labour;Cardiff North;uk.org.publicwhip/member/25647;;Anna McMorrin;F;2017;;01/09/1971
10431;Alun;Michael;Labour;Cardiff South and Penarth;uk.org.publicwhip/member/10431;;Alun Michael;M;1987;2012;22/08/1943
25166;Stephen;Doughty;Labour/Co-operative;Cardiff South and Penarth;uk.org.publicwhip/member/25166;remain;Stephen Doughty;M;2012;;15/04/1980
10753;Kevin;Brennan;Labour;Cardiff West;uk.org.publicwhip/member/10753;remain;Kevin Brennan;M;2001;2024;16/10/1959
24799;John;Stevenson;Conservative;Carlisle;uk.org.publicwhip/member/24799;remain;John Stevenson;M;2010;2024;04/07/1963
10063;Tom;Brake;Liberal Democrat;Carshalton and Wallington;uk.org.publicwhip/member/10063;;Tom Brake;M;1997;2019;06/05/1962
25907;Elliot;Colburn;Conservative;Carshalton and Wallington;uk.org.publicwhip/member/25907;;Elliot Colburn;M;2019;2024;06/08/1992
24731;Rebecca;Harris;Conservative;Castle Point;uk.org.publicwhip/member/24731;leave;Rebecca Harris;F;2010;;22/12/1967
10173;Brian H;Donohoe;Labour;Central Ayrshire;uk.org.publicwhip/member/10173;;Brian H Donohoe;M;2005;2015;10/09/1948
25318;Philippa;Whitford;Scottish National Party;Central Ayrshire;uk.org.publicwhip/member/25318;;Philippa Whitford;F;2015;2024;24/12/1958
24914;Mel;Stride;Conservative;Central Devon;uk.org.publicwhip/member/24914;remain;Mel Stride;M;2010;;30/09/1961
24756;Daniel;Poulter;Conservative;Central Suffolk and North Ipswich;uk.org.publicwhip/member/24756;remain;Daniel Poulter;M;2010;2024;30/10/1978
11489;Mark;Williams;Liberal Democrat;Ceredigion Preseli;uk.org.publicwhip/member/11489;;Mark Williams;M;2005;2017;24/03/1966
25669;Ben;Lake;Plaid Cymru;Ceredigion Preseli;uk.org.publicwhip/member/25669;;Ben Lake;M;2017;;22/04/1989
11768;Stephen;Crabb;Conservative;Ceredigion Preseli;uk.org.publicwhip/member/11768;remain;Stephen Crabb;M;2005;2024;20/01/1973
24871;Tracey;Crouch;Conservative;Chatham and Aylesford;uk.org.publicwhip/member/24871;;Tracey Crouch;F;2010;2024;24/07/1975
12016;Mark;Hunter;Liberal Democrat;Cheadle;uk.org.publicwhip/member/12016;;Mark Hunter;M;2005;2015;25/07/1957
25405;Mary;Robinson;Conservative;Cheadle;uk.org.publicwhip/member/25405;remain;Mary Robinson;F;2015;2024;23/08/1955
10079;Simon;Burns;Conservative;Chelmsford;uk.org.publicwhip/member/10079;remain;Simon Burns;M;1987;2017;06/09/1952
25614;Vicky;Ford;Conservative;Chelmsford;uk.org.publicwhip/member/25614;;Vicky Ford;F;2017;2024;21/09/1967
11610;Greg;Hands;Conservative;Chelsea and Fulham;uk.org.publicwhip/member/11610;remain;Greg Hands;M;2005;2024;14/11/1965
11494;Martin;Horwood;Liberal Democrat;Cheltenham;uk.org.publicwhip/member/11494;;Martin Horwood;M;2005;2015;12/10/1962
25340;Alex;Chalk;Conservative;Cheltenham;uk.org.publicwhip/member/25340;remain;Alex Chalk;M;2015;2024;08/08/1976
10228;Cheryl;Gillan;Conservative;Chesham and Amersham;uk.org.publicwhip/member/10228;;Cheryl Gillan;F;1992;2021;21/04/1952
26034;Sarah;Green;Liberal Democrat;Chesham and Amersham;uk.org.publicwhip/member/26034;;Sarah Green;F;2021;;20/06/1982
;Cheryl;Gillan;Conservative;Chesham and Amersham;uk.org.publicwhip/person/10228;;Cheryl Gillan;F;1992;2021;21/04/1952
24750;Stephen;Mosley;Conservative;Chester North and Neston;uk.org.publicwhip/member/24750;;Stephen Mosley;M;2010;2015;22/03/1972
25411;Chris;Matheson;Labour;Chester North and Neston;uk.org.publicwhip/member/25411;;Chris Matheson;M;2015;2022;02/01/1968
24845;Toby;Perkins;Labour;Chesterfield;uk.org.publicwhip/member/24845;remain;Toby Perkins;M;2010;;12/08/1970
10613;Andrew;Tyrie;Conservative;Chichester;uk.org.publicwhip/member/10613;remain;Andrew Tyrie;M;1997;2017;15/01/1957
25670;Gillian;Keegan;Conservative;Chichester;uk.org.publicwhip/member/25670;;Gillian Keegan;F;2017;2024;13/03/1968
10180;Iain;Duncan Smith;Conservative;Chingford and Woodford Green;uk.org.publicwhip/member/10180;leave;Iain Duncan Smith;M;1992;;09/04/1954
24865;Duncan;Hames;Liberal Democrat;Chippenham;uk.org.publicwhip/member/24865;;Duncan Hames;M;2010;2015;16/06/1977
25316;Michelle;Donelan;Conservative;Chippenham;uk.org.publicwhip/member/25316;remain;Michelle Donelan;F;2015;2024;08/04/1984
10240;James;Gray;Conservative;Chippenham;uk.org.publicwhip/member/10240;leave;James Gray;M;1997;2024;07/11/1954
11500;Theresa;Villiers;Conservative;Chipping Barnet;uk.org.publicwhip/member/11500;leave;Theresa Villiers;F;2005;2024;05/03/1968
10295;Lindsay;Hoyle;Speaker;Chorley;uk.org.publicwhip/member/10295;;Lindsay Hoyle;M;1997;;10/06/1957
10103;Christopher;Chope;Conservative;Christchurch;uk.org.publicwhip/member/10103;leave;Christopher Chope;M;1997;;19/05/1947
10884;Mark;Field;Conservative;Cities of London and Westminster;uk.org.publicwhip/member/10884;remain;Mark Field;M;2001;2019;06/10/1964
25817;Nickie;Aiken;Conservative;Cities of London and Westminster;uk.org.publicwhip/member/25817;;Nickie Aiken;F;2019;2024;04/02/1969
11558;Roberta;Blackman-Woods;Labour;City of Durham;uk.org.publicwhip/member/11558;remain;Roberta Blackman-Woods;F;2005;2019;16/08/1957
25833;Mary;Foy;Labour;City of Durham;uk.org.publicwhip/member/25833;;Mary Foy;F;2019;;27/02/1968
11621;Douglas;Carswell;UKIP;Clacton;uk.org.publicwhip/member/11621;;Douglas Carswell;M;2014;2017;03/05/1971
25644;Giles;Watling;Conservative;Clacton;uk.org.publicwhip/member/25644;;Giles Watling;M;2017;2024;18/02/1953
24720;Susan Elan;Jones;Labour;Clwyd East;uk.org.publicwhip/member/24720;remain;Susan Elan Jones;F;2010;2019;01/06/1967
25799;Simon;Baynes;Conservative;Clwyd East;uk.org.publicwhip/member/25799;;Simon Baynes;M;2019;2024;18/06/1962
10518;Chris;Ruane;Labour;Clwyd East;uk.org.publicwhip/member/10518;;Chris Ruane;M;2017;2019;18/07/1958
25292;James;Davies;Conservative;Clwyd East;uk.org.publicwhip/member/25292;leave;James Davies;M;2019;2024;05/01/1980
10116;Tom;Clarke;Labour;Coatbridge and Bellshill;uk.org.publicwhip/member/10116;;Tom Clarke;M;1982;2015;10/01/1941
25315;Phil;Boswell;Scottish National Party;Coatbridge and Bellshill;uk.org.publicwhip/member/25315;;Phil Boswell;M;2015;2017;20/07/1963
25660;Hugh;Gaffney;Labour;Coatbridge and Bellshill;uk.org.publicwhip/member/25660;;Hugh Gaffney;M;2017;2019;01/08/1963
25861;Steven;Bonnar;Scottish National Party;Coatbridge and Bellshill;uk.org.publicwhip/member/25861;;Steven Bonnar;M;2019;2024;05/01/1981
10521;Bob;Russell;Liberal Democrat;Colchester;uk.org.publicwhip/member/10521;;Bob Russell;M;1997;2015;31/03/1946
25403;Will;Quince;Conservative;Colchester;uk.org.publicwhip/member/25403;leave;Will Quince;M;2015;2024;21/12/1982
24887;Jason;McCartney;Conservative;Colne Valley;uk.org.publicwhip/member/24887;leave;Jason McCartney;M;2019;2024;03/01/1968
25671;Thelma;Walker;Labour;Colne Valley;uk.org.publicwhip/member/25671;;Thelma Walker;F;2017;2019;07/04/1957
24857;Fiona;Bruce;Conservative;Congleton;uk.org.publicwhip/member/24857;leave;Fiona Bruce;F;2010;2024;26/03/1957
24833;Louise;Mensch;Conservative;Corby and East Northamptonshire;uk.org.publicwhip/member/24833;;Louise Mensch;F;2010;2012;28/06/1971
25387;Tom;Pursglove;Conservative;Corby and East Northamptonshire;uk.org.publicwhip/member/25387;leave;Tom Pursglove;M;2015;2024;05/11/1988
;Andy;Sawford;Labour;Corby and East Northamptonshire;uk.org.publicwhip/member/40693;;Andy Sawford;M;2012;2015;15/10/1976
10005;Bob;Ainsworth;Labour;Coventry East;uk.org.publicwhip/member/10005;;Bob Ainsworth;M;1992;2015;19/06/1952
25319;Colleen;Fletcher;Labour;Coventry East;uk.org.publicwhip/member/25319;remain;Colleen Fletcher;F;2015;2024;23/11/1954
10506;Geoffrey;Robinson;Labour;Coventry North West;uk.org.publicwhip/member/10506;remain;Geoffrey Robinson;M;1976;2019;25/05/1938
25915;Taiwo;Owatemi;Labour;Coventry North West;uk.org.publicwhip/member/25915;;Taiwo Owatemi;F;2019;;22/07/1992
10147;Jim;Cunningham;Labour;Coventry South;uk.org.publicwhip/member/10147;remain;Jim Cunningham;M;1992;2019;04/02/1940
25909;Zarah;Sultana;Labour;Coventry South;uk.org.publicwhip/member/25909;;Zarah Sultana;F;2019;;31/10/1993
10068;Gordon;Brown;Labour;Cowdenbeath and Kirkcaldy;uk.org.publicwhip/member/10068;;Gordon Brown;M;1983;2015;20/02/1951
25286;Roger;Mullin;Scottish National Party;Cowdenbeath and Kirkcaldy;uk.org.publicwhip/member/25286;;Roger Mullin;M;2015;2017;12/03/1948
25653;Lesley;Laird;Labour;Cowdenbeath and Kirkcaldy;uk.org.publicwhip/member/25653;;Lesley Laird;F;2017;2019;15/11/1959
25873;Neale;Hanvey;Alba;Cowdenbeath and Kirkcaldy;uk.org.publicwhip/member/25873;;Neale Hanvey;M;2019;2024;23/12/1964
24802;Henry;Smith;Conservative;Crawley;uk.org.publicwhip/member/24802;leave;Henry Smith;M;2010;2024;14/05/1969
10670;Stephen;O'Brien;Conservative;Crewe and Nantwich;uk.org.publicwhip/member/10670;;Stephen O'Brien;M;1999;2015;18/08/1957
14128;Edward;Timpson;Conservative;Crewe and Nantwich;uk.org.publicwhip/member/14128;remain;Edward Timpson;M;2019;2024;26/12/1973
25363;Antoinette;Sandbach;Conservative;Crewe and Nantwich;uk.org.publicwhip/member/25363;remain;Antoinette Sandbach;F;2015;2019;15/02/1969
25672;Laura;Smith;Labour;Crewe and Nantwich;uk.org.publicwhip/member/25672;;Laura Smith;F;2017;2019;16/03/1985
25883;Kieran;Mullan;Conservative;Crewe and Nantwich;uk.org.publicwhip/member/25883;;Kieran Mullan;M;2019;;04/06/1984
24863;Gavin;Barwell;Conservative;Croydon East;uk.org.publicwhip/member/24863;remain;Gavin Barwell;M;2010;2017;23/01/1972
25673;Sarah;Jones;Labour;Croydon East;uk.org.publicwhip/member/25673;;Sarah Jones;F;2017;;29/12/1972
10468;Richard;Ottaway;Conservative;Croydon South;uk.org.publicwhip/member/10468;;Richard Ottaway;M;1992;2015;19/12/1945
25377;Chris;Philp;Conservative;Croydon South;uk.org.publicwhip/member/25377;remain;Chris Philp;M;2015;;06/07/1976
24733;Gregg;McClymont;Labour;Cumbernauld and Kirkintilloch;uk.org.publicwhip/member/24733;;Gregg McClymont;M;2010;2015;03/06/1976
25301;Stuart;McDonald;Scottish National Party;Cumbernauld and Kirkintilloch;uk.org.publicwhip/member/25301;;Stuart McDonald;M;2015;2024;17/05/1978
10828;Jon;Cruddas;Labour;Dagenham and Rainham;uk.org.publicwhip/member/10828;remain;Jon Cruddas;M;2001;2024;07/04/1962
24711;Jenny;Chapman;Labour;Darlington;uk.org.publicwhip/member/24711;remain;Jenny Chapman;F;2010;2019;25/09/1973
25793;Peter;Gibson;Conservative;Darlington;uk.org.publicwhip/member/25793;;Peter Gibson;M;2019;2024;22/05/1975
24803;Gareth;Johnson;Conservative;Dartford;uk.org.publicwhip/member/24803;leave;Gareth Johnson;M;2010;2024;12/10/1969
24841;Chris;Heaton-Harris;Conservative;Daventry;uk.org.publicwhip/member/24841;leave;Chris Heaton-Harris;M;2010;2024;28/11/1967
24830;Chris;Williamson;Labour;Derby North;uk.org.publicwhip/member/24830;;Chris Williamson;M;2017;2019;16/09/1956
25436;Amanda;Solloway;Conservative;Derby North;uk.org.publicwhip/member/25436;remain;Amanda Solloway;F;2019;2024;06/06/1961
10031;Margaret;Beckett;Labour;Derby South;uk.org.publicwhip/member/10031;remain;Margaret Beckett;F;1974;2024;15/01/1943
10397;Patrick;McLoughlin;Conservative;Derbyshire Dales;uk.org.publicwhip/member/10397;remain;Patrick McLoughlin;M;1986;2019;30/11/1957
25877;Sarah;Dines;Conservative;Derbyshire Dales;uk.org.publicwhip/member/25877;;Sarah Dines;F;2019;2024;27/05/1965
;Sarah Elizabeth;Dines;Conservative;Derbyshire Dales;uk.org.publicwhip/person/25877;;Sarah Elizabeth Dines;F;2019;2024;27/05/1965
24858;Simon;Reevell;Conservative;Dewsbury and Batley;uk.org.publicwhip/member/24858;;Simon Reevell;M;2010;2015;02/09/1966
25421;Paula;Sherriff;Labour;Dewsbury and Batley;uk.org.publicwhip/member/25421;remain;Paula Sherriff;F;2015;2019;13/04/1975
25923;Mark;Eastwood;Conservative;Dewsbury and Batley;uk.org.publicwhip/member/25923;;Mark Eastwood;M;2019;2024;18/10/1971
11905;Ed;Vaizey;Conservative;Didcot and Wantage;uk.org.publicwhip/member/11905;;Ed Vaizey;M;2005;2019;05/06/1968
25924;David;Johnston;Conservative;Didcot and Wantage;uk.org.publicwhip/member/25924;;David Johnston;M;2019;2024;30/11/1981
;Edward;Vaizey;Conservative;Didcot and Wantage;uk.org.publicwhip/member/40631;remain;Edward Vaizey;M;2005;2019;05/06/1968
10648;Rosie;Winterton;Labour;Doncaster Central;uk.org.publicwhip/member/10648;;Rosie Winterton;F;1997;2024;10/08/1958
10202;Caroline;Flint;Labour;Doncaster East and the Isle of Axholme;uk.org.publicwhip/member/10202;remain;Caroline Flint;F;1997;2019;20/09/1961
25859;Nicholas;Fletcher;Conservative;Doncaster East and the Isle of Axholme;uk.org.publicwhip/member/25859;;Nicholas Fletcher;M;2019;2024;01/07/1972
11545;Ed;Miliband;Labour;Doncaster North;uk.org.publicwhip/member/11545;remain;Ed Miliband;M;2005;;24/12/1969
;Edward;Miliband;Labour;Doncaster North;uk.org.publicwhip/member/40208;;Edward Miliband;M;2005;;24/12/1969
10041;Paul;Beresford;Conservative;Dorking and Horley;uk.org.publicwhip/member/10041;remain;Paul Beresford;M;1992;2024;06/04/1946
24777;Charlie;Elphicke;Conservative;Dover and Deal;uk.org.publicwhip/member/24777;remain;Charlie Elphicke;M;2010;2019;14/03/1971
25831;Natalie;Elphicke;Conservative;Dover and Deal;uk.org.publicwhip/member/25831;;Natalie Elphicke;F;2019;2024;05/11/1970
10373;Peter;Luff;Conservative;Droitwich and Evesham;uk.org.publicwhip/member/10373;;Peter Luff;M;1992;2015;18/02/1955
25381;Nigel;Huddleston;Conservative;Droitwich and Evesham;uk.org.publicwhip/member/25381;remain;Nigel Huddleston;M;2015;;13/10/1970
11553;Ian;Austin;Labour;Dudley;uk.org.publicwhip/member/11553;remain;Ian Austin;M;2005;2019;06/03/1965
25917;Marco;Longhi;Conservative;Dudley;uk.org.publicwhip/member/25917;;Marco Longhi;M;2019;2024;28/04/1967
24838;Chris;Kelly;Conservative;Dudley;uk.org.publicwhip/member/24838;;Chris Kelly;M;2010;2015;19/06/1978
25362;Mike;Wood;Conservative;Dudley;uk.org.publicwhip/member/25362;;Mike Wood;M;1997;;03/05/1946
10326;Tessa;Jowell;Labour;Dulwich and West Norwood;uk.org.publicwhip/member/10326;;Tessa Jowell;F;1992;2015;17/09/1947
25310;Helen;Hayes;Labour;Dulwich and West Norwood;uk.org.publicwhip/member/25310;remain;Helen Hayes;F;2015;;08/05/1974
10070;Russell;Brown;Labour;Dumfries and Galloway;uk.org.publicwhip/member/10070;;Russell Brown;M;1997;2015;17/09/1951
25351;Richard;Arkless;Scottish National Party;Dumfries and Galloway;uk.org.publicwhip/member/25351;;Richard Arkless;M;2015;2017;12/03/1975
25674;Alister;Jack;Conservative;Dumfries and Galloway;uk.org.publicwhip/member/25674;;Alister Jack;M;2017;2024;07/07/1963
11970;David;Mundell;Conservative;Dumfriesshire, Clydesdale and Tweeddale;uk.org.publicwhip/member/11970;remain;David Mundell;M;2005;;27/05/1962
11974;Jim;McGovern;Labour;Dundee Central;uk.org.publicwhip/member/11974;;Jim McGovern;M;2005;2015;17/11/1956
25270;Chris;Law;Scottish National Party;Dundee Central;uk.org.publicwhip/member/25270;;Chris Law;M;2015;;21/10/1969
24730;Thomas;Docherty;Labour;Dunfermline and Dollar;uk.org.publicwhip/member/24730;;Thomas Docherty;M;2010;2015;28/01/1975
25305;Douglas;Chapman;Scottish National Party;Dunfermline and Dollar;uk.org.publicwhip/member/25305;;Douglas Chapman;M;2015;2024;05/11/1955
11216;Andrew;Selous;Conservative;Dunstable and Leighton Buzzard;uk.org.publicwhip/member/11216;remain;Andrew Selous;M;2001;2024;27/04/1962
10368;Elfyn;Llwyd;Plaid Cymru;Dwyfor Meirionnydd;uk.org.publicwhip/member/10368;;Elfyn Llwyd;M;1992;2015;26/09/1951
25302;Liz;Saville-Roberts;Plaid Cymru;Dwyfor Meirionnydd;uk.org.publicwhip/member/25302;;Liz Saville-Roberts;F;2015;;16/12/1964
24952;Angie;Bray;Conservative;Ealing Central and Acton;uk.org.publicwhip/member/24952;;Angie Bray;F;2010;2015;31/03/1953
25284;Rupa;Huq;Labour;Ealing Central and Acton;uk.org.publicwhip/member/25284;remain;Rupa Huq;F;2015;;02/04/1972
10484;Steve;Pound;Labour;Ealing North;uk.org.publicwhip/member/10484;;Steve Pound;M;1997;2019;29/08/1948
25801;James;Murray;Labour/Co-operative;Ealing North;uk.org.publicwhip/member/25801;;James Murray;M;2019;;19/07/1985
;Stephen;Pound;Labour;Ealing North;uk.org.publicwhip/member/40220;remain;Stephen Pound;M;1997;2019;03/07/1948
13934;Virendra;Sharma;Labour;Ealing Southall;uk.org.publicwhip/member/13934;remain;Virendra Sharma;M;2007;2024;05/04/1947
24715;Grahame;Morris;Labour;Easington;uk.org.publicwhip/member/24715;remain;Grahame Morris;M;2010;;13/03/1961
11374;Sammy;Wilson;DUP;East Antrim;uk.org.publicwhip/member/11374;;Sammy Wilson;M;2005;;04/04/1953
10596;Stephen;Timms;Labour;East Ham;uk.org.publicwhip/member/10596;remain;Stephen Timms;M;1994;;29/07/1955
24782;Damian;Hinds;Conservative;East Hampshire;uk.org.publicwhip/member/24782;remain;Damian Hinds;M;2010;;27/11/1969
24717;Michael;McCann;Labour;East Kilbride and Strathaven;uk.org.publicwhip/member/24717;;Michael McCann;M;2010;2015;02/01/1965
25276;Lisa;Cameron;Scottish National Party;East Kilbride and Strathaven;uk.org.publicwhip/member/25276;;Lisa Cameron;F;2015;2024;16/04/1972
10780;Gregory;Campbell;DUP;East Londonderry;uk.org.publicwhip/member/10780;;Gregory Campbell;M;2001;;15/02/1953
10453;Jim;Murphy;Labour;East Renfrewshire;uk.org.publicwhip/member/10453;;Jim Murphy;M;1997;2015;23/08/1967
25294;Kirsten;Oswald;Scottish National Party;East Renfrewshire;uk.org.publicwhip/member/25294;;Kirsten Oswald;F;2019;2024;21/12/1972
25654;Paul;Masterton;Conservative;East Renfrewshire;uk.org.publicwhip/member/25654;;Paul Masterton;M;2017;2019;24/01/1979
24789;Sam;Gyimah;Conservative;East Surrey;uk.org.publicwhip/member/24789;remain;Sam Gyimah;M;2010;2019;10/08/1976
25890;Claire;Coutinho;Conservative;East Surrey;uk.org.publicwhip/member/25890;;Claire Coutinho;F;2019;;08/07/1985
24792;Laura;Sandys;Conservative;East Thanet;uk.org.publicwhip/member/24792;;Laura Sandys;F;2010;2015;05/06/1964
25437;Craig;Mackinlay;Conservative;East Thanet;uk.org.publicwhip/member/25437;leave;Craig Mackinlay;M;2015;2024;07/10/1966
10371;Tim;Loughton;Conservative;East Worthing and Shoreham;uk.org.publicwhip/member/10371;leave;Tim Loughton;M;1997;2024;30/05/1962
24754;Stephen;Lloyd;Liberal Democrat;Eastbourne;uk.org.publicwhip/member/24754;;Stephen Lloyd;M;2017;2019;15/06/1957
25335;Caroline;Ansell;Conservative;Eastbourne;uk.org.publicwhip/member/25335;leave;Caroline Ansell;F;2019;2024;12/01/1971
11565;Christopher;Huhne;Liberal Democrat;Eastleigh;uk.org.publicwhip/member/11565;;Christopher Huhne;M;2005;2013;02/07/1954
25808;Paul;Holmes;Conservative;Eastleigh;uk.org.publicwhip/member/25808;;Paul Holmes;M;2001;;09/04/1958
24763;Sheila;Gilmore;Labour;Edinburgh East and Musselburgh;uk.org.publicwhip/member/24763;;Sheila Gilmore;F;2010;2015;01/10/1949
25341;Tommy;Sheppard;Scottish National Party;Edinburgh East and Musselburgh;uk.org.publicwhip/member/25341;;Tommy Sheppard;M;2015;2024;06/03/1961
11038;Mark;Lazarowicz;Labour;Edinburgh North and Leith;uk.org.publicwhip/member/11038;;Mark Lazarowicz;M;2001;2015;08/08/1953
25336;Deidre;Brock;Scottish National Party;Edinburgh North and Leith;uk.org.publicwhip/member/25336;;Deidre Brock;F;2015;2024;23/11/1961
24872;Ian;Murray;Labour;Edinburgh South;uk.org.publicwhip/member/24872;remain;Ian Murray;M;2010;;10/08/1976
10153;Alistair;Darling;Labour;Edinburgh South West;uk.org.publicwhip/member/10153;;Alistair Darling;M;1987;2015;28/11/1953
25404;Joanna;Cherry;Scottish National Party;Edinburgh South West;uk.org.publicwhip/member/25404;;Joanna Cherry;F;2015;2024;18/03/1966
24794;Michael;Crockart;Liberal Democrat;Edinburgh West;uk.org.publicwhip/member/24794;;Michael Crockart;M;2010;2015;19/03/1966
25352;Michelle;Thomson;Scottish National Party;Edinburgh West;uk.org.publicwhip/member/25352;;Michelle Thomson;F;2015;2017;11/04/1965
25675;Christine;Jardine;Liberal Democrat;Edinburgh West;uk.org.publicwhip/member/25675;;Christine Jardine;F;2017;;08/11/1960
10372;Andrew;Love;Labour;Edmonton and Winchmore Hill;uk.org.publicwhip/member/10372;;Andrew Love;M;1997;2015;21/03/1949
25365;Kate;Osamor;Labour/Co-operative;Edmonton and Winchmore Hill;uk.org.publicwhip/member/25365;remain;Kate Osamor;F;2015;;15/08/1968
10435;Andrew;Miller;Labour;Ellesmere Port and Bromborough;uk.org.publicwhip/member/10435;;Andrew Miller;M;1992;2015;23/03/1949
25378;Justin;Madders;Labour;Ellesmere Port and Bromborough;uk.org.publicwhip/member/25378;remain;Justin Madders;M;2015;;22/11/1972
10185;Clive;Efford;Labour;Eltham and Chislehurst;uk.org.publicwhip/member/10185;remain;Clive Efford;M;1997;;10/07/1958
10470;James;Paice;Conservative;Ely and East Cambridgeshire;uk.org.publicwhip/member/10470;;James Paice;M;1987;2015;24/04/1949
25399;Lucy;Frazer;Conservative;Ely and East Cambridgeshire;uk.org.publicwhip/member/25399;remain;Lucy Frazer;F;2015;2024;17/05/1972
10523;Joan;Ryan;Labour;Enfield North;uk.org.publicwhip/member/10523;remain;Joan Ryan;F;2015;2019;08/09/1955
24859;Nick;de Bois;Conservative;Enfield North;uk.org.publicwhip/member/24859;;Nick de Bois;M;2010;2015;23/02/1959
25896;Feryal;Clark;Labour;Enfield North;uk.org.publicwhip/member/25896;;Feryal Clark;F;2019;;06/02/1979
10348;Eleanor;Laing;Conservative;Epping Forest;uk.org.publicwhip/member/10348;leave;Eleanor Laing;F;1997;2024;01/02/1958
10920;Chris;Grayling;Conservative;Epsom and Ewell;uk.org.publicwhip/member/10920;leave;Chris Grayling;M;2001;2024;01/04/1962
24757;Jessica;Lee;Conservative;Erewash;uk.org.publicwhip/member/24757;;Jessica Lee;F;2010;2015;07/04/1976
25371;Maggie;Throup;Conservative;Erewash;uk.org.publicwhip/member/25371;remain;Maggie Throup;F;2015;2024;27/01/1957
24956;Teresa;Pearce;Labour;Erith and Thamesmead;uk.org.publicwhip/member/24956;remain;Teresa Pearce;F;2010;2019;01/02/1955
25846;Abena;Oppong-Asare;Labour;Erith and Thamesmead;uk.org.publicwhip/member/25846;;Abena Oppong-Asare;F;2019;;08/05/1983
24815;Dominic;Raab;Conservative;Esher and Walton;uk.org.publicwhip/member/24815;leave;Dominic Raab;M;2010;2024;25/02/1974
10061;Ben;Bradshaw;Labour;Exeter;uk.org.publicwhip/member/10061;remain;Ben Bradshaw;M;1997;2024;30/08/1960
11265;Hugo;Swire;Conservative;Exmouth and Exeter East;uk.org.publicwhip/member/11265;remain;Hugo Swire;M;2001;2019;30/11/1959
25911;Simon;Jupp;Conservative;Exmouth and Exeter East;uk.org.publicwhip/member/25911;;Simon Jupp;M;2019;2024;08/09/1985
10685;Eric;Joyce;Labour;Falkirk;uk.org.publicwhip/member/10685;;Eric Joyce;M;2000;2015;13/10/1960
25271;John;McNally;Scottish National Party;Falkirk;uk.org.publicwhip/member/25271;;John McNally;M;2015;2024;13/02/1951
10964;Mark;Hoban;Conservative;Fareham and Waterlooville;uk.org.publicwhip/member/10964;;Mark Hoban;M;2001;2015;26/03/1964
25272;Suella;Braverman;Conservative;Fareham and Waterlooville;uk.org.publicwhip/member/25272;;Suella Braverman;F;2015;;03/04/1980
24936;George;Hollingbery;Conservative;Fareham and Waterlooville;uk.org.publicwhip/member/24936;remain;George Hollingbery;M;2010;2019;12/10/1963
25392;Flick;Drummond;Conservative;Fareham and Waterlooville;uk.org.publicwhip/member/25392;remain;Flick Drummond;F;2019;2024;16/06/1962
;Suella;Fernandes;Conservative;Fareham and Waterlooville;uk.org.publicwhip/person/25272;leave;Suella Fernandes;F;2015;;03/04/1980
11859;Jeremy;Hunt;Conservative;Farnham and Bordon;uk.org.publicwhip/member/11859;remain;Jeremy Hunt;M;2005;;01/11/1966
11190;Hugh;Robertson;Conservative;Faversham and Mid Kent;uk.org.publicwhip/member/11190;;Hugh Robertson;M;2001;2015;09/10/1962
25398;Helen;Whately;Conservative;Faversham and Mid Kent;uk.org.publicwhip/member/25398;remain;Helen Whately;F;2015;;23/06/1976
10329;Alan;Keen;Labour;Feltham and Heston;uk.org.publicwhip/member/10329;;Alan Keen;M;1992;2011;25/11/1937
25150;Seema;Malhotra;Labour/Co-operative;Feltham and Heston;uk.org.publicwhip/member/25150;remain;Seema Malhotra;F;2011;;07/08/1972
10913;Michelle;Gildernew;Sinn Féin;Fermanagh and South Tyrone;uk.org.publicwhip/member/10913;;Michelle Gildernew;F;2017;2024;28/03/1970
13781;Tom;Elliott;UUP;Fermanagh and South Tyrone;uk.org.publicwhip/member/13781;;Tom Elliott;M;2015;2017;11/12/1963
24716;Jack;Lopresti;Conservative;Filton and Bradley Stoke;uk.org.publicwhip/member/24716;leave;Jack Lopresti;M;2010;2024;23/08/1969
24934;Mike;Freer;Conservative;Finchley and Golders Green;uk.org.publicwhip/member/24934;remain;Mike Freer;M;2010;2024;29/05/1960
24744;Damian;Collins;Conservative;Folkestone and Hythe;uk.org.publicwhip/member/24744;remain;Damian Collins;M;2010;2024;04/02/1974
11588;Mark;Harper;Conservative;Forest of Dean;uk.org.publicwhip/member/11588;remain;Mark Harper;M;2005;2024;26/02/1970
11589;Mark;Durkan;Social Democratic and Labour Party;Foyle;uk.org.publicwhip/member/11589;;Mark Durkan;M;2005;2017;26/06/1960
25130;Colum;Eastwood;Social Democratic and Labour Party;Foyle;uk.org.publicwhip/member/25130;;Colum Eastwood;M;2019;;30/04/1983
25604;Elisha;McCallion;Sinn Féin;Foyle;uk.org.publicwhip/member/25604;;Elisha McCallion;F;2017;2019;21/09/1982
10269;David;Heath;Liberal Democrat;Frome and East Somerset;uk.org.publicwhip/member/10269;;David Heath;M;1997;2015;16/03/1954
25372;David;Warburton;Conservative;Frome and East Somerset;uk.org.publicwhip/member/25372;leave;David Warburton;M;2015;2023;28/10/1965
24804;Mark;Menzies;Conservative;Fylde;uk.org.publicwhip/member/24804;remain;Mark Menzies;M;2010;2024;18/05/1971
10352;Edward;Leigh;Conservative;Gainsborough;uk.org.publicwhip/member/10352;leave;Edward Leigh;M;1983;;20/07/1950
24919;Ian;Mearns;Labour;Gateshead Central and Whickham;uk.org.publicwhip/member/24919;remain;Ian Mearns;M;2010;2024;21/04/1957
10121;Vernon;Coaker;Labour;Gedling;uk.org.publicwhip/member/10121;remain;Vernon Coaker;M;1997;2019;17/06/1953
25837;Tom;Randall;Conservative;Gedling;uk.org.publicwhip/member/25837;;Tom Randall;M;2019;2024;23/01/1981
24920;Rehman;Chishti;Conservative;Gillingham and Rainham;uk.org.publicwhip/member/24920;;Rehman Chishti;M;2010;2024;04/12/1978
24738;Anas;Sarwar;Labour;Glasgow East;uk.org.publicwhip/member/24738;;Anas Sarwar;M;2010;2015;14/03/1983
25327;Alison;Thewliss;Scottish National Party;Glasgow East;uk.org.publicwhip/member/25327;;Alison Thewliss;F;2015;2024;18/09/1982
24734;Margaret;Curran;Labour;Glasgow East;uk.org.publicwhip/member/24734;;Margaret Curran;F;2010;2015;24/11/1958
25303;Natalie;McGarry;Scottish National Party;Glasgow East;uk.org.publicwhip/member/25303;;Natalie McGarry;F;2015;2017;07/09/1981
25677;David;Linden;Scottish National Party;Glasgow East;uk.org.publicwhip/member/25677;;David Linden;M;2017;2024;14/05/1990
11076;Ann;McKechin;Labour;Glasgow North;uk.org.publicwhip/member/11076;;Ann McKechin;F;2001;2015;22/04/1961
25299;Patrick;Grady;Scottish National Party;Glasgow North;uk.org.publicwhip/member/25299;;Patrick Grady;M;2015;2024;05/02/1980
14146;Anne;McLaughlin;Scottish National Party;Glasgow North East;uk.org.publicwhip/member/14146;;Anne McLaughlin;F;2019;2024;08/03/1966
24697;William;Bain;Labour;Glasgow North East;uk.org.publicwhip/member/24697;;William Bain;M;2009;2015;29/11/1972
25639;Paul;Sweeney;Labour;Glasgow North East;uk.org.publicwhip/member/25639;;Paul Sweeney;M;2017;2019;16/01/1989
10941;Tom;Harris;Labour;Glasgow South;uk.org.publicwhip/member/10941;;Tom Harris;M;2001;2015;20/02/1964
25322;Stewart;McDonald;Scottish National Party;Glasgow South;uk.org.publicwhip/member/25322;;Stewart McDonald;M;2015;2024;24/05/1986
10157;Ian;Davidson;Labour;Glasgow South West;uk.org.publicwhip/member/10157;;Ian Davidson;M;1992;2015;08/09/1950
25306;Chris;Stephens;Scottish National Party;Glasgow South West;uk.org.publicwhip/member/25306;;Chris Stephens;M;2015;2024;15/03/1973
10684;John;Robertson;Labour;Glasgow West;uk.org.publicwhip/member/10684;;John Robertson;M;2000;2015;16/08/1952
25406;Carol;Monaghan;Scottish National Party;Glasgow West;uk.org.publicwhip/member/25406;;Carol Monaghan;F;2015;2024;02/08/1972
14142;Lindsay;Roy;Labour;Glenrothes and Mid Fife;uk.org.publicwhip/member/14142;;Lindsay Roy;M;2008;2015;19/01/1949
25273;Peter;Grant;Scottish National Party;Glenrothes and Mid Fife;uk.org.publicwhip/member/25273;;Peter Grant;M;2015;2024;12/10/1960
24921;Richard;Graham;Conservative;Gloucester;uk.org.publicwhip/member/24921;remain;Richard Graham;M;2010;2024;04/04/1958
24832;Andrew;Percy;Conservative;Goole and Pocklington;uk.org.publicwhip/member/24832;leave;Andrew Percy;M;2010;2024;18/09/1977
10162;David;Davis;Conservative;Goole and Pocklington;uk.org.publicwhip/member/10162;leave;David Davis;M;2008;;23/12/1948
10074;Malcolm;Bruce;Liberal Democrat;Gordon and Buchan;uk.org.publicwhip/member/10074;;Malcolm Bruce;M;1983;2015;17/11/1944
10525;Alex;Salmond;Scottish National Party;Gordon and Buchan;uk.org.publicwhip/member/10525;;Alex Salmond;M;2015;2017;31/12/1954
25678;Colin;Clark;Conservative;Gordon and Buchan;uk.org.publicwhip/member/25678;;Colin Clark;M;2017;2019;20/05/1969
25919;Richard;Thomson;Scottish National Party;Gordon and Buchan;uk.org.publicwhip/member/25919;;Richard Thomson;M;2019;2024;16/06/1976
;Richard Gordon;Thomson;Labour;Gordon and Buchan;uk.org.publicwhip/person/25919;;Richard Gordon Thomson;M;2019;2024;16/06/1976
11531;Andrew;Gwynne;Labour;Gorton and Denton;uk.org.publicwhip/member/11531;remain;Andrew Gwynne;M;2005;;04/06/1974
24873;Caroline;Dinenage;Conservative;Gosport;uk.org.publicwhip/member/24873;;Caroline Dinenage;F;2010;;28/10/1971
10096;Martin;Caton;Labour;Gower;uk.org.publicwhip/member/10096;;Martin Caton;M;1997;2015;15/06/1951
25355;Byron;Davies;Conservative;Gower;uk.org.publicwhip/member/25355;remain;Byron Davies;M;2015;2017;04/09/1952
25634;Tonia;Antoniazzi;Labour;Gower;uk.org.publicwhip/member/25634;;Tonia Antoniazzi;F;2017;;05/10/1971
24766;Nicholas;Boles;Conservative;Grantham and Bourne;uk.org.publicwhip/member/24766;;Nicholas Boles;M;2010;2019;02/11/1965
25858;Gareth;Davies;Conservative;Grantham and Bourne;uk.org.publicwhip/member/25858;;Gareth Davies;M;2019;;31/05/1984
11599;Adam;Holloway;Conservative;Gravesham;uk.org.publicwhip/member/11599;leave;Adam Holloway;M;2005;2024;29/07/1965
10436;Austin;Mitchell;Labour;Great Grimsby and Cleethorpes;uk.org.publicwhip/member/10436;;Austin Mitchell;M;1977;2015;19/09/1934
25317;Melanie;Onn;Labour;Great Grimsby and Cleethorpes;uk.org.publicwhip/member/25317;remain;Melanie Onn;F;2024;;19/06/1979
25865;Lia;Nici;Conservative;Great Grimsby and Cleethorpes;uk.org.publicwhip/member/25865;;Lia Nici;F;2019;2024;01/08/1969
24879;Brandon;Lewis;Conservative;Great Yarmouth;uk.org.publicwhip/member/24879;remain;Brandon Lewis;M;2010;2024;20/06/1971
10498;Nick;Raynsford;Labour;Greenwich and Woolwich;uk.org.publicwhip/member/10498;;Nick Raynsford;M;1992;2015;28/01/1945
25379;Matthew;Pennycook;Labour;Greenwich and Woolwich;uk.org.publicwhip/member/25379;remain;Matthew Pennycook;M;2015;;29/10/1982
11603;Anne;Milton;Conservative;Guildford;uk.org.publicwhip/member/11603;remain;Anne Milton;F;2005;2019;03/11/1955
25827;Angela;Richardson;Conservative;Guildford;uk.org.publicwhip/member/25827;;Angela Richardson;F;2019;2024;06/11/1974
10001;Diane;Abbott;Labour;Hackney North and Stoke Newington;uk.org.publicwhip/member/10001;remain;Diane Abbott;F;1987;;27/09/1953
11605;Meg;Hillier;Labour/Co-operative;Hackney South and Shoreditch;uk.org.publicwhip/member/11605;remain;Meg Hillier;F;2005;;14/02/1969
24855;James;Morris;Conservative;Halesowen;uk.org.publicwhip/member/24855;remain;James Morris;M;2010;2024;04/02/1967
11607;Linda;Riordan;Labour;Halifax;uk.org.publicwhip/member/11607;;Linda Riordan;F;2005;2015;31/05/1953
25434;Holly;Lynch;Labour;Halifax;uk.org.publicwhip/member/25434;remain;Holly Lynch;F;2015;2024;23/07/1986
10285;Jimmy;Hood;Labour;Hamilton and Clyde Valley;uk.org.publicwhip/member/10285;;Jimmy Hood;M;1987;2015;16/05/1948
25295;Angela;Crawley;Scottish National Party;Hamilton and Clyde Valley;uk.org.publicwhip/member/25295;;Angela Crawley;F;2015;2024;03/06/1987
11559;Andrew;Slaughter;Labour;Hammersmith and Chiswick;uk.org.publicwhip/member/11559;;Andrew Slaughter;M;2005;;29/09/1960
10308;Glenda;Jackson;Labour;Hampstead and Highgate;uk.org.publicwhip/member/10308;;Glenda Jackson;F;1992;2015;09/05/1936
25344;Tulip;Siddiq;Labour;Hampstead and Highgate;uk.org.publicwhip/member/25344;remain;Tulip Siddiq;F;2015;;16/09/1982
10221;Edward;Garnier;Conservative;Harborough, Oadby and Wigston;uk.org.publicwhip/member/10221;remain;Edward Garnier;M;1992;2017;26/10/1952
25679;Neil;O'Brien;Conservative;Harborough, Oadby and Wigston;uk.org.publicwhip/member/25679;;Neil O'Brien;M;2017;;06/11/1978
10604;Jon;Trickett;Labour;Harborough, Oadby and Wigston;uk.org.publicwhip/member/10604;remain;Jon Trickett;M;1996;;02/07/1950
24784;Robert;Halfon;Conservative;Harlow;uk.org.publicwhip/member/24784;remain;Robert Halfon;M;2010;2024;22/03/1969
24758;Andrew;Jones;Conservative;Harrogate and Knaresborough;uk.org.publicwhip/member/24758;remain;Andrew Jones;M;2010;2024;18/11/1963
24945;Bob;Blackman;Conservative;Harrow East;uk.org.publicwhip/member/24945;leave;Bob Blackman;M;2010;;26/04/1956
10594;Gareth;Thomas;Labour/Co-operative;Harrow West;uk.org.publicwhip/member/10594;remain;Gareth Thomas;M;1997;;15/07/1957
11362;Iain;Wright;Labour;Hartlepool;uk.org.publicwhip/member/11362;remain;Iain Wright;M;2004;2017;09/05/1972
25619;Mike;Hill;Labour;Hartlepool;uk.org.publicwhip/member/25619;;Mike Hill;M;2017;2021;12/12/1963
25984;Jill;Mortimer;Conservative;Hartlepool;uk.org.publicwhip/member/25984;;Jill Mortimer;F;2021;2024;19/06/1965
10312;Bernard;Jenkin;Conservative;Harwich and North Essex;uk.org.publicwhip/member/10312;leave;Bernard Jenkin;M;1992;;09/04/1959
24795;Amber;Rudd;Conservative;Hastings and Rye;uk.org.publicwhip/member/24795;remain;Amber Rudd;F;2010;2019;01/08/1963
25902;Sally-Ann;Hart;Conservative;Hastings and Rye;uk.org.publicwhip/member/25902;;Sally-Ann Hart;F;2019;2024;06/03/1968
10637;David;Willetts;Conservative;Havant;uk.org.publicwhip/member/10637;;David Willetts;M;1992;2015;09/03/1956
25285;Alan;Mak;Conservative;Havant;uk.org.publicwhip/member/25285;remain;Alan Mak;M;2015;;19/11/1984
10383;John Martin;McDonnell;Labour;Hayes and Harlington;uk.org.publicwhip/member/10383;;John Martin McDonnell;M;1997;;08/09/1951
;John;McDonnell;Labour;Hayes and Harlington;uk.org.publicwhip/member/40306;remain;John McDonnell;M;1997;;08/09/1951
10578;Andrew;Stunell;Liberal Democrat;Hazel Grove;uk.org.publicwhip/member/10578;;Andrew Stunell;M;1997;2015;24/11/1942
25360;William;Wragg;Conservative;Hazel Grove;uk.org.publicwhip/member/25360;leave;William Wragg;M;2015;2024;10/09/1987
11626;Mike;Penning;Conservative;Hemel Hempstead;uk.org.publicwhip/member/11626;leave;Mike Penning;M;2005;2024;28/09/1957
;Michael;Penning;Conservative;Hemel Hempstead;uk.org.publicwhip/member/40308;;Michael Penning;M;2005;2024;28/09/1957
24955;Matthew;Offord;Conservative;Hendon;uk.org.publicwhip/member/24955;leave;Matthew Offord;M;2010;2024;03/09/1969
14131;John;Howell;Conservative;Henley and Thame;uk.org.publicwhip/member/14131;remain;John Howell;M;2008;2024;27/07/1955
24827;Jesse;Norman;Conservative;Hereford and South Herefordshire;uk.org.publicwhip/member/24827;;Jesse Norman;M;2010;;23/06/1962
10217;Roger;Gale;Conservative;Herne Bay and Sandwich;uk.org.publicwhip/member/10217;remain;Roger Gale;M;1983;;20/08/1943
11172;Mark;Prisk;Conservative;Hertford and Stortford;uk.org.publicwhip/member/11172;remain;Mark Prisk;M;2001;2019;12/06/1962
25879;Julie;Marson;Conservative;Hertford and Stortford;uk.org.publicwhip/member/25879;;Julie Marson;F;2019;2024;23/03/1971
10106;James;Clappison;Conservative;Hertsmere;uk.org.publicwhip/member/10106;;James Clappison;M;1992;2015;14/09/1956
25323;Oliver;Dowden;Conservative;Hertsmere;uk.org.publicwhip/member/25323;remain;Oliver Dowden;M;2015;;01/08/1978
24962;Guy;Opperman;Conservative;Hexham;uk.org.publicwhip/member/24962;remain;Guy Opperman;M;2010;2024;18/05/1965
10170;Jim;Dobbin;Labour;Heywood and Middleton North;uk.org.publicwhip/member/10170;;Jim Dobbin;M;1997;2014;26/05/1941
25230;Liz;McInnes;Labour;Heywood and Middleton North;uk.org.publicwhip/member/25230;remain;Liz McInnes;F;2014;2019;30/03/1959
25825;Chris;Clarkson;Conservative;Heywood and Middleton North;uk.org.publicwhip/member/25825;;Chris Clarkson;M;2019;2024;12/11/1982
24748;Andrew;Bingham;Conservative;High Peak;uk.org.publicwhip/member/24748;leave;Andrew Bingham;M;2010;2017;29/06/1962
25633;Ruth;George;Labour;High Peak;uk.org.publicwhip/member/25633;;Ruth George;F;2017;2019;27/05/1969
25841;Robert;Largan;Conservative;High Peak;uk.org.publicwhip/member/25841;;Robert Largan;M;2019;2024;29/05/1987
10602;David;Tredinnick;Conservative;Hinckley and Bosworth;uk.org.publicwhip/member/10602;remain;David Tredinnick;M;1987;2019;19/01/1950
25805;Luke;Evans;Conservative;Hinckley and Bosworth;uk.org.publicwhip/member/25805;;Luke Evans;M;2019;;10/01/1983
10362;Peter;Lilley;Conservative;Hitchin;uk.org.publicwhip/member/10362;leave;Peter Lilley;M;1983;2017;23/08/1943
25661;Bim;Afolami;Conservative;Hitchin;uk.org.publicwhip/member/25661;;Bim Afolami;M;2017;2024;11/02/1986
10171;Frank;Dobson;Labour;Holborn and St Pancras;uk.org.publicwhip/member/10171;;Frank Dobson;M;1979;2015;15/03/1940
25353;Keir;Starmer;Labour;Holborn and St Pancras;uk.org.publicwhip/member/25353;remain;Keir Starmer;M;2015;;02/09/1962
24779;Neil;Parish;Conservative;Honiton and Sidmouth;uk.org.publicwhip/member/24779;remain;Neil Parish;M;2010;2022;26/05/1956
11308;Angela;Watkinson;Conservative;Hornchurch and Upminster;uk.org.publicwhip/member/11308;remain;Angela Watkinson;F;2001;2017;18/11/1941
25652;Julia;Lopez;Conservative;Hornchurch and Upminster;uk.org.publicwhip/member/25652;;Julia Lopez;F;2017;;03/06/1984
11641;Lynne;Featherstone;Liberal Democrat;Hornsey and Friern Barnet;uk.org.publicwhip/member/11641;;Lynne Featherstone;F;2005;2015;20/12/1951
25328;Catherine;West;Labour;Hornsey and Friern Barnet;uk.org.publicwhip/member/25328;remain;Catherine West;F;2015;;14/09/1966
10423;Francis;Maude;Conservative;Horsham;uk.org.publicwhip/member/10423;;Francis Maude;M;1983;2015;04/07/1953
25417;Jeremy;Quin;Conservative;Horsham;uk.org.publicwhip/member/25417;remain;Jeremy Quin;M;2015;2024;24/09/1968
24709;Bridget;Phillipson;Labour;Houghton and Sunderland South;uk.org.publicwhip/member/24709;remain;Bridget Phillipson;F;2010;;19/12/1983
24889;Mike;Weatherley;Conservative;Hove and Portslade;uk.org.publicwhip/member/24889;;Mike Weatherley;M;2010;2015;02/07/1957
25418;Peter;Kyle;Labour;Hove and Portslade;uk.org.publicwhip/member/25418;remain;Peter Kyle;M;2015;;09/01/1970
10534;Barry;Sheerman;Labour/Co-operative;Huddersfield;uk.org.publicwhip/member/10534;remain;Barry Sheerman;M;1979;2024;17/08/1940
10854;Jonathan;Djanogly;Conservative;Huntingdon;uk.org.publicwhip/member/10854;remain;Jonathan Djanogly;M;2001;2024;03/06/1965
24835;Graham;Jones;Labour;Hyndburn;uk.org.publicwhip/member/24835;remain;Graham Jones;M;2010;2019;03/03/1966
25876;Sara;Britcliffe;Conservative;Hyndburn;uk.org.publicwhip/member/25876;;Sara Britcliffe;F;2019;2024;22/02/1995
11651;Lee;Scott;Conservative;Ilford North;uk.org.publicwhip/member/11651;;Lee Scott;M;2005;2015;06/04/1956
25320;Wes;Streeting;Labour;Ilford North;uk.org.publicwhip/member/25320;remain;Wes Streeting;M;2015;;21/01/1983
10219;Mike;Gapes;Labour/Co-operative;Ilford South;uk.org.publicwhip/member/10219;remain;Mike Gapes;M;1992;2019;04/09/1952
25912;Sam;Tarry;Labour;Ilford South;uk.org.publicwhip/member/25912;;Sam Tarry;M;2019;2024;27/08/1982
10775;David;Cairns;Labour;Inverclyde and Renfrewshire West;uk.org.publicwhip/member/10775;;David Cairns;M;2001;2011;07/08/1966
25288;Ronnie;Cowan;Scottish National Party;Inverclyde and Renfrewshire West;uk.org.publicwhip/member/25288;;Ronnie Cowan;M;2015;2024;16/09/1959
11995;Danny;Alexander;Liberal Democrat;Inverness, Skye and West Ross-shire;uk.org.publicwhip/member/11995;;Danny Alexander;M;2005;2015;15/05/1972
25382;Drew;Hendry;Scottish National Party;Inverness, Skye and West Ross-shire;uk.org.publicwhip/member/25382;;Drew Hendry;M;2015;2024;11/05/1964
24922;Ben;Gummer;Conservative;Ipswich;uk.org.publicwhip/member/24922;remain;Ben Gummer;M;2010;2017;19/02/1978
25635;Sandy;Martin;Labour;Ipswich;uk.org.publicwhip/member/25635;;Sandy Martin;M;2017;2019;01/03/1956
25811;Tom;Hunt;Conservative;Ipswich;uk.org.publicwhip/member/25811;;Tom Hunt;M;2019;2024;13/08/1988
11291;Andrew;Turner;Conservative;Isle of Wight East;uk.org.publicwhip/member/11291;leave;Andrew Turner;M;2001;2017;24/10/1953
25645;Bob;Seely;Conservative;Isle of Wight East;uk.org.publicwhip/member/25645;;Bob Seely;M;2017;2024;01/06/1976
10133;Jeremy;Corbyn;Independent;Islington North;uk.org.publicwhip/member/10133;remain;Jeremy Corbyn;M;1983;;26/05/1949
11656;Emily;Thornberry;Labour;Islington South and Finsbury;uk.org.publicwhip/member/11656;remain;Emily Thornberry;F;2005;;27/07/1960
10274;Stephen;Hepburn;Labour;Jarrow and Gateshead East;uk.org.publicwhip/member/10274;remain;Stephen Hepburn;M;1997;2019;06/12/1959
25794;Kate;Osborne;Labour;Jarrow and Gateshead East;uk.org.publicwhip/member/25794;;Kate Osborne;F;2019;;30/06/1966
10248;John;Grogan;Labour;Keighley and Ilkley;uk.org.publicwhip/member/10248;;John Grogan;M;2017;2019;24/02/1961
24923;Kris;Hopkins;Conservative;Keighley and Ilkley;uk.org.publicwhip/member/24923;remain;Kris Hopkins;M;2010;2017;08/06/1963
25922;Robbie;Moore;Conservative;Keighley and Ilkley;uk.org.publicwhip/member/25922;;Robbie Moore;M;2019;;28/11/1984
11791;Jeremy;Wright;Conservative;Kenilworth and Southam;uk.org.publicwhip/member/11791;remain;Jeremy Wright;M;2005;;24/10/1972
11660;Malcolm;Rifkind;Conservative;Kensington and Bayswater;uk.org.publicwhip/member/11660;;Malcolm Rifkind;M;2005;2015;21/06/1946
25311;Victoria;Borwick;Conservative;Kensington and Bayswater;uk.org.publicwhip/member/25311;leave;Victoria Borwick;F;2015;2017;26/04/1956
25706;Emma;Dent Coad;Labour;Kensington and Bayswater;uk.org.publicwhip/member/25706;;Emma Dent Coad;F;2017;2019;15/05/1954
25891;Felicity;Buchan;Conservative;Kensington and Bayswater;uk.org.publicwhip/member/25891;;Felicity Buchan;F;2019;2024;16/09/1970
11661;Philip;Hollobone;Conservative;Kettering;uk.org.publicwhip/member/11661;leave;Philip Hollobone;M;2005;2024;07/11/1964
14017;Cathy;Jamieson;Labour;Kilmarnock and Loudoun;uk.org.publicwhip/member/14017;;Cathy Jamieson;F;2010;2015;03/11/1956
25268;Alan;Brown;Scottish National Party;Kilmarnock and Loudoun;uk.org.publicwhip/member/25268;;Alan Brown;M;2015;2024;12/08/1970
10155;Edward;Davey;Liberal Democrat;Kingston and Surbiton;uk.org.publicwhip/member/10155;;Edward Davey;M;1997;;25/12/1965
25312;James;Berry;Conservative;Kingston and Surbiton;uk.org.publicwhip/member/25312;remain;James Berry;M;2015;2017;29/05/1983
24767;Karl;Turner;Labour;Kingston upon Hull East;uk.org.publicwhip/member/24767;remain;Karl Turner;M;2010;;15/04/1971
11647;Diana R.;Johnson;Labour;Kingston upon Hull North and Cottingham;uk.org.publicwhip/member/11647;;Diana R. Johnson;F;2005;;25/12/1966
10314;Alan;Johnson;Labour;Kingston upon Hull West and Haltemprice;uk.org.publicwhip/member/10314;;Alan Johnson;M;1997;2017;17/05/1950
25646;Emma;Hardy;Labour;Kingston upon Hull West and Haltemprice;uk.org.publicwhip/member/25646;;Emma Hardy;F;2017;;17/06/1979
24729;Gavin;Williamson;Conservative;Kingswinford and South Staffordshire;uk.org.publicwhip/member/24729;remain;Gavin Williamson;M;2010;;25/06/1976
10292;George;Howarth;Labour;Knowsley;uk.org.publicwhip/member/10292;remain;George Howarth;M;1986;2024;29/06/1949
10172;Jeffrey M.;Donaldson;DUP;Lagan Valley;uk.org.publicwhip/member/10172;;Jeffrey M. Donaldson;M;1997;2024;07/12/1962
;Jeffrey M;Donaldson;Democratic Unionist Party;Lagan Valley;uk.org.publicwhip/member/40350;;Jeffrey M Donaldson;M;1997;2024;07/12/1962
;Emma Little;Pengelly;Democratic Unionist Party;Lagan Valley;uk.org.publicwhip/person/25452;;Emma Little Pengelly;F;2017;2019;31/12/1979
10450;George;Mudie;Labour;Leeds East;uk.org.publicwhip/member/10450;;George Mudie;M;1992;2015;06/02/1945
25391;Richard;Burgon;Labour;Leeds East;uk.org.publicwhip/member/25391;remain;Richard Burgon;M;2015;;19/09/1980
10256;Fabian;Hamilton;Labour;Leeds North East;uk.org.publicwhip/member/10256;remain;Fabian Hamilton;M;1997;;01/03/1955
11672;Greg;Mulholland;Liberal Democrat;Leeds North West;uk.org.publicwhip/member/11672;;Greg Mulholland;M;2005;2017;31/08/1970
25680;Alex;Sobel;Labour/Co-operative;Leeds North West;uk.org.publicwhip/member/25680;;Alex Sobel;M;2017;;23/11/1975
11740;Edward;Balls;Labour;Leeds South West and Morley;uk.org.publicwhip/member/11740;;Edward Balls;M;2005;2015;25/02/1967
25431;Andrea;Jenkyns;Conservative;Leeds South West and Morley;uk.org.publicwhip/member/25431;leave;Andrea Jenkyns;F;2015;2024;09/06/1974
10669;Hilary;Benn;Labour;Leeds West and Pudsey;uk.org.publicwhip/member/10669;remain;Hilary Benn;M;1999;;26/11/1953
24851;Rachel;Reeves;Labour;Leeds West and Pudsey;uk.org.publicwhip/member/24851;remain;Rachel Reeves;F;2010;;13/02/1979
24864;Stuart;Andrew;Conservative;Leeds West and Pudsey;uk.org.publicwhip/member/24864;leave;Stuart Andrew;M;2010;;25/11/1971
10614;Keith;Vaz;Labour;Leicester East;uk.org.publicwhip/member/10614;remain;Keith Vaz;M;1987;2019;26/11/1956
25797;Claudia;Webbe;Independent;Leicester East;uk.org.publicwhip/member/25797;;Claudia Webbe;F;2019;2024;08/03/1965
11675;Peter;Soulsby;Labour;Leicester South;uk.org.publicwhip/member/11675;;Peter Soulsby;M;2005;2011;23/12/1948
25120;Jon;Ashworth;Labour;Leicester South;uk.org.publicwhip/member/25120;remain;Jon Ashworth;M;2011;2024;14/10/1978
24816;Liz;Kendall;Labour;Leicester West;uk.org.publicwhip/member/24816;remain;Liz Kendall;F;2010;;11/06/1971
10766;Andy;Burnham;Labour;Leigh and Atherton;uk.org.publicwhip/member/10766;remain;Andy Burnham;M;2001;2017;07/01/1970
25611;Jo;Platt;Labour/Co-operative;Leigh and Atherton;uk.org.publicwhip/member/25611;;Jo Platt;F;2024;;15/06/1973
25812;James;Grundy;Conservative;Leigh and Atherton;uk.org.publicwhip/member/25812;;James Grundy;M;2019;2024;10/07/1978
10022;Norman;Baker;Liberal Democrat;Lewes;uk.org.publicwhip/member/10022;;Norman Baker;M;1997;2015;26/07/1957
25397;Maria;Caulfield;Conservative;Lewes;uk.org.publicwhip/member/25397;leave;Maria Caulfield;F;2015;2024;06/08/1973
24953;Heidi;Alexander;Labour;Lewisham East;uk.org.publicwhip/member/24953;;Heidi Alexander;F;2024;;17/04/1975
25727;Janet;Daby;Labour;Lewisham East;uk.org.publicwhip/member/25727;;Janet Daby;F;2018;;08/12/1970
10519;Joan;Ruddock;Labour;Lewisham North;uk.org.publicwhip/member/10519;;Joan Ruddock;F;1987;2015;28/12/1943
25380;Vicky;Foxcroft;Labour;Lewisham North;uk.org.publicwhip/member/25380;remain;Vicky Foxcroft;F;2015;;09/03/1977
10176;Jim;Dowd;Labour;Lewisham West and East Dulwich;uk.org.publicwhip/member/10176;remain;Jim Dowd;M;1992;2017;26/12/1951
25681;Ellie;Reeves;Labour;Lewisham West and East Dulwich;uk.org.publicwhip/member/25681;;Ellie Reeves;F;2017;;11/12/1980
10143;John;Cryer;Labour;Leyton and Wanstead;uk.org.publicwhip/member/10143;leave;John Cryer;M;1997;2024;11/04/1964
10193;Michael;Fabricant;Conservative;Lichfield;uk.org.publicwhip/member/10193;leave;Michael Fabricant;M;1992;2024;12/06/1950
24790;Karl;McCartney;Conservative;Lincoln;uk.org.publicwhip/member/24790;leave;Karl McCartney;M;2019;2024;25/04/1968
25682;Karen;Lee;Labour;Lincoln;uk.org.publicwhip/member/25682;;Karen Lee;F;2017;2019;15/01/1959
10183;Maria;Eagle;Labour;Liverpool Garston;uk.org.publicwhip/member/10183;remain;Maria Eagle;F;1997;;17/02/1961
10186;Louise;Ellman;Labour/Co-operative;Liverpool Riverside;uk.org.publicwhip/member/10186;remain;Louise Ellman;F;1997;2019;14/11/1945
25803;Kim;Johnson;Labour;Liverpool Riverside;uk.org.publicwhip/member/25803;;Kim Johnson;F;2019;;29/09/1965
24935;Steve;Rotheram;Labour;Liverpool Walton;uk.org.publicwhip/member/24935;remain;Steve Rotheram;M;2010;2017;04/11/1961
25642;Dan;Carden;Labour;Liverpool Walton;uk.org.publicwhip/member/25642;;Dan Carden;M;2017;;28/10/1986
24924;Luciana;Berger;Labour/Co-operative;Liverpool Wavertree;uk.org.publicwhip/member/24924;remain;Luciana Berger;F;2010;2019;13/05/1981
25819;Paula;Barker;Labour;Liverpool Wavertree;uk.org.publicwhip/member/25819;;Paula Barker;F;2019;;02/05/1972
10611;Stephen;Twigg;Labour/Co-operative;Liverpool West Derby;uk.org.publicwhip/member/10611;remain;Stephen Twigg;M;2010;2019;25/12/1966
25816;Ian;Byrne;Labour;Liverpool West Derby;uk.org.publicwhip/member/25816;;Ian Byrne;M;2019;;25/01/1972
24735;Graeme;Morrice;Labour;Livingston;uk.org.publicwhip/member/24735;;Graeme Morrice;M;2010;2015;23/02/1959
25409;Hannah;Bardell;Scottish National Party;Livingston;uk.org.publicwhip/member/25409;;Hannah Bardell;F;2015;2024;01/06/1983
11692;Nia;Griffith;Labour;Llanelli;uk.org.publicwhip/member/11692;remain;Nia Griffith;F;2005;;04/12/1956
14031;Kenny;MacAskill;Alba;Lothian East;uk.org.publicwhip/member/14031;;Kenny MacAskill;M;2019;2024;28/04/1958
24723;Fiona;O'Donnell;Labour;Lothian East;uk.org.publicwhip/member/24723;;Fiona O'Donnell;F;2010;2015;27/01/1960
25325;George;Kerevan;Scottish National Party;Lothian East;uk.org.publicwhip/member/25325;;George Kerevan;M;2015;2017;28/09/1949
25651;Martin;Whitfield;Labour;Lothian East;uk.org.publicwhip/member/25651;;Martin Whitfield;M;2017;2019;12/08/1965
24732;Nicky;Morgan;Conservative;Loughborough;uk.org.publicwhip/member/24732;remain;Nicky Morgan;F;2010;2019;01/10/1972
25921;Jane;Hunt;Conservative;Loughborough;uk.org.publicwhip/member/25921;;Jane Hunt;F;2019;2024;04/05/1966
10583;Peter;Tapsell;Conservative;Louth and Horncastle;uk.org.publicwhip/member/10583;;Peter Tapsell;M;1966;2015;01/02/1930
25424;Victoria;Atkins;Conservative;Louth and Horncastle;uk.org.publicwhip/member/25424;remain;Victoria Atkins;F;2015;;22/03/1976
10288;Kelvin;Hopkins;Labour;Luton North;uk.org.publicwhip/member/10288;leave;Kelvin Hopkins;M;1997;2019;22/08/1941
25823;Sarah;Owen;Labour;Luton North;uk.org.publicwhip/member/25823;;Sarah Owen;F;2019;;11/01/1983
24847;Gavin;Shuker;Labour/Co-operative;Luton South and South Bedfordshire;uk.org.publicwhip/member/24847;remain;Gavin Shuker;M;2010;2019;10/10/1981
25809;Rachel;Hopkins;Labour;Luton South and South Bedfordshire;uk.org.publicwhip/member/25809;;Rachel Hopkins;F;2019;;10/03/1972
24820;David;Rutley;Conservative;Macclesfield;uk.org.publicwhip/member/24820;remain;David Rutley;M;2010;2024;07/03/1961
10426;Theresa;May;Conservative;Maidenhead;uk.org.publicwhip/member/10426;remain;Theresa May;F;1997;2024;01/10/1956
24796;Helen;Grant;Conservative;Maidstone and Malling;uk.org.publicwhip/member/24796;remain;Helen Grant;F;2010;;28/09/1961
24805;Yvonne;Fovargue;Labour;Makerfield;uk.org.publicwhip/member/24805;remain;Yvonne Fovargue;F;2010;2024;29/11/1956
10632;John;Whittingdale;Conservative;Maldon;uk.org.publicwhip/member/10632;leave;John Whittingdale;M;1992;;16/10/1959
25165;Lucy;Powell;Labour/Co-operative;Manchester Central;uk.org.publicwhip/member/25165;remain;Lucy Powell;F;2012;;10/10/1974
10327;Gerald;Kaufman;Labour;Manchester Rusholme;uk.org.publicwhip/member/10327;;Gerald Kaufman;M;1970;2017;21/06/1930
25662;Afzal;Khan;Labour;Manchester Rusholme;uk.org.publicwhip/member/25662;;Afzal Khan;M;2017;;05/04/1958
11707;John;Leech;Liberal Democrat;Manchester Withington;uk.org.publicwhip/member/11707;;John Leech;M;2005;2015;11/04/1971
25366;Jeff;Smith;Labour;Manchester Withington;uk.org.publicwhip/member/25366;remain;Jeff Smith;M;2015;;26/01/1963
10428;Alan;Meale;Labour;Mansfield;uk.org.publicwhip/member/10428;remain;Alan Meale;M;1987;2017;31/07/1949
25683;Ben;Bradley;Conservative;Mansfield;uk.org.publicwhip/member/25683;;Ben Bradley;M;2017;2024;11/12/1989
24915;Claire;Perry;Conservative;Melksham and Devizes;uk.org.publicwhip/member/24915;remain;Claire Perry;F;2010;2019;03/04/1964
25913;Danny;Kruger;Conservative;Melksham and Devizes;uk.org.publicwhip/member/25913;;Danny Kruger;M;2019;;15/02/1974
10559;Caroline;Spelman;Conservative;Meriden and Solihull East;uk.org.publicwhip/member/10559;remain;Caroline Spelman;F;1997;2019;04/05/1958
25847;Saqib;Bhatti;Conservative;Meriden and Solihull East;uk.org.publicwhip/member/25847;;Saqib Bhatti;M;2019;;18/06/1985
10120;Ann;Clwyd;Labour;Merthyr Tydfil and Aberdare;uk.org.publicwhip/member/10120;remain;Ann Clwyd;F;1984;2019;21/03/1937
25826;Beth;Winter;Labour;Merthyr Tydfil and Aberdare;uk.org.publicwhip/member/25826;;Beth Winter;F;2019;2024;17/02/1971
10944;Dai;Havard;Labour;Merthyr Tydfil and Aberdare;uk.org.publicwhip/member/10944;;Dai Havard;M;2001;2015;07/02/1950
25289;Gerald;Jones;Labour;Merthyr Tydfil and Aberdare;uk.org.publicwhip/member/25289;remain;Gerald Jones;M;2015;;21/08/1970
11397;Nadine;Dorries;Conservative;Mid Bedfordshire;uk.org.publicwhip/member/11397;leave;Nadine Dorries;F;2005;2023;21/05/1957
11971;Jo;Swinson;Liberal Democrat;Mid Buckinghamshire;uk.org.publicwhip/member/11971;;Jo Swinson;F;2017;2019;05/02/1980
25863;Amy;Callaghan;Scottish National Party;Mid Buckinghamshire;uk.org.publicwhip/member/25863;;Amy Callaghan;F;2019;2024;31/05/1992
24883;Graham;Evans;Conservative;Mid Cheshire;uk.org.publicwhip/member/24883;remain;Graham Evans;M;2010;2017;10/11/1963
25702;Mike;Amesbury;Labour;Mid Cheshire;uk.org.publicwhip/member/25702;;Mike Amesbury;M;2017;2025;07/05/1969
24821;Pauline;Latham;Conservative;Mid Derbyshire;uk.org.publicwhip/member/24821;leave;Pauline Latham;F;2010;2024;04/02/1948
10754;Annette;Brooke;Liberal Democrat;Mid Dorset and North Poole;uk.org.publicwhip/member/10754;;Annette Brooke;F;2001;2015;07/06/1943
25422;Michael;Tomlinson;Conservative;Mid Dorset and North Poole;uk.org.publicwhip/member/25422;leave;Michael Tomlinson;M;2015;2024;01/10/1977
10175;Stephen;Dorrell;Conservative;Mid Leicestershire;uk.org.publicwhip/member/10175;;Stephen Dorrell;M;1979;2015;25/03/1952
25396;Edward;Argar;Conservative;Mid Leicestershire;uk.org.publicwhip/member/25396;remain;Edward Argar;M;2015;;09/12/1977
24817;George;Freeman;Conservative;Mid Norfolk;uk.org.publicwhip/member/24817;remain;George Freeman;M;2010;;12/07/1967
10555;Nicholas;Soames;Conservative;Mid Sussex;uk.org.publicwhip/member/10555;remain;Nicholas Soames;M;1983;2019;12/02/1948
25330;Mims;Davies;Conservative;Mid Sussex;uk.org.publicwhip/member/25330;leave;Mims Davies;F;2015;;02/06/1975
10387;Martin;McGuinness;Sinn Féin;Mid Ulster;uk.org.publicwhip/member/10387;;Martin McGuinness;M;1997;2013;23/05/1950
13836;Francie;Molloy;Sinn Féin;Mid Ulster;uk.org.publicwhip/member/13836;;Francie Molloy;M;2013;2024;16/12/1950
10036;Stuart;Bell;Labour;Middlesbrough and Thornaby East;uk.org.publicwhip/member/10036;;Stuart Bell;M;1983;2012;16/05/1938
25169;Andy;McDonald;Labour;Middlesbrough and Thornaby East;uk.org.publicwhip/member/25169;remain;Andy McDonald;M;2012;;02/03/1958
24848;Tom;Blenkinsop;Labour;Middlesbrough South and East Cleveland;uk.org.publicwhip/member/24848;remain;Tom Blenkinsop;M;2010;2017;14/08/1980
25657;Simon;Clarke;Conservative;Middlesbrough South and East Cleveland;uk.org.publicwhip/member/25657;;Simon Clarke;M;2017;2024;28/09/1984
10934;David;Hamilton;Labour;Midlothian;uk.org.publicwhip/member/10934;;David Hamilton;M;2001;2015;06/07/1951
25278;Owen;Thompson;Scottish National Party;Midlothian;uk.org.publicwhip/member/25278;;Owen Thompson;M;2019;2024;17/03/1978
25684;Danielle;Rowley;Labour;Midlothian;uk.org.publicwhip/member/25684;;Danielle Rowley;F;2017;2019;25/02/1990
24947;Iain;Stewart;Conservative;Milton Keynes Central;uk.org.publicwhip/member/24947;leave;Iain Stewart;M;2010;2024;18/09/1972
11715;Mark;Lancaster;Conservative;Milton Keynes North;uk.org.publicwhip/member/11715;remain;Mark Lancaster;M;2005;2019;29/07/1970
25910;Ben;Everitt;Conservative;Milton Keynes North;uk.org.publicwhip/member/25910;;Ben Everitt;M;2019;2024;20/08/1979
10381;Siobhain;McDonagh;Labour;Mitcham and Morden;uk.org.publicwhip/member/10381;remain;Siobhain McDonagh;F;1997;;20/02/1960
11719;David;Davies;Conservative;Monmouthshire;uk.org.publicwhip/member/11719;;David Davies;M;2005;2024;27/01/1970
24739;Glyn;Davies;Conservative;Montgomeryshire and Glyndŵr;uk.org.publicwhip/member/24739;leave;Glyn Davies;M;2010;2019;16/02/1949
25329;Craig;Williams;Conservative;Montgomeryshire and Glyndŵr;uk.org.publicwhip/member/25329;remain;Craig Williams;M;2019;2024;07/06/1985
11189;Angus;Robertson;Scottish National Party;Moray West, Nairn and Strathspey;uk.org.publicwhip/member/11189;;Angus Robertson;M;2001;2017;28/09/1969
25531;Douglas;Ross;Conservative;Moray West, Nairn and Strathspey;uk.org.publicwhip/member/25531;;Douglas Ross;M;2017;2024;27/01/1983
24966;David;Morris;Conservative;Morecambe and Lunesdale;uk.org.publicwhip/member/24966;remain;David Morris;M;2010;2024;03/01/1966
10517;Frank;Roy;Labour;Motherwell, Wishaw and Carluke;uk.org.publicwhip/member/10517;;Frank Roy;M;1997;2015;29/08/1958
25277;Marion;Fellows;Scottish National Party;Motherwell, Wishaw and Carluke;uk.org.publicwhip/member/25277;;Marion Fellows;F;2015;2024;19/05/1949
12004;Angus;MacNeil;Scottish National Party;Na h-Eileanan an Iar;uk.org.publicwhip/member/12004;;Angus MacNeil;M;2005;2024;21/07/1970
10252;Peter;Hain;Labour;Neath and Swansea East;uk.org.publicwhip/member/10252;;Peter Hain;M;1991;2015;16/02/1950
25332;Christina;Rees;Labour/Co-operative;Neath and Swansea East;uk.org.publicwhip/member/25332;remain;Christina Rees;F;2015;2024;21/02/1954
11863;Siân;James;Labour;Neath and Swansea East;uk.org.publicwhip/member/11863;;Siân James;F;2005;2015;24/06/1959
25308;Carolyn;Harris;Labour;Neath and Swansea East;uk.org.publicwhip/member/25308;remain;Carolyn Harris;F;2015;;18/08/1960
10358;Julian;Lewis;Conservative;New Forest East;uk.org.publicwhip/member/10358;leave;Julian Lewis;M;1997;;26/09/1951
10580;Desmond;Swayne;Conservative;New Forest West;uk.org.publicwhip/member/10580;leave;Desmond Swayne;M;1997;;20/08/1956
11109;Patrick;Mercer;Conservative;Newark;uk.org.publicwhip/member/11109;;Patrick Mercer;M;2001;2014;26/06/1956
25227;Robert;Jenrick;Conservative;Newark;uk.org.publicwhip/member/25227;remain;Robert Jenrick;M;2014;;09/01/1982
11727;Richard;Benyon;Conservative;Newbury;uk.org.publicwhip/member/11727;remain;Richard Benyon;M;2005;2019;21/10/1960
25835;Laura;Farris;Conservative;Newbury;uk.org.publicwhip/member/25835;;Laura Farris;F;2019;2024;13/06/1978
24807;Chi;Onwurah;Labour;Newcastle upon Tyne Central and West;uk.org.publicwhip/member/24807;remain;Chi Onwurah;F;2010;;12/04/1965
10069;Nick;Brown;Labour;Newcastle upon Tyne East and Wallsend;uk.org.publicwhip/member/10069;remain;Nick Brown;M;1983;2024;13/06/1950
24927;Mary;Glindon;Labour;Newcastle upon Tyne East and Wallsend;uk.org.publicwhip/member/24927;remain;Mary Glindon;F;2010;;13/01/1957
24818;Catherine;McKinnell;Labour;Newcastle upon Tyne North;uk.org.publicwhip/member/24818;remain;Catherine McKinnell;F;2010;;08/06/1976
10882;Paul;Farrelly;Labour;Newcastle-under-Lyme;uk.org.publicwhip/member/10882;remain;Paul Farrelly;M;2001;2019;02/03/1962
25916;Aaron;Bell;Conservative;Newcastle-under-Lyme;uk.org.publicwhip/member/25916;;Aaron Bell;M;2019;2024;25/10/1980
11732;Jessica;Morden;Labour;Newport East;uk.org.publicwhip/member/11732;remain;Jessica Morden;F;2005;;29/05/1968
10203;Paul;Flynn;Labour;Newport West and Islwyn;uk.org.publicwhip/member/10203;remain;Paul Flynn;M;1987;2019;09/02/1935
25746;Ruth;Jones;Labour;Newport West and Islwyn;uk.org.publicwhip/member/25746;;Ruth Jones;F;2019;;23/04/1962
11734;Conor;Murphy;Sinn Féin;Newry and Armagh;uk.org.publicwhip/member/11734;;Conor Murphy;M;2005;2015;10/07/1963
13893;Mickey;Brady;Sinn Féin;Newry and Armagh;uk.org.publicwhip/member/13893;;Mickey Brady;M;2015;2024;07/10/1950
24912;Anne Marie;Morris;Conservative;Newton Abbot;uk.org.publicwhip/member/24912;leave;Anne Marie Morris;F;2010;2024;05/07/1957
13933;Phil;Wilson;Labour;Newton Aycliffe and Spennymoor;uk.org.publicwhip/member/13933;remain;Phil Wilson;M;2007;2019;30/06/1959
25855;Paul;Howell;Conservative;Newton Aycliffe and Spennymoor;uk.org.publicwhip/member/25855;;Paul Howell;M;2019;2024;19/01/1959
10131;Yvette;Cooper;Labour;Normanton and Hemsworth;uk.org.publicwhip/member/10131;remain;Yvette Cooper;F;1997;;20/03/1969
13852;Ian;Paisley Jnr;DUP;North Antrim;uk.org.publicwhip/member/13852;;Ian Paisley Jnr;M;2010;2024;12/12/1966
11963;Katy;Clark;Labour;North Ayrshire and Arran;uk.org.publicwhip/member/11963;;Katy Clark;F;2005;2015;03/07/1967
25300;Patricia;Gibson;Scottish National Party;North Ayrshire and Arran;uk.org.publicwhip/member/25300;;Patricia Gibson;F;2015;2024;12/05/1968
10770;Alistair;Burt;Conservative;North Bedfordshire;uk.org.publicwhip/member/10770;remain;Alistair Burt;M;2001;2019;25/05/1955
24787;Richard;Fuller;Conservative;North Bedfordshire;uk.org.publicwhip/member/24787;leave;Richard Fuller;M;2019;;30/05/1962
11513;Dan;Rogerson;Liberal Democrat;North Cornwall;uk.org.publicwhip/member/11513;;Dan Rogerson;M;2005;2015;23/07/1975
25383;Scott;Mann;Conservative;North Cornwall;uk.org.publicwhip/member/25383;leave;Scott Mann;M;2015;2024;24/06/1977
10119;Geoffrey;Clifton-Brown;Conservative;North Cotswolds;uk.org.publicwhip/member/10119;leave;Geoffrey Clifton-Brown;M;1992;;23/03/1953
10262;Nick;Harvey;Liberal Democrat;North Devon;uk.org.publicwhip/member/10262;;Nick Harvey;M;1992;2015;03/08/1961
25412;Peter;Heaton-Jones;Conservative;North Devon;uk.org.publicwhip/member/25412;remain;Peter Heaton-Jones;M;2015;2019;19/06/1963
25880;Selaine;Saxby;Conservative;North Devon;uk.org.publicwhip/member/25880;;Selaine Saxby;F;2019;2024;25/11/1970
10620;Robert;Walter;Conservative;North Dorset;uk.org.publicwhip/member/10620;;Robert Walter;M;1997;2015;30/05/1948
25427;Simon;Hoare;Conservative;North Dorset;uk.org.publicwhip/member/25427;remain;Simon Hoare;M;2015;;28/06/1969
10958;Sylvia;Hermon;Independent;North Down;uk.org.publicwhip/member/10958;;Sylvia Hermon;F;2001;2019;11/08/1955
13899;Stephen;Farry;Alliance;North Down;uk.org.publicwhip/member/13899;;Stephen Farry;M;2019;2024;22/05/1971
11003;Kevan;Jones;Labour;North Durham;uk.org.publicwhip/member/11003;remain;Kevan Jones;M;2001;2024;25/04/1964
24916;Steve;Barclay;Conservative;North East Cambridgeshire;uk.org.publicwhip/member/24916;;Steve Barclay;M;2010;;03/05/1972
;Stephen;Barclay;Conservative;North East Cambridgeshire;uk.org.publicwhip/person/24916;leave;Stephen Barclay;M;2010;2024;03/05/1972
11534;Natascha;Engel;Labour;North East Derbyshire;uk.org.publicwhip/member/11534;;Natascha Engel;F;2005;2017;09/04/1967
25685;Lee;Rowley;Conservative;North East Derbyshire;uk.org.publicwhip/member/25685;;Lee Rowley;M;2017;2024;11/09/1980
10088;Menzies;Campbell;Liberal Democrat;North East Fife;uk.org.publicwhip/member/10088;;Menzies Campbell;M;1987;2015;22/05/1941
25324;Stephen;Gethins;Scottish National Party;North East Fife;uk.org.publicwhip/member/25324;;Stephen Gethins;M;2024;;28/03/1976
25872;Wendy;Chamberlain;Liberal Democrat;North East Fife;uk.org.publicwhip/member/25872;;Wendy Chamberlain;F;2019;;20/12/1976
10013;James;Arbuthnot;Conservative;North East Hampshire;uk.org.publicwhip/member/10013;;James Arbuthnot;M;1987;2015;04/08/1952
25419;Ranil;Jayawardena;Conservative;North East Hampshire;uk.org.publicwhip/member/25419;leave;Ranil Jayawardena;M;2015;2024;03/09/1986
10267;Oliver;Heald;Conservative;North East Hertfordshire;uk.org.publicwhip/member/10267;remain;Oliver Heald;M;1992;2024;15/12/1954
24926;Jacob;Rees-Mogg;Conservative;North East Somerset and Hanham;uk.org.publicwhip/member/24926;leave;Jacob Rees-Mogg;M;2010;2024;24/05/1969
11318;Bill;Wiggin;Conservative;North Herefordshire;uk.org.publicwhip/member/11318;leave;Bill Wiggin;M;2001;2024;04/06/1966
11032;Norman;Lamb;Liberal Democrat;North Norfolk;uk.org.publicwhip/member/11032;;Norman Lamb;M;2001;2019;16/09/1957
25844;Duncan;Baker;Conservative;North Norfolk;uk.org.publicwhip/member/25844;;Duncan Baker;M;2019;2024;13/01/1979
10034;Alan;Beith;Liberal Democrat;North Northumberland;uk.org.publicwhip/member/10034;;Alan Beith;M;1973;2015;20/04/1943
25439;Anne-Marie;Trevelyan;Conservative;North Northumberland;uk.org.publicwhip/member/25439;leave;Anne-Marie Trevelyan;F;2015;2024;06/04/1969
10473;Owen;Paterson;Conservative;North Shropshire;uk.org.publicwhip/member/10473;leave;Owen Paterson;M;1997;2021;24/06/1956
26056;Helen;Morgan;Liberal Democrat;North Shropshire;uk.org.publicwhip/member/26056;;Helen Morgan;F;2021;;09/04/1975
10213;Liam;Fox;Conservative;North Somerset;uk.org.publicwhip/member/10213;leave;Liam Fox;M;1992;2024;22/09/1961
24849;Dan;Byles;Conservative;North Warwickshire and Bedworth;uk.org.publicwhip/member/24849;;Dan Byles;M;2010;2015;24/06/1974
25290;Craig;Tracey;Conservative;North Warwickshire and Bedworth;uk.org.publicwhip/member/25290;leave;Craig Tracey;M;2015;2024;29/03/1975
11475;Shailesh;Vara;Conservative;North West Cambridgeshire;uk.org.publicwhip/member/11475;remain;Shailesh Vara;M;2005;2024;04/09/1960
10263;Alan;Haselhurst;Conservative;North West Essex;uk.org.publicwhip/member/10263;remain;Alan Haselhurst;M;1977;2017;23/06/1937
25693;Kemi;Badenoch;Conservative;North West Essex;uk.org.publicwhip/member/25693;;Kemi Badenoch;F;2017;;02/01/1980
10659;George;Young;Conservative;North West Hampshire;uk.org.publicwhip/member/10659;;George Young;M;1974;2015;16/07/1941
25346;Kit;Malthouse;Conservative;North West Hampshire;uk.org.publicwhip/member/25346;leave;Kit Malthouse;M;2015;;27/10/1966
24741;Andrew;Bridgen;Conservative;North West Leicestershire;uk.org.publicwhip/member/24741;leave;Andrew Bridgen;M;2010;2024;28/10/1964
10726;Henry;Bellingham;Conservative;North West Norfolk;uk.org.publicwhip/member/10726;leave;Henry Bellingham;M;1983;2019;29/03/1955
25866;James;Wild;Conservative;North West Norfolk;uk.org.publicwhip/member/25866;;James Wild;M;2019;;30/07/1976
24866;Michael;Ellis;Conservative;Northampton North;uk.org.publicwhip/member/24866;remain;Michael Ellis;M;2010;2024;13/03/1968
11742;Brian;Binley;Conservative;Northampton South;uk.org.publicwhip/member/11742;;Brian Binley;M;2005;2015;26/04/1942
25347;David;Mackintosh;Conservative;Northampton South;uk.org.publicwhip/member/25347;remain;David Mackintosh;M;2015;2017;12/04/1979
25686;Andrew;Lewer;Conservative;Northampton South;uk.org.publicwhip/member/25686;;Andrew Lewer;M;2017;2024;18/07/1971
24691;Chloe;Smith;Conservative;Norwich North;uk.org.publicwhip/member/24691;remain;Chloe Smith;F;2009;2024;17/05/1982
24874;Simon;Wright;Liberal Democrat;Norwich South;uk.org.publicwhip/member/24874;;Simon Wright;M;2010;2015;15/05/1979
25356;Clive;Lewis;Labour;Norwich South;uk.org.publicwhip/member/25356;remain;Clive Lewis;M;2015;;11/09/1971
10354;Chris;Leslie;Labour/Co-operative;Nottingham East;uk.org.publicwhip/member/10354;remain;Chris Leslie;M;2010;2019;28/06/1972
25845;Nadia;Whittome;Labour;Nottingham East;uk.org.publicwhip/member/25845;;Nadia Whittome;F;2019;;29/08/1996
;Christopher;Leslie;Labour;Nottingham East;uk.org.publicwhip/member/40460;;Christopher Leslie;M;2010;2019;28/06/1972
10008;Graham;Allen;Labour;Nottingham North and Kimberley;uk.org.publicwhip/member/10008;remain;Graham Allen;M;1987;2017;11/01/1953
25687;Alex;Norris;Labour/Co-operative;Nottingham North and Kimberley;uk.org.publicwhip/member/25687;;Alex Norris;M;2017;;04/02/1984
24774;Lilian;Greenwood;Labour;Nottingham South;uk.org.publicwhip/member/24774;remain;Lilian Greenwood;F;2010;;26/03/1966
24745;Marcus;Jones;Conservative;Nuneaton;uk.org.publicwhip/member/24745;remain;Marcus Jones;M;2010;2024;05/04/1974
11640;James;Brokenshire;Conservative;Old Bexley and Sidcup;uk.org.publicwhip/member/11640;remain;James Brokenshire;M;2005;2021;08/01/1968
26055;Louie;French;Conservative;Old Bexley and Sidcup;uk.org.publicwhip/member/26055;;Louie French;M;2021;;19/01/1988
10652;Phil;Woolas;Labour;Oldham East and Saddleworth;uk.org.publicwhip/member/10652;;Phil Woolas;M;1997;2010;11/12/1959
25034;Debbie;Abrahams;Labour;Oldham East and Saddleworth;uk.org.publicwhip/member/25034;remain;Debbie Abrahams;F;2011;;15/09/1960
10427;Michael;Meacher;Labour;Oldham West, Chadderton and Royton;uk.org.publicwhip/member/10427;;Michael Meacher;M;1970;2015;04/11/1939
25475;Jim;McMahon;Labour/Co-operative;Oldham West, Chadderton and Royton;uk.org.publicwhip/member/25475;;Jim McMahon;M;2015;;06/07/1980
10785;Alistair;Carmichael;Liberal Democrat;Orkney and Shetland;uk.org.publicwhip/member/10785;;Alistair Carmichael;M;2001;;15/07/1965
24895;Jo;Johnson;Conservative;Orpington;uk.org.publicwhip/member/24895;remain;Jo Johnson;M;2010;2019;23/12/1971
25750;Gareth;Bacon;Conservative;Orpington;uk.org.publicwhip/member/25750;;Gareth Bacon;M;2019;;07/04/1972
10545;Andrew;Smith;Labour;Oxford East;uk.org.publicwhip/member/10545;remain;Andrew Smith;M;1987;2017;01/01/1951
25618;Anneliese;Dodds;Labour/Co-operative;Oxford East;uk.org.publicwhip/member/25618;;Anneliese Dodds;F;2017;;16/03/1978
24842;Nicola;Blackwood;Conservative;Oxford West and Abingdon;uk.org.publicwhip/member/24842;remain;Nicola Blackwood;F;2010;2017;16/10/1979
25689;Layla;Moran;Liberal Democrat;Oxford West and Abingdon;uk.org.publicwhip/member/25689;;Layla Moran;F;2017;;12/09/1982
11221;Jim;Sheridan;Labour;Paisley and Renfrewshire North;uk.org.publicwhip/member/11221;;Jim Sheridan;M;2001;2015;24/11/1952
25291;Gavin;Newlands;Scottish National Party;Paisley and Renfrewshire North;uk.org.publicwhip/member/25291;;Gavin Newlands;M;2015;2024;02/06/1980
10661;Douglas;Alexander;Labour;Paisley and Renfrewshire South;uk.org.publicwhip/member/10661;;Douglas Alexander;M;2024;;26/10/1967
25269;Mhairi;Black;Scottish National Party;Paisley and Renfrewshire South;uk.org.publicwhip/member/25269;;Mhairi Black;F;2015;2024;12/09/1994
10260;Harriet;Harman;Labour;Peckham;uk.org.publicwhip/member/10260;remain;Harriet Harman;F;1982;2024;30/07/1950
24759;Andrew;Stephenson;Conservative;Pendle and Clitheroe;uk.org.publicwhip/member/24759;leave;Andrew Stephenson;M;2010;2024;17/02/1981
11814;Angela;Smith;Labour;Penistone and Stocksbridge;uk.org.publicwhip/member/11814;remain;Angela Smith;F;2005;2019;16/08/1961
25897;Miriam;Cates;Conservative;Penistone and Stocksbridge;uk.org.publicwhip/member/25897;;Miriam Cates;F;2019;2024;23/08/1982
24964;Rory;Stewart;Conservative;Penrith and Solway;uk.org.publicwhip/member/24964;remain;Rory Stewart;M;2010;2019;03/01/1973
25875;Neil;Hudson;Conservative;Penrith and Solway;uk.org.publicwhip/member/25875;;Neil Hudson;M;2019;;09/03/1969
11333;Pete;Wishart;Scottish National Party;Perth and Kinross-shire;uk.org.publicwhip/member/11333;;Pete Wishart;M;2001;;09/03/1962
11759;Stewart;Jackson;Conservative;Peterborough;uk.org.publicwhip/member/11759;leave;Stewart Jackson;M;2005;2017;31/01/1965
25638;Fiona;Onasanya;Labour;Peterborough;uk.org.publicwhip/member/25638;;Fiona Onasanya;F;2017;2019;23/08/1983
25795;Paul;Bristow;Conservative;Peterborough;uk.org.publicwhip/member/25795;;Paul Bristow;M;2019;2024;27/03/1979
11760;Alison;Seabeck;Labour;Plymouth Moor View;uk.org.publicwhip/member/11760;;Alison Seabeck;F;2005;2015;30/01/1954
25367;Johnny;Mercer;Conservative;Plymouth Moor View;uk.org.publicwhip/member/25367;remain;Johnny Mercer;M;2015;2024;17/08/1981
24898;Oliver;Colvile;Conservative;Plymouth Sutton and Devonport;uk.org.publicwhip/member/24898;;Oliver Colvile;M;2010;2017;26/08/1959
25690;Luke;Pollard;Labour/Co-operative;Plymouth Sutton and Devonport;uk.org.publicwhip/member/25690;;Luke Pollard;M;2017;;10/04/1980
24797;Owen;Smith;Labour;Pontypridd;uk.org.publicwhip/member/24797;remain;Owen Smith;M;2010;2019;02/05/1970
25824;Alex;Davies-Jones;Labour;Pontypridd;uk.org.publicwhip/member/25824;;Alex Davies-Jones;F;2019;;05/04/1989
10582;Robert;Syms;Conservative;Poole;uk.org.publicwhip/member/10582;leave;Robert Syms;M;1997;2024;15/08/1956
10199;Jim;Fitzpatrick;Labour;Poplar and Limehouse;uk.org.publicwhip/member/10199;remain;Jim Fitzpatrick;M;1997;2019;25/04/1952
25914;Apsana;Begum;Labour;Poplar and Limehouse;uk.org.publicwhip/member/25914;;Apsana Begum;F;2019;;25/05/1990
24938;Penny;Mordaunt;Conservative;Portsmouth North;uk.org.publicwhip/member/24938;leave;Penny Mordaunt;F;2010;2024;04/03/1973
10258;Mike;Hancock;Liberal Democrat;Portsmouth South;uk.org.publicwhip/member/10258;;Mike Hancock;M;1997;2015;09/07/1946
25658;Stephen;Morgan;Labour;Portsmouth South;uk.org.publicwhip/member/25658;;Stephen Morgan;M;2017;;17/01/1981
10682;Mark;Hendrick;Labour/Co-operative;Preston;uk.org.publicwhip/member/10682;remain;Mark Hendrick;M;2000;;29/11/1958
11771;Justine;Greening;Conservative;Putney;uk.org.publicwhip/member/11771;remain;Justine Greening;F;2005;2019;30/04/1969
25813;Fleur;Anderson;Labour;Putney;uk.org.publicwhip/member/25813;;Fleur Anderson;F;2019;;09/02/1971
10075;Karen;Buck;Labour;Queen's Park and Maida Vale;uk.org.publicwhip/member/10075;remain;Karen Buck;F;1997;2024;30/08/1958
10268;John;Healey;Labour;Rawmarsh and Conisbrough;uk.org.publicwhip/member/10268;remain;John Healey;M;1997;;13/02/1960
10901;Mark;Francois;Conservative;Rayleigh and Wickford;uk.org.publicwhip/member/10901;leave;Mark Francois;M;2001;;14/08/1965
11773;Rob;Wilson;Conservative;Reading Central;uk.org.publicwhip/member/11773;remain;Rob Wilson;M;2005;2017;10/01/1965
25691;Matt;Rodda;Labour;Reading Central;uk.org.publicwhip/member/25691;;Matt Rodda;M;2017;;12/07/1976
24902;Alok;Sharma;Conservative;Reading West and Mid Berkshire;uk.org.publicwhip/member/24902;remain;Alok Sharma;M;2010;2024;07/09/1967
24819;Ian;Swales;Liberal Democrat;Redcar;uk.org.publicwhip/member/24819;;Ian Swales;M;2010;2015;05/04/1953
25313;Anna;Turley;Labour/Co-operative;Redcar;uk.org.publicwhip/member/25313;remain;Anna Turley;F;2024;;09/10/1978
25806;Jacob;Young;Conservative;Redcar;uk.org.publicwhip/member/25806;;Jacob Young;M;2019;2024;02/09/1993
24856;Karen;Lumley;Conservative;Redditch;uk.org.publicwhip/member/24856;leave;Karen Lumley;F;2010;2017;28/03/1964
25692;Rachel;Maclean;Conservative;Redditch;uk.org.publicwhip/member/25692;;Rachel Maclean;F;2017;2024;03/10/1965
10051;Crispin;Blunt;Conservative;Reigate;uk.org.publicwhip/member/10051;leave;Crispin Blunt;M;1997;2024;15/07/1960
11347;Huw;Irranca-Davies;Labour;Rhondda and Ogmore;uk.org.publicwhip/member/11347;;Huw Irranca-Davies;M;2002;2016;22/01/1963
25490;Chris;Elmore;Labour;Rhondda and Ogmore;uk.org.publicwhip/member/25490;remain;Chris Elmore;M;2016;;23/12/1983
10761;Chris;Bryant;Labour;Rhondda and Ogmore;uk.org.publicwhip/member/10761;remain;Chris Bryant;M;2001;;11/01/1962
10190;Nigel;Evans;Conservative;Ribble Valley;uk.org.publicwhip/member/10190;leave;Nigel Evans;M;1992;2024;23/11/1957
10251;William;Hague;Conservative;Richmond and Northallerton;uk.org.publicwhip/member/10251;;William Hague;M;1989;2015;26/03/1961
25428;Rishi;Sunak;Conservative;Richmond and Northallerton;uk.org.publicwhip/member/25428;leave;Rishi Sunak;M;2015;;12/05/1980
24911;Zac;Goldsmith;Conservative;Richmond Park;uk.org.publicwhip/member/24911;leave;Zac Goldsmith;M;2010;2016;20/01/1975
25596;Sarah;Olney;Liberal Democrat;Richmond Park;uk.org.publicwhip/member/25596;;Sarah Olney;F;2019;;11/07/1977
10367;Tony;Lloyd;Labour;Rochdale;uk.org.publicwhip/member/10367;;Tony Lloyd;M;2017;2024;25/02/1950
24808;Simon;Danczuk;Labour;Rochdale;uk.org.publicwhip/member/24808;remain;Simon Danczuk;M;2010;2017;24/10/1966
24899;Mark;Reckless;Conservative;Rochester and Strood;uk.org.publicwhip/member/24899;;Mark Reckless;M;2014;2015;06/11/1970
25430;Kelly;Tolhurst;Conservative;Rochester and Strood;uk.org.publicwhip/member/25430;remain;Kelly Tolhurst;F;2015;2024;23/08/1978
11199;Andrew;Rosindell;Conservative;Romford;uk.org.publicwhip/member/11199;leave;Andrew Rosindell;M;2001;;17/03/1966
24809;Caroline;Nokes;Conservative;Romsey and Southampton North;uk.org.publicwhip/member/24809;remain;Caroline Nokes;F;2010;;26/06/1972
24860;Jake;Berry;Conservative;Rossendale and Darwen;uk.org.publicwhip/member/24860;remain;Jake Berry;M;2010;2024;29/12/1978
10027;Kevin;Barron;Labour;Rother Valley;uk.org.publicwhip/member/10027;remain;Kevin Barron;M;1983;2019;26/10/1946
25864;Alexander;Stafford;Conservative;Rother Valley;uk.org.publicwhip/member/25864;;Alexander Stafford;M;2019;2024;19/07/1991
10401;Denis;MacShane;Labour;Rotherham;uk.org.publicwhip/member/10401;;Denis MacShane;M;1994;2012;21/05/1948
25168;Sarah;Champion;Labour;Rotherham;uk.org.publicwhip/member/25168;remain;Sarah Champion;F;2012;;10/07/1969
24880;Mark;Pawsey;Conservative;Rugby;uk.org.publicwhip/member/24880;remain;Mark Pawsey;M;2010;2024;16/01/1957
11792;Nick;Hurd;Conservative;Ruislip, Northwood and Pinner;uk.org.publicwhip/member/11792;remain;Nick Hurd;M;2005;2019;13/05/1962
25892;David;Simmonds;Conservative;Ruislip, Northwood and Pinner;uk.org.publicwhip/member/25892;;David Simmonds;M;2019;;23/06/1976
10257;Philip;Hammond;Conservative;Runnymede and Weybridge;uk.org.publicwhip/member/10257;remain;Philip Hammond;M;1997;2019;04/12/1955
25889;Ben;Spencer;Conservative;Runnymede and Weybridge;uk.org.publicwhip/member/25889;;Ben Spencer;M;2019;;01/12/1981
;Gerard;Killen;Labour;Runnymede and Weybridge;uk.org.publicwhip/person/25612;;Gerard Killen;M;2017;2019;01/05/1986
10115;Kenneth;Clarke;Conservative;Rushcliffe;uk.org.publicwhip/member/10115;remain;Kenneth Clarke;M;1970;2019;02/07/1940
25854;Ruth;Edwards;Conservative;Rushcliffe;uk.org.publicwhip/member/25854;;Ruth Edwards;F;2019;2024;11/05/1984
24714;Tom;Greatrex;Labour;Rutherglen;uk.org.publicwhip/member/24714;;Tom Greatrex;M;2010;2015;30/09/1974
25287;Margaret;Ferrier;Independent;Rutherglen;uk.org.publicwhip/member/25287;;Margaret Ferrier;F;2019;2023;10/09/1960
25612;Ged;Killen;Labour/Co-operative;Rutherglen;uk.org.publicwhip/member/25612;;Ged Killen;M;2017;2019;16/05/1986
10179;Alan;Duncan;Conservative;Rutland and Stamford;uk.org.publicwhip/member/10179;remain;Alan Duncan;M;1992;2019;31/03/1957
25906;Alicia;Kearns;Conservative;Rutland and Stamford;uk.org.publicwhip/member/25906;;Alicia Kearns;F;2019;;11/05/1987
10048;Hazel;Blears;Labour;Salford;uk.org.publicwhip/member/10048;;Hazel Blears;F;1997;2015;14/05/1956
25368;Rebecca;Long-Bailey;Labour;Salford;uk.org.publicwhip/member/25368;;Rebecca Long-Bailey;F;2015;;22/09/1979
24839;John;Glen;Conservative;Salisbury;uk.org.publicwhip/member/24839;remain;John Glen;M;2010;;01/04/1974
11804;Robert;Goodwill;Conservative;Scarborough and Whitby;uk.org.publicwhip/member/11804;remain;Robert Goodwill;M;2005;2024;03/12/1956
24798;Nicholas;Dakin;Labour;Scunthorpe;uk.org.publicwhip/member/24798;;Nicholas Dakin;M;2024;;10/07/1955
25804;Holly;Mumby-Croft;Conservative;Scunthorpe;uk.org.publicwhip/member/25804;;Holly Mumby-Croft;F;2019;2024;28/12/1979
24905;Bill;Esterson;Labour;Sefton Central;uk.org.publicwhip/member/24905;remain;Bill Esterson;M;2010;;27/07/1966
24878;Nigel;Adams;Conservative;Selby;uk.org.publicwhip/member/24878;leave;Nigel Adams;M;2010;2023;30/11/1966
10194;Michael;Fallon;Conservative;Sevenoaks;uk.org.publicwhip/member/10194;remain;Michael Fallon;M;1997;2019;03/05/1952
25851;Laura;Trott;Conservative;Sevenoaks;uk.org.publicwhip/member/25851;;Laura Trott;F;2019;;09/12/1984
10050;David;Blunkett;Labour;Sheffield Brightside and Hillsborough;uk.org.publicwhip/member/10050;;David Blunkett;M;1987;2015;06/06/1947
25369;Harry;Harpham;Labour;Sheffield Brightside and Hillsborough;uk.org.publicwhip/member/25369;;Harry Harpham;M;2015;2016;21/02/1954
25489;Gill;Furniss;Labour;Sheffield Brightside and Hillsborough;uk.org.publicwhip/member/25489;;Gill Furniss;F;2016;;14/03/1957
24943;Paul;Blomfield;Labour;Sheffield Central;uk.org.publicwhip/member/24943;remain;Paul Blomfield;M;2010;2024;25/08/1953
;Nicholas;Clegg;Liberal Democrats;Sheffield Hallam;uk.org.publicwhip/member/40528;;Nicholas Clegg;M;2005;2017;07/01/1967
11812;Nick;Clegg;Liberal Democrat;Sheffield Hallam;uk.org.publicwhip/member/11812;;Nick Clegg;M;2005;2017;07/01/1967
25636;Jared;O'Mara;Labour;Sheffield Hallam;uk.org.publicwhip/member/25636;;Jared O'Mara;M;2017;2019;15/11/1981
25908;Olivia;Blake;Labour;Sheffield Hallam;uk.org.publicwhip/member/25908;;Olivia Blake;F;2019;;10/03/1990
11128;Meg;Munn;Labour;Sheffield Heeley;uk.org.publicwhip/member/11128;;Meg Munn;F;2001;2015;24/06/1959
25357;Louise;Haigh;Labour;Sheffield Heeley;uk.org.publicwhip/member/25357;remain;Louise Haigh;F;2015;;22/07/1987
10045;Clive;Betts;Labour;Sheffield South East;uk.org.publicwhip/member/10045;remain;Clive Betts;M;1992;;13/01/1950
24909;Mark;Spencer;Conservative;Sherwood Forest;uk.org.publicwhip/member/24909;remain;Mark Spencer;M;2010;2024;20/01/1970
11816;Philip;Davies;Conservative;Shipley;uk.org.publicwhip/member/11816;leave;Philip Davies;M;2005;2024;05/01/1972
11817;Daniel;Kawczynski;Conservative;Shrewsbury;uk.org.publicwhip/member/11817;leave;Daniel Kawczynski;M;2005;2024;24/01/1972
24828;Gordon;Henderson;Conservative;Sittingbourne and Sheppey;uk.org.publicwhip/member/24828;leave;Gordon Henderson;M;2010;2024;27/01/1948
24961;Julian;Smith;Conservative;Skipton and Ripon;uk.org.publicwhip/member/24961;remain;Julian Smith;M;2010;;30/08/1971
24836;Stephen;Phillips;Conservative;Sleaford and North Hykeham;uk.org.publicwhip/member/24836;leave;Stephen Phillips;M;2010;2016;09/03/1970
25597;Caroline;Johnson;Conservative;Sleaford and North Hykeham;uk.org.publicwhip/member/25597;;Caroline Johnson;F;2016;;31/12/1977
;Caroline;Johnson;Conservative;Sleaford and North Hykeham;uk.org.publicwhip/person/25597;;Caroline Johnson;F;2016;;31/12/1977
10402;Fiona;Mactaggart;Labour;Slough;uk.org.publicwhip/member/10402;remain;Fiona Mactaggart;F;1997;2017;12/09/1953
25695;Tan;Dhesi;Labour;Slough;uk.org.publicwhip/member/25695;;Tan Dhesi;M;2017;;17/08/1978
;Tanmanjeet Singh;Dhesi;Labour;Slough;uk.org.publicwhip/person/25695;;Tanmanjeet Singh Dhesi;M;2017;;17/08/1978
10558;John;Spellar;Labour;Smethwick;uk.org.publicwhip/member/10558;;John Spellar;M;1992;;05/08/1947
11823;Lorely;Burt;Liberal Democrat;Solihull West and Shirley;uk.org.publicwhip/member/11823;;Lorely Burt;F;2005;2015;10/09/1954
25388;Julian;Knight;Conservative;Solihull West and Shirley;uk.org.publicwhip/member/25388;remain;Julian Knight;M;2015;2024;05/07/1972
10679;William;McCrea;DUP;South Antrim;uk.org.publicwhip/member/10679;;William McCrea;M;1997;2015;06/08/1948
24684;Danny;Kinahan;UUP;South Antrim;uk.org.publicwhip/member/24684;;Danny Kinahan;M;2015;2017;16/06/1958
25629;Paul;Girvan;DUP;South Antrim;uk.org.publicwhip/member/25629;;Paul Girvan;M;2017;2024;06/07/1963
24749;Stephen;Metcalfe;Conservative;South Basildon and East Thurrock;uk.org.publicwhip/member/24749;leave;Stephen Metcalfe;M;2010;2024;09/01/1966
10349;Andrew;Lansley;Conservative;South Cambridgeshire;uk.org.publicwhip/member/10349;;Andrew Lansley;M;1997;2015;11/12/1956
25348;Heidi;Allen;Conservative;South Cambridgeshire;uk.org.publicwhip/member/25348;remain;Heidi Allen;F;2015;2019;18/01/1975
25850;Anthony;Browne;Conservative;South Cambridgeshire;uk.org.publicwhip/member/25850;;Anthony Browne;M;2019;2024;19/01/1967
24769;Heather;Wheeler;Conservative;South Derbyshire;uk.org.publicwhip/member/24769;leave;Heather Wheeler;F;2010;2024;14/05/1959
24761;Sarah;Wollaston;Conservative;South Devon;uk.org.publicwhip/member/24761;remain;Sarah Wollaston;F;2010;2019;17/02/1962
25868;Anthony;Mangnall;Conservative;South Devon;uk.org.publicwhip/member/25868;;Anthony Mangnall;M;2019;2024;12/08/1989
24903;Richard;Drax;Conservative;South Dorset;uk.org.publicwhip/member/24903;leave;Richard Drax;M;2010;2024;17/01/1958
13856;Margaret;Ritchie;Social Democratic and Labour Party;South Down;uk.org.publicwhip/member/13856;;Margaret Ritchie;F;2010;2017;25/03/1958
25154;Christopher;Hazzard;Sinn Féin;South Down;uk.org.publicwhip/member/25154;;Christopher Hazzard;M;2016;;20/01/1984
24875;Sheryll;Murray;Conservative;South East Cornwall;uk.org.publicwhip/member/24875;leave;Sheryll Murray;F;2010;2024;04/02/1956
10265;John;Hayes;Conservative;South Holland and The Deepings;uk.org.publicwhip/member/10265;leave;John Hayes;M;1997;;23/06/1958
10503;Andrew;Robathan;Conservative;South Leicestershire;uk.org.publicwhip/member/10503;;Andrew Robathan;M;1992;2015;17/01/1951
25413;Alberto;Costa;Conservative;South Leicestershire;uk.org.publicwhip/member/25413;remain;Alberto Costa;M;2015;;13/11/1971
10707;Richard;Bacon;Conservative;South Norfolk;uk.org.publicwhip/member/10707;leave;Richard Bacon;M;2001;2024;03/12/1962
24829;Andrea;Leadsom;Conservative;South Northamptonshire;uk.org.publicwhip/member/24829;leave;Andrea Leadsom;F;2010;2024;13/05/1963
24801;Lorraine;Fullbrook;Conservative;South Ribble;uk.org.publicwhip/member/24801;;Lorraine Fullbrook;F;2010;2015;28/07/1959
25389;Seema;Kennedy;Conservative;South Ribble;uk.org.publicwhip/member/25389;remain;Seema Kennedy;F;2015;2019;06/10/1974
25830;Katherine;Fletcher;Conservative;South Ribble;uk.org.publicwhip/member/25830;;Katherine Fletcher;F;2019;2024;21/02/1976
11113;David;Miliband;Labour;South Shields;uk.org.publicwhip/member/11113;;David Miliband;M;2001;2013;15/07/1965
25181;Emma;Lewell-Buck;Labour;South Shields;uk.org.publicwhip/member/25181;remain;Emma Lewell-Buck;F;2013;2024;28/11/1978
11696;Philip;Dunne;Conservative;South Shropshire;uk.org.publicwhip/member/11696;remain;Philip Dunne;M;2005;2024;14/02/1958
10658;Tim;Yeo;Conservative;South Suffolk;uk.org.publicwhip/member/10658;;Tim Yeo;M;1983;2015;20/03/1945
25414;James;Cartlidge;Conservative;South Suffolk;uk.org.publicwhip/member/25414;remain;James Cartlidge;M;2015;;18/04/1974
10575;Gary;Streeter;Conservative;South West Devon;uk.org.publicwhip/member/10575;remain;Gary Streeter;M;1992;2024;02/10/1955
11633;David;Gauke;Conservative;South West Hertfordshire;uk.org.publicwhip/member/11633;remain;David Gauke;M;2005;2019;08/10/1971
25920;Gagan;Mohindra;Conservative;South West Hertfordshire;uk.org.publicwhip/member/25920;;Gagan Mohindra;M;2019;;07/02/1978
24941;Elizabeth;Truss;Conservative;South West Norfolk;uk.org.publicwhip/member/24941;;Elizabeth Truss;F;2010;2024;26/07/1975
11132;Andrew;Murrison;Conservative;South West Wiltshire;uk.org.publicwhip/member/11132;leave;Andrew Murrison;M;2001;;24/04/1961
10167;John;Denham;Labour;Southampton Itchen;uk.org.publicwhip/member/10167;;John Denham;M;1992;2015;15/07/1953
25345;Royston;Smith;Conservative;Southampton Itchen;uk.org.publicwhip/member/25345;leave;Royston Smith;M;2015;2024;13/05/1964
10630;Alan;Whitehead;Labour;Southampton Test;uk.org.publicwhip/member/10630;remain;Alan Whitehead;M;1997;2024;15/09/1950
11785;James;Duddridge;Conservative;Southend East and Rochford;uk.org.publicwhip/member/11785;leave;James Duddridge;M;2005;2024;26/08/1971
10009;David;Amess;Conservative;Southend West and Leigh;uk.org.publicwhip/member/10009;;David Amess;M;1983;2021;26/03/1952
;Anna;Firth;Conservative;Southend West and Leigh;uk.org.publicwhip/person/26059;;Anna Firth;F;2022;2024;23/06/1966
;David;Amess;Conservative;Southend West and Leigh;uk.org.publicwhip/person/10009;;David Amess;M;1983;2021;26/03/1952
11573;David;Burrowes;Conservative;Southgate and Wood Green;uk.org.publicwhip/member/11573;leave;David Burrowes;M;2005;2017;12/06/1969
25676;Bambos;Charalambous;Labour;Southgate and Wood Green;uk.org.publicwhip/member/25676;;Bambos Charalambous;M;2017;;02/12/1967
11174;John;Pugh;Liberal Democrat;Southport;uk.org.publicwhip/member/11174;;John Pugh;M;2001;2017;28/06/1948
25630;Damien;Moore;Conservative;Southport;uk.org.publicwhip/member/25630;;Damien Moore;M;2017;2024;06/04/1980
24770;Kwasi;Kwarteng;Conservative;Spelthorne;uk.org.publicwhip/member/24770;leave;Kwasi Kwarteng;M;2010;2024;26/05/1975
10650;Mike;Wood;Labour;Spen Valley;uk.org.publicwhip/member/10650;;Mike Wood;M;1997;;03/05/1946
25394;Jo;Cox;Labour;Spen Valley;uk.org.publicwhip/member/25394;;Jo Cox;F;2015;2016;22/06/1974
25592;Tracy;Brabin;Labour/Co-operative;Spen Valley;uk.org.publicwhip/member/25592;remain;Tracy Brabin;F;2016;2021;09/05/1961
26040;Kim;Leadbeater;Labour;Spen Valley;uk.org.publicwhip/member/26040;;Kim Leadbeater;F;2021;;21/11/1975
11798;Anne;Main;Conservative;St Albans;uk.org.publicwhip/member/11798;leave;Anne Main;F;2005;2019;17/05/1957
25901;Daisy;Cooper;Liberal Democrat;St Albans;uk.org.publicwhip/member/25901;;Daisy Cooper;F;2019;;29/09/1981
24928;Stephen;Gilbert;Liberal Democrat;St Austell and Newquay;uk.org.publicwhip/member/24928;;Stephen Gilbert;M;2010;2015;06/11/1976
25410;Steve;Double;Conservative;St Austell and Newquay;uk.org.publicwhip/member/25410;leave;Steve Double;M;2015;2024;17/12/1966
10625;Dave;Watts;Labour;St Helens North;uk.org.publicwhip/member/10625;;Dave Watts;M;1997;2015;02/08/1951
25423;Conor;McGinn;Labour;St Helens North;uk.org.publicwhip/member/25423;remain;Conor McGinn;M;2015;2024;31/07/1984
10651;Shaun;Woodward;Labour;St Helens South and Whiston;uk.org.publicwhip/member/10651;;Shaun Woodward;M;1997;2015;26/10/1958
25321;Marie;Rimmer;Labour;St Helens South and Whiston;uk.org.publicwhip/member/25321;remain;Marie Rimmer;F;2015;;31/12/1947
10222;Andrew;George;Liberal Democrat;St Ives;uk.org.publicwhip/member/10222;;Andrew George;M;2024;;02/12/1958
25440;Derek;Thomas;Conservative;St Ives;uk.org.publicwhip/member/25440;leave;Derek Thomas;M;2015;2024;20/07/1972
24760;Jeremy;Lefroy;Conservative;Stafford;uk.org.publicwhip/member/24760;remain;Jeremy Lefroy;M;2010;2019;30/05/1959
25900;Theo;Clarke;Conservative;Stafford;uk.org.publicwhip/member/25900;;Theo Clarke;F;2019;2024;04/08/1987
24725;Karen;Bradley;Conservative;Staffordshire Moorlands;uk.org.publicwhip/member/24725;remain;Karen Bradley;F;2010;;12/03/1970
24929;Jonathan;Reynolds;Labour/Co-operative;Stalybridge and Hyde;uk.org.publicwhip/member/24929;remain;Jonathan Reynolds;M;2010;;28/08/1980
24888;Stephen;McPartland;Conservative;Stevenage;uk.org.publicwhip/member/24888;leave;Stephen McPartland;M;2010;2024;09/08/1976
10388;Anne;McGuire;Labour;Stirling and Strathallan;uk.org.publicwhip/member/10388;;Anne McGuire;F;1997;2015;18/05/1954
25296;Steven;Paterson;Scottish National Party;Stirling and Strathallan;uk.org.publicwhip/member/25296;;Steven Paterson;M;2015;2017;25/09/1973
25696;Stephen;Kerr;Conservative;Stirling and Strathallan;uk.org.publicwhip/member/25696;;Stephen Kerr;M;2017;2019;26/09/1960
25848;Alyn;Smith;Scottish National Party;Stirling and Strathallan;uk.org.publicwhip/member/25848;;Alyn Smith;M;2019;2024;15/09/1973
10122;Ann;Coffey;Labour;Stockport;uk.org.publicwhip/member/10122;remain;Ann Coffey;F;1992;2019;16/08/1946
25836;Navendu;Mishra;Labour;Stockport;uk.org.publicwhip/member/25836;;Navendu Mishra;M;2019;;22/08/1989
24742;Alex;Cunningham;Labour;Stockton North;uk.org.publicwhip/member/24742;remain;Alex Cunningham;M;2010;2024;01/02/1955
24930;James;Wharton;Conservative;Stockton West;uk.org.publicwhip/member/24930;leave;James Wharton;M;2010;2017;16/02/1984
25621;Paul;Williams;Labour;Stockton West;uk.org.publicwhip/member/25621;;Paul Williams;M;2017;2019;23/08/1972
25853;Matt;Vickers;Conservative;Stockton West;uk.org.publicwhip/member/25853;;Matt Vickers;M;2019;;24/09/1983
24850;Tristram;Hunt;Labour;Stoke-on-Trent Central;uk.org.publicwhip/member/24850;;Tristram Hunt;M;2010;2017;31/05/1974
25601;Gareth;Snell;Labour/Co-operative;Stoke-on-Trent Central;uk.org.publicwhip/member/25601;remain;Gareth Snell;M;2024;;27/12/1986
25882;Jo;Gideon;Conservative;Stoke-on-Trent Central;uk.org.publicwhip/member/25882;;Jo Gideon;F;2019;2024;07/11/1962
10619;Joan;Walley;Labour;Stoke-on-Trent North;uk.org.publicwhip/member/10619;;Joan Walley;F;1987;2015;23/01/1949
25435;Ruth;Smeeth;Labour;Stoke-on-Trent North;uk.org.publicwhip/member/25435;remain;Ruth Smeeth;F;2015;2019;29/06/1979
25898;Jonathan;Gullis;Conservative;Stoke-on-Trent North;uk.org.publicwhip/member/25898;;Jonathan Gullis;M;2019;2024;08/06/1989
11843;Rob;Flello;Labour;Stoke-on-Trent South;uk.org.publicwhip/member/11843;;Rob Flello;M;2005;2017;14/01/1966
25698;Jack;Brereton;Conservative;Stoke-on-Trent South;uk.org.publicwhip/member/25698;;Jack Brereton;M;2017;2024;13/05/1991
10095;Bill;Cash;Conservative;Stone, Great Wyrley and Penkridge;uk.org.publicwhip/member/10095;leave;Bill Cash;M;1984;2024;10/05/1940
;William;Cash;Conservative;Stone, Great Wyrley and Penkridge;uk.org.publicwhip/member/40584;;William Cash;M;1984;2024;10/05/1940
24876;Margot;James;Conservative;Stourbridge;uk.org.publicwhip/member/24876;remain;Margot James;F;2010;2019;28/08/1957
25926;Suzanne;Webb;Conservative;Stourbridge;uk.org.publicwhip/member/25926;;Suzanne Webb;F;2019;2024;18/09/1971
13864;Jim;Shannon;DUP;Strangford;uk.org.publicwhip/member/13864;;Jim Shannon;M;2010;;21/06/1955
24822;Nadhim;Zahawi;Conservative;Stratford-on-Avon;uk.org.publicwhip/member/24822;leave;Nadhim Zahawi;M;2010;2024;02/06/1967
10633;Malcolm;Wicks;Labour;Streatham and Croydon North;uk.org.publicwhip/member/10633;;Malcolm Wicks;M;1992;2012;01/07/1947
25170;Steve;Reed;Labour/Co-operative;Streatham and Croydon North;uk.org.publicwhip/member/25170;remain;Steve Reed;M;2012;;13/11/1963
24950;Chuka;Umunna;Labour;Streatham and Croydon North;uk.org.publicwhip/member/24950;remain;Chuka Umunna;M;2010;2019;17/10/1978
25856;Bell;Ribeiro-Addy;Labour;Streatham and Croydon North;uk.org.publicwhip/member/25856;;Bell Ribeiro-Addy;F;2019;;31/03/1986
24896;Kate;Green;Labour;Stretford and Urmston;uk.org.publicwhip/member/24896;remain;Kate Green;F;2010;2022;02/05/1960
10177;David;Drew;Labour/Co-operative;Stroud;uk.org.publicwhip/member/10177;;David Drew;M;2017;2019;13/04/1952
24840;Neil;Carmichael;Conservative;Stroud;uk.org.publicwhip/member/24840;remain;Neil Carmichael;M;1962;1983;15/04/1961
25838;Siobhan;Baillie;Conservative;Stroud;uk.org.publicwhip/member/25838;;Siobhan Baillie;F;2019;2024;28/08/1981
24771;Therese;Coffey;Conservative;Suffolk Coastal;uk.org.publicwhip/member/24771;remain;Therese Coffey;F;2010;2024;18/11/1971
24710;Julie;Elliott;Labour;Sunderland Central;uk.org.publicwhip/member/24710;remain;Julie Elliott;F;2010;2024;29/07/1963
11858;Michael;Gove;Conservative;Surrey Heath;uk.org.publicwhip/member/11858;leave;Michael Gove;M;2005;2024;26/08/1967
10955;Charles;Hendry;Conservative;Sussex Weald;uk.org.publicwhip/member/10955;;Charles Hendry;M;2001;2015;06/05/1959
25354;Nusrat;Ghani;Conservative;Sussex Weald;uk.org.publicwhip/member/25354;leave;Nusrat Ghani;F;2015;;01/09/1972
10080;Paul;Burstow;Liberal Democrat;Sutton and Cheam;uk.org.publicwhip/member/10080;;Paul Burstow;M;1997;2015;13/05/1962
25331;Paul;Scully;Conservative;Sutton and Cheam;uk.org.publicwhip/member/25331;leave;Paul Scully;M;2015;2024;29/03/1968
11115;Andrew;Mitchell;Conservative;Sutton Coldfield;uk.org.publicwhip/member/11115;remain;Andrew Mitchell;M;2001;;23/03/1956
10159;Geraint;Davies;Labour;Swansea West;uk.org.publicwhip/member/10159;remain;Geraint Davies;M;2010;2024;03/05/1960
24870;Justin;Tomlinson;Conservative;Swindon North;uk.org.publicwhip/member/24870;leave;Justin Tomlinson;M;2010;2024;05/11/1976
24843;Robert;Buckland;Conservative;Swindon South;uk.org.publicwhip/member/24843;remain;Robert Buckland;M;2010;2024;22/09/1968
24747;Christopher;Pincher;Conservative;Tamworth;uk.org.publicwhip/member/24747;leave;Christopher Pincher;M;2010;2023;24/09/1969
11145;George;Osborne;Conservative;Tatton;uk.org.publicwhip/member/11145;remain;George Osborne;M;2001;2017;23/05/1971
24882;Esther;McVey;Conservative;Tatton;uk.org.publicwhip/member/24882;;Esther McVey;F;2017;;24/10/1967
11869;Jeremy;Browne;Liberal Democrat;Taunton and Wellington;uk.org.publicwhip/member/11869;;Jeremy Browne;M;2005;2015;17/05/1970
25407;Rebecca;Pow;Conservative;Taunton and Wellington;uk.org.publicwhip/member/25407;remain;Rebecca Pow;F;2015;2024;10/10/1960
11340;David;Wright;Labour;Telford;uk.org.publicwhip/member/11340;;David Wright;M;2001;2015;06/10/1966
25337;Lucy;Allan;Conservative;Telford;uk.org.publicwhip/member/25337;leave;Lucy Allan;F;2015;2024;02/10/1964
10505;Laurence;Robertson;Conservative;Tewkesbury;uk.org.publicwhip/member/10505;leave;Laurence Robertson;M;1997;2024;29/03/1958
11946;Mark;Pritchard;Conservative;The Wrekin;uk.org.publicwhip/member/11946;remain;Mark Pritchard;M;2005;;22/11/1966
25415;Kevin;Hollinrake;Conservative;Thirsk and Malton;uk.org.publicwhip/member/25415;remain;Kevin Hollinrake;M;2015;;28/09/1963
;Anne;McIntosh;Conservative;Thirsk and Malton;uk.org.publicwhip/member/40605;;Anne McIntosh;F;1997;2015;20/09/1954
10626;Steve;Webb;Liberal Democrat;Thornbury and Yate;uk.org.publicwhip/member/10626;;Steve Webb;M;1997;2015;18/07/1965
25373;Luke;Hall;Conservative;Thornbury and Yate;uk.org.publicwhip/member/25373;remain;Luke Hall;M;2015;2024;22/06/1986
24957;Jackie;Doyle-Price;Conservative;Thurrock;uk.org.publicwhip/member/24957;remain;Jackie Doyle-Price;F;2010;2024;05/08/1969
10563;John;Stanley;Conservative;Tonbridge;uk.org.publicwhip/member/10563;;John Stanley;M;1974;2015;19/01/1942
25374;Thomas;Tugendhat;Conservative;Tonbridge;uk.org.publicwhip/member/25374;;Thomas Tugendhat;M;2015;;27/06/1973
11878;Sadiq;Khan;Labour;Tooting;uk.org.publicwhip/member/11878;;Sadiq Khan;M;2005;2016;08/10/1970
25579;Rosena;Allin-Khan;Labour;Tooting;uk.org.publicwhip/member/25579;remain;Rosena Allin-Khan;F;2016;;10/01/1977
10527;Adrian;Sanders;Liberal Democrat;Torbay;uk.org.publicwhip/member/10527;;Adrian Sanders;M;1997;2015;20/04/1959
25338;Kevin;Foster;Conservative;Torbay;uk.org.publicwhip/member/25338;remain;Kevin Foster;M;2015;2024;31/12/1978
10454;Paul;Murphy;Labour;Torfaen;uk.org.publicwhip/member/10454;;Paul Murphy;M;1987;2015;25/11/1948
25279;Nick;Thomas-Symonds;Labour;Torfaen;uk.org.publicwhip/member/25279;remain;Nick Thomas-Symonds;M;2015;;26/05/1980
11541;Geoffrey;Cox;Conservative;Torridge and Tavistock;uk.org.publicwhip/member/11541;leave;Geoffrey Cox;M;2005;;30/04/1960
10678;David;Lammy;Labour;Tottenham;uk.org.publicwhip/member/10678;remain;David Lammy;M;2000;;19/07/1972
24948;Sarah;Newton;Conservative;Truro and Falmouth;uk.org.publicwhip/member/24948;remain;Sarah Newton;F;2010;2019;19/07/1961
25802;Cherilyn;Mackrory;Conservative;Truro and Falmouth;uk.org.publicwhip/member/25802;;Cherilyn Mackrory;F;2019;2024;05/06/1976
11884;Greg;Clark;Conservative;Tunbridge Wells;uk.org.publicwhip/member/11884;remain;Greg Clark;M;2005;2024;28/08/1967
10084;Vincent;Cable;Liberal Democrat;Twickenham;uk.org.publicwhip/member/10084;;Vincent Cable;M;1997;2019;09/05/1943
25333;Tania;Mathias;Conservative;Twickenham;uk.org.publicwhip/member/25333;remain;Tania Mathias;F;2015;2017;21/06/1964
25820;Munira;Wilson;Liberal Democrat;Twickenham;uk.org.publicwhip/member/25820;;Munira Wilson;F;2019;;14/10/1978
10086;Alan;Campbell;Labour;Tynemouth;uk.org.publicwhip/member/10086;remain;Alan Campbell;M;1997;;08/07/1957
11892;David;Simpson;DUP;Upper Bann;uk.org.publicwhip/member/11892;;David Simpson;M;2005;2019;16/02/1959
25562;Carla;Lockhart;DUP;Upper Bann;uk.org.publicwhip/member/25562;;Carla Lockhart;F;2019;;28/02/1985
10660;John;Randall;Conservative;Uxbridge and South Ruislip;uk.org.publicwhip/member/10660;;John Randall;M;1997;2015;05/08/1955
10999;Boris;Johnson;Conservative;Uxbridge and South Ruislip;uk.org.publicwhip/member/10999;leave;Boris Johnson;M;2015;2023;19/06/1964
24740;Alun;Cairns;Conservative;Vale of Glamorgan;uk.org.publicwhip/member/24740;remain;Alun Cairns;M;2010;2024;30/07/1970
10282;Kate;Hoey;Labour;Vauxhall and Camberwell Green;uk.org.publicwhip/member/10282;leave;Kate Hoey;F;1989;2019;21/06/1946
25759;Florence;Eshalomi;Labour/Co-operative;Vauxhall and Camberwell Green;uk.org.publicwhip/member/25759;;Florence Eshalomi;F;2019;;18/09/1981
11898;Mary;Creagh;Labour;Wakefield and Rothwell;uk.org.publicwhip/member/11898;remain;Mary Creagh;F;2024;;02/12/1967
25822;Imran Ahmad;Khan;Conservative;Wakefield and Rothwell;uk.org.publicwhip/member/25822;;Imran Ahmad Khan;M;2019;2022;06/09/1973
10182;Angela;Eagle;Labour;Wallasey;uk.org.publicwhip/member/10182;remain;Angela Eagle;F;1992;;17/02/1961
10645;David;Winnick;Labour;Walsall and Bloxwich;uk.org.publicwhip/member/10645;remain;David Winnick;M;1979;2017;26/06/1933
25699;Eddie;Hughes;Conservative;Walsall and Bloxwich;uk.org.publicwhip/member/25699;;Eddie Hughes;M;2017;2024;03/10/1968
24852;Valerie;Vaz;Labour;Walsall and Bloxwich;uk.org.publicwhip/member/24852;remain;Valerie Vaz;F;2010;;07/12/1954
24949;Stella;Creasy;Labour/Co-operative;Walthamstow;uk.org.publicwhip/member/24949;remain;Stella Creasy;F;2010;;05/04/1977
10319;Helen;Jones;Labour;Warrington North;uk.org.publicwhip/member/10319;remain;Helen Jones;F;1997;2019;24/12/1954
25885;Charlotte;Nichols;Labour;Warrington North;uk.org.publicwhip/member/25885;;Charlotte Nichols;F;2019;;05/04/1991
24932;David;Mowat;Conservative;Warrington South;uk.org.publicwhip/member/24932;remain;David Mowat;M;2010;2017;20/02/1957
25700;Faisal;Rashid;Labour;Warrington South;uk.org.publicwhip/member/25700;;Faisal Rashid;M;2017;2019;16/09/1972
25884;Andy;Carter;Conservative;Warrington South;uk.org.publicwhip/member/25884;;Andy Carter;M;2019;2024;25/01/1974
24959;Chris;White;Conservative;Warwick and Leamington;uk.org.publicwhip/member/24959;remain;Chris White;M;2010;2017;28/02/1967
25701;Matt;Western;Labour;Warwick and Leamington;uk.org.publicwhip/member/25701;;Matt Western;M;2017;;12/11/1962
11592;Sharon;Hodgson;Labour;Washington and Gateshead South;uk.org.publicwhip/member/11592;remain;Sharon Hodgson;F;2005;;01/04/1966
24954;Richard;Harrington;Conservative;Watford;uk.org.publicwhip/member/24954;remain;Richard Harrington;M;2010;2019;12/03/1957
25828;Dean;Russell;Conservative;Watford;uk.org.publicwhip/member/25828;;Dean Russell;M;2019;2024;08/07/1976
24904;Peter;Aldous;Conservative;Waveney Valley;uk.org.publicwhip/member/24904;remain;Peter Aldous;M;2010;2024;26/08/1961
11915;Peter;Bone;Conservative;Wellingborough and Rushden;uk.org.publicwhip/member/11915;leave;Peter Bone;M;2005;2023;19/10/1952
11048;Ian;Liddell-Grainger;Conservative;Wells and Mendip Hills;uk.org.publicwhip/member/11048;;Ian Liddell-Grainger;M;2001;2024;23/02/1959
24942;Tessa;Munt;Liberal Democrat;Wells and Mendip Hills;uk.org.publicwhip/member/24942;;Tessa Munt;F;2024;;16/10/1959
25438;James;Heappey;Conservative;Wells and Mendip Hills;uk.org.publicwhip/member/25438;remain;James Heappey;M;2015;2024;30/12/1980
11917;Grant;Shapps;Conservative;Welwyn Hatfield;uk.org.publicwhip/member/11917;remain;Grant Shapps;M;2005;2024;14/09/1968
10552;Robert;Smith;Liberal Democrat;West Aberdeenshire and Kincardine;uk.org.publicwhip/member/10552;;Robert Smith;M;1997;2015;04/04/1958
25425;Stuart;Donaldson;Scottish National Party;West Aberdeenshire and Kincardine;uk.org.publicwhip/member/25425;;Stuart Donaldson;M;2015;2017;05/09/1991
25703;Andrew;Bowie;Conservative;West Aberdeenshire and Kincardine;uk.org.publicwhip/member/25703;;Andrew Bowie;M;2017;;28/05/1987
11309;Tom;Watson;Labour;West Bromwich;uk.org.publicwhip/member/11309;remain;Tom Watson;M;2001;2019;08/01/1967
25834;Nicola;Richards;Conservative;West Bromwich;uk.org.publicwhip/member/25834;;Nicola Richards;F;2019;2024;16/12/1994
10683;Adrian;Bailey;Labour/Co-operative;West Bromwich;uk.org.publicwhip/member/10683;remain;Adrian Bailey;M;2000;2019;11/12/1945
25814;Shaun;Bailey;Conservative;West Bromwich;uk.org.publicwhip/member/25814;;Shaun Bailey;M;2019;2024;17/07/1992
10355;Oliver;Letwin;Conservative;West Dorset;uk.org.publicwhip/member/10355;remain;Oliver Letwin;M;1997;2019;19/05/1956
25918;Chris;Loder;Conservative;West Dorset;uk.org.publicwhip/member/25918;;Chris Loder;M;2019;2024;05/09/1981
24918;Gemma;Doyle;Labour;West Dunbartonshire;uk.org.publicwhip/member/24918;;Gemma Doyle;F;2010;2015;13/04/1981
25275;Martin;Docherty;Scottish National Party;West Dunbartonshire;uk.org.publicwhip/member/25275;;Martin Docherty;M;2015;2024;21/01/1971
11921;Lyn;Brown;Labour;West Ham and Beckton;uk.org.publicwhip/member/11921;remain;Lyn Brown;F;2005;2024;13/04/1960
11667;Rosie;Cooper;Labour;West Lancashire;uk.org.publicwhip/member/11667;remain;Rosie Cooper;F;2005;2022;03/11/1950
24773;Matthew;Hancock;Conservative;West Suffolk;uk.org.publicwhip/member/24773;remain;Matthew Hancock;M;2010;2024;02/10/1978
10858;Pat;Doherty;Sinn Féin;West Tyrone;uk.org.publicwhip/member/10858;;Pat Doherty;M;2001;2017;18/07/1945
13825;Barry;McElduff;Sinn Féin;West Tyrone;uk.org.publicwhip/member/13825;;Barry McElduff;M;2017;2018;16/12/1966
25726;Órfhlaith;Begley;Sinn Féin;West Tyrone;uk.org.publicwhip/member/25726;;Órfhlaith Begley;F;2018;;19/02/1986
24785;Harriett;Baldwin;Conservative;West Worcestershire;uk.org.publicwhip/member/24785;;Harriett Baldwin;F;2010;;02/05/1960
11923;Tim;Farron;Liberal Democrat;Westmorland and Lonsdale;uk.org.publicwhip/member/11923;;Tim Farron;M;2005;;27/05/1970
11924;John;Penrose;Conservative;Weston-Super-Mare;uk.org.publicwhip/member/11924;remain;John Penrose;M;2005;2024;22/06/1964
24893;Alec;Shelbrooke;Conservative;Wetherby and Easingwold;uk.org.publicwhip/member/24893;remain;Alec Shelbrooke;M;2010;;10/01/1972
11511;Jamie;Reed;Labour;Whitehaven and Workington;uk.org.publicwhip/member/11511;;Jamie Reed;M;2005;2017;03/08/1973
25600;Trudy;Harrison;Conservative;Whitehaven and Workington;uk.org.publicwhip/member/25600;;Trudy Harrison;F;2017;2024;19/04/1976
10834;Tony;Cunningham;Labour;Whitehaven and Workington;uk.org.publicwhip/member/10834;;Tony Cunningham;M;2001;2015;16/09/1952
25358;Sue;Hayman;Labour;Whitehaven and Workington;uk.org.publicwhip/member/25358;remain;Sue Hayman;F;2015;2019;28/07/1966
25792;Mark;Jenkinson;Conservative;Whitehaven and Workington;uk.org.publicwhip/member/25792;;Mark Jenkinson;M;2019;2024;20/01/1982
10610;Derek;Twigg;Labour;Widnes and Halewood;uk.org.publicwhip/member/10610;remain;Derek Twigg;M;1997;;09/12/1959
24831;Lisa;Nandy;Labour;Wigan;uk.org.publicwhip/member/24831;remain;Lisa Nandy;F;2010;;09/08/1979
11927;Stephen;Hammond;Conservative;Wimbledon;uk.org.publicwhip/member/11927;remain;Stephen Hammond;M;2005;2024;04/02/1962
24901;Steve;Brine;Conservative;Winchester;uk.org.publicwhip/member/24901;remain;Steve Brine;M;2010;2024;28/01/1974
11929;Adam;Afriyie;Conservative;Windsor;uk.org.publicwhip/member/11929;;Adam Afriyie;M;2005;2024;04/08/1965
25349;Margaret;Greenwood;Labour;Wirral West;uk.org.publicwhip/member/25349;remain;Margaret Greenwood;F;2015;2024;14/03/1961
24897;Alison;McGovern;Labour;Wirral West;uk.org.publicwhip/member/24897;remain;Alison McGovern;F;2010;;30/12/1980
24778;Priti;Patel;Conservative;Witham;uk.org.publicwhip/member/24778;leave;Priti Patel;F;2010;;29/03/1972
10777;David;Cameron;Conservative;Witney;uk.org.publicwhip/member/10777;remain;David Cameron;M;2001;2016;09/10/1966
25593;Robert;Courts;Conservative;Witney;uk.org.publicwhip/member/25593;;Robert Courts;M;2016;2024;21/10/1978
;Robert Alexander;Courts;Conservative;Witney;uk.org.publicwhip/person/25593;;Robert Alexander Courts;M;2016;2024;21/10/1978
24884;Jonathan;Lord;Conservative;Woking;uk.org.publicwhip/member/24884;leave;Jonathan Lord;M;2010;2024;29/04/1963
10499;John;Redwood;Conservative;Wokingham;uk.org.publicwhip/member/10499;leave;John Redwood;M;1987;2024;15/06/1951
24868;Emma;Reynolds;Labour;Wolverhampton North East;uk.org.publicwhip/member/24868;remain;Emma Reynolds;F;2024;;02/11/1977
25807;Jane;Stevenson;Conservative;Wolverhampton North East;uk.org.publicwhip/member/25807;;Jane Stevenson;F;2019;2024;18/02/1971
11936;Pat;McFadden;Labour;Wolverhampton South East;uk.org.publicwhip/member/11936;remain;Pat McFadden;M;2005;;26/03/1965
11095;Rob;Marris;Labour;Wolverhampton West;uk.org.publicwhip/member/11095;remain;Rob Marris;M;2015;2017;08/07/1955
24886;Paul;Uppal;Conservative;Wolverhampton West;uk.org.publicwhip/member/24886;;Paul Uppal;M;2010;2015;14/06/1967
25631;Eleanor;Smith;Labour;Wolverhampton West;uk.org.publicwhip/member/25631;;Eleanor Smith;F;2017;2019;14/05/1957
25818;Stuart;Anderson;Conservative;Wolverhampton West;uk.org.publicwhip/member/25818;;Stuart Anderson;M;2019;;22/07/1976
24862;Robin;Walker;Conservative;Worcester;uk.org.publicwhip/member/24862;remain;Robin Walker;M;2010;2024;12/04/1978
11943;Barbara;Keeley;Labour;Worsley and Eccles;uk.org.publicwhip/member/11943;remain;Barbara Keeley;F;2005;2024;26/03/1952
10057;Peter;Bottomley;Conservative;Worthing West;uk.org.publicwhip/member/10057;remain;Peter Bottomley;M;1975;2024;30/07/1944
11057;Ian;Lucas;Labour;Wrexham;uk.org.publicwhip/member/11057;remain;Ian Lucas;M;2001;2019;18/09/1960
25810;Sarah;Atherton;Conservative;Wrexham;uk.org.publicwhip/member/25810;;Sarah Atherton;F;2019;2024;15/10/1967
24786;Steven;Baker;Conservative;Wycombe;uk.org.publicwhip/member/24786;;Steven Baker;M;2010;2024;06/06/1971
24824;Mark;Garnier;Conservative;Wyre Forest;uk.org.publicwhip/member/24824;remain;Mark Garnier;M;2010;;26/02/1963
11668;Ben;Wallace;Conservative;Wyre Forest;uk.org.publicwhip/member/11668;remain;Ben Wallace;M;2005;2024;15/05/1970
10232;Paul;Goggins;Labour;Wythenshawe and Sale East;uk.org.publicwhip/member/10232;;Paul Goggins;M;1997;2014;16/02/1953
25220;Mike;Kane;Labour;Wythenshawe and Sale East;uk.org.publicwhip/member/25220;remain;Mike Kane;M;2014;;09/01/1969
11036;David;Laws;Liberal Democrat;Yeovil;uk.org.publicwhip/member/11036;;David Laws;M;2001;2015;30/11/1965
25384;Marcus;Fysh;Conservative;Yeovil;uk.org.publicwhip/member/25384;leave;Marcus Fysh;M;2015;2024;08/11/1970
11148;Albert;Owen;Labour;Ynys Môn;uk.org.publicwhip/member/11148;remain;Albert Owen;M;2001;2019;10/08/1959
25843;Virginia;Crosbie;Conservative;Ynys Môn;uk.org.publicwhip/member/25843;;Virginia Crosbie;F;2019;2024;08/12/1966
10029;Hugh;Bayley;Labour;York Central;uk.org.publicwhip/member/10029;;Hugh Bayley;M;1992;2015;09/01/1952
25433;Rachael;Maskell;Labour/Co-operative;York Central;uk.org.publicwhip/member/25433;remain;Rachael Maskell;F;2015;;05/07/1972
24853;Julian;Sturdy;Conservative;York Outer;uk.org.publicwhip/member/24853;leave;Julian Sturdy;M;2010;2024;03/06/1971