2025-09-20 19:48:58,332 - __main__ - INFO - === Debates XML-Parser und Datenbank-Import ===
2025-09-20 19:48:58,332 - __main__ - INFO - Input-Verzeichnis: scraper/data/debates
2025-09-20 19:48:58,333 - __main__ - INFO - Datenbank-Pfad: database/data/debates_data.db
2025-09-20 19:48:58,333 - __main__ - INFO - Max-Dateien: alle
2025-09-20 19:48:58,333 - __main__ - INFO - Batch-Größe: 100
2025-09-20 19:48:58,333 - __main__ - INFO - Test-Modus: False
2025-09-20 19:48:58,333 - __main__ - INFO - Initialisiere Database Manager...
2025-09-20 19:48:58,340 - __main__ - INFO - Gefunden: 2945 XML-Dateien
2025-09-20 19:48:58,340 - __main__ - INFO - Starte XML-Parsing und Datenbank-Import...
2025-09-20 19:48:58,340 - database_manager - INFO - Starte Import aus scraper/data/debates
2025-09-20 19:48:58,343 - database_manager - INFO - Verarbeite 2945 XML-Dateien aus scraper/data/debates
2025-09-20 19:48:58,343 - database_manager - INFO - Verarbeite Datei 1/2945: debates2012-01-10a.xml
2025-09-20 19:48:58,343 - database_manager - INFO - Parse debates XML-Datei: debates2012-01-10a.xml
2025-09-20 19:48:58,344 - database_manager - INFO - Debates XML erfolgreich geparst: 0 Debatten, 0 Reden, 0 Wörter
2025-09-20 19:48:58,344 - database_manager - INFO - Verarbeite Datei 2/2945: debates2021-11-18c.xml
2025-09-20 19:48:58,344 - database_manager - INFO - Parse debates XML-Datei: debates2021-11-18c.xml
2025-09-20 19:48:58,344 - database_manager - INFO - Debates XML erfolgreich geparst: 0 Debatten, 0 Reden, 0 Wörter
2025-09-20 19:48:58,344 - database_manager - INFO - Verarbeite Datei 3/2945: debates2017-03-16a.xml
2025-09-20 19:48:58,344 - database_manager - INFO - Parse debates XML-Datei: debates2017-03-16a.xml
2025-09-20 19:48:58,355 - database_manager - INFO - Debates XML erfolgreich geparst: 24 Debatten, 0 Reden, 0 Wörter
2025-09-20 19:48:58,356 - database_manager - INFO - Verarbeite Datei 4/2945: debates2012-10-31b.xml
2025-09-20 19:48:58,356 - database_manager - INFO - Parse debates XML-Datei: debates2012-10-31b.xml
2025-09-20 19:48:58,356 - database_manager - INFO - Debates XML erfolgreich geparst: 0 Debatten, 0 Reden, 0 Wörter
2025-09-20 19:48:58,356 - database_manager - INFO - Verarbeite Datei 5/2945: debates2021-06-30b.xml
2025-09-20 19:48:58,356 - database_manager - INFO - Parse debates XML-Datei: debates2021-06-30b.xml
2025-09-20 19:48:58,370 - database_manager - INFO - Debates XML erfolgreich geparst: 17 Debatten, 0 Reden, 0 Wörter
2025-09-20 19:48:58,370 - database_manager - INFO - Verarbeite Datei 6/2945: debates2018-05-15a.xml
2025-09-20 19:48:58,370 - database_manager - INFO - Parse debates XML-Datei: debates2018-05-15a.xml
2025-09-20 19:48:58,372 - database_manager - INFO - Debates XML erfolgreich geparst: 0 Debatten, 0 Reden, 0 Wörter
2025-09-20 19:48:58,372 - database_manager - INFO - Verarbeite Datei 7/2945: debates2021-01-18c.xml
2025-09-20 19:48:58,372 - database_manager - INFO - Parse debates XML-Datei: debates2021-01-18c.xml
2025-09-20 19:48:58,373 - database_manager - INFO - Debates XML erfolgreich geparst: 0 Debatten, 0 Reden, 0 Wörter
2025-09-20 19:48:58,373 - database_manager - INFO - Verarbeite Datei 8/2945: debates2020-06-02d.xml
2025-09-20 19:48:58,373 - database_manager - INFO - Parse debates XML-Datei: debates2020-06-02d.xml
2025-09-20 19:48:58,399 - database_manager - INFO - Debates XML erfolgreich geparst: 1 Debatten, 0 Reden, 0 Wörter
2025-09-20 19:48:58,399 - database_manager - INFO - Verarbeite Datei 9/2945: debates2014-12-18a.xml
2025-09-20 19:48:58,400 - database_manager - INFO - Parse debates XML-Datei: debates2014-12-18a.xml
2025-09-20 19:48:58,414 - database_manager - INFO - Debates XML erfolgreich geparst: 16 Debatten, 0 Reden, 0 Wörter
2025-09-20 19:48:58,414 - database_manager - INFO - Verarbeite Datei 10/2945: debates2016-07-11a.xml
2025-09-20 19:48:58,414 - database_manager - INFO - Parse debates XML-Datei: debates2016-07-11a.xml
2025-09-20 19:48:58,415 - database_manager - INFO - Debates XML erfolgreich geparst: 0 Debatten, 0 Reden, 0 Wörter
2025-09-20 19:48:58,415 - database_manager - INFO - Verarbeite Datei 11/2945: debates2020-03-16a.xml
2025-09-20 19:48:58,415 - database_manager - INFO - Parse debates XML-Datei: debates2020-03-16a.xml
2025-09-20 19:48:58,431 - database_manager - INFO - Debates XML erfolgreich geparst: 22 Debatten, 0 Reden, 0 Wörter
2025-09-20 19:48:58,431 - database_manager - INFO - Verarbeite Datei 12/2945: debates2020-07-22c.xml
2025-09-20 19:48:58,431 - database_manager - INFO - Parse debates XML-Datei: debates2020-07-22c.xml
2025-09-20 19:48:58,445 - database_manager - INFO - Debates XML erfolgreich geparst: 13 Debatten, 0 Reden, 0 Wörter
2025-09-20 19:48:58,445 - database_manager - INFO - Verarbeite Datei 13/2945: debates2012-03-21b.xml
2025-09-20 19:48:58,445 - database_manager - INFO - Parse debates XML-Datei: debates2012-03-21b.xml
2025-09-20 19:48:58,461 - database_manager - INFO - Debates XML erfolgreich geparst: 17 Debatten, 0 Reden, 0 Wörter
2025-09-20 19:48:58,461 - database_manager - INFO - Verarbeite Datei 14/2945: debates2017-01-27b.xml
2025-09-20 19:48:58,461 - database_manager - INFO - Parse debates XML-Datei: debates2017-01-27b.xml
2025-09-20 19:48:58,468 - database_manager - INFO - Debates XML erfolgreich geparst: 7 Debatten, 0 Reden, 0 Wörter
2025-09-20 19:48:58,468 - database_manager - INFO - Verarbeite Datei 15/2945: debates2021-12-08c.xml
2025-09-20 19:48:58,468 - database_manager - INFO - Parse debates XML-Datei: debates2021-12-08c.xml
2025-09-20 19:48:58,488 - database_manager - INFO - Debates XML erfolgreich geparst: 21 Debatten, 0 Reden, 0 Wörter
2025-09-20 19:48:58,488 - database_manager - INFO - Verarbeite Datei 16/2945: debates2021-11-15d.xml
2025-09-20 19:48:58,488 - database_manager - INFO - Parse debates XML-Datei: debates2021-11-15d.xml
2025-09-20 19:48:58,502 - database_manager - INFO - Debates XML erfolgreich geparst: 15 Debatten, 0 Reden, 0 Wörter
2025-09-20 19:48:58,503 - database_manager - INFO - Verarbeite Datei 17/2945: debates2018-06-05a.xml
2025-09-20 19:48:58,503 - database_manager - INFO - Parse debates XML-Datei: debates2018-06-05a.xml
2025-09-20 19:48:58,504 - database_manager - INFO - Debates XML erfolgreich geparst: 0 Debatten, 0 Reden, 0 Wörter
2025-09-20 19:48:58,504 - database_manager - INFO - Verarbeite Datei 18/2945: debates2018-07-24b.xml
2025-09-20 19:48:58,504 - database_manager - INFO - Parse debates XML-Datei: debates2018-07-24b.xml
2025-09-20 19:48:58,519 - database_manager - INFO - Debates XML erfolgreich geparst: 22 Debatten, 0 Reden, 0 Wörter
2025-09-20 19:48:58,519 - database_manager - INFO - Verarbeite Datei 19/2945: debates2017-11-27b.xml
2025-09-20 19:48:58,519 - database_manager - INFO - Parse debates XML-Datei: debates2017-11-27b.xml
2025-09-20 19:48:58,548 - database_manager - INFO - Debates XML erfolgreich geparst: 16 Debatten, 0 Reden, 0 Wörter
2025-09-20 19:48:58,548 - database_manager - INFO - Verarbeite Datei 20/2945: debates2020-05-12d.xml
2025-09-20 19:48:58,548 - database_manager - INFO - Parse debates XML-Datei: debates2020-05-12d.xml
2025-09-20 19:48:58,560 - database_manager - INFO - Debates XML erfolgreich geparst: 22 Debatten, 0 Reden, 0 Wörter
2025-09-20 19:48:58,561 - database_manager - INFO - Verarbeite Datei 21/2945: debates2016-02-08c.xml
2025-09-20 19:48:58,561 - database_manager - INFO - Parse debates XML-Datei: debates2016-02-08c.xml
2025-09-20 19:48:58,576 - database_manager - INFO - Debates XML erfolgreich geparst: 15 Debatten, 0 Reden, 0 Wörter
2025-09-20 19:48:58,576 - database_manager - INFO - Verarbeite Datei 22/2945: debates2020-10-06a.xml
2025-09-20 19:48:58,576 - database_manager - INFO - Parse debates XML-Datei: debates2020-10-06a.xml
2025-09-20 19:48:58,577 - database_manager - INFO - Debates XML erfolgreich geparst: 0 Debatten, 0 Reden, 0 Wörter
2025-09-20 19:48:58,577 - database_manager - INFO - Verarbeite Datei 23/2945: debates2020-01-27b.xml
2025-09-20 19:48:58,577 - database_manager - INFO - Parse debates XML-Datei: debates2020-01-27b.xml
2025-09-20 19:48:58,578 - database_manager - INFO - Debates XML erfolgreich geparst: 0 Debatten, 0 Reden, 0 Wörter
2025-09-20 19:48:58,578 - database_manager - INFO - Verarbeite Datei 24/2945: debates2014-07-01c.xml
2025-09-20 19:48:58,578 - database_manager - INFO - Parse debates XML-Datei: debates2014-07-01c.xml
2025-09-20 19:48:58,595 - database_manager - INFO - Debates XML erfolgreich geparst: 26 Debatten, 0 Reden, 0 Wörter
2025-09-20 19:48:58,596 - database_manager - INFO - Verarbeite Datei 25/2945: debates2014-01-08a.xml
2025-09-20 19:48:58,596 - database_manager - INFO - Parse debates XML-Datei: debates2014-01-08a.xml
2025-09-20 19:48:58,597 - database_manager - INFO - Debates XML erfolgreich geparst: 0 Debatten, 0 Reden, 0 Wörter
2025-09-20 19:48:58,597 - database_manager - INFO - Verarbeite Datei 26/2945: debates2021-10-19b.xml
2025-09-20 19:48:58,597 - database_manager - INFO - Parse debates XML-Datei: debates2021-10-19b.xml
2025-09-20 19:48:58,598 - database_manager - INFO - Debates XML erfolgreich geparst: 0 Debatten, 0 Reden, 0 Wörter
2025-09-20 19:48:58,598 - database_manager - INFO - Verarbeite Datei 27/2945: debates2012-04-25b.xml
2025-09-20 19:48:58,598 - database_manager - INFO - Parse debates XML-Datei: debates2012-04-25b.xml
2025-09-20 19:48:58,614 - database_manager - INFO - Debates XML erfolgreich geparst: 33 Debatten, 0 Reden, 0 Wörter
2025-09-20 19:48:58,614 - database_manager - INFO - Verarbeite Datei 28/2945: debates2012-06-18b.xml
2025-09-20 19:48:58,614 - database_manager - INFO - Parse debates XML-Datei: debates2012-06-18b.xml
2025-09-20 19:48:58,629 - database_manager - INFO - Debates XML erfolgreich geparst: 25 Debatten, 0 Reden, 0 Wörter
2025-09-20 19:48:58,630 - database_manager - INFO - Verarbeite Datei 29/2945: debates2018-11-01a.xml
2025-09-20 19:48:58,630 - database_manager - INFO - Parse debates XML-Datei: debates2018-11-01a.xml
2025-09-20 19:48:58,649 - database_manager - INFO - Debates XML erfolgreich geparst: 35 Debatten, 0 Reden, 0 Wörter
2025-09-20 19:48:58,649 - database_manager - INFO - Verarbeite Datei 30/2945: debates2018-06-28d.xml
2025-09-20 19:48:58,650 - database_manager - INFO - Parse debates XML-Datei: debates2018-06-28d.xml
2025-09-20 19:48:58,680 - database_manager - INFO - Debates XML erfolgreich geparst: 19 Debatten, 0 Reden, 0 Wörter
2025-09-20 19:48:58,681 - database_manager - INFO - Verarbeite Datei 31/2945: debates2017-07-03e.xml
2025-09-20 19:48:58,681 - database_manager - INFO - Parse debates XML-Datei: debates2017-07-03e.xml
2025-09-20 19:48:58,695 - database_manager - INFO - Debates XML erfolgreich geparst: 15 Debatten, 0 Reden, 0 Wörter
2025-09-20 19:48:58,695 - database_manager - INFO - Verarbeite Datei 32/2945: debates2019-09-25a.xml
2025-09-20 19:48:58,695 - database_manager - INFO - Parse debates XML-Datei: debates2019-09-25a.xml
2025-09-20 19:48:58,697 - database_manager - INFO - Debates XML erfolgreich geparst: 0 Debatten, 0 Reden, 0 Wörter
2025-09-20 19:48:58,697 - database_manager - INFO - Verarbeite Datei 33/2945: debates2020-07-02a.xml
2025-09-20 19:48:58,697 - database_manager - INFO - Parse debates XML-Datei: debates2020-07-02a.xml
2025-09-20 19:48:58,697 - database_manager - INFO - Debates XML erfolgreich geparst: 10 Debatten, 0 Reden, 0 Wörter
2025-09-20 19:48:58,697 - database_manager - INFO - Verarbeite Datei 34/2945: debates2020-06-23b.xml
2025-09-20 19:48:58,697 - database_manager - INFO - Parse debates XML-Datei: debates2020-06-23b.xml
2025-09-20 19:48:58,712 - database_manager - INFO - Debates XML erfolgreich geparst: 33 Debatten, 0 Reden, 0 Wörter
2025-09-20 19:48:58,713 - database_manager - INFO - Verarbeite Datei 35/2945: debates2013-10-22b.xml
2025-09-20 19:48:58,713 - database_manager - INFO - Parse debates XML-Datei: debates2013-10-22b.xml
2025-09-20 19:48:58,730 - database_manager - INFO - Debates XML erfolgreich geparst: 27 Debatten, 0 Reden, 0 Wörter
2025-09-20 19:48:58,730 - database_manager - INFO - Verarbeite Datei 36/2945: debates2016-10-19b.xml
2025-09-20 19:48:58,730 - database_manager - INFO - Parse debates XML-Datei: debates2016-10-19b.xml
2025-09-20 19:48:58,731 - database_manager - INFO - Debates XML erfolgreich geparst: 0 Debatten, 0 Reden, 0 Wörter
2025-09-20 19:48:58,731 - database_manager - INFO - Verarbeite Datei 37/2945: debates2012-06-14a.xml
2025-09-20 19:48:58,731 - database_manager - INFO - Parse debates XML-Datei: debates2012-06-14a.xml
2025-09-20 19:48:58,747 - database_manager - INFO - Debates XML erfolgreich geparst: 20 Debatten, 0 Reden, 0 Wörter
2025-09-20 19:48:58,747 - database_manager - INFO - Verarbeite Datei 38/2945: debates2018-07-05d.xml
2025-09-20 19:48:58,747 - database_manager - INFO - Parse debates XML-Datei: debates2018-07-05d.xml
2025-09-20 19:48:58,760 - database_manager - INFO - Debates XML erfolgreich geparst: 20 Debatten, 0 Reden, 0 Wörter
2025-09-20 19:48:58,761 - database_manager - INFO - Verarbeite Datei 39/2945: debates2015-12-07b.xml
2025-09-20 19:48:58,761 - database_manager - INFO - Parse debates XML-Datei: debates2015-12-07b.xml
2025-09-20 19:48:58,778 - database_manager - INFO - Debates XML erfolgreich geparst: 42 Debatten, 0 Reden, 0 Wörter
2025-09-20 19:48:58,779 - database_manager - INFO - Verarbeite Datei 40/2945: debates2018-12-11a.xml
2025-09-20 19:48:58,779 - database_manager - INFO - Parse debates XML-Datei: debates2018-12-11a.xml
2025-09-20 19:48:58,794 - database_manager - INFO - Debates XML erfolgreich geparst: 19 Debatten, 0 Reden, 0 Wörter
2025-09-20 19:48:58,794 - database_manager - INFO - Verarbeite Datei 41/2945: debates2018-04-18c.xml
2025-09-20 19:48:58,794 - database_manager - INFO - Parse debates XML-Datei: debates2018-04-18c.xml
2025-09-20 19:48:58,828 - database_manager - INFO - Debates XML erfolgreich geparst: 12 Debatten, 0 Reden, 0 Wörter
2025-09-20 19:48:58,828 - database_manager - INFO - Verarbeite Datei 42/2945: debates2018-06-25c.xml
2025-09-20 19:48:58,828 - database_manager - INFO - Parse debates XML-Datei: debates2018-06-25c.xml
2025-09-20 19:48:58,829 - database_manager - INFO - Debates XML erfolgreich geparst: 0 Debatten, 0 Reden, 0 Wörter
2025-09-20 19:48:58,829 - database_manager - INFO - Verarbeite Datei 43/2945: debates2021-03-09b.xml
2025-09-20 19:48:58,829 - database_manager - INFO - Parse debates XML-Datei: debates2021-03-09b.xml
2025-09-20 19:48:58,831 - database_manager - INFO - Debates XML erfolgreich geparst: 0 Debatten, 0 Reden, 0 Wörter
2025-09-20 19:48:58,831 - database_manager - INFO - Verarbeite Datei 44/2945: debates2015-03-26a.xml
2025-09-20 19:48:58,831 - database_manager - INFO - Parse debates XML-Datei: debates2015-03-26a.xml
2025-09-20 19:48:58,832 - database_manager - INFO - Debates XML erfolgreich geparst: 0 Debatten, 0 Reden, 0 Wörter
2025-09-20 19:48:58,832 - database_manager - INFO - Verarbeite Datei 45/2945: debates2013-02-13a.xml
2025-09-20 19:48:58,832 - database_manager - INFO - Parse debates XML-Datei: debates2013-02-13a.xml
2025-09-20 19:48:58,833 - database_manager - INFO - Debates XML erfolgreich geparst: 0 Debatten, 0 Reden, 0 Wörter
2025-09-20 19:48:58,833 - database_manager - INFO - Verarbeite Datei 46/2945: debates2014-07-21a.xml
2025-09-20 19:48:58,833 - database_manager - INFO - Parse debates XML-Datei: debates2014-07-21a.xml
2025-09-20 19:48:58,834 - database_manager - INFO - Debates XML erfolgreich geparst: 0 Debatten, 0 Reden, 0 Wörter
2025-09-20 19:48:58,834 - database_manager - INFO - Verarbeite Datei 47/2945: debates2018-01-17a.xml
2025-09-20 19:48:58,834 - database_manager - INFO - Parse debates XML-Datei: debates2018-01-17a.xml
2025-09-20 19:48:58,852 - database_manager - INFO - Debates XML erfolgreich geparst: 21 Debatten, 0 Reden, 0 Wörter
2025-09-20 19:48:58,853 - database_manager - INFO - Verarbeite Datei 48/2945: debates2018-05-23c.xml
2025-09-20 19:48:58,853 - database_manager - INFO - Parse debates XML-Datei: debates2018-05-23c.xml
2025-09-20 19:48:58,869 - database_manager - INFO - Debates XML erfolgreich geparst: 21 Debatten, 0 Reden, 0 Wörter
2025-09-20 19:48:58,869 - database_manager - INFO - Verarbeite Datei 49/2945: debates2015-10-20a.xml
2025-09-20 19:48:58,869 - database_manager - INFO - Parse debates XML-Datei: debates2015-10-20a.xml
2025-09-20 19:48:58,871 - database_manager - INFO - Debates XML erfolgreich geparst: 0 Debatten, 0 Reden, 0 Wörter
2025-09-20 19:48:58,871 - database_manager - INFO - Verarbeite Datei 50/2945: debates2014-05-06b.xml
2025-09-20 19:48:58,871 - database_manager - INFO - Parse debates XML-Datei: debates2014-05-06b.xml
2025-09-20 19:48:58,886 - database_manager - INFO - Debates XML erfolgreich geparst: 34 Debatten, 0 Reden, 0 Wörter
2025-09-20 19:48:58,886 - database_manager - INFO - Verarbeite Datei 51/2945: debates2013-12-09b.xml
2025-09-20 19:48:58,886 - database_manager - INFO - Parse debates XML-Datei: debates2013-12-09b.xml
2025-09-20 19:48:58,889 - database_manager - INFO - Debates XML erfolgreich geparst: 0 Debatten, 0 Reden, 0 Wörter
2025-09-20 19:48:58,889 - database_manager - INFO - Verarbeite Datei 52/2945: debates2020-07-14a.xml
2025-09-20 19:48:58,889 - database_manager - INFO - Parse debates XML-Datei: debates2020-07-14a.xml
2025-09-20 19:48:58,890 - database_manager - INFO - Debates XML erfolgreich geparst: 0 Debatten, 0 Reden, 0 Wörter
2025-09-20 19:48:58,890 - database_manager - INFO - Verarbeite Datei 53/2945: debates2013-01-15a.xml
2025-09-20 19:48:58,890 - database_manager - INFO - Parse debates XML-Datei: debates2013-01-15a.xml
2025-09-20 19:48:58,891 - database_manager - INFO - Debates XML erfolgreich geparst: 0 Debatten, 0 Reden, 0 Wörter
2025-09-20 19:48:58,891 - database_manager - INFO - Verarbeite Datei 54/2945: debates2015-02-11b.xml
2025-09-20 19:48:58,891 - database_manager - INFO - Parse debates XML-Datei: debates2015-02-11b.xml
2025-09-20 19:48:58,892 - database_manager - INFO - Debates XML erfolgreich geparst: 0 Debatten, 0 Reden, 0 Wörter
2025-09-20 19:48:58,892 - database_manager - INFO - Verarbeite Datei 55/2945: debates2017-09-06b.xml
2025-09-20 19:48:58,892 - database_manager - INFO - Parse debates XML-Datei: debates2017-09-06b.xml
2025-09-20 19:48:58,893 - database_manager - INFO - Debates XML erfolgreich geparst: 0 Debatten, 0 Reden, 0 Wörter
2025-09-20 19:48:58,893 - database_manager - INFO - Verarbeite Datei 56/2945: debates2018-02-07a.xml
2025-09-20 19:48:58,893 - database_manager - INFO - Parse debates XML-Datei: debates2018-02-07a.xml
2025-09-20 19:48:58,909 - database_manager - INFO - Debates XML erfolgreich geparst: 10 Debatten, 0 Reden, 0 Wörter
2025-09-20 19:48:58,909 - database_manager - INFO - Verarbeite Datei 57/2945: debates2017-07-18b.xml
2025-09-20 19:48:58,909 - database_manager - INFO - Parse debates XML-Datei: debates2017-07-18b.xml
2025-09-20 19:48:58,923 - database_manager - INFO - Debates XML erfolgreich geparst: 22 Debatten, 0 Reden, 0 Wörter
2025-09-20 19:48:58,924 - database_manager - INFO - Verarbeite Datei 58/2945: debates2021-11-22b.xml
2025-09-20 19:48:58,924 - database_manager - INFO - Parse debates XML-Datei: debates2021-11-22b.xml
2025-09-20 19:48:58,968 - database_manager - INFO - Debates XML erfolgreich geparst: 33 Debatten, 0 Reden, 0 Wörter
2025-09-20 19:48:58,969 - database_manager - INFO - Verarbeite Datei 59/2945: debates2016-11-22b.xml
2025-09-20 19:48:58,969 - database_manager - INFO - Parse debates XML-Datei: debates2016-11-22b.xml
2025-09-20 19:48:58,984 - database_manager - INFO - Debates XML erfolgreich geparst: 16 Debatten, 0 Reden, 0 Wörter
2025-09-20 19:48:58,984 - database_manager - INFO - Verarbeite Datei 60/2945: debates2020-11-10d.xml
2025-09-20 19:48:58,984 - database_manager - INFO - Parse debates XML-Datei: debates2020-11-10d.xml
2025-09-20 19:48:59,002 - database_manager - INFO - Debates XML erfolgreich geparst: 22 Debatten, 0 Reden, 0 Wörter
2025-09-20 19:48:59,002 - database_manager - INFO - Verarbeite Datei 61/2945: debates2013-12-05a.xml
2025-09-20 19:48:59,002 - database_manager - INFO - Parse debates XML-Datei: debates2013-12-05a.xml
2025-09-20 19:48:59,017 - database_manager - INFO - Debates XML erfolgreich geparst: 18 Debatten, 0 Reden, 0 Wörter
2025-09-20 19:48:59,017 - database_manager - INFO - Verarbeite Datei 62/2945: debates2013-11-19b.xml
2025-09-20 19:48:59,017 - database_manager - INFO - Parse debates XML-Datei: debates2013-11-19b.xml
2025-09-20 19:48:59,018 - database_manager - INFO - Debates XML erfolgreich geparst: 0 Debatten, 0 Reden, 0 Wörter
2025-09-20 19:48:59,018 - database_manager - INFO - Verarbeite Datei 63/2945: debates2016-01-22b.xml
2025-09-20 19:48:59,019 - database_manager - INFO - Parse debates XML-Datei: debates2016-01-22b.xml
2025-09-20 19:48:59,028 - database_manager - INFO - Debates XML erfolgreich geparst: 3 Debatten, 0 Reden, 0 Wörter
2025-09-20 19:48:59,028 - database_manager - INFO - Verarbeite Datei 64/2945: debates2013-02-05a.xml
2025-09-20 19:48:59,028 - database_manager - INFO - Parse debates XML-Datei: debates2013-02-05a.xml
2025-09-20 19:48:59,029 - database_manager - INFO - Debates XML erfolgreich geparst: 0 Debatten, 0 Reden, 0 Wörter
2025-09-20 19:48:59,030 - database_manager - INFO - Verarbeite Datei 65/2945: debates2018-05-03a.xml
2025-09-20 19:48:59,030 - database_manager - INFO - Parse debates XML-Datei: debates2018-05-03a.xml
2025-09-20 19:48:59,038 - database_manager - INFO - Debates XML erfolgreich geparst: 11 Debatten, 0 Reden, 0 Wörter
2025-09-20 19:48:59,038 - database_manager - INFO - Verarbeite Datei 66/2945: debates2015-06-09a.xml
2025-09-20 19:48:59,038 - database_manager - INFO - Parse debates XML-Datei: debates2015-06-09a.xml
2025-09-20 19:48:59,040 - database_manager - INFO - Debates XML erfolgreich geparst: 0 Debatten, 0 Reden, 0 Wörter
2025-09-20 19:48:59,040 - database_manager - INFO - Verarbeite Datei 67/2945: debates2021-12-13d.xml
2025-09-20 19:48:59,040 - database_manager - INFO - Parse debates XML-Datei: debates2021-12-13d.xml
2025-09-20 19:48:59,040 - database_manager - INFO - Debates XML erfolgreich geparst: 0 Debatten, 0 Reden, 0 Wörter
2025-09-20 19:48:59,040 - database_manager - INFO - Verarbeite Datei 68/2945: debates2021-07-07a.xml
2025-09-20 19:48:59,040 - database_manager - INFO - Parse debates XML-Datei: debates2021-07-07a.xml
2025-09-20 19:48:59,041 - database_manager - INFO - Debates XML erfolgreich geparst: 0 Debatten, 0 Reden, 0 Wörter
2025-09-20 19:48:59,041 - database_manager - INFO - Verarbeite Datei 69/2945: debates2012-11-06a.xml
2025-09-20 19:48:59,041 - database_manager - INFO - Parse debates XML-Datei: debates2012-11-06a.xml
2025-09-20 19:48:59,043 - database_manager - INFO - Debates XML erfolgreich geparst: 0 Debatten, 0 Reden, 0 Wörter
2025-09-20 19:48:59,043 - database_manager - INFO - Verarbeite Datei 70/2945: debates2017-02-21b.xml
2025-09-20 19:48:59,043 - database_manager - INFO - Parse debates XML-Datei: debates2017-02-21b.xml
2025-09-20 19:48:59,059 - database_manager - INFO - Debates XML erfolgreich geparst: 41 Debatten, 0 Reden, 0 Wörter
2025-09-20 19:48:59,060 - database_manager - INFO - Verarbeite Datei 71/2945: debates2019-02-18b.xml
2025-09-20 19:48:59,060 - database_manager - INFO - Parse debates XML-Datei: debates2019-02-18b.xml
2025-09-20 19:48:59,061 - database_manager - INFO - Debates XML erfolgreich geparst: 0 Debatten, 0 Reden, 0 Wörter
2025-09-20 19:48:59,061 - database_manager - INFO - Verarbeite Datei 72/2945: debates2019-11-04a.xml
2025-09-20 19:48:59,061 - database_manager - INFO - Parse debates XML-Datei: debates2019-11-04a.xml
2025-09-20 19:48:59,061 - database_manager - INFO - Debates XML erfolgreich geparst: 0 Debatten, 0 Reden, 0 Wörter
2025-09-20 19:48:59,061 - database_manager - INFO - Verarbeite Datei 73/2945: debates2016-07-07a.xml
2025-09-20 19:48:59,061 - database_manager - INFO - Parse debates XML-Datei: debates2016-07-07a.xml
2025-09-20 19:48:59,062 - database_manager - INFO - Debates XML erfolgreich geparst: 0 Debatten, 0 Reden, 0 Wörter
2025-09-20 19:48:59,062 - database_manager - INFO - Verarbeite Datei 74/2945: debates2015-05-19a.xml
2025-09-20 19:48:59,062 - database_manager - INFO - Parse debates XML-Datei: debates2015-05-19a.xml
2025-09-20 19:48:59,063 - database_manager - INFO - Debates XML erfolgreich geparst: 0 Debatten, 0 Reden, 0 Wörter
2025-09-20 19:48:59,063 - database_manager - INFO - Verarbeite Datei 75/2945: debates2017-10-10a.xml
2025-09-20 19:48:59,063 - database_manager - INFO - Parse debates XML-Datei: debates2017-10-10a.xml
2025-09-20 19:48:59,089 - database_manager - INFO - Debates XML erfolgreich geparst: 0 Debatten, 0 Reden, 0 Wörter
2025-09-20 19:48:59,089 - database_manager - INFO - Verarbeite Datei 76/2945: debates2018-06-13a.xml
2025-09-20 19:48:59,089 - database_manager - INFO - Parse debates XML-Datei: debates2018-06-13a.xml
2025-09-20 19:48:59,090 - database_manager - INFO - Debates XML erfolgreich geparst: 0 Debatten, 0 Reden, 0 Wörter
2025-09-20 19:48:59,090 - database_manager - INFO - Verarbeite Datei 77/2945: debates2018-02-27c.xml
2025-09-20 19:48:59,090 - database_manager - INFO - Parse debates XML-Datei: debates2018-02-27c.xml
2025-09-20 19:48:59,105 - database_manager - INFO - Debates XML erfolgreich geparst: 29 Debatten, 0 Reden, 0 Wörter
2025-09-20 19:48:59,106 - database_manager - INFO - Verarbeite Datei 78/2945: debates2017-01-31b.xml
2025-09-20 19:48:59,106 - database_manager - INFO - Parse debates XML-Datei: debates2017-01-31b.xml
2025-09-20 19:48:59,107 - database_manager - INFO - Debates XML erfolgreich geparst: 0 Debatten, 0 Reden, 0 Wörter
2025-09-20 19:48:59,107 - database_manager - INFO - Verarbeite Datei 79/2945: debates2017-04-24c.xml
2025-09-20 19:48:59,107 - database_manager - INFO - Parse debates XML-Datei: debates2017-04-24c.xml
2025-09-20 19:48:59,118 - database_manager - INFO - Debates XML erfolgreich geparst: 25 Debatten, 0 Reden, 0 Wörter
2025-09-20 19:48:59,118 - database_manager - INFO - Verarbeite Datei 80/2945: debates2021-09-15b.xml
2025-09-20 19:48:59,118 - database_manager - INFO - Parse debates XML-Datei: debates2021-09-15b.xml
2025-09-20 19:48:59,120 - database_manager - INFO - Debates XML erfolgreich geparst: 0 Debatten, 0 Reden, 0 Wörter
2025-09-20 19:48:59,120 - database_manager - INFO - Verarbeite Datei 81/2945: debates2019-02-14a.xml
2025-09-20 19:48:59,120 - database_manager - INFO - Parse debates XML-Datei: debates2019-02-14a.xml
2025-09-20 19:48:59,121 - database_manager - INFO - Debates XML erfolgreich geparst: 0 Debatten, 0 Reden, 0 Wörter
2025-09-20 19:48:59,122 - database_manager - INFO - Verarbeite Datei 82/2945: debates2019-01-08b.xml
2025-09-20 19:48:59,122 - database_manager - INFO - Parse debates XML-Datei: debates2019-01-08b.xml
2025-09-20 19:48:59,143 - database_manager - INFO - Debates XML erfolgreich geparst: 44 Debatten, 0 Reden, 0 Wörter
2025-09-20 19:48:59,143 - database_manager - INFO - Verarbeite Datei 83/2945: debates2016-09-15b.xml
2025-09-20 19:48:59,143 - database_manager - INFO - Parse debates XML-Datei: debates2016-09-15b.xml
2025-09-20 19:48:59,144 - database_manager - INFO - Debates XML erfolgreich geparst: 0 Debatten, 0 Reden, 0 Wörter
2025-09-20 19:48:59,144 - database_manager - INFO - Verarbeite Datei 84/2945: debates2014-12-02b.xml
2025-09-20 19:48:59,144 - database_manager - INFO - Parse debates XML-Datei: debates2014-12-02b.xml
2025-09-20 19:48:59,160 - database_manager - INFO - Debates XML erfolgreich geparst: 18 Debatten, 0 Reden, 0 Wörter
2025-09-20 19:48:59,160 - database_manager - INFO - Verarbeite Datei 85/2945: debates2019-10-29a.xml
2025-09-20 19:48:59,160 - database_manager - INFO - Parse debates XML-Datei: debates2019-10-29a.xml
2025-09-20 19:48:59,161 - database_manager - INFO - Debates XML erfolgreich geparst: 0 Debatten, 0 Reden, 0 Wörter
2025-09-20 19:48:59,161 - database_manager - INFO - Verarbeite Datei 86/2945: debates2013-06-11a.xml
2025-09-20 19:48:59,161 - database_manager - INFO - Parse debates XML-Datei: debates2013-06-11a.xml
2025-09-20 19:48:59,163 - database_manager - INFO - Debates XML erfolgreich geparst: 6 Debatten, 0 Reden, 0 Wörter
2025-09-20 19:48:59,163 - database_manager - INFO - Verarbeite Datei 87/2945: debates2013-03-04a.xml
2025-09-20 19:48:59,163 - database_manager - INFO - Parse debates XML-Datei: debates2013-03-04a.xml
2025-09-20 19:48:59,164 - database_manager - INFO - Debates XML erfolgreich geparst: 0 Debatten, 0 Reden, 0 Wörter
2025-09-20 19:48:59,164 - database_manager - INFO - Verarbeite Datei 88/2945: debates2013-02-25b.xml
2025-09-20 19:48:59,164 - database_manager - INFO - Parse debates XML-Datei: debates2013-02-25b.xml
2025-09-20 19:48:59,180 - database_manager - INFO - Debates XML erfolgreich geparst: 23 Debatten, 0 Reden, 0 Wörter
2025-09-20 19:48:59,180 - database_manager - INFO - Verarbeite Datei 89/2945: debates2014-09-09b.xml
2025-09-20 19:48:59,180 - database_manager - INFO - Parse debates XML-Datei: debates2014-09-09b.xml
2025-09-20 19:48:59,196 - database_manager - INFO - Debates XML erfolgreich geparst: 32 Debatten, 0 Reden, 0 Wörter
2025-09-20 19:48:59,196 - database_manager - INFO - Verarbeite Datei 90/2945: debates2016-09-15c.xml
2025-09-20 19:48:59,196 - database_manager - INFO - Parse debates XML-Datei: debates2016-09-15c.xml
2025-09-20 19:48:59,211 - database_manager - INFO - Debates XML erfolgreich geparst: 17 Debatten, 0 Reden, 0 Wörter
2025-09-20 19:48:59,211 - database_manager - INFO - Verarbeite Datei 91/2945: debates2020-05-05a.xml
2025-09-20 19:48:59,211 - database_manager - INFO - Parse debates XML-Datei: debates2020-05-05a.xml
2025-09-20 19:48:59,212 - database_manager - INFO - Debates XML erfolgreich geparst: 0 Debatten, 0 Reden, 0 Wörter
2025-09-20 19:48:59,212 - database_manager - INFO - Verarbeite Datei 92/2945: debates2019-07-01a.xml
2025-09-20 19:48:59,212 - database_manager - INFO - Parse debates XML-Datei: debates2019-07-01a.xml
2025-09-20 19:48:59,241 - database_manager - INFO - Debates XML erfolgreich geparst: 0 Debatten, 0 Reden, 0 Wörter
2025-09-20 19:48:59,241 - database_manager - INFO - Verarbeite Datei 93/2945: debates2016-11-02a.xml
2025-09-20 19:48:59,241 - database_manager - INFO - Parse debates XML-Datei: debates2016-11-02a.xml
2025-09-20 19:48:59,243 - database_manager - INFO - Debates XML erfolgreich geparst: 0 Debatten, 0 Reden, 0 Wörter
2025-09-20 19:48:59,243 - database_manager - INFO - Verarbeite Datei 94/2945: debates2017-01-31c.xml
2025-09-20 19:48:59,243 - database_manager - INFO - Parse debates XML-Datei: debates2017-01-31c.xml
2025-09-20 19:48:59,264 - database_manager - INFO - Debates XML erfolgreich geparst: 16 Debatten, 0 Reden, 0 Wörter
2025-09-20 19:48:59,264 - database_manager - INFO - Verarbeite Datei 95/2945: debates2021-11-02a.xml
2025-09-20 19:48:59,264 - database_manager - INFO - Parse debates XML-Datei: debates2021-11-02a.xml
2025-09-20 19:48:59,265 - database_manager - INFO - Debates XML erfolgreich geparst: 0 Debatten, 0 Reden, 0 Wörter
2025-09-20 19:48:59,266 - database_manager - INFO - Verarbeite Datei 96/2945: debates2012-07-03a.xml
2025-09-20 19:48:59,266 - database_manager - INFO - Parse debates XML-Datei: debates2012-07-03a.xml
2025-09-20 19:48:59,267 - database_manager - INFO - Debates XML erfolgreich geparst: 0 Debatten, 0 Reden, 0 Wörter
2025-09-20 19:48:59,267 - database_manager - INFO - Verarbeite Datei 97/2945: debates2017-10-11d.xml
2025-09-20 19:48:59,267 - database_manager - INFO - Parse debates XML-Datei: debates2017-10-11d.xml
2025-09-20 19:48:59,279 - database_manager - INFO - Debates XML erfolgreich geparst: 20 Debatten, 0 Reden, 0 Wörter
2025-09-20 19:48:59,280 - database_manager - INFO - Verarbeite Datei 98/2945: debates2021-09-15c.xml
2025-09-20 19:48:59,280 - database_manager - INFO - Parse debates XML-Datei: debates2021-09-15c.xml
2025-09-20 19:48:59,295 - database_manager - INFO - Debates XML erfolgreich geparst: 9 Debatten, 0 Reden, 0 Wörter
2025-09-20 19:48:59,295 - database_manager - INFO - Verarbeite Datei 99/2945: debates2017-04-24b.xml
2025-09-20 19:48:59,295 - database_manager - INFO - Parse debates XML-Datei: debates2017-04-24b.xml
2025-09-20 19:48:59,296 - database_manager - INFO - Debates XML erfolgreich geparst: 0 Debatten, 0 Reden, 0 Wörter
2025-09-20 19:48:59,296 - database_manager - INFO - Verarbeite Datei 100/2945: debates2018-03-06a.xml
2025-09-20 19:48:59,296 - database_manager - INFO - Parse debates XML-Datei: debates2018-03-06a.xml
2025-09-20 19:48:59,297 - database_manager - INFO - Debates XML erfolgreich geparst: 0 Debatten, 0 Reden, 0 Wörter
2025-09-20 19:48:59,297 - database_manager - INFO - Verarbeite Datei 101/2945: debates2018-02-27b.xml
2025-09-20 19:48:59,297 - database_manager - INFO - Parse debates XML-Datei: debates2018-02-27b.xml
2025-09-20 19:48:59,298 - database_manager - INFO - Debates XML erfolgreich geparst: 0 Debatten, 0 Reden, 0 Wörter
2025-09-20 19:48:59,298 - database_manager - INFO - Verarbeite Datei 102/2945: debates2014-09-05a.xml
2025-09-20 19:48:59,298 - database_manager - INFO - Parse debates XML-Datei: debates2014-09-05a.xml
2025-09-20 19:48:59,299 - database_manager - INFO - Debates XML erfolgreich geparst: 0 Debatten, 0 Reden, 0 Wörter
2025-09-20 19:48:59,299 - database_manager - INFO - Verarbeite Datei 103/2945: debates2013-10-14a.xml
2025-09-20 19:48:59,299 - database_manager - INFO - Parse debates XML-Datei: debates2013-10-14a.xml
2025-09-20 19:48:59,300 - database_manager - INFO - Debates XML erfolgreich geparst: 0 Debatten, 0 Reden, 0 Wörter
2025-09-20 19:48:59,300 - database_manager - INFO - Verarbeite Datei 104/2945: debates2019-02-18c.xml
2025-09-20 19:48:59,300 - database_manager - INFO - Parse debates XML-Datei: debates2019-02-18c.xml
2025-09-20 19:48:59,314 - database_manager - INFO - Debates XML erfolgreich geparst: 18 Debatten, 0 Reden, 0 Wörter
2025-09-20 19:48:59,315 - database_manager - INFO - Verarbeite Datei 105/2945: debates2020-06-15a.xml
2025-09-20 19:48:59,315 - database_manager - INFO - Parse debates XML-Datei: debates2020-06-15a.xml
2025-09-20 19:48:59,327 - database_manager - INFO - Debates XML erfolgreich geparst: 18 Debatten, 0 Reden, 0 Wörter
2025-09-20 19:48:59,327 - database_manager - INFO - Verarbeite Datei 106/2945: debates2020-04-28a.xml
2025-09-20 19:48:59,327 - database_manager - INFO - Parse debates XML-Datei: debates2020-04-28a.xml
2025-09-20 19:48:59,328 - database_manager - INFO - Debates XML erfolgreich geparst: 0 Debatten, 0 Reden, 0 Wörter
2025-09-20 19:48:59,328 - database_manager - INFO - Verarbeite Datei 107/2945: debates2016-12-12a.xml
2025-09-20 19:48:59,328 - database_manager - INFO - Parse debates XML-Datei: debates2016-12-12a.xml
2025-09-20 19:48:59,329 - database_manager - INFO - Debates XML erfolgreich geparst: 0 Debatten, 0 Reden, 0 Wörter
2025-09-20 19:48:59,329 - database_manager - INFO - Verarbeite Datei 108/2945: debates2019-04-11a.xml
2025-09-20 19:48:59,329 - database_manager - INFO - Parse debates XML-Datei: debates2019-04-11a.xml
2025-09-20 19:48:59,344 - database_manager - INFO - Debates XML erfolgreich geparst: 19 Debatten, 0 Reden, 0 Wörter
2025-09-20 19:48:59,345 - database_manager - INFO - Verarbeite Datei 109/2945: debates2017-06-15a.xml
2025-09-20 19:48:59,345 - database_manager - INFO - Parse debates XML-Datei: debates2017-06-15a.xml
2025-09-20 19:48:59,345 - database_manager - INFO - Debates XML erfolgreich geparst: 0 Debatten, 0 Reden, 0 Wörter
2025-09-20 19:48:59,346 - database_manager - INFO - Verarbeite Datei 110/2945: debates2018-10-16a.xml
2025-09-20 19:48:59,346 - database_manager - INFO - Parse debates XML-Datei: debates2018-10-16a.xml
2025-09-20 19:48:59,391 - database_manager - INFO - Debates XML erfolgreich geparst: 22 Debatten, 0 Reden, 0 Wörter
2025-09-20 19:48:59,391 - database_manager - INFO - Verarbeite Datei 111/2945: debates2012-09-11b.xml
2025-09-20 19:48:59,392 - database_manager - INFO - Parse debates XML-Datei: debates2012-09-11b.xml
2025-09-20 19:48:59,408 - database_manager - INFO - Debates XML erfolgreich geparst: 19 Debatten, 0 Reden, 0 Wörter
2025-09-20 19:48:59,408 - database_manager - INFO - Verarbeite Datei 112/2945: debates2015-01-21a.xml
2025-09-20 19:48:59,408 - database_manager - INFO - Parse debates XML-Datei: debates2015-01-21a.xml
2025-09-20 19:48:59,409 - database_manager - INFO - Debates XML erfolgreich geparst: 0 Debatten, 0 Reden, 0 Wörter
2025-09-20 19:48:59,409 - database_manager - INFO - Verarbeite Datei 113/2945: debates2021-12-13e.xml
2025-09-20 19:48:59,409 - database_manager - INFO - Parse debates XML-Datei: debates2021-12-13e.xml
2025-09-20 19:48:59,423 - database_manager - INFO - Debates XML erfolgreich geparst: 22 Debatten, 0 Reden, 0 Wörter
2025-09-20 19:48:59,424 - database_manager - INFO - Verarbeite Datei 114/2945: debates2013-07-10a.xml
2025-09-20 19:48:59,424 - database_manager - INFO - Parse debates XML-Datei: debates2013-07-10a.xml
2025-09-20 19:48:59,425 - database_manager - INFO - Debates XML erfolgreich geparst: 0 Debatten, 0 Reden, 0 Wörter
2025-09-20 19:48:59,425 - database_manager - INFO - Verarbeite Datei 115/2945: debates2020-11-11a.xml
2025-09-20 19:48:59,425 - database_manager - INFO - Parse debates XML-Datei: debates2020-11-11a.xml
2025-09-20 19:48:59,441 - database_manager - INFO - Debates XML erfolgreich geparst: 8 Debatten, 0 Reden, 0 Wörter
2025-09-20 19:48:59,441 - database_manager - INFO - Verarbeite Datei 116/2945: debates2013-11-19c.xml
2025-09-20 19:48:59,441 - database_manager - INFO - Parse debates XML-Datei: debates2013-11-19c.xml
2025-09-20 19:48:59,443 - database_manager - INFO - Debates XML erfolgreich geparst: 0 Debatten, 0 Reden, 0 Wörter
2025-09-20 19:48:59,443 - database_manager - INFO - Verarbeite Datei 117/2945: debates2019-03-15a.xml
2025-09-20 19:48:59,443 - database_manager - INFO - Parse debates XML-Datei: debates2019-03-15a.xml
2025-09-20 19:48:59,452 - database_manager - INFO - Debates XML erfolgreich geparst: 3 Debatten, 0 Reden, 0 Wörter
2025-09-20 19:48:59,452 - database_manager - INFO - Verarbeite Datei 118/2945: debates2019-01-28a.xml
2025-09-20 19:48:59,452 - database_manager - INFO - Parse debates XML-Datei: debates2019-01-28a.xml
2025-09-20 19:48:59,453 - database_manager - INFO - Debates XML erfolgreich geparst: 0 Debatten, 0 Reden, 0 Wörter
2025-09-20 19:48:59,453 - database_manager - INFO - Verarbeite Datei 119/2945: debates2017-01-11a.xml
2025-09-20 19:48:59,453 - database_manager - INFO - Parse debates XML-Datei: debates2017-01-11a.xml
2025-09-20 19:48:59,454 - database_manager - INFO - Debates XML erfolgreich geparst: 0 Debatten, 0 Reden, 0 Wörter
2025-09-20 19:48:59,454 - database_manager - INFO - Verarbeite Datei 120/2945: debates2015-02-11c.xml
2025-09-20 19:48:59,454 - database_manager - INFO - Parse debates XML-Datei: debates2015-02-11c.xml
2025-09-20 19:48:59,455 - database_manager - INFO - Debates XML erfolgreich geparst: 0 Debatten, 0 Reden, 0 Wörter
2025-09-20 19:48:59,456 - database_manager - INFO - Verarbeite Datei 121/2945: debates2017-09-06c.xml
2025-09-20 19:48:59,456 - database_manager - INFO - Parse debates XML-Datei: debates2017-09-06c.xml
2025-09-20 19:48:59,499 - database_manager - INFO - Debates XML erfolgreich geparst: 14 Debatten, 0 Reden, 0 Wörter
2025-09-20 19:48:59,499 - database_manager - INFO - Verarbeite Datei 122/2945: debates2015-06-25a.xml
2025-09-20 19:48:59,499 - database_manager - INFO - Parse debates XML-Datei: debates2015-06-25a.xml
2025-09-20 19:48:59,520 - database_manager - INFO - Debates XML erfolgreich geparst: 15 Debatten, 0 Reden, 0 Wörter
2025-09-20 19:48:59,521 - database_manager - INFO - Verarbeite Datei 123/2945: debates2018-07-12a.xml
2025-09-20 19:48:59,521 - database_manager - INFO - Parse debates XML-Datei: debates2018-07-12a.xml
2025-09-20 19:48:59,522 - database_manager - INFO - Debates XML erfolgreich geparst: 0 Debatten, 0 Reden, 0 Wörter
2025-09-20 19:48:59,522 - database_manager - INFO - Verarbeite Datei 124/2945: debates2020-12-01a.xml
2025-09-20 19:48:59,522 - database_manager - INFO - Parse debates XML-Datei: debates2020-12-01a.xml
2025-09-20 19:48:59,523 - database_manager - INFO - Debates XML erfolgreich geparst: 0 Debatten, 0 Reden, 0 Wörter
2025-09-20 19:48:59,523 - database_manager - INFO - Verarbeite Datei 125/2945: debates2016-06-06a.xml
2025-09-20 19:48:59,523 - database_manager - INFO - Parse debates XML-Datei: debates2016-06-06a.xml
2025-09-20 19:48:59,524 - database_manager - INFO - Debates XML erfolgreich geparst: 0 Debatten, 0 Reden, 0 Wörter
2025-09-20 19:48:59,524 - database_manager - INFO - Verarbeite Datei 126/2945: debates2014-10-13b.xml
2025-09-20 19:48:59,524 - database_manager - INFO - Parse debates XML-Datei: debates2014-10-13b.xml
2025-09-20 19:48:59,540 - database_manager - INFO - Debates XML erfolgreich geparst: 21 Debatten, 0 Reden, 0 Wörter
2025-09-20 19:48:59,540 - database_manager - INFO - Verarbeite Datei 127/2945: debates2013-09-02b.xml
2025-09-20 19:48:59,540 - database_manager - INFO - Parse debates XML-Datei: debates2013-09-02b.xml
2025-09-20 19:48:59,555 - database_manager - INFO - Debates XML erfolgreich geparst: 19 Debatten, 0 Reden, 0 Wörter
2025-09-20 19:48:59,555 - database_manager - INFO - Verarbeite Datei 128/2945: debates2013-01-14d.xml
2025-09-20 19:48:59,555 - database_manager - INFO - Parse debates XML-Datei: debates2013-01-14d.xml
2025-09-20 19:48:59,571 - database_manager - INFO - Debates XML erfolgreich geparst: 23 Debatten, 0 Reden, 0 Wörter
2025-09-20 19:48:59,571 - database_manager - INFO - Verarbeite Datei 129/2945: debates2019-01-24b.xml
2025-09-20 19:48:59,571 - database_manager - INFO - Parse debates XML-Datei: debates2019-01-24b.xml
2025-09-20 19:48:59,620 - database_manager - INFO - Debates XML erfolgreich geparst: 19 Debatten, 0 Reden, 0 Wörter
2025-09-20 19:48:59,620 - database_manager - INFO - Verarbeite Datei 130/2945: debates2021-08-18a.xml
2025-09-20 19:48:59,620 - database_manager - INFO - Parse debates XML-Datei: debates2021-08-18a.xml
2025-09-20 19:48:59,623 - database_manager - INFO - Debates XML erfolgreich geparst: 0 Debatten, 0 Reden, 0 Wörter
2025-09-20 19:48:59,623 - database_manager - INFO - Verarbeite Datei 131/2945: debates2015-09-16a.xml
2025-09-20 19:48:59,623 - database_manager - INFO - Parse debates XML-Datei: debates2015-09-16a.xml
2025-09-20 19:48:59,624 - database_manager - INFO - Debates XML erfolgreich geparst: 0 Debatten, 0 Reden, 0 Wörter
2025-09-20 19:48:59,624 - database_manager - INFO - Verarbeite Datei 132/2945: debates2017-02-01a.xml
2025-09-20 19:48:59,624 - database_manager - INFO - Parse debates XML-Datei: debates2017-02-01a.xml
2025-09-20 19:48:59,626 - database_manager - INFO - Debates XML erfolgreich geparst: 3 Debatten, 0 Reden, 0 Wörter
2025-09-20 19:48:59,626 - database_manager - INFO - Verarbeite Datei 133/2945: debates2012-11-26b.xml
2025-09-20 19:48:59,626 - database_manager - INFO - Parse debates XML-Datei: debates2012-11-26b.xml
2025-09-20 19:48:59,640 - database_manager - INFO - Debates XML erfolgreich geparst: 32 Debatten, 0 Reden, 0 Wörter
2025-09-20 19:48:59,641 - database_manager - INFO - Verarbeite Datei 134/2945: debates2018-05-23b.xml
2025-09-20 19:48:59,641 - database_manager - INFO - Parse debates XML-Datei: debates2018-05-23b.xml
2025-09-20 19:48:59,642 - database_manager - INFO - Debates XML erfolgreich geparst: 0 Debatten, 0 Reden, 0 Wörter
2025-09-20 19:48:59,642 - database_manager - INFO - Verarbeite Datei 135/2945: debates2015-07-08a.xml
2025-09-20 19:48:59,642 - database_manager - INFO - Parse debates XML-Datei: debates2015-07-08a.xml
2025-09-20 19:48:59,657 - database_manager - INFO - Debates XML erfolgreich geparst: 24 Debatten, 0 Reden, 0 Wörter
2025-09-20 19:48:59,658 - database_manager - INFO - Verarbeite Datei 136/2945: debates2017-12-01a.xml
2025-09-20 19:48:59,658 - database_manager - INFO - Parse debates XML-Datei: debates2017-12-01a.xml
2025-09-20 19:48:59,660 - database_manager - INFO - Debates XML erfolgreich geparst: 1 Debatten, 0 Reden, 0 Wörter
2025-09-20 19:48:59,661 - database_manager - INFO - Verarbeite Datei 137/2945: debates2015-06-29b.xml
2025-09-20 19:48:59,661 - database_manager - INFO - Parse debates XML-Datei: debates2015-06-29b.xml
2025-09-20 19:48:59,680 - database_manager - INFO - Debates XML erfolgreich geparst: 32 Debatten, 0 Reden, 0 Wörter
2025-09-20 19:48:59,680 - database_manager - INFO - Verarbeite Datei 138/2945: debates2020-01-07a.xml
2025-09-20 19:48:59,680 - database_manager - INFO - Parse debates XML-Datei: debates2020-01-07a.xml
2025-09-20 19:48:59,681 - database_manager - INFO - Debates XML erfolgreich geparst: 0 Debatten, 0 Reden, 0 Wörter
2025-09-20 19:48:59,681 - database_manager - INFO - Verarbeite Datei 139/2945: debates2016-04-21b.xml
2025-09-20 19:48:59,682 - database_manager - INFO - Parse debates XML-Datei: debates2016-04-21b.xml
2025-09-20 19:48:59,689 - database_manager - INFO - Debates XML erfolgreich geparst: 18 Debatten, 0 Reden, 0 Wörter
2025-09-20 19:48:59,690 - database_manager - INFO - Verarbeite Datei 140/2945: debates2021-03-09c.xml
2025-09-20 19:48:59,690 - database_manager - INFO - Parse debates XML-Datei: debates2021-03-09c.xml
2025-09-20 19:48:59,712 - database_manager - INFO - Debates XML erfolgreich geparst: 30 Debatten, 0 Reden, 0 Wörter
2025-09-20 19:48:59,712 - database_manager - INFO - Verarbeite Datei 141/2945: debates2018-06-25b.xml
2025-09-20 19:48:59,712 - database_manager - INFO - Parse debates XML-Datei: debates2018-06-25b.xml
2025-09-20 19:48:59,713 - database_manager - INFO - Debates XML erfolgreich geparst: 0 Debatten, 0 Reden, 0 Wörter
2025-09-20 19:48:59,713 - database_manager - INFO - Verarbeite Datei 142/2945: debates2018-04-18b.xml
2025-09-20 19:48:59,713 - database_manager - INFO - Parse debates XML-Datei: debates2018-04-18b.xml
2025-09-20 19:48:59,714 - database_manager - INFO - Debates XML erfolgreich geparst: 0 Debatten, 0 Reden, 0 Wörter
2025-09-20 19:48:59,714 - database_manager - INFO - Verarbeite Datei 143/2945: debates2018-07-04a.xml
2025-09-20 19:48:59,714 - database_manager - INFO - Parse debates XML-Datei: debates2018-07-04a.xml
2025-09-20 19:48:59,732 - database_manager - INFO - Debates XML erfolgreich geparst: 22 Debatten, 0 Reden, 0 Wörter
2025-09-20 19:48:59,732 - database_manager - INFO - Verarbeite Datei 144/2945: debates2017-10-26b.xml
2025-09-20 19:48:59,732 - database_manager - INFO - Parse debates XML-Datei: debates2017-10-26b.xml
2025-09-20 19:48:59,747 - database_manager - INFO - Debates XML erfolgreich geparst: 25 Debatten, 0 Reden, 0 Wörter
2025-09-20 19:48:59,747 - database_manager - INFO - Verarbeite Datei 145/2945: debates2017-11-07a.xml
2025-09-20 19:48:59,747 - database_manager - INFO - Parse debates XML-Datei: debates2017-11-07a.xml
2025-09-20 19:48:59,748 - database_manager - INFO - Debates XML erfolgreich geparst: 0 Debatten, 0 Reden, 0 Wörter
2025-09-20 19:48:59,748 - database_manager - INFO - Verarbeite Datei 146/2945: debates2021-04-21b.xml
2025-09-20 19:48:59,748 - database_manager - INFO - Parse debates XML-Datei: debates2021-04-21b.xml
2025-09-20 19:48:59,799 - database_manager - INFO - Debates XML erfolgreich geparst: 12 Debatten, 0 Reden, 0 Wörter
2025-09-20 19:48:59,800 - database_manager - INFO - Verarbeite Datei 147/2945: debates2021-09-23a.xml
2025-09-20 19:48:59,800 - database_manager - INFO - Parse debates XML-Datei: debates2021-09-23a.xml
2025-09-20 19:48:59,801 - database_manager - INFO - Debates XML erfolgreich geparst: 0 Debatten, 0 Reden, 0 Wörter
2025-09-20 19:48:59,801 - database_manager - INFO - Verarbeite Datei 148/2945: debates2012-03-01a.xml
2025-09-20 19:48:59,801 - database_manager - INFO - Parse debates XML-Datei: debates2012-03-01a.xml
2025-09-20 19:48:59,816 - database_manager - INFO - Debates XML erfolgreich geparst: 23 Debatten, 0 Reden, 0 Wörter
2025-09-20 19:48:59,816 - database_manager - INFO - Verarbeite Datei 149/2945: debates2014-01-24a.xml
2025-09-20 19:48:59,816 - database_manager - INFO - Parse debates XML-Datei: debates2014-01-24a.xml
2025-09-20 19:48:59,825 - database_manager - INFO - Debates XML erfolgreich geparst: 5 Debatten, 0 Reden, 0 Wörter
2025-09-20 19:48:59,825 - database_manager - INFO - Verarbeite Datei 150/2945: debates2014-03-19a.xml
2025-09-20 19:48:59,825 - database_manager - INFO - Parse debates XML-Datei: debates2014-03-19a.xml
2025-09-20 19:48:59,840 - database_manager - INFO - Debates XML erfolgreich geparst: 12 Debatten, 0 Reden, 0 Wörter
2025-09-20 19:48:59,840 - database_manager - INFO - Verarbeite Datei 151/2945: debates2016-10-19c.xml
2025-09-20 19:48:59,840 - database_manager - INFO - Parse debates XML-Datei: debates2016-10-19c.xml
2025-09-20 19:48:59,856 - database_manager - INFO - Debates XML erfolgreich geparst: 15 Debatten, 0 Reden, 0 Wörter
2025-09-20 19:48:59,856 - database_manager - INFO - Verarbeite Datei 152/2945: debates2014-11-24a.xml
2025-09-20 19:48:59,856 - database_manager - INFO - Parse debates XML-Datei: debates2014-11-24a.xml
2025-09-20 19:48:59,857 - database_manager - INFO - Debates XML erfolgreich geparst: 0 Debatten, 0 Reden, 0 Wörter
2025-09-20 19:48:59,857 - database_manager - INFO - Verarbeite Datei 153/2945: debates2013-04-16a.xml
2025-09-20 19:48:59,857 - database_manager - INFO - Parse debates XML-Datei: debates2013-04-16a.xml
2025-09-20 19:48:59,859 - database_manager - INFO - Debates XML erfolgreich geparst: 0 Debatten, 0 Reden, 0 Wörter
2025-09-20 19:48:59,859 - database_manager - INFO - Verarbeite Datei 154/2945: debates2020-12-17a.xml
2025-09-20 19:48:59,859 - database_manager - INFO - Parse debates XML-Datei: debates2020-12-17a.xml
2025-09-20 19:48:59,860 - database_manager - INFO - Debates XML erfolgreich geparst: 0 Debatten, 0 Reden, 0 Wörter
2025-09-20 19:48:59,860 - database_manager - INFO - Verarbeite Datei 155/2945: debates2017-07-03d.xml
2025-09-20 19:48:59,860 - database_manager - INFO - Parse debates XML-Datei: debates2017-07-03d.xml
2025-09-20 19:48:59,861 - database_manager - INFO - Debates XML erfolgreich geparst: 0 Debatten, 0 Reden, 0 Wörter
2025-09-20 19:48:59,861 - database_manager - INFO - Verarbeite Datei 156/2945: debates2021-06-10a.xml
2025-09-20 19:48:59,861 - database_manager - INFO - Parse debates XML-Datei: debates2021-06-10a.xml
2025-09-20 19:48:59,861 - database_manager - INFO - Debates XML erfolgreich geparst: 0 Debatten, 0 Reden, 0 Wörter
2025-09-20 19:48:59,861 - database_manager - INFO - Verarbeite Datei 157/2945: debates2021-10-19c.xml
2025-09-20 19:48:59,861 - database_manager - INFO - Parse debates XML-Datei: debates2021-10-19c.xml
2025-09-20 19:48:59,878 - database_manager - INFO - Debates XML erfolgreich geparst: 20 Debatten, 0 Reden, 0 Wörter
2025-09-20 19:48:59,878 - database_manager - INFO - Verarbeite Datei 158/2945: debates2016-11-14a.xml
2025-09-20 19:48:59,878 - database_manager - INFO - Parse debates XML-Datei: debates2016-11-14a.xml
2025-09-20 19:48:59,879 - database_manager - INFO - Debates XML erfolgreich geparst: 0 Debatten, 0 Reden, 0 Wörter
2025-09-20 19:48:59,879 - database_manager - INFO - Verarbeite Datei 159/2945: debates2014-07-01b.xml
2025-09-20 19:48:59,879 - database_manager - INFO - Parse debates XML-Datei: debates2014-07-01b.xml
2025-09-20 19:48:59,880 - database_manager - INFO - Debates XML erfolgreich geparst: 0 Debatten, 0 Reden, 0 Wörter
2025-09-20 19:48:59,880 - database_manager - INFO - Verarbeite Datei 160/2945: debates2016-12-08b.xml
2025-09-20 19:48:59,880 - database_manager - INFO - Parse debates XML-Datei: debates2016-12-08b.xml
2025-09-20 19:48:59,893 - database_manager - INFO - Debates XML erfolgreich geparst: 18 Debatten, 0 Reden, 0 Wörter
2025-09-20 19:48:59,893 - database_manager - INFO - Verarbeite Datei 161/2945: debates2019-07-17a.xml
2025-09-20 19:48:59,893 - database_manager - INFO - Parse debates XML-Datei: debates2019-07-17a.xml
2025-09-20 19:48:59,905 - database_manager - INFO - Debates XML erfolgreich geparst: 8 Debatten, 0 Reden, 0 Wörter
2025-09-20 19:48:59,905 - database_manager - INFO - Verarbeite Datei 162/2945: debates2020-01-27c.xml
2025-09-20 19:48:59,905 - database_manager - INFO - Parse debates XML-Datei: debates2020-01-27c.xml
2025-09-20 19:48:59,921 - database_manager - INFO - Debates XML erfolgreich geparst: 16 Debatten, 0 Reden, 0 Wörter
2025-09-20 19:48:59,921 - database_manager - INFO - Verarbeite Datei 163/2945: debates2020-05-13a.xml
2025-09-20 19:48:59,921 - database_manager - INFO - Parse debates XML-Datei: debates2020-05-13a.xml
2025-09-20 19:48:59,923 - database_manager - INFO - Debates XML erfolgreich geparst: 0 Debatten, 0 Reden, 0 Wörter
2025-09-20 19:48:59,923 - database_manager - INFO - Verarbeite Datei 164/2945: debates2019-09-09a.xml
2025-09-20 19:48:59,923 - database_manager - INFO - Parse debates XML-Datei: debates2019-09-09a.xml
2025-09-20 19:48:59,924 - database_manager - INFO - Debates XML erfolgreich geparst: 1 Debatten, 0 Reden, 0 Wörter
2025-09-20 19:48:59,924 - database_manager - INFO - Verarbeite Datei 165/2945: debates2016-02-08b.xml
2025-09-20 19:48:59,924 - database_manager - INFO - Parse debates XML-Datei: debates2016-02-08b.xml
2025-09-20 19:48:59,925 - database_manager - INFO - Debates XML erfolgreich geparst: 0 Debatten, 0 Reden, 0 Wörter
2025-09-20 19:48:59,925 - database_manager - INFO - Verarbeite Datei 166/2945: debates2016-01-14a.xml
2025-09-20 19:48:59,925 - database_manager - INFO - Parse debates XML-Datei: debates2016-01-14a.xml
2025-09-20 19:48:59,926 - database_manager - INFO - Debates XML erfolgreich geparst: 0 Debatten, 0 Reden, 0 Wörter
2025-09-20 19:48:59,926 - database_manager - INFO - Verarbeite Datei 167/2945: debates2013-03-12a.xml
2025-09-20 19:48:59,926 - database_manager - INFO - Parse debates XML-Datei: debates2013-03-12a.xml
2025-09-20 19:48:59,927 - database_manager - INFO - Debates XML erfolgreich geparst: 0 Debatten, 0 Reden, 0 Wörter
2025-09-20 19:48:59,927 - database_manager - INFO - Verarbeite Datei 168/2945: debates2020-09-30a.xml
2025-09-20 19:48:59,927 - database_manager - INFO - Parse debates XML-Datei: debates2020-09-30a.xml
2025-09-20 19:48:59,928 - database_manager - INFO - Debates XML erfolgreich geparst: 0 Debatten, 0 Reden, 0 Wörter
2025-09-20 19:48:59,928 - database_manager - INFO - Verarbeite Datei 169/2945: debates2015-02-27a.xml
2025-09-20 19:48:59,928 - database_manager - INFO - Parse debates XML-Datei: debates2015-02-27a.xml
2025-09-20 19:48:59,937 - database_manager - INFO - Debates XML erfolgreich geparst: 9 Debatten, 0 Reden, 0 Wörter
2025-09-20 19:48:59,937 - database_manager - INFO - Verarbeite Datei 170/2945: debates2015-03-06b.xml
2025-09-20 19:48:59,937 - database_manager - INFO - Parse debates XML-Datei: debates2015-03-06b.xml
2025-09-20 19:48:59,945 - database_manager - INFO - Debates XML erfolgreich geparst: 9 Debatten, 0 Reden, 0 Wörter
2025-09-20 19:48:59,945 - database_manager - INFO - Verarbeite Datei 171/2945: debates2021-02-08b.xml
2025-09-20 19:48:59,945 - database_manager - INFO - Parse debates XML-Datei: debates2021-02-08b.xml
2025-09-20 19:48:59,959 - database_manager - INFO - Debates XML erfolgreich geparst: 17 Debatten, 0 Reden, 0 Wörter
2025-09-20 19:48:59,959 - database_manager - INFO - Verarbeite Datei 172/2945: debates2021-01-14a.xml
2025-09-20 19:48:59,959 - database_manager - INFO - Parse debates XML-Datei: debates2021-01-14a.xml
2025-09-20 19:48:59,960 - database_manager - INFO - Debates XML erfolgreich geparst: 0 Debatten, 0 Reden, 0 Wörter
2025-09-20 19:48:59,960 - database_manager - INFO - Verarbeite Datei 173/2945: debates2021-12-08b.xml
2025-09-20 19:48:59,960 - database_manager - INFO - Parse debates XML-Datei: debates2021-12-08b.xml
2025-09-20 19:48:59,961 - database_manager - INFO - Debates XML erfolgreich geparst: 0 Debatten, 0 Reden, 0 Wörter
2025-09-20 19:48:59,961 - database_manager - INFO - Verarbeite Datei 174/2945: debates2020-07-22b.xml
2025-09-20 19:48:59,961 - database_manager - INFO - Parse debates XML-Datei: debates2020-07-22b.xml
2025-09-20 19:48:59,962 - database_manager - INFO - Debates XML erfolgreich geparst: 0 Debatten, 0 Reden, 0 Wörter
2025-09-20 19:48:59,962 - database_manager - INFO - Verarbeite Datei 175/2945: debates2020-06-03a.xml
2025-09-20 19:48:59,962 - database_manager - INFO - Parse debates XML-Datei: debates2020-06-03a.xml
2025-09-20 19:48:59,978 - database_manager - INFO - Debates XML erfolgreich geparst: 22 Debatten, 0 Reden, 0 Wörter
2025-09-20 19:48:59,978 - database_manager - INFO - Verarbeite Datei 176/2945: debates2016-02-04a.xml
2025-09-20 19:48:59,978 - database_manager - INFO - Parse debates XML-Datei: debates2016-02-04a.xml
2025-09-20 19:48:59,993 - database_manager - INFO - Debates XML erfolgreich geparst: 21 Debatten, 0 Reden, 0 Wörter
2025-09-20 19:48:59,993 - database_manager - INFO - Verarbeite Datei 177/2945: debates2016-01-18b.xml
2025-09-20 19:48:59,993 - database_manager - INFO - Parse debates XML-Datei: debates2016-01-18b.xml
2025-09-20 19:49:00,056 - database_manager - INFO - Debates XML erfolgreich geparst: 15 Debatten, 0 Reden, 0 Wörter
2025-09-20 19:49:00,056 - database_manager - INFO - Verarbeite Datei 178/2945: debates2019-09-05b.xml
2025-09-20 19:49:00,056 - database_manager - INFO - Parse debates XML-Datei: debates2019-09-05b.xml
2025-09-20 19:49:00,072 - database_manager - INFO - Debates XML erfolgreich geparst: 17 Debatten, 0 Reden, 0 Wörter
2025-09-20 19:49:00,073 - database_manager - INFO - Verarbeite Datei 179/2945: debates2012-10-31c.xml
2025-09-20 19:49:00,073 - database_manager - INFO - Parse debates XML-Datei: debates2012-10-31c.xml
2025-09-20 19:49:00,089 - database_manager - INFO - Debates XML erfolgreich geparst: 18 Debatten, 0 Reden, 0 Wörter
2025-09-20 19:49:00,090 - database_manager - INFO - Verarbeite Datei 180/2945: debates2021-02-04a.xml
2025-09-20 19:49:00,090 - database_manager - INFO - Parse debates XML-Datei: debates2021-02-04a.xml
2025-09-20 19:49:00,091 - database_manager - INFO - Debates XML erfolgreich geparst: 0 Debatten, 0 Reden, 0 Wörter
2025-09-20 19:49:00,091 - database_manager - INFO - Verarbeite Datei 181/2945: debates2021-01-18b.xml
2025-09-20 19:49:00,091 - database_manager - INFO - Parse debates XML-Datei: debates2021-01-18b.xml
2025-09-20 19:49:00,092 - database_manager - INFO - Debates XML erfolgreich geparst: 0 Debatten, 0 Reden, 0 Wörter
2025-09-20 19:49:00,092 - database_manager - INFO - Verarbeite Datei 182/2945: debates2018-11-21b.xml
2025-09-20 19:49:00,092 - database_manager - INFO - Parse debates XML-Datei: debates2018-11-21b.xml
2025-09-20 19:49:00,109 - database_manager - INFO - Debates XML erfolgreich geparst: 20 Debatten, 0 Reden, 0 Wörter
2025-09-20 19:49:00,109 - database_manager - INFO - Verarbeite Datei 183/2945: debates2021-11-18b.xml
2025-09-20 19:49:00,109 - database_manager - INFO - Parse debates XML-Datei: debates2021-11-18b.xml
2025-09-20 19:49:00,110 - database_manager - INFO - Debates XML erfolgreich geparst: 0 Debatten, 0 Reden, 0 Wörter
2025-09-20 19:49:00,110 - database_manager - INFO - Verarbeite Datei 184/2945: debates2012-05-24b.xml
2025-09-20 19:49:00,110 - database_manager - INFO - Parse debates XML-Datei: debates2012-05-24b.xml
2025-09-20 19:49:00,124 - database_manager - INFO - Debates XML erfolgreich geparst: 25 Debatten, 0 Reden, 0 Wörter
2025-09-20 19:49:00,124 - database_manager - INFO - Verarbeite Datei 185/2945: debates2018-05-15b.xml
2025-09-20 19:49:00,124 - database_manager - INFO - Parse debates XML-Datei: debates2018-05-15b.xml
2025-09-20 19:49:00,125 - database_manager - INFO - Debates XML erfolgreich geparst: 0 Debatten, 0 Reden, 0 Wörter
2025-09-20 19:49:00,125 - database_manager - INFO - Verarbeite Datei 186/2945: debates2012-10-31a.xml
2025-09-20 19:49:00,125 - database_manager - INFO - Parse debates XML-Datei: debates2012-10-31a.xml
2025-09-20 19:49:00,126 - database_manager - INFO - Debates XML erfolgreich geparst: 0 Debatten, 0 Reden, 0 Wörter
2025-09-20 19:49:00,126 - database_manager - INFO - Verarbeite Datei 187/2945: debates2021-06-30a.xml
2025-09-20 19:49:00,126 - database_manager - INFO - Parse debates XML-Datei: debates2021-06-30a.xml
2025-09-20 19:49:00,127 - database_manager - INFO - Debates XML erfolgreich geparst: 0 Debatten, 0 Reden, 0 Wörter
2025-09-20 19:49:00,127 - database_manager - INFO - Verarbeite Datei 188/2945: debates2012-01-10b.xml
2025-09-20 19:49:00,127 - database_manager - INFO - Parse debates XML-Datei: debates2012-01-10b.xml
2025-09-20 19:49:00,145 - database_manager - INFO - Debates XML erfolgreich geparst: 25 Debatten, 0 Reden, 0 Wörter
2025-09-20 19:49:00,146 - database_manager - INFO - Verarbeite Datei 189/2945: debates2016-06-30a.xml
2025-09-20 19:49:00,146 - database_manager - INFO - Parse debates XML-Datei: debates2016-06-30a.xml
2025-09-20 19:49:00,161 - database_manager - INFO - Debates XML erfolgreich geparst: 20 Debatten, 0 Reden, 0 Wörter
2025-09-20 19:49:00,162 - database_manager - INFO - Verarbeite Datei 190/2945: debates2016-07-11b.xml
2025-09-20 19:49:00,162 - database_manager - INFO - Parse debates XML-Datei: debates2016-07-11b.xml
2025-09-20 19:49:00,163 - database_manager - INFO - Debates XML erfolgreich geparst: 0 Debatten, 0 Reden, 0 Wörter
2025-09-20 19:49:00,163 - database_manager - INFO - Verarbeite Datei 191/2945: debates2014-11-04a.xml
2025-09-20 19:49:00,163 - database_manager - INFO - Parse debates XML-Datei: debates2014-11-04a.xml
2025-09-20 19:49:00,182 - database_manager - INFO - Debates XML erfolgreich geparst: 44 Debatten, 0 Reden, 0 Wörter
2025-09-20 19:49:00,183 - database_manager - INFO - Verarbeite Datei 192/2945: debates2018-06-05b.xml
2025-09-20 19:49:00,183 - database_manager - INFO - Parse debates XML-Datei: debates2018-06-05b.xml
2025-09-20 19:49:00,198 - database_manager - INFO - Debates XML erfolgreich geparst: 20 Debatten, 0 Reden, 0 Wörter
2025-09-20 19:49:00,199 - database_manager - INFO - Verarbeite Datei 193/2945: debates2018-07-24a.xml
2025-09-20 19:49:00,199 - database_manager - INFO - Parse debates XML-Datei: debates2018-07-24a.xml
2025-09-20 19:49:00,200 - database_manager - INFO - Debates XML erfolgreich geparst: 0 Debatten, 0 Reden, 0 Wörter
2025-09-20 19:49:00,200 - database_manager - INFO - Verarbeite Datei 194/2945: debates2017-11-27a.xml
2025-09-20 19:49:00,200 - database_manager - INFO - Parse debates XML-Datei: debates2017-11-27a.xml
2025-09-20 19:49:00,200 - database_manager - INFO - Debates XML erfolgreich geparst: 0 Debatten, 0 Reden, 0 Wörter
2025-09-20 19:49:00,201 - database_manager - INFO - Verarbeite Datei 195/2945: debates2021-05-20a.xml
2025-09-20 19:49:00,201 - database_manager - INFO - Parse debates XML-Datei: debates2021-05-20a.xml
2025-09-20 19:49:00,214 - database_manager - INFO - Debates XML erfolgreich geparst: 16 Debatten, 0 Reden, 0 Wörter
2025-09-20 19:49:00,215 - database_manager - INFO - Verarbeite Datei 196/2945: debates2017-01-27a.xml
2025-09-20 19:49:00,215 - database_manager - INFO - Parse debates XML-Datei: debates2017-01-27a.xml
2025-09-20 19:49:00,215 - database_manager - INFO - Debates XML erfolgreich geparst: 0 Debatten, 0 Reden, 0 Wörter
2025-09-20 19:49:00,215 - database_manager - INFO - Verarbeite Datei 197/2945: debates2012-03-21a.xml
2025-09-20 19:49:00,215 - database_manager - INFO - Parse debates XML-Datei: debates2012-03-21a.xml
2025-09-20 19:49:00,216 - database_manager - INFO - Debates XML erfolgreich geparst: 0 Debatten, 0 Reden, 0 Wörter
2025-09-20 19:49:00,216 - database_manager - INFO - Verarbeite Datei 198/2945: debates2014-01-08b.xml
2025-09-20 19:49:00,216 - database_manager - INFO - Parse debates XML-Datei: debates2014-01-08b.xml
2025-09-20 19:49:00,217 - database_manager - INFO - Debates XML erfolgreich geparst: 0 Debatten, 0 Reden, 0 Wörter
2025-09-20 19:49:00,217 - database_manager - INFO - Verarbeite Datei 199/2945: debates2020-01-27a.xml
2025-09-20 19:49:00,217 - database_manager - INFO - Parse debates XML-Datei: debates2020-01-27a.xml
2025-09-20 19:49:00,218 - database_manager - INFO - Debates XML erfolgreich geparst: 0 Debatten, 0 Reden, 0 Wörter
2025-09-20 19:49:00,218 - database_manager - INFO - Verarbeite Datei 200/2945: debates2016-11-14c.xml
2025-09-20 19:49:00,218 - database_manager - INFO - Parse debates XML-Datei: debates2016-11-14c.xml
2025-09-20 19:49:00,219 - database_manager - INFO - Debates XML erfolgreich geparst: 0 Debatten, 0 Reden, 0 Wörter
2025-09-20 19:49:00,219 - database_manager - INFO - Verarbeite Datei 201/2945: debates2020-09-30c.xml
2025-09-20 19:49:00,219 - database_manager - INFO - Parse debates XML-Datei: debates2020-09-30c.xml
2025-09-20 19:49:00,221 - database_manager - INFO - Debates XML erfolgreich geparst: 0 Debatten, 0 Reden, 0 Wörter
2025-09-20 19:49:00,221 - database_manager - INFO - Verarbeite Datei 202/2945: debates2014-10-29a.xml
2025-09-20 19:49:00,221 - database_manager - INFO - Parse debates XML-Datei: debates2014-10-29a.xml
2025-09-20 19:49:00,231 - database_manager - INFO - Debates XML erfolgreich geparst: 13 Debatten, 0 Reden, 0 Wörter
2025-09-20 19:49:00,231 - database_manager - INFO - Verarbeite Datei 203/2945: debates2016-01-14c.xml
2025-09-20 19:49:00,231 - database_manager - INFO - Parse debates XML-Datei: debates2016-01-14c.xml
2025-09-20 19:49:00,298 - database_manager - INFO - Debates XML erfolgreich geparst: 25 Debatten, 0 Reden, 0 Wörter
2025-09-20 19:49:00,298 - database_manager - INFO - Verarbeite Datei 204/2945: debates2020-10-06b.xml
2025-09-20 19:49:00,298 - database_manager - INFO - Parse debates XML-Datei: debates2020-10-06b.xml
2025-09-20 19:49:00,315 - database_manager - INFO - Debates XML erfolgreich geparst: 23 Debatten, 0 Reden, 0 Wörter
2025-09-20 19:49:00,315 - database_manager - INFO - Verarbeite Datei 205/2945: debates2019-09-09c.xml
2025-09-20 19:49:00,315 - database_manager - INFO - Parse debates XML-Datei: debates2019-09-09c.xml
2025-09-20 19:49:00,334 - database_manager - INFO - Debates XML erfolgreich geparst: 21 Debatten, 0 Reden, 0 Wörter
2025-09-20 19:49:00,334 - database_manager - INFO - Verarbeite Datei 206/2945: debates2021-06-10c.xml
2025-09-20 19:49:00,334 - database_manager - INFO - Parse debates XML-Datei: debates2021-06-10c.xml
2025-09-20 19:49:00,348 - database_manager - INFO - Debates XML erfolgreich geparst: 16 Debatten, 0 Reden, 0 Wörter
2025-09-20 19:49:00,349 - database_manager - INFO - Verarbeite Datei 207/2945: debates2021-02-24a.xml
2025-09-20 19:49:00,349 - database_manager - INFO - Parse debates XML-Datei: debates2021-02-24a.xml
2025-09-20 19:49:00,366 - database_manager - INFO - Debates XML erfolgreich geparst: 17 Debatten, 0 Reden, 0 Wörter
2025-09-20 19:49:00,366 - database_manager - INFO - Verarbeite Datei 208/2945: debates2015-11-17a.xml
2025-09-20 19:49:00,367 - database_manager - INFO - Parse debates XML-Datei: debates2015-11-17a.xml
2025-09-20 19:49:00,385 - database_manager - INFO - Debates XML erfolgreich geparst: 26 Debatten, 0 Reden, 0 Wörter
2025-09-20 19:49:00,385 - database_manager - INFO - Verarbeite Datei 209/2945: debates2021-10-19a.xml
2025-09-20 19:49:00,385 - database_manager - INFO - Parse debates XML-Datei: debates2021-10-19a.xml
2025-09-20 19:49:00,387 - database_manager - INFO - Debates XML erfolgreich geparst: 0 Debatten, 0 Reden, 0 Wörter
2025-09-20 19:49:00,387 - database_manager - INFO - Verarbeite Datei 210/2945: debates2012-06-18a.xml
2025-09-20 19:49:00,387 - database_manager - INFO - Parse debates XML-Datei: debates2012-06-18a.xml
2025-09-20 19:49:00,388 - database_manager - INFO - Debates XML erfolgreich geparst: 0 Debatten, 0 Reden, 0 Wörter
2025-09-20 19:49:00,389 - database_manager - INFO - Verarbeite Datei 211/2945: debates2012-04-25a.xml
2025-09-20 19:49:00,389 - database_manager - INFO - Parse debates XML-Datei: debates2012-04-25a.xml
2025-09-20 19:49:00,390 - database_manager - INFO - Debates XML erfolgreich geparst: 0 Debatten, 0 Reden, 0 Wörter
2025-09-20 19:49:00,390 - database_manager - INFO - Verarbeite Datei 212/2945: debates2016-10-19a.xml
2025-09-20 19:49:00,390 - database_manager - INFO - Parse debates XML-Datei: debates2016-10-19a.xml
2025-09-20 19:49:00,391 - database_manager - INFO - Debates XML erfolgreich geparst: 0 Debatten, 0 Reden, 0 Wörter
2025-09-20 19:49:00,391 - database_manager - INFO - Verarbeite Datei 213/2945: debates2020-07-02b.xml
2025-09-20 19:49:00,391 - database_manager - INFO - Parse debates XML-Datei: debates2020-07-02b.xml
2025-09-20 19:49:00,391 - database_manager - INFO - Debates XML erfolgreich geparst: 0 Debatten, 0 Reden, 0 Wörter
2025-09-20 19:49:00,392 - database_manager - INFO - Verarbeite Datei 214/2945: debates2020-06-23a.xml
2025-09-20 19:49:00,392 - database_manager - INFO - Parse debates XML-Datei: debates2020-06-23a.xml
2025-09-20 19:49:00,393 - database_manager - INFO - Debates XML erfolgreich geparst: 0 Debatten, 0 Reden, 0 Wörter
2025-09-20 19:49:00,393 - database_manager - INFO - Verarbeite Datei 215/2945: debates2013-10-22a.xml
2025-09-20 19:49:00,393 - database_manager - INFO - Parse debates XML-Datei: debates2013-10-22a.xml
2025-09-20 19:49:00,394 - database_manager - INFO - Debates XML erfolgreich geparst: 0 Debatten, 0 Reden, 0 Wörter
2025-09-20 19:49:00,394 - database_manager - INFO - Verarbeite Datei 216/2945: debates2016-02-24a.xml
2025-09-20 19:49:00,394 - database_manager - INFO - Parse debates XML-Datei: debates2016-02-24a.xml
2025-09-20 19:49:00,412 - database_manager - INFO - Debates XML erfolgreich geparst: 13 Debatten, 0 Reden, 0 Wörter
2025-09-20 19:49:00,412 - database_manager - INFO - Verarbeite Datei 217/2945: debates2019-09-25b.xml
2025-09-20 19:49:00,412 - database_manager - INFO - Parse debates XML-Datei: debates2019-09-25b.xml
2025-09-20 19:49:00,414 - database_manager - INFO - Debates XML erfolgreich geparst: 0 Debatten, 0 Reden, 0 Wörter
2025-09-20 19:49:00,414 - database_manager - INFO - Verarbeite Datei 218/2945: debates2015-03-26b.xml
2025-09-20 19:49:00,414 - database_manager - INFO - Parse debates XML-Datei: debates2015-03-26b.xml
2025-09-20 19:49:00,429 - database_manager - INFO - Debates XML erfolgreich geparst: 22 Debatten, 0 Reden, 0 Wörter
2025-09-20 19:49:00,429 - database_manager - INFO - Verarbeite Datei 219/2945: debates2017-11-07c.xml
2025-09-20 19:49:00,429 - database_manager - INFO - Parse debates XML-Datei: debates2017-11-07c.xml
2025-09-20 19:49:00,445 - database_manager - INFO - Debates XML erfolgreich geparst: 20 Debatten, 0 Reden, 0 Wörter
2025-09-20 19:49:00,446 - database_manager - INFO - Verarbeite Datei 220/2945: debates2021-03-09a.xml
2025-09-20 19:49:00,446 - database_manager - INFO - Parse debates XML-Datei: debates2021-03-09a.xml
2025-09-20 19:49:00,450 - database_manager - INFO - Debates XML erfolgreich geparst: 0 Debatten, 0 Reden, 0 Wörter
2025-09-20 19:49:00,450 - database_manager - INFO - Verarbeite Datei 221/2945: debates2015-12-07a.xml
2025-09-20 19:49:00,450 - database_manager - INFO - Parse debates XML-Datei: debates2015-12-07a.xml
2025-09-20 19:49:00,452 - database_manager - INFO - Debates XML erfolgreich geparst: 0 Debatten, 0 Reden, 0 Wörter
2025-09-20 19:49:00,452 - database_manager - INFO - Verarbeite Datei 222/2945: debates2014-07-21b.xml
2025-09-20 19:49:00,452 - database_manager - INFO - Parse debates XML-Datei: debates2014-07-21b.xml
2025-09-20 19:49:00,466 - database_manager - INFO - Debates XML erfolgreich geparst: 28 Debatten, 0 Reden, 0 Wörter
2025-09-20 19:49:00,466 - database_manager - INFO - Verarbeite Datei 223/2945: debates2016-03-09a.xml
2025-09-20 19:49:00,466 - database_manager - INFO - Parse debates XML-Datei: debates2016-03-09a.xml
2025-09-20 19:49:00,485 - database_manager - INFO - Debates XML erfolgreich geparst: 15 Debatten, 0 Reden, 0 Wörter
2025-09-20 19:49:00,485 - database_manager - INFO - Verarbeite Datei 224/2945: debates2013-02-13b.xml
2025-09-20 19:49:00,485 - database_manager - INFO - Parse debates XML-Datei: debates2013-02-13b.xml
2025-09-20 19:49:00,569 - database_manager - INFO - Debates XML erfolgreich geparst: 21 Debatten, 0 Reden, 0 Wörter
2025-09-20 19:49:00,570 - database_manager - INFO - Verarbeite Datei 225/2945: debates2020-09-10a.xml
2025-09-20 19:49:00,570 - database_manager - INFO - Parse debates XML-Datei: debates2020-09-10a.xml
2025-09-20 19:49:00,586 - database_manager - INFO - Debates XML erfolgreich geparst: 27 Debatten, 0 Reden, 0 Wörter
2025-09-20 19:49:00,586 - database_manager - INFO - Verarbeite Datei 226/2945: debates2015-10-20b.xml
2025-09-20 19:49:00,586 - database_manager - INFO - Parse debates XML-Datei: debates2015-10-20b.xml
2025-09-20 19:49:00,603 - database_manager - INFO - Debates XML erfolgreich geparst: 20 Debatten, 0 Reden, 0 Wörter
2025-09-20 19:49:00,604 - database_manager - INFO - Verarbeite Datei 227/2945: debates2013-01-15b.xml
2025-09-20 19:49:00,604 - database_manager - INFO - Parse debates XML-Datei: debates2013-01-15b.xml
2025-09-20 19:49:00,619 - database_manager - INFO - Debates XML erfolgreich geparst: 25 Debatten, 0 Reden, 0 Wörter
2025-09-20 19:49:00,620 - database_manager - INFO - Verarbeite Datei 228/2945: debates2020-12-01c.xml
2025-09-20 19:49:00,620 - database_manager - INFO - Parse debates XML-Datei: debates2020-12-01c.xml
2025-09-20 19:49:00,636 - database_manager - INFO - Debates XML erfolgreich geparst: 21 Debatten, 0 Reden, 0 Wörter
2025-09-20 19:49:00,636 - database_manager - INFO - Verarbeite Datei 229/2945: debates2013-12-09a.xml
2025-09-20 19:49:00,636 - database_manager - INFO - Parse debates XML-Datei: debates2013-12-09a.xml
2025-09-20 19:49:00,637 - database_manager - INFO - Debates XML erfolgreich geparst: 0 Debatten, 0 Reden, 0 Wörter
2025-09-20 19:49:00,637 - database_manager - INFO - Verarbeite Datei 230/2945: debates2020-07-14b.xml
2025-09-20 19:49:00,637 - database_manager - INFO - Parse debates XML-Datei: debates2020-07-14b.xml
2025-09-20 19:49:00,638 - database_manager - INFO - Debates XML erfolgreich geparst: 0 Debatten, 0 Reden, 0 Wörter
2025-09-20 19:49:00,638 - database_manager - INFO - Verarbeite Datei 231/2945: debates2014-05-06a.xml
2025-09-20 19:49:00,638 - database_manager - INFO - Parse debates XML-Datei: debates2014-05-06a.xml
2025-09-20 19:49:00,639 - database_manager - INFO - Debates XML erfolgreich geparst: 0 Debatten, 0 Reden, 0 Wörter
2025-09-20 19:49:00,639 - database_manager - INFO - Verarbeite Datei 232/2945: debates2017-01-11c.xml
2025-09-20 19:49:00,639 - database_manager - INFO - Parse debates XML-Datei: debates2017-01-11c.xml
2025-09-20 19:49:00,655 - database_manager - INFO - Debates XML erfolgreich geparst: 13 Debatten, 0 Reden, 0 Wörter
2025-09-20 19:49:00,655 - database_manager - INFO - Verarbeite Datei 233/2945: debates2021-11-22a.xml
2025-09-20 19:49:00,656 - database_manager - INFO - Parse debates XML-Datei: debates2021-11-22a.xml
2025-09-20 19:49:00,658 - database_manager - INFO - Debates XML erfolgreich geparst: 0 Debatten, 0 Reden, 0 Wörter
2025-09-20 19:49:00,658 - database_manager - INFO - Verarbeite Datei 234/2945: debates2017-07-18a.xml
2025-09-20 19:49:00,658 - database_manager - INFO - Parse debates XML-Datei: debates2017-07-18a.xml
2025-09-20 19:49:00,659 - database_manager - INFO - Debates XML erfolgreich geparst: 0 Debatten, 0 Reden, 0 Wörter
2025-09-20 19:49:00,659 - database_manager - INFO - Verarbeite Datei 235/2945: debates2017-09-06a.xml
2025-09-20 19:49:00,659 - database_manager - INFO - Parse debates XML-Datei: debates2017-09-06a.xml
2025-09-20 19:49:00,660 - database_manager - INFO - Debates XML erfolgreich geparst: 0 Debatten, 0 Reden, 0 Wörter
2025-09-20 19:49:00,660 - database_manager - INFO - Verarbeite Datei 236/2945: debates2015-02-11a.xml
2025-09-20 19:49:00,660 - database_manager - INFO - Parse debates XML-Datei: debates2015-02-11a.xml
2025-09-20 19:49:00,661 - database_manager - INFO - Debates XML erfolgreich geparst: 0 Debatten, 0 Reden, 0 Wörter
2025-09-20 19:49:00,661 - database_manager - INFO - Verarbeite Datei 237/2945: debates2018-03-26a.xml
2025-09-20 19:49:00,661 - database_manager - INFO - Parse debates XML-Datei: debates2018-03-26a.xml
2025-09-20 19:49:00,678 - database_manager - INFO - Debates XML erfolgreich geparst: 19 Debatten, 0 Reden, 0 Wörter
2025-09-20 19:49:00,678 - database_manager - INFO - Verarbeite Datei 238/2945: debates2013-02-05b.xml
2025-09-20 19:49:00,678 - database_manager - INFO - Parse debates XML-Datei: debates2013-02-05b.xml
2025-09-20 19:49:00,699 - database_manager - INFO - Debates XML erfolgreich geparst: 26 Debatten, 0 Reden, 0 Wörter
2025-09-20 19:49:00,699 - database_manager - INFO - Verarbeite Datei 239/2945: debates2016-01-22a.xml
2025-09-20 19:49:00,699 - database_manager - INFO - Parse debates XML-Datei: debates2016-01-22a.xml
2025-09-20 19:49:00,700 - database_manager - INFO - Debates XML erfolgreich geparst: 2 Debatten, 0 Reden, 0 Wörter
2025-09-20 19:49:00,700 - database_manager - INFO - Verarbeite Datei 240/2945: debates2013-07-10c.xml
2025-09-20 19:49:00,700 - database_manager - INFO - Parse debates XML-Datei: debates2013-07-10c.xml
2025-09-20 19:49:00,722 - database_manager - INFO - Debates XML erfolgreich geparst: 25 Debatten, 0 Reden, 0 Wörter
2025-09-20 19:49:00,722 - database_manager - INFO - Verarbeite Datei 241/2945: debates2013-11-19a.xml
2025-09-20 19:49:00,722 - database_manager - INFO - Parse debates XML-Datei: debates2013-11-19a.xml
2025-09-20 19:49:00,724 - database_manager - INFO - Debates XML erfolgreich geparst: 0 Debatten, 0 Reden, 0 Wörter
2025-09-20 19:49:00,724 - database_manager - INFO - Verarbeite Datei 242/2945: debates2014-06-16a.xml
2025-09-20 19:49:00,724 - database_manager - INFO - Parse debates XML-Datei: debates2014-06-16a.xml
2025-09-20 19:49:00,738 - database_manager - INFO - Debates XML erfolgreich geparst: 34 Debatten, 0 Reden, 0 Wörter
2025-09-20 19:49:00,739 - database_manager - INFO - Verarbeite Datei 243/2945: debates2016-11-22a.xml
2025-09-20 19:49:00,739 - database_manager - INFO - Parse debates XML-Datei: debates2016-11-22a.xml
2025-09-20 19:49:00,740 - database_manager - INFO - Debates XML erfolgreich geparst: 0 Debatten, 0 Reden, 0 Wörter
2025-09-20 19:49:00,740 - database_manager - INFO - Verarbeite Datei 244/2945: debates2017-02-21a.xml
2025-09-20 19:49:00,740 - database_manager - INFO - Parse debates XML-Datei: debates2017-02-21a.xml
2025-09-20 19:49:00,740 - database_manager - INFO - Debates XML erfolgreich geparst: 0 Debatten, 0 Reden, 0 Wörter
2025-09-20 19:49:00,741 - database_manager - INFO - Verarbeite Datei 245/2945: debates2015-01-21c.xml
2025-09-20 19:49:00,741 - database_manager - INFO - Parse debates XML-Datei: debates2015-01-21c.xml
2025-09-20 19:49:00,758 - database_manager - INFO - Debates XML erfolgreich geparst: 20 Debatten, 0 Reden, 0 Wörter
2025-09-20 19:49:00,758 - database_manager - INFO - Verarbeite Datei 246/2945: debates2021-07-07b.xml
2025-09-20 19:49:00,758 - database_manager - INFO - Parse debates XML-Datei: debates2021-07-07b.xml
2025-09-20 19:49:00,774 - database_manager - INFO - Debates XML erfolgreich geparst: 15 Debatten, 0 Reden, 0 Wörter
2025-09-20 19:49:00,775 - database_manager - INFO - Verarbeite Datei 247/2945: debates2012-11-06b.xml
2025-09-20 19:49:00,775 - database_manager - INFO - Parse debates XML-Datei: debates2012-11-06b.xml
2025-09-20 19:49:00,872 - database_manager - INFO - Debates XML erfolgreich geparst: 27 Debatten, 0 Reden, 0 Wörter
2025-09-20 19:49:00,872 - database_manager - INFO - Verarbeite Datei 248/2945: debates2015-06-09b.xml
2025-09-20 19:49:00,872 - database_manager - INFO - Parse debates XML-Datei: debates2015-06-09b.xml
2025-09-20 19:49:00,874 - database_manager - INFO - Debates XML erfolgreich geparst: 0 Debatten, 0 Reden, 0 Wörter
2025-09-20 19:49:00,874 - database_manager - INFO - Verarbeite Datei 249/2945: debates2017-12-21a.xml
2025-09-20 19:49:00,874 - database_manager - INFO - Parse debates XML-Datei: debates2017-12-21a.xml
2025-09-20 19:49:00,888 - database_manager - INFO - Debates XML erfolgreich geparst: 20 Debatten, 0 Reden, 0 Wörter
2025-09-20 19:49:00,889 - database_manager - INFO - Verarbeite Datei 250/2945: debates2019-12-18a.xml
2025-09-20 19:49:00,889 - database_manager - INFO - Parse debates XML-Datei: debates2019-12-18a.xml
2025-09-20 19:49:00,890 - database_manager - INFO - Debates XML erfolgreich geparst: 0 Debatten, 0 Reden, 0 Wörter
2025-09-20 19:49:00,890 - database_manager - INFO - Verarbeite Datei 251/2945: debates2016-07-07b.xml
2025-09-20 19:49:00,890 - database_manager - INFO - Parse debates XML-Datei: debates2016-07-07b.xml
2025-09-20 19:49:00,904 - database_manager - INFO - Debates XML erfolgreich geparst: 22 Debatten, 0 Reden, 0 Wörter
2025-09-20 19:49:00,904 - database_manager - INFO - Verarbeite Datei 252/2945: debates2020-04-28c.xml
2025-09-20 19:49:00,905 - database_manager - INFO - Parse debates XML-Datei: debates2020-04-28c.xml
2025-09-20 19:49:00,916 - database_manager - INFO - Debates XML erfolgreich geparst: 15 Debatten, 0 Reden, 0 Wörter
2025-09-20 19:49:00,916 - database_manager - INFO - Verarbeite Datei 253/2945: debates2019-02-18a.xml
2025-09-20 19:49:00,916 - database_manager - INFO - Parse debates XML-Datei: debates2019-02-18a.xml
2025-09-20 19:49:00,917 - database_manager - INFO - Debates XML erfolgreich geparst: 0 Debatten, 0 Reden, 0 Wörter
2025-09-20 19:49:00,918 - database_manager - INFO - Verarbeite Datei 254/2945: debates2021-09-15a.xml
2025-09-20 19:49:00,918 - database_manager - INFO - Parse debates XML-Datei: debates2021-09-15a.xml
2025-09-20 19:49:00,919 - database_manager - INFO - Debates XML erfolgreich geparst: 0 Debatten, 0 Reden, 0 Wörter
2025-09-20 19:49:00,919 - database_manager - INFO - Verarbeite Datei 255/2945: debates2012-07-03c.xml
2025-09-20 19:49:00,919 - database_manager - INFO - Parse debates XML-Datei: debates2012-07-03c.xml
2025-09-20 19:49:00,939 - database_manager - INFO - Debates XML erfolgreich geparst: 45 Debatten, 0 Reden, 0 Wörter
2025-09-20 19:49:00,939 - database_manager - INFO - Verarbeite Datei 256/2945: debates2021-11-02c.xml
2025-09-20 19:49:00,939 - database_manager - INFO - Parse debates XML-Datei: debates2021-11-02c.xml
2025-09-20 19:49:00,956 - database_manager - INFO - Debates XML erfolgreich geparst: 22 Debatten, 0 Reden, 0 Wörter
2025-09-20 19:49:00,957 - database_manager - INFO - Verarbeite Datei 257/2945: debates2017-01-31a.xml
2025-09-20 19:49:00,957 - database_manager - INFO - Parse debates XML-Datei: debates2017-01-31a.xml
2025-09-20 19:49:00,958 - database_manager - INFO - Debates XML erfolgreich geparst: 0 Debatten, 0 Reden, 0 Wörter
2025-09-20 19:49:00,958 - database_manager - INFO - Verarbeite Datei 258/2945: debates2015-05-19b.xml
2025-09-20 19:49:00,958 - database_manager - INFO - Parse debates XML-Datei: debates2015-05-19b.xml
2025-09-20 19:49:00,958 - database_manager - INFO - Debates XML erfolgreich geparst: 0 Debatten, 0 Reden, 0 Wörter
2025-09-20 19:49:00,958 - database_manager - INFO - Verarbeite Datei 259/2945: debates2017-10-10b.xml
2025-09-20 19:49:00,958 - database_manager - INFO - Parse debates XML-Datei: debates2017-10-10b.xml
2025-09-20 19:49:00,959 - database_manager - INFO - Debates XML erfolgreich geparst: 0 Debatten, 0 Reden, 0 Wörter
2025-09-20 19:49:00,959 - database_manager - INFO - Verarbeite Datei 260/2945: debates2018-06-13b.xml
2025-09-20 19:49:00,959 - database_manager - INFO - Parse debates XML-Datei: debates2018-06-13b.xml
2025-09-20 19:49:00,960 - database_manager - INFO - Debates XML erfolgreich geparst: 0 Debatten, 0 Reden, 0 Wörter
2025-09-20 19:49:00,960 - database_manager - INFO - Verarbeite Datei 261/2945: debates2013-06-11b.xml
2025-09-20 19:49:00,961 - database_manager - INFO - Parse debates XML-Datei: debates2013-06-11b.xml
2025-09-20 19:49:00,981 - database_manager - INFO - Debates XML erfolgreich geparst: 41 Debatten, 0 Reden, 0 Wörter
2025-09-20 19:49:00,981 - database_manager - INFO - Verarbeite Datei 262/2945: debates2014-12-02a.xml
2025-09-20 19:49:00,981 - database_manager - INFO - Parse debates XML-Datei: debates2014-12-02a.xml
2025-09-20 19:49:00,982 - database_manager - INFO - Debates XML erfolgreich geparst: 0 Debatten, 0 Reden, 0 Wörter
2025-09-20 19:49:00,982 - database_manager - INFO - Verarbeite Datei 263/2945: debates2019-10-29b.xml
2025-09-20 19:49:00,982 - database_manager - INFO - Parse debates XML-Datei: debates2019-10-29b.xml
2025-09-20 19:49:01,000 - database_manager - INFO - Debates XML erfolgreich geparst: 17 Debatten, 0 Reden, 0 Wörter
2025-09-20 19:49:01,001 - database_manager - INFO - Verarbeite Datei 264/2945: debates2013-03-04c.xml
2025-09-20 19:49:01,001 - database_manager - INFO - Parse debates XML-Datei: debates2013-03-04c.xml
2025-09-20 19:49:01,018 - database_manager - INFO - Debates XML erfolgreich geparst: 38 Debatten, 0 Reden, 0 Wörter
2025-09-20 19:49:01,018 - database_manager - INFO - Verarbeite Datei 265/2945: debates2019-07-01c.xml
2025-09-20 19:49:01,019 - database_manager - INFO - Parse debates XML-Datei: debates2019-07-01c.xml
2025-09-20 19:49:01,032 - database_manager - INFO - Debates XML erfolgreich geparst: 17 Debatten, 0 Reden, 0 Wörter
2025-09-20 19:49:01,033 - database_manager - INFO - Verarbeite Datei 266/2945: debates2019-02-14b.xml
2025-09-20 19:49:01,033 - database_manager - INFO - Parse debates XML-Datei: debates2019-02-14b.xml
2025-09-20 19:49:01,049 - database_manager - INFO - Debates XML erfolgreich geparst: 18 Debatten, 0 Reden, 0 Wörter
2025-09-20 19:49:01,050 - database_manager - INFO - Verarbeite Datei 267/2945: debates2019-01-08a.xml
2025-09-20 19:49:01,050 - database_manager - INFO - Parse debates XML-Datei: debates2019-01-08a.xml
2025-09-20 19:49:01,051 - database_manager - INFO - Debates XML erfolgreich geparst: 0 Debatten, 0 Reden, 0 Wörter
2025-09-20 19:49:01,051 - database_manager - INFO - Verarbeite Datei 268/2945: debates2016-09-15a.xml
2025-09-20 19:49:01,051 - database_manager - INFO - Parse debates XML-Datei: debates2016-09-15a.xml
2025-09-20 19:49:01,052 - database_manager - INFO - Debates XML erfolgreich geparst: 0 Debatten, 0 Reden, 0 Wörter
2025-09-20 19:49:01,052 - database_manager - INFO - Verarbeite Datei 269/2945: debates2019-06-20a.xml
2025-09-20 19:49:01,052 - database_manager - INFO - Parse debates XML-Datei: debates2019-06-20a.xml
2025-09-20 19:49:01,065 - database_manager - INFO - Debates XML erfolgreich geparst: 27 Debatten, 0 Reden, 0 Wörter
2025-09-20 19:49:01,065 - database_manager - INFO - Verarbeite Datei 270/2945: debates2019-07-01b.xml
2025-09-20 19:49:01,065 - database_manager - INFO - Parse debates XML-Datei: debates2019-07-01b.xml
2025-09-20 19:49:01,066 - database_manager - INFO - Debates XML erfolgreich geparst: 0 Debatten, 0 Reden, 0 Wörter
2025-09-20 19:49:01,066 - database_manager - INFO - Verarbeite Datei 271/2945: debates2016-11-02b.xml
2025-09-20 19:49:01,066 - database_manager - INFO - Parse debates XML-Datei: debates2016-11-02b.xml
2025-09-20 19:49:01,081 - database_manager - INFO - Debates XML erfolgreich geparst: 10 Debatten, 0 Reden, 0 Wörter
2025-09-20 19:49:01,081 - database_manager - INFO - Verarbeite Datei 272/2945: debates2014-07-17a.xml
2025-09-20 19:49:01,081 - database_manager - INFO - Parse debates XML-Datei: debates2014-07-17a.xml
2025-09-20 19:49:01,097 - database_manager - INFO - Debates XML erfolgreich geparst: 29 Debatten, 0 Reden, 0 Wörter
2025-09-20 19:49:01,097 - database_manager - INFO - Verarbeite Datei 273/2945: debates2020-05-05b.xml
2025-09-20 19:49:01,097 - database_manager - INFO - Parse debates XML-Datei: debates2020-05-05b.xml
2025-09-20 19:49:01,104 - database_manager - INFO - Debates XML erfolgreich geparst: 15 Debatten, 0 Reden, 0 Wörter
2025-09-20 19:49:01,104 - database_manager - INFO - Verarbeite Datei 274/2945: debates2013-10-18a.xml
2025-09-20 19:49:01,104 - database_manager - INFO - Parse debates XML-Datei: debates2013-10-18a.xml
2025-09-20 19:49:01,113 - database_manager - INFO - Debates XML erfolgreich geparst: 12 Debatten, 0 Reden, 0 Wörter
2025-09-20 19:49:01,113 - database_manager - INFO - Verarbeite Datei 275/2945: debates2014-09-09a.xml
2025-09-20 19:49:01,113 - database_manager - INFO - Parse debates XML-Datei: debates2014-09-09a.xml
2025-09-20 19:49:01,195 - database_manager - INFO - Debates XML erfolgreich geparst: 0 Debatten, 0 Reden, 0 Wörter
2025-09-20 19:49:01,195 - database_manager - INFO - Verarbeite Datei 276/2945: debates2013-03-04b.xml
2025-09-20 19:49:01,195 - database_manager - INFO - Parse debates XML-Datei: debates2013-03-04b.xml
2025-09-20 19:49:01,196 - database_manager - INFO - Debates XML erfolgreich geparst: 0 Debatten, 0 Reden, 0 Wörter
2025-09-20 19:49:01,196 - database_manager - INFO - Verarbeite Datei 277/2945: debates2013-02-25a.xml
2025-09-20 19:49:01,196 - database_manager - INFO - Parse debates XML-Datei: debates2013-02-25a.xml
2025-09-20 19:49:01,197 - database_manager - INFO - Debates XML erfolgreich geparst: 0 Debatten, 0 Reden, 0 Wörter
2025-09-20 19:49:01,197 - database_manager - INFO - Verarbeite Datei 278/2945: debates2015-03-10a.xml
2025-09-20 19:49:01,197 - database_manager - INFO - Parse debates XML-Datei: debates2015-03-10a.xml
2025-09-20 19:49:01,213 - database_manager - INFO - Debates XML erfolgreich geparst: 38 Debatten, 0 Reden, 0 Wörter
2025-09-20 19:49:01,213 - database_manager - INFO - Verarbeite Datei 279/2945: debates2018-03-06b.xml
2025-09-20 19:49:01,213 - database_manager - INFO - Parse debates XML-Datei: debates2018-03-06b.xml
2025-09-20 19:49:01,228 - database_manager - INFO - Debates XML erfolgreich geparst: 20 Debatten, 0 Reden, 0 Wörter
2025-09-20 19:49:01,228 - database_manager - INFO - Verarbeite Datei 280/2945: debates2018-02-27a.xml
2025-09-20 19:49:01,228 - database_manager - INFO - Parse debates XML-Datei: debates2018-02-27a.xml
2025-09-20 19:49:01,230 - database_manager - INFO - Debates XML erfolgreich geparst: 0 Debatten, 0 Reden, 0 Wörter
2025-09-20 19:49:01,230 - database_manager - INFO - Verarbeite Datei 281/2945: debates2018-06-13c.xml
2025-09-20 19:49:01,230 - database_manager - INFO - Parse debates XML-Datei: debates2018-06-13c.xml
2025-09-20 19:49:01,249 - database_manager - INFO - Debates XML erfolgreich geparst: 23 Debatten, 0 Reden, 0 Wörter
2025-09-20 19:49:01,250 - database_manager - INFO - Verarbeite Datei 282/2945: debates2017-10-10c.xml
2025-09-20 19:49:01,250 - database_manager - INFO - Parse debates XML-Datei: debates2017-10-10c.xml
2025-09-20 19:49:01,251 - database_manager - INFO - Debates XML erfolgreich geparst: 0 Debatten, 0 Reden, 0 Wörter
2025-09-20 19:49:01,251 - database_manager - INFO - Verarbeite Datei 283/2945: debates2015-05-19c.xml
2025-09-20 19:49:01,251 - database_manager - INFO - Parse debates XML-Datei: debates2015-05-19c.xml
2025-09-20 19:49:01,253 - database_manager - INFO - Debates XML erfolgreich geparst: 1 Debatten, 0 Reden, 0 Wörter
2025-09-20 19:49:01,253 - database_manager - INFO - Verarbeite Datei 284/2945: debates2021-09-14d.xml
2025-09-20 19:49:01,253 - database_manager - INFO - Parse debates XML-Datei: debates2021-09-14d.xml
2025-09-20 19:49:01,270 - database_manager - INFO - Debates XML erfolgreich geparst: 24 Debatten, 0 Reden, 0 Wörter
2025-09-20 19:49:01,271 - database_manager - INFO - Verarbeite Datei 285/2945: debates2017-04-24a.xml
2025-09-20 19:49:01,271 - database_manager - INFO - Parse debates XML-Datei: debates2017-04-24a.xml
2025-09-20 19:49:01,272 - database_manager - INFO - Debates XML erfolgreich geparst: 0 Debatten, 0 Reden, 0 Wörter
2025-09-20 19:49:01,272 - database_manager - INFO - Verarbeite Datei 286/2945: debates2021-11-02b.xml
2025-09-20 19:49:01,272 - database_manager - INFO - Parse debates XML-Datei: debates2021-11-02b.xml
2025-09-20 19:49:01,273 - database_manager - INFO - Debates XML erfolgreich geparst: 0 Debatten, 0 Reden, 0 Wörter
2025-09-20 19:49:01,273 - database_manager - INFO - Verarbeite Datei 287/2945: debates2012-07-03b.xml
2025-09-20 19:49:01,273 - database_manager - INFO - Parse debates XML-Datei: debates2012-07-03b.xml
2025-09-20 19:49:01,274 - database_manager - INFO - Debates XML erfolgreich geparst: 0 Debatten, 0 Reden, 0 Wörter
2025-09-20 19:49:01,274 - database_manager - INFO - Verarbeite Datei 288/2945: debates2016-12-12b.xml
2025-09-20 19:49:01,274 - database_manager - INFO - Parse debates XML-Datei: debates2016-12-12b.xml
2025-09-20 19:49:01,286 - database_manager - INFO - Debates XML erfolgreich geparst: 27 Debatten, 0 Reden, 0 Wörter
2025-09-20 19:49:01,287 - database_manager - INFO - Verarbeite Datei 289/2945: debates2014-04-07a.xml
2025-09-20 19:49:01,287 - database_manager - INFO - Parse debates XML-Datei: debates2014-04-07a.xml
2025-09-20 19:49:01,298 - database_manager - INFO - Debates XML erfolgreich geparst: 21 Debatten, 0 Reden, 0 Wörter
2025-09-20 19:49:01,298 - database_manager - INFO - Verarbeite Datei 290/2945: debates2013-10-14b.xml
2025-09-20 19:49:01,298 - database_manager - INFO - Parse debates XML-Datei: debates2013-10-14b.xml
2025-09-20 19:49:01,317 - database_manager - INFO - Debates XML erfolgreich geparst: 45 Debatten, 0 Reden, 0 Wörter
2025-09-20 19:49:01,317 - database_manager - INFO - Verarbeite Datei 291/2945: debates2020-04-28b.xml
2025-09-20 19:49:01,317 - database_manager - INFO - Parse debates XML-Datei: debates2020-04-28b.xml
2025-09-20 19:49:01,318 - database_manager - INFO - Debates XML erfolgreich geparst: 0 Debatten, 0 Reden, 0 Wörter
2025-09-20 19:49:01,318 - database_manager - INFO - Verarbeite Datei 292/2945: debates2014-01-13d.xml
2025-09-20 19:49:01,318 - database_manager - INFO - Parse debates XML-Datei: debates2014-01-13d.xml
2025-09-20 19:49:01,334 - database_manager - INFO - Debates XML erfolgreich geparst: 21 Debatten, 0 Reden, 0 Wörter
2025-09-20 19:49:01,335 - database_manager - INFO - Verarbeite Datei 293/2945: debates2014-09-05b.xml
2025-09-20 19:49:01,335 - database_manager - INFO - Parse debates XML-Datei: debates2014-09-05b.xml
2025-09-20 19:49:01,344 - database_manager - INFO - Debates XML erfolgreich geparst: 4 Debatten, 0 Reden, 0 Wörter
2025-09-20 19:49:01,345 - database_manager - INFO - Verarbeite Datei 294/2945: debates2015-01-21b.xml
2025-09-20 19:49:01,345 - database_manager - INFO - Parse debates XML-Datei: debates2015-01-21b.xml
2025-09-20 19:49:01,346 - database_manager - INFO - Debates XML erfolgreich geparst: 0 Debatten, 0 Reden, 0 Wörter
2025-09-20 19:49:01,346 - database_manager - INFO - Verarbeite Datei 295/2945: debates2015-06-09c.xml
2025-09-20 19:49:01,346 - database_manager - INFO - Parse debates XML-Datei: debates2015-06-09c.xml
2025-09-20 19:49:01,363 - database_manager - INFO - Debates XML erfolgreich geparst: 17 Debatten, 0 Reden, 0 Wörter
2025-09-20 19:49:01,363 - database_manager - INFO - Verarbeite Datei 296/2945: debates2012-09-11a.xml
2025-09-20 19:49:01,363 - database_manager - INFO - Parse debates XML-Datei: debates2012-09-11a.xml
2025-09-20 19:49:01,365 - database_manager - INFO - Debates XML erfolgreich geparst: 0 Debatten, 0 Reden, 0 Wörter
2025-09-20 19:49:01,365 - database_manager - INFO - Verarbeite Datei 297/2945: debates2019-01-28b.xml
2025-09-20 19:49:01,365 - database_manager - INFO - Parse debates XML-Datei: debates2019-01-28b.xml
2025-09-20 19:49:01,382 - database_manager - INFO - Debates XML erfolgreich geparst: 26 Debatten, 0 Reden, 0 Wörter
2025-09-20 19:49:01,382 - database_manager - INFO - Verarbeite Datei 298/2945: debates2014-03-03a.xml
2025-09-20 19:49:01,382 - database_manager - INFO - Parse debates XML-Datei: debates2014-03-03a.xml
2025-09-20 19:49:01,396 - database_manager - INFO - Debates XML erfolgreich geparst: 18 Debatten, 0 Reden, 0 Wörter
2025-09-20 19:49:01,397 - database_manager - INFO - Verarbeite Datei 299/2945: debates2013-07-10b.xml
2025-09-20 19:49:01,397 - database_manager - INFO - Parse debates XML-Datei: debates2013-07-10b.xml
2025-09-20 19:49:01,398 - database_manager - INFO - Debates XML erfolgreich geparst: 0 Debatten, 0 Reden, 0 Wörter
2025-09-20 19:49:01,398 - database_manager - INFO - Verarbeite Datei 300/2945: debates2017-10-30a.xml
2025-09-20 19:49:01,398 - database_manager - INFO - Parse debates XML-Datei: debates2017-10-30a.xml
2025-09-20 19:49:01,411 - database_manager - INFO - Debates XML erfolgreich geparst: 23 Debatten, 0 Reden, 0 Wörter
2025-09-20 19:49:01,412 - database_manager - INFO - Verarbeite Datei 301/2945: debates2018-07-12b.xml
2025-09-20 19:49:01,412 - database_manager - INFO - Parse debates XML-Datei: debates2018-07-12b.xml
2025-09-20 19:49:01,427 - database_manager - INFO - Debates XML erfolgreich geparst: 24 Debatten, 0 Reden, 0 Wörter
2025-09-20 19:49:01,427 - database_manager - INFO - Verarbeite Datei 302/2945: debates2017-07-19d.xml
2025-09-20 19:49:01,427 - database_manager - INFO - Parse debates XML-Datei: debates2017-07-19d.xml
2025-09-20 19:49:01,442 - database_manager - INFO - Debates XML erfolgreich geparst: 33 Debatten, 0 Reden, 0 Wörter
2025-09-20 19:49:01,442 - database_manager - INFO - Verarbeite Datei 303/2945: debates2015-02-10d.xml
2025-09-20 19:49:01,442 - database_manager - INFO - Parse debates XML-Datei: debates2015-02-10d.xml
2025-09-20 19:49:01,546 - database_manager - INFO - Debates XML erfolgreich geparst: 37 Debatten, 0 Reden, 0 Wörter
2025-09-20 19:49:01,546 - database_manager - INFO - Verarbeite Datei 304/2945: debates2017-01-11b.xml
2025-09-20 19:49:01,546 - database_manager - INFO - Parse debates XML-Datei: debates2017-01-11b.xml
2025-09-20 19:49:01,547 - database_manager - INFO - Debates XML erfolgreich geparst: 0 Debatten, 0 Reden, 0 Wörter
2025-09-20 19:49:01,547 - database_manager - INFO - Verarbeite Datei 305/2945: debates2020-07-14c.xml
2025-09-20 19:49:01,547 - database_manager - INFO - Parse debates XML-Datei: debates2020-07-14c.xml
2025-09-20 19:49:01,562 - database_manager - INFO - Debates XML erfolgreich geparst: 23 Debatten, 0 Reden, 0 Wörter
2025-09-20 19:49:01,563 - database_manager - INFO - Verarbeite Datei 306/2945: debates2019-01-24a.xml
2025-09-20 19:49:01,563 - database_manager - INFO - Parse debates XML-Datei: debates2019-01-24a.xml
2025-09-20 19:49:01,564 - database_manager - INFO - Debates XML erfolgreich geparst: 0 Debatten, 0 Reden, 0 Wörter
2025-09-20 19:49:01,564 - database_manager - INFO - Verarbeite Datei 307/2945: debates2019-03-19a.xml
2025-09-20 19:49:01,564 - database_manager - INFO - Parse debates XML-Datei: debates2019-03-19a.xml
2025-09-20 19:49:01,576 - database_manager - INFO - Debates XML erfolgreich geparst: 19 Debatten, 0 Reden, 0 Wörter
2025-09-20 19:49:01,576 - database_manager - INFO - Verarbeite Datei 308/2945: debates2013-09-02a.xml
2025-09-20 19:49:01,576 - database_manager - INFO - Parse debates XML-Datei: debates2013-09-02a.xml
2025-09-20 19:49:01,577 - database_manager - INFO - Debates XML erfolgreich geparst: 0 Debatten, 0 Reden, 0 Wörter
2025-09-20 19:49:01,577 - database_manager - INFO - Verarbeite Datei 309/2945: debates2016-06-06b.xml
2025-09-20 19:49:01,577 - database_manager - INFO - Parse debates XML-Datei: debates2016-06-06b.xml
2025-09-20 19:49:01,598 - database_manager - INFO - Debates XML erfolgreich geparst: 67 Debatten, 0 Reden, 0 Wörter
2025-09-20 19:49:01,599 - database_manager - INFO - Verarbeite Datei 310/2945: debates2014-10-13a.xml
2025-09-20 19:49:01,599 - database_manager - INFO - Parse debates XML-Datei: debates2014-10-13a.xml
2025-09-20 19:49:01,600 - database_manager - INFO - Debates XML erfolgreich geparst: 0 Debatten, 0 Reden, 0 Wörter
2025-09-20 19:49:01,600 - database_manager - INFO - Verarbeite Datei 311/2945: debates2020-12-01b.xml
2025-09-20 19:49:01,600 - database_manager - INFO - Parse debates XML-Datei: debates2020-12-01b.xml
2025-09-20 19:49:01,600 - database_manager - INFO - Debates XML erfolgreich geparst: 0 Debatten, 0 Reden, 0 Wörter
2025-09-20 19:49:01,600 - database_manager - INFO - Verarbeite Datei 312/2945: debates2013-05-21a.xml
2025-09-20 19:49:01,600 - database_manager - INFO - Parse debates XML-Datei: debates2013-05-21a.xml
2025-09-20 19:49:01,621 - database_manager - INFO - Debates XML erfolgreich geparst: 39 Debatten, 0 Reden, 0 Wörter
2025-09-20 19:49:01,621 - database_manager - INFO - Verarbeite Datei 313/2945: debates2018-05-23a.xml
2025-09-20 19:49:01,621 - database_manager - INFO - Parse debates XML-Datei: debates2018-05-23a.xml
2025-09-20 19:49:01,622 - database_manager - INFO - Debates XML erfolgreich geparst: 0 Debatten, 0 Reden, 0 Wörter
2025-09-20 19:49:01,622 - database_manager - INFO - Verarbeite Datei 314/2945: debates2015-06-29a.xml
2025-09-20 19:49:01,622 - database_manager - INFO - Parse debates XML-Datei: debates2015-06-29a.xml
2025-09-20 19:49:01,623 - database_manager - INFO - Debates XML erfolgreich geparst: 0 Debatten, 0 Reden, 0 Wörter
2025-09-20 19:49:01,623 - database_manager - INFO - Verarbeite Datei 315/2945: debates2012-11-26a.xml
2025-09-20 19:49:01,623 - database_manager - INFO - Parse debates XML-Datei: debates2012-11-26a.xml
2025-09-20 19:49:01,624 - database_manager - INFO - Debates XML erfolgreich geparst: 0 Debatten, 0 Reden, 0 Wörter
2025-09-20 19:49:01,624 - database_manager - INFO - Verarbeite Datei 316/2945: debates2017-02-01b.xml
2025-09-20 19:49:01,624 - database_manager - INFO - Parse debates XML-Datei: debates2017-02-01b.xml
2025-09-20 19:49:01,640 - database_manager - INFO - Debates XML erfolgreich geparst: 13 Debatten, 0 Reden, 0 Wörter
2025-09-20 19:49:01,641 - database_manager - INFO - Verarbeite Datei 317/2945: debates2015-09-16b.xml
2025-09-20 19:49:01,641 - database_manager - INFO - Parse debates XML-Datei: debates2015-09-16b.xml
2025-09-20 19:49:01,656 - database_manager - INFO - Debates XML erfolgreich geparst: 26 Debatten, 0 Reden, 0 Wörter
2025-09-20 19:49:01,656 - database_manager - INFO - Verarbeite Datei 318/2945: debates2017-03-20a.xml
2025-09-20 19:49:01,656 - database_manager - INFO - Parse debates XML-Datei: debates2017-03-20a.xml
2025-09-20 19:49:01,670 - database_manager - INFO - Debates XML erfolgreich geparst: 17 Debatten, 0 Reden, 0 Wörter
2025-09-20 19:49:01,671 - database_manager - INFO - Verarbeite Datei 319/2945: debates2012-01-26a.xml
2025-09-20 19:49:01,671 - database_manager - INFO - Parse debates XML-Datei: debates2012-01-26a.xml
2025-09-20 19:49:01,687 - database_manager - INFO - Debates XML erfolgreich geparst: 17 Debatten, 0 Reden, 0 Wörter
2025-09-20 19:49:01,687 - database_manager - INFO - Verarbeite Datei 320/2945: debates2013-06-27a.xml
2025-09-20 19:49:01,687 - database_manager - INFO - Parse debates XML-Datei: debates2013-06-27a.xml
2025-09-20 19:49:01,704 - database_manager - INFO - Debates XML erfolgreich geparst: 20 Debatten, 0 Reden, 0 Wörter
2025-09-20 19:49:01,704 - database_manager - INFO - Verarbeite Datei 321/2945: debates2016-04-21a.xml
2025-09-20 19:49:01,704 - database_manager - INFO - Parse debates XML-Datei: debates2016-04-21a.xml
2025-09-20 19:49:01,705 - database_manager - INFO - Debates XML erfolgreich geparst: 0 Debatten, 0 Reden, 0 Wörter
2025-09-20 19:49:01,705 - database_manager - INFO - Verarbeite Datei 322/2945: debates2014-11-28a.xml
2025-09-20 19:49:01,705 - database_manager - INFO - Parse debates XML-Datei: debates2014-11-28a.xml
2025-09-20 19:49:01,714 - database_manager - INFO - Debates XML erfolgreich geparst: 4 Debatten, 0 Reden, 0 Wörter
2025-09-20 19:49:01,714 - database_manager - INFO - Verarbeite Datei 323/2945: debates2020-01-07b.xml
2025-09-20 19:49:01,714 - database_manager - INFO - Parse debates XML-Datei: debates2020-01-07b.xml
2025-09-20 19:49:01,729 - database_manager - INFO - Debates XML erfolgreich geparst: 23 Debatten, 0 Reden, 0 Wörter
2025-09-20 19:49:01,730 - database_manager - INFO - Verarbeite Datei 324/2945: debates2014-01-28a.xml
2025-09-20 19:49:01,730 - database_manager - INFO - Parse debates XML-Datei: debates2014-01-28a.xml
2025-09-20 19:49:01,741 - database_manager - INFO - Debates XML erfolgreich geparst: 23 Debatten, 0 Reden, 0 Wörter
2025-09-20 19:49:01,741 - database_manager - INFO - Verarbeite Datei 325/2945: debates2021-09-23b.xml
2025-09-20 19:49:01,741 - database_manager - INFO - Parse debates XML-Datei: debates2021-09-23b.xml
2025-09-20 19:49:01,757 - database_manager - INFO - Debates XML erfolgreich geparst: 13 Debatten, 0 Reden, 0 Wörter
2025-09-20 19:49:01,757 - database_manager - INFO - Verarbeite Datei 326/2945: debates2012-02-20a.xml
2025-09-20 19:49:01,757 - database_manager - INFO - Parse debates XML-Datei: debates2012-02-20a.xml
2025-09-20 19:49:01,773 - database_manager - INFO - Debates XML erfolgreich geparst: 18 Debatten, 0 Reden, 0 Wörter
2025-09-20 19:49:01,773 - database_manager - INFO - Verarbeite Datei 327/2945: debates2021-04-21a.xml
2025-09-20 19:49:01,773 - database_manager - INFO - Parse debates XML-Datei: debates2021-04-21a.xml
2025-09-20 19:49:01,774 - database_manager - INFO - Debates XML erfolgreich geparst: 0 Debatten, 0 Reden, 0 Wörter
2025-09-20 19:49:01,774 - database_manager - INFO - Verarbeite Datei 328/2945: debates2012-12-20a.xml
2025-09-20 19:49:01,774 - database_manager - INFO - Parse debates XML-Datei: debates2012-12-20a.xml
2025-09-20 19:49:01,788 - database_manager - INFO - Debates XML erfolgreich geparst: 27 Debatten, 0 Reden, 0 Wörter
2025-09-20 19:49:01,789 - database_manager - INFO - Verarbeite Datei 329/2945: debates2018-04-18a.xml
2025-09-20 19:49:01,789 - database_manager - INFO - Parse debates XML-Datei: debates2018-04-18a.xml
2025-09-20 19:49:01,790 - database_manager - INFO - Debates XML erfolgreich geparst: 0 Debatten, 0 Reden, 0 Wörter
2025-09-20 19:49:01,790 - database_manager - INFO - Verarbeite Datei 330/2945: debates2018-06-25a.xml
2025-09-20 19:49:01,790 - database_manager - INFO - Parse debates XML-Datei: debates2018-06-25a.xml
2025-09-20 19:49:01,791 - database_manager - INFO - Debates XML erfolgreich geparst: 0 Debatten, 0 Reden, 0 Wörter
2025-09-20 19:49:01,791 - database_manager - INFO - Verarbeite Datei 331/2945: debates2017-10-26a.xml
2025-09-20 19:49:01,791 - database_manager - INFO - Parse debates XML-Datei: debates2017-10-26a.xml
2025-09-20 19:49:01,792 - database_manager - INFO - Debates XML erfolgreich geparst: 0 Debatten, 0 Reden, 0 Wörter
2025-09-20 19:49:01,792 - database_manager - INFO - Verarbeite Datei 332/2945: debates2017-11-07b.xml
2025-09-20 19:49:01,792 - database_manager - INFO - Parse debates XML-Datei: debates2017-11-07b.xml
2025-09-20 19:49:01,793 - database_manager - INFO - Debates XML erfolgreich geparst: 0 Debatten, 0 Reden, 0 Wörter
2025-09-20 19:49:01,793 - database_manager - INFO - Verarbeite Datei 333/2945: debates2013-04-16b.xml
2025-09-20 19:49:01,793 - database_manager - INFO - Parse debates XML-Datei: debates2013-04-16b.xml
2025-09-20 19:49:01,813 - database_manager - INFO - Debates XML erfolgreich geparst: 37 Debatten, 0 Reden, 0 Wörter
2025-09-20 19:49:01,814 - database_manager - INFO - Verarbeite Datei 334/2945: debates2019-09-25c.xml
2025-09-20 19:49:01,814 - database_manager - INFO - Parse debates XML-Datei: debates2019-09-25c.xml
2025-09-20 19:49:01,932 - database_manager - INFO - Debates XML erfolgreich geparst: 0 Debatten, 0 Reden, 0 Wörter
2025-09-20 19:49:01,932 - database_manager - INFO - Verarbeite Datei 335/2945: debates2020-12-17b.xml
2025-09-20 19:49:01,932 - database_manager - INFO - Parse debates XML-Datei: debates2020-12-17b.xml
2025-09-20 19:49:01,948 - database_manager - INFO - Debates XML erfolgreich geparst: 15 Debatten, 0 Reden, 0 Wörter
2025-09-20 19:49:01,948 - database_manager - INFO - Verarbeite Datei 336/2945: debates2014-11-24b.xml
2025-09-20 19:49:01,948 - database_manager - INFO - Parse debates XML-Datei: debates2014-11-24b.xml
2025-09-20 19:49:01,980 - database_manager - INFO - Debates XML erfolgreich geparst: 25 Debatten, 0 Reden, 0 Wörter
2025-09-20 19:49:01,982 - database_manager - INFO - Verarbeite Datei 337/2945: debates2016-10-18d.xml
2025-09-20 19:49:01,982 - database_manager - INFO - Parse debates XML-Datei: debates2016-10-18d.xml
2025-09-20 19:49:02,023 - database_manager - INFO - Debates XML erfolgreich geparst: 15 Debatten, 0 Reden, 0 Wörter
2025-09-20 19:49:02,024 - database_manager - INFO - Verarbeite Datei 338/2945: debates2020-07-02c.xml
2025-09-20 19:49:02,024 - database_manager - INFO - Parse debates XML-Datei: debates2020-07-02c.xml
2025-09-20 19:49:02,048 - database_manager - INFO - Debates XML erfolgreich geparst: 35 Debatten, 0 Reden, 0 Wörter
2025-09-20 19:49:02,049 - database_manager - INFO - Verarbeite Datei 339/2945: debates2021-02-25d.xml
2025-09-20 19:49:02,049 - database_manager - INFO - Parse debates XML-Datei: debates2021-02-25d.xml
2025-09-20 19:49:02,067 - database_manager - INFO - Debates XML erfolgreich geparst: 14 Debatten, 0 Reden, 0 Wörter
2025-09-20 19:49:02,067 - database_manager - INFO - Verarbeite Datei 340/2945: debates2012-01-30a.xml
2025-09-20 19:49:02,068 - database_manager - INFO - Parse debates XML-Datei: debates2012-01-30a.xml
2025-09-20 19:49:02,084 - database_manager - INFO - Debates XML erfolgreich geparst: 20 Debatten, 0 Reden, 0 Wörter
2025-09-20 19:49:02,085 - database_manager - INFO - Verarbeite Datei 341/2945: debates2012-11-30a.xml
2025-09-20 19:49:02,085 - database_manager - INFO - Parse debates XML-Datei: debates2012-11-30a.xml
2025-09-20 19:49:02,096 - database_manager - INFO - Debates XML erfolgreich geparst: 14 Debatten, 0 Reden, 0 Wörter
2025-09-20 19:49:02,096 - database_manager - INFO - Verarbeite Datei 342/2945: debates2021-06-10b.xml
2025-09-20 19:49:02,096 - database_manager - INFO - Parse debates XML-Datei: debates2021-06-10b.xml
2025-09-20 19:49:02,097 - database_manager - INFO - Debates XML erfolgreich geparst: 0 Debatten, 0 Reden, 0 Wörter
2025-09-20 19:49:02,097 - database_manager - INFO - Verarbeite Datei 343/2945: debates2021-10-18d.xml
2025-09-20 19:49:02,097 - database_manager - INFO - Parse debates XML-Datei: debates2021-10-18d.xml
2025-09-20 19:49:02,103 - database_manager - INFO - Debates XML erfolgreich geparst: 11 Debatten, 0 Reden, 0 Wörter
2025-09-20 19:49:02,103 - database_manager - INFO - Verarbeite Datei 344/2945: debates2013-03-12b.xml
2025-09-20 19:49:02,103 - database_manager - INFO - Parse debates XML-Datei: debates2013-03-12b.xml
2025-09-20 19:49:02,123 - database_manager - INFO - Debates XML erfolgreich geparst: 31 Debatten, 0 Reden, 0 Wörter
2025-09-20 19:49:02,124 - database_manager - INFO - Verarbeite Datei 345/2945: debates2020-09-30b.xml
2025-09-20 19:49:02,124 - database_manager - INFO - Parse debates XML-Datei: debates2020-09-30b.xml
2025-09-20 19:49:02,125 - database_manager - INFO - Debates XML erfolgreich geparst: 0 Debatten, 0 Reden, 0 Wörter
2025-09-20 19:49:02,125 - database_manager - INFO - Verarbeite Datei 346/2945: debates2019-09-09b.xml
2025-09-20 19:49:02,125 - database_manager - INFO - Parse debates XML-Datei: debates2019-09-09b.xml
2025-09-20 19:49:02,127 - database_manager - INFO - Debates XML erfolgreich geparst: 0 Debatten, 0 Reden, 0 Wörter
2025-09-20 19:49:02,127 - database_manager - INFO - Verarbeite Datei 347/2945: debates2016-02-08a.xml
2025-09-20 19:49:02,127 - database_manager - INFO - Parse debates XML-Datei: debates2016-02-08a.xml
2025-09-20 19:49:02,129 - database_manager - INFO - Debates XML erfolgreich geparst: 0 Debatten, 0 Reden, 0 Wörter
2025-09-20 19:49:02,129 - database_manager - INFO - Verarbeite Datei 348/2945: debates2016-01-14b.xml
2025-09-20 19:49:02,129 - database_manager - INFO - Parse debates XML-Datei: debates2016-01-14b.xml
2025-09-20 19:49:02,130 - database_manager - INFO - Debates XML erfolgreich geparst: 1 Debatten, 0 Reden, 0 Wörter
2025-09-20 19:49:02,131 - database_manager - INFO - Verarbeite Datei 349/2945: debates2020-05-13b.xml
2025-09-20 19:49:02,131 - database_manager - INFO - Parse debates XML-Datei: debates2020-05-13b.xml
2025-09-20 19:49:02,145 - database_manager - INFO - Debates XML erfolgreich geparst: 21 Debatten, 0 Reden, 0 Wörter
2025-09-20 19:49:02,146 - database_manager - INFO - Verarbeite Datei 350/2945: debates2020-11-26d.xml
2025-09-20 19:49:02,146 - database_manager - INFO - Parse debates XML-Datei: debates2020-11-26d.xml
2025-09-20 19:49:02,160 - database_manager - INFO - Debates XML erfolgreich geparst: 25 Debatten, 0 Reden, 0 Wörter
2025-09-20 19:49:02,161 - database_manager - INFO - Verarbeite Datei 351/2945: debates2014-01-08c.xml
2025-09-20 19:49:02,161 - database_manager - INFO - Parse debates XML-Datei: debates2014-01-08c.xml
2025-09-20 19:49:02,178 - database_manager - INFO - Debates XML erfolgreich geparst: 14 Debatten, 0 Reden, 0 Wörter
2025-09-20 19:49:02,178 - database_manager - INFO - Verarbeite Datei 352/2945: debates2016-11-14b.xml
2025-09-20 19:49:02,179 - database_manager - INFO - Parse debates XML-Datei: debates2016-11-14b.xml
2025-09-20 19:49:02,180 - database_manager - INFO - Debates XML erfolgreich geparst: 0 Debatten, 0 Reden, 0 Wörter
2025-09-20 19:49:02,180 - database_manager - INFO - Verarbeite Datei 353/2945: debates2014-07-01a.xml
2025-09-20 19:49:02,180 - database_manager - INFO - Parse debates XML-Datei: debates2014-07-01a.xml
2025-09-20 19:49:02,181 - database_manager - INFO - Debates XML erfolgreich geparst: 0 Debatten, 0 Reden, 0 Wörter
2025-09-20 19:49:02,181 - database_manager - INFO - Verarbeite Datei 354/2945: debates2016-12-08a.xml
2025-09-20 19:49:02,181 - database_manager - INFO - Parse debates XML-Datei: debates2016-12-08a.xml
2025-09-20 19:49:02,181 - database_manager - INFO - Debates XML erfolgreich geparst: 0 Debatten, 0 Reden, 0 Wörter
2025-09-20 19:49:02,181 - database_manager - INFO - Verarbeite Datei 355/2945: debates2021-12-08a.xml
2025-09-20 19:49:02,181 - database_manager - INFO - Parse debates XML-Datei: debates2021-12-08a.xml
2025-09-20 19:49:02,183 - database_manager - INFO - Debates XML erfolgreich geparst: 0 Debatten, 0 Reden, 0 Wörter
2025-09-20 19:49:02,183 - database_manager - INFO - Verarbeite Datei 356/2945: debates2021-02-08a.xml
2025-09-20 19:49:02,183 - database_manager - INFO - Parse debates XML-Datei: debates2021-02-08a.xml
2025-09-20 19:49:02,184 - database_manager - INFO - Debates XML erfolgreich geparst: 0 Debatten, 0 Reden, 0 Wörter
2025-09-20 19:49:02,184 - database_manager - INFO - Verarbeite Datei 357/2945: debates2021-01-14b.xml
2025-09-20 19:49:02,184 - database_manager - INFO - Parse debates XML-Datei: debates2021-01-14b.xml
2025-09-20 19:49:02,199 - database_manager - INFO - Debates XML erfolgreich geparst: 17 Debatten, 0 Reden, 0 Wörter
2025-09-20 19:49:02,200 - database_manager - INFO - Verarbeite Datei 358/2945: debates2015-03-06a.xml
2025-09-20 19:49:02,200 - database_manager - INFO - Parse debates XML-Datei: debates2015-03-06a.xml
2025-09-20 19:49:02,200 - database_manager - INFO - Debates XML erfolgreich geparst: 0 Debatten, 0 Reden, 0 Wörter
2025-09-20 19:49:02,200 - database_manager - INFO - Verarbeite Datei 359/2945: debates2013-01-23a.xml
2025-09-20 19:49:02,200 - database_manager - INFO - Parse debates XML-Datei: debates2013-01-23a.xml
2025-09-20 19:49:02,216 - database_manager - INFO - Debates XML erfolgreich geparst: 14 Debatten, 0 Reden, 0 Wörter
2025-09-20 19:49:02,217 - database_manager - INFO - Verarbeite Datei 360/2945: debates2016-07-11c.xml
2025-09-20 19:49:02,217 - database_manager - INFO - Parse debates XML-Datei: debates2016-07-11c.xml
2025-09-20 19:49:02,218 - database_manager - INFO - Debates XML erfolgreich geparst: 0 Debatten, 0 Reden, 0 Wörter
2025-09-20 19:49:02,219 - database_manager - INFO - Verarbeite Datei 361/2945: debates2016-01-18a.xml
2025-09-20 19:49:02,219 - database_manager - INFO - Parse debates XML-Datei: debates2016-01-18a.xml
2025-09-20 19:49:02,220 - database_manager - INFO - Debates XML erfolgreich geparst: 3 Debatten, 0 Reden, 0 Wörter
2025-09-20 19:49:02,220 - database_manager - INFO - Verarbeite Datei 362/2945: debates2019-09-05a.xml
2025-09-20 19:49:02,220 - database_manager - INFO - Parse debates XML-Datei: debates2019-09-05a.xml
2025-09-20 19:49:02,221 - database_manager - INFO - Debates XML erfolgreich geparst: 0 Debatten, 0 Reden, 0 Wörter
2025-09-20 19:49:02,221 - database_manager - INFO - Verarbeite Datei 363/2945: debates2020-07-22a.xml
2025-09-20 19:49:02,221 - database_manager - INFO - Parse debates XML-Datei: debates2020-07-22a.xml
2025-09-20 19:49:02,222 - database_manager - INFO - Debates XML erfolgreich geparst: 0 Debatten, 0 Reden, 0 Wörter
2025-09-20 19:49:02,222 - database_manager - INFO - Verarbeite Datei 364/2945: debates2016-11-18a.xml
2025-09-20 19:49:02,222 - database_manager - INFO - Parse debates XML-Datei: debates2016-11-18a.xml
2025-09-20 19:49:02,224 - database_manager - INFO - Debates XML erfolgreich geparst: 1 Debatten, 0 Reden, 0 Wörter
2025-09-20 19:49:02,224 - database_manager - INFO - Verarbeite Datei 365/2945: debates2021-11-18a.xml
2025-09-20 19:49:02,224 - database_manager - INFO - Parse debates XML-Datei: debates2021-11-18a.xml
2025-09-20 19:49:02,225 - database_manager - INFO - Debates XML erfolgreich geparst: 0 Debatten, 0 Reden, 0 Wörter
2025-09-20 19:49:02,225 - database_manager - INFO - Verarbeite Datei 366/2945: debates2012-05-24a.xml
2025-09-20 19:49:02,225 - database_manager - INFO - Parse debates XML-Datei: debates2012-05-24a.xml
2025-09-20 19:49:02,231 - database_manager - INFO - Debates XML erfolgreich geparst: 1 Debatten, 0 Reden, 0 Wörter
2025-09-20 19:49:02,231 - database_manager - INFO - Verarbeite Datei 367/2945: debates2018-11-21a.xml
2025-09-20 19:49:02,231 - database_manager - INFO - Parse debates XML-Datei: debates2018-11-21a.xml
2025-09-20 19:49:02,232 - database_manager - INFO - Debates XML erfolgreich geparst: 0 Debatten, 0 Reden, 0 Wörter
2025-09-20 19:49:02,232 - database_manager - INFO - Verarbeite Datei 368/2945: debates2015-10-16a.xml
2025-09-20 19:49:02,232 - database_manager - INFO - Parse debates XML-Datei: debates2015-10-16a.xml
2025-09-20 19:49:02,242 - database_manager - INFO - Debates XML erfolgreich geparst: 4 Debatten, 0 Reden, 0 Wörter
2025-09-20 19:49:02,242 - database_manager - INFO - Verarbeite Datei 369/2945: debates2021-02-04b.xml
2025-09-20 19:49:02,242 - database_manager - INFO - Parse debates XML-Datei: debates2021-02-04b.xml
2025-09-20 19:49:02,256 - database_manager - INFO - Debates XML erfolgreich geparst: 16 Debatten, 0 Reden, 0 Wörter
2025-09-20 19:49:02,256 - database_manager - INFO - Verarbeite Datei 370/2945: debates2021-01-18a.xml
2025-09-20 19:49:02,256 - database_manager - INFO - Parse debates XML-Datei: debates2021-01-18a.xml
2025-09-20 19:49:02,257 - database_manager - INFO - Debates XML erfolgreich geparst: 0 Debatten, 0 Reden, 0 Wörter
2025-09-20 19:49:02,257 - database_manager - INFO - Verarbeite Datei 371/2945: debates2021-03-25a.xml
2025-09-20 19:49:02,257 - database_manager - INFO - Parse debates XML-Datei: debates2021-03-25a.xml
2025-09-20 19:49:02,272 - database_manager - INFO - Debates XML erfolgreich geparst: 14 Debatten, 0 Reden, 0 Wörter
2025-09-20 19:49:02,272 - database_manager - INFO - Verarbeite Datei 372/2945: debates2012-09-07a.xml
2025-09-20 19:49:02,272 - database_manager - INFO - Parse debates XML-Datei: debates2012-09-07a.xml
2025-09-20 19:49:02,281 - database_manager - INFO - Debates XML erfolgreich geparst: 2 Debatten, 0 Reden, 0 Wörter
2025-09-20 19:49:02,281 - database_manager - INFO - Verarbeite Datei 373/2945: debates2018-05-15c.xml
2025-09-20 19:49:02,281 - database_manager - INFO - Parse debates XML-Datei: debates2018-05-15c.xml
2025-09-20 19:49:02,296 - database_manager - INFO - Debates XML erfolgreich geparst: 21 Debatten, 0 Reden, 0 Wörter
2025-09-20 19:49:02,297 - database_manager - INFO - Verarbeite Datei 374/2945: debates2013-01-22a.xml
2025-09-20 19:49:02,297 - database_manager - INFO - Parse debates XML-Datei: debates2013-01-22a.xml
2025-09-20 19:49:02,298 - database_manager - INFO - Debates XML erfolgreich geparst: 0 Debatten, 0 Reden, 0 Wörter
2025-09-20 19:49:02,298 - database_manager - INFO - Verarbeite Datei 375/2945: debates2016-03-24a.xml
2025-09-20 19:49:02,298 - database_manager - INFO - Parse debates XML-Datei: debates2016-03-24a.xml
2025-09-20 19:49:02,313 - database_manager - INFO - Debates XML erfolgreich geparst: 18 Debatten, 0 Reden, 0 Wörter
2025-09-20 19:49:02,313 - database_manager - INFO - Verarbeite Datei 376/2945: debates2016-01-19a.xml
2025-09-20 19:49:02,313 - database_manager - INFO - Parse debates XML-Datei: debates2016-01-19a.xml
2025-09-20 19:49:02,314 - database_manager - INFO - Debates XML erfolgreich geparst: 0 Debatten, 0 Reden, 0 Wörter
2025-09-20 19:49:02,314 - database_manager - INFO - Verarbeite Datei 377/2945: debates2019-09-04a.xml
2025-09-20 19:49:02,314 - database_manager - INFO - Parse debates XML-Datei: debates2019-09-04a.xml
2025-09-20 19:49:02,315 - database_manager - INFO - Debates XML erfolgreich geparst: 0 Debatten, 0 Reden, 0 Wörter
2025-09-20 19:49:02,316 - database_manager - INFO - Verarbeite Datei 378/2945: debates2013-11-22a.xml
2025-09-20 19:49:02,316 - database_manager - INFO - Parse debates XML-Datei: debates2013-11-22a.xml
2025-09-20 19:49:02,316 - database_manager - INFO - Debates XML erfolgreich geparst: 0 Debatten, 0 Reden, 0 Wörter
2025-09-20 19:49:02,316 - database_manager - INFO - Verarbeite Datei 379/2945: debates2020-06-02b.xml
2025-09-20 19:49:02,316 - database_manager - INFO - Parse debates XML-Datei: debates2020-06-02b.xml
2025-09-20 19:49:02,317 - database_manager - INFO - Debates XML erfolgreich geparst: 0 Debatten, 0 Reden, 0 Wörter
2025-09-20 19:49:02,317 - database_manager - INFO - Verarbeite Datei 380/2945: debates2020-03-17c.xml
2025-09-20 19:49:02,317 - database_manager - INFO - Parse debates XML-Datei: debates2020-03-17c.xml
2025-09-20 19:49:02,339 - database_manager - INFO - Debates XML erfolgreich geparst: 18 Debatten, 0 Reden, 0 Wörter
2025-09-20 19:49:02,339 - database_manager - INFO - Verarbeite Datei 381/2945: debates2014-04-10a.xml
2025-09-20 19:49:02,339 - database_manager - INFO - Parse debates XML-Datei: debates2014-04-10a.xml
2025-09-20 19:49:02,352 - database_manager - INFO - Debates XML erfolgreich geparst: 19 Debatten, 0 Reden, 0 Wörter
2025-09-20 19:49:02,352 - database_manager - INFO - Verarbeite Datei 382/2945: debates2016-12-05b.xml
2025-09-20 19:49:02,352 - database_manager - INFO - Parse debates XML-Datei: debates2016-12-05b.xml
2025-09-20 19:49:02,353 - database_manager - INFO - Debates XML erfolgreich geparst: 0 Debatten, 0 Reden, 0 Wörter
2025-09-20 19:49:02,353 - database_manager - INFO - Verarbeite Datei 383/2945: debates2021-11-19a.xml
2025-09-20 19:49:02,353 - database_manager - INFO - Parse debates XML-Datei: debates2021-11-19a.xml
2025-09-20 19:49:02,353 - database_manager - INFO - Debates XML erfolgreich geparst: 0 Debatten, 0 Reden, 0 Wörter
2025-09-20 19:49:02,353 - database_manager - INFO - Verarbeite Datei 384/2945: debates2018-11-20a.xml
2025-09-20 19:49:02,353 - database_manager - INFO - Parse debates XML-Datei: debates2018-11-20a.xml
2025-09-20 19:49:02,370 - database_manager - INFO - Debates XML erfolgreich geparst: 31 Debatten, 0 Reden, 0 Wörter
2025-09-20 19:49:02,370 - database_manager - INFO - Verarbeite Datei 385/2945: debates2021-01-18e.xml
2025-09-20 19:49:02,370 - database_manager - INFO - Parse debates XML-Datei: debates2021-01-18e.xml
2025-09-20 19:49:02,385 - database_manager - INFO - Debates XML erfolgreich geparst: 13 Debatten, 0 Reden, 0 Wörter
2025-09-20 19:49:02,385 - database_manager - INFO - Verarbeite Datei 386/2945: debates2012-09-06a.xml
2025-09-20 19:49:02,385 - database_manager - INFO - Parse debates XML-Datei: debates2012-09-06a.xml
2025-09-20 19:49:02,513 - database_manager - INFO - Debates XML erfolgreich geparst: 21 Debatten, 0 Reden, 0 Wörter
2025-09-20 19:49:02,513 - database_manager - INFO - Verarbeite Datei 387/2945: debates2018-05-14c.xml
2025-09-20 19:49:02,513 - database_manager - INFO - Parse debates XML-Datei: debates2018-05-14c.xml
2025-09-20 19:49:02,525 - database_manager - INFO - Debates XML erfolgreich geparst: 21 Debatten, 0 Reden, 0 Wörter
2025-09-20 19:49:02,525 - database_manager - INFO - Verarbeite Datei 388/2945: debates2021-03-24a.xml
2025-09-20 19:49:02,525 - database_manager - INFO - Parse debates XML-Datei: debates2021-03-24a.xml
2025-09-20 19:49:02,539 - database_manager - INFO - Debates XML erfolgreich geparst: 13 Debatten, 0 Reden, 0 Wörter
2025-09-20 19:49:02,540 - database_manager - INFO - Verarbeite Datei 389/2945: debates2021-01-19a.xml
2025-09-20 19:49:02,540 - database_manager - INFO - Parse debates XML-Datei: debates2021-01-19a.xml
2025-09-20 19:49:02,541 - database_manager - INFO - Debates XML erfolgreich geparst: 0 Debatten, 0 Reden, 0 Wörter
2025-09-20 19:49:02,541 - database_manager - INFO - Verarbeite Datei 390/2945: debates2021-11-18e.xml
2025-09-20 19:49:02,541 - database_manager - INFO - Parse debates XML-Datei: debates2021-11-18e.xml
2025-09-20 19:49:02,551 - database_manager - INFO - Debates XML erfolgreich geparst: 21 Debatten, 0 Reden, 0 Wörter
2025-09-20 19:49:02,552 - database_manager - INFO - Verarbeite Datei 391/2945: debates2013-03-13b.xml
2025-09-20 19:49:02,552 - database_manager - INFO - Parse debates XML-Datei: debates2013-03-13b.xml
2025-09-20 19:49:02,572 - database_manager - INFO - Debates XML erfolgreich geparst: 39 Debatten, 0 Reden, 0 Wörter
2025-09-20 19:49:02,573 - database_manager - INFO - Verarbeite Datei 392/2945: debates2016-02-09a.xml
2025-09-20 19:49:02,573 - database_manager - INFO - Parse debates XML-Datei: debates2016-02-09a.xml
2025-09-20 19:49:02,574 - database_manager - INFO - Debates XML erfolgreich geparst: 0 Debatten, 0 Reden, 0 Wörter
2025-09-20 19:49:02,574 - database_manager - INFO - Verarbeite Datei 393/2945: debates2020-05-12b.xml
2025-09-20 19:49:02,574 - database_manager - INFO - Parse debates XML-Datei: debates2020-05-12b.xml
2025-09-20 19:49:02,575 - database_manager - INFO - Debates XML erfolgreich geparst: 0 Debatten, 0 Reden, 0 Wörter
2025-09-20 19:49:02,575 - database_manager - INFO - Verarbeite Datei 394/2945: debates2016-11-15b.xml
2025-09-20 19:49:02,575 - database_manager - INFO - Parse debates XML-Datei: debates2016-11-15b.xml
2025-09-20 19:49:02,589 - database_manager - INFO - Debates XML erfolgreich geparst: 25 Debatten, 0 Reden, 0 Wörter
2025-09-20 19:49:02,590 - database_manager - INFO - Verarbeite Datei 395/2945: debates2021-11-15b.xml
2025-09-20 19:49:02,590 - database_manager - INFO - Parse debates XML-Datei: debates2021-11-15b.xml
2025-09-20 19:49:02,591 - database_manager - INFO - Debates XML erfolgreich geparst: 0 Debatten, 0 Reden, 0 Wörter
2025-09-20 19:49:02,591 - database_manager - INFO - Verarbeite Datei 396/2945: debates2021-12-09a.xml
2025-09-20 19:49:02,591 - database_manager - INFO - Parse debates XML-Datei: debates2021-12-09a.xml
2025-09-20 19:49:02,592 - database_manager - INFO - Debates XML erfolgreich geparst: 0 Debatten, 0 Reden, 0 Wörter
2025-09-20 19:49:02,592 - database_manager - INFO - Verarbeite Datei 397/2945: debates2021-02-09a.xml
2025-09-20 19:49:02,592 - database_manager - INFO - Parse debates XML-Datei: debates2021-02-09a.xml
2025-09-20 19:49:02,594 - database_manager - INFO - Debates XML erfolgreich geparst: 0 Debatten, 0 Reden, 0 Wörter
2025-09-20 19:49:02,594 - database_manager - INFO - Verarbeite Datei 398/2945: debates2015-02-26b.xml
2025-09-20 19:49:02,594 - database_manager - INFO - Parse debates XML-Datei: debates2015-02-26b.xml
2025-09-20 19:49:02,611 - database_manager - INFO - Debates XML erfolgreich geparst: 25 Debatten, 0 Reden, 0 Wörter
2025-09-20 19:49:02,612 - database_manager - INFO - Verarbeite Datei 399/2945: debates2020-12-16b.xml
2025-09-20 19:49:02,612 - database_manager - INFO - Parse debates XML-Datei: debates2020-12-16b.xml
2025-09-20 19:49:02,625 - database_manager - INFO - Debates XML erfolgreich geparst: 15 Debatten, 0 Reden, 0 Wörter
2025-09-20 19:49:02,625 - database_manager - INFO - Verarbeite Datei 400/2945: debates2017-07-03c.xml
2025-09-20 19:49:02,625 - database_manager - INFO - Parse debates XML-Datei: debates2017-07-03c.xml
2025-09-20 19:49:02,626 - database_manager - INFO - Debates XML erfolgreich geparst: 0 Debatten, 0 Reden, 0 Wörter
2025-09-20 19:49:02,626 - database_manager - INFO - Verarbeite Datei 401/2945: debates2012-01-31a.xml
2025-09-20 19:49:02,626 - database_manager - INFO - Parse debates XML-Datei: debates2012-01-31a.xml
2025-09-20 19:49:02,628 - database_manager - INFO - Debates XML erfolgreich geparst: 0 Debatten, 0 Reden, 0 Wörter
2025-09-20 19:49:02,628 - database_manager - INFO - Verarbeite Datei 402/2945: debates2018-06-28b.xml
2025-09-20 19:49:02,628 - database_manager - INFO - Parse debates XML-Datei: debates2018-06-28b.xml
2025-09-20 19:49:02,628 - database_manager - INFO - Debates XML erfolgreich geparst: 0 Debatten, 0 Reden, 0 Wörter
2025-09-20 19:49:02,629 - database_manager - INFO - Verarbeite Datei 403/2945: debates2018-07-09a.xml
2025-09-20 19:49:02,629 - database_manager - INFO - Parse debates XML-Datei: debates2018-07-09a.xml
2025-09-20 19:49:02,630 - database_manager - INFO - Debates XML erfolgreich geparst: 0 Debatten, 0 Reden, 0 Wörter
2025-09-20 19:49:02,630 - database_manager - INFO - Verarbeite Datei 404/2945: debates2016-02-29c.xml
2025-09-20 19:49:02,630 - database_manager - INFO - Parse debates XML-Datei: debates2016-02-29c.xml
2025-09-20 19:49:02,646 - database_manager - INFO - Debates XML erfolgreich geparst: 15 Debatten, 0 Reden, 0 Wörter
2025-09-20 19:49:02,647 - database_manager - INFO - Verarbeite Datei 405/2945: debates2013-06-26a.xml
2025-09-20 19:49:02,647 - database_manager - INFO - Parse debates XML-Datei: debates2013-06-26a.xml
2025-09-20 19:49:02,648 - database_manager - INFO - Debates XML erfolgreich geparst: 0 Debatten, 0 Reden, 0 Wörter
2025-09-20 19:49:02,648 - database_manager - INFO - Verarbeite Datei 406/2945: debates2016-04-20a.xml
2025-09-20 19:49:02,648 - database_manager - INFO - Parse debates XML-Datei: debates2016-04-20a.xml
2025-09-20 19:49:02,663 - database_manager - INFO - Debates XML erfolgreich geparst: 13 Debatten, 0 Reden, 0 Wörter
2025-09-20 19:49:02,664 - database_manager - INFO - Verarbeite Datei 407/2945: debates2014-01-29a.xml
2025-09-20 19:49:02,664 - database_manager - INFO - Parse debates XML-Datei: debates2014-01-29a.xml
2025-09-20 19:49:02,681 - database_manager - INFO - Debates XML erfolgreich geparst: 16 Debatten, 0 Reden, 0 Wörter
2025-09-20 19:49:02,681 - database_manager - INFO - Verarbeite Datei 408/2945: debates2012-02-21a.xml
2025-09-20 19:49:02,681 - database_manager - INFO - Parse debates XML-Datei: debates2012-02-21a.xml
2025-09-20 19:49:02,683 - database_manager - INFO - Debates XML erfolgreich geparst: 0 Debatten, 0 Reden, 0 Wörter
2025-09-20 19:49:02,683 - database_manager - INFO - Verarbeite Datei 409/2945: debates2021-09-22b.xml
2025-09-20 19:49:02,683 - database_manager - INFO - Parse debates XML-Datei: debates2021-09-22b.xml
2025-09-20 19:49:02,684 - database_manager - INFO - Debates XML erfolgreich geparst: 0 Debatten, 0 Reden, 0 Wörter
2025-09-20 19:49:02,684 - database_manager - INFO - Verarbeite Datei 410/2945: debates2021-04-20a.xml
2025-09-20 19:49:02,684 - database_manager - INFO - Parse debates XML-Datei: debates2021-04-20a.xml
2025-09-20 19:49:02,684 - database_manager - INFO - Debates XML erfolgreich geparst: 0 Debatten, 0 Reden, 0 Wörter
2025-09-20 19:49:02,684 - database_manager - INFO - Verarbeite Datei 411/2945: debates2018-04-19a.xml
2025-09-20 19:49:02,685 - database_manager - INFO - Parse debates XML-Datei: debates2018-04-19a.xml
2025-09-20 19:49:02,699 - database_manager - INFO - Debates XML erfolgreich geparst: 24 Debatten, 0 Reden, 0 Wörter
2025-09-20 19:49:02,699 - database_manager - INFO - Verarbeite Datei 412/2945: debates2018-07-05b.xml
2025-09-20 19:49:02,699 - database_manager - INFO - Parse debates XML-Datei: debates2018-07-05b.xml
2025-09-20 19:49:02,700 - database_manager - INFO - Debates XML erfolgreich geparst: 0 Debatten, 0 Reden, 0 Wörter
2025-09-20 19:49:02,700 - database_manager - INFO - Verarbeite Datei 413/2945: debates2015-07-13a.xml
2025-09-20 19:49:02,700 - database_manager - INFO - Parse debates XML-Datei: debates2015-07-13a.xml
2025-09-20 19:49:02,715 - database_manager - INFO - Debates XML erfolgreich geparst: 24 Debatten, 0 Reden, 0 Wörter
2025-09-20 19:49:02,716 - database_manager - INFO - Verarbeite Datei 414/2945: debates2019-03-18a.xml
2025-09-20 19:49:02,716 - database_manager - INFO - Parse debates XML-Datei: debates2019-03-18a.xml
2025-09-20 19:49:02,717 - database_manager - INFO - Debates XML erfolgreich geparst: 0 Debatten, 0 Reden, 0 Wörter
2025-09-20 19:49:02,717 - database_manager - INFO - Verarbeite Datei 415/2945: debates2013-09-03a.xml
2025-09-20 19:49:02,717 - database_manager - INFO - Parse debates XML-Datei: debates2013-09-03a.xml
2025-09-20 19:49:02,718 - database_manager - INFO - Debates XML erfolgreich geparst: 0 Debatten, 0 Reden, 0 Wörter
2025-09-20 19:49:02,718 - database_manager - INFO - Verarbeite Datei 416/2945: debates2013-01-14c.xml
2025-09-20 19:49:02,718 - database_manager - INFO - Parse debates XML-Datei: debates2013-01-14c.xml
2025-09-20 19:49:02,719 - database_manager - INFO - Debates XML erfolgreich geparst: 0 Debatten, 0 Reden, 0 Wörter
2025-09-20 19:49:02,719 - database_manager - INFO - Verarbeite Datei 417/2945: debates2013-05-20a.xml
2025-09-20 19:49:02,719 - database_manager - INFO - Parse debates XML-Datei: debates2013-05-20a.xml
2025-09-20 19:49:02,720 - database_manager - INFO - Debates XML erfolgreich geparst: 0 Debatten, 0 Reden, 0 Wörter
2025-09-20 19:49:02,720 - database_manager - INFO - Verarbeite Datei 418/2945: debates2018-05-22a.xml
2025-09-20 19:49:02,720 - database_manager - INFO - Parse debates XML-Datei: debates2018-05-22a.xml
2025-09-20 19:49:02,720 - database_manager - INFO - Debates XML erfolgreich geparst: 0 Debatten, 0 Reden, 0 Wörter
2025-09-20 19:49:02,720 - database_manager - INFO - Verarbeite Datei 419/2945: debates2012-11-27a.xml
2025-09-20 19:49:02,720 - database_manager - INFO - Parse debates XML-Datei: debates2012-11-27a.xml
2025-09-20 19:49:02,730 - database_manager - INFO - Debates XML erfolgreich geparst: 27 Debatten, 0 Reden, 0 Wörter
2025-09-20 19:49:02,730 - database_manager - INFO - Verarbeite Datei 420/2945: debates2021-06-07b.xml
2025-09-20 19:49:02,730 - database_manager - INFO - Parse debates XML-Datei: debates2021-06-07b.xml
2025-09-20 19:49:02,731 - database_manager - INFO - Debates XML erfolgreich geparst: 0 Debatten, 0 Reden, 0 Wörter
2025-09-20 19:49:02,731 - database_manager - INFO - Verarbeite Datei 421/2945: debates2015-09-17b.xml
2025-09-20 19:49:02,731 - database_manager - INFO - Parse debates XML-Datei: debates2015-09-17b.xml
2025-09-20 19:49:02,747 - database_manager - INFO - Debates XML erfolgreich geparst: 20 Debatten, 0 Reden, 0 Wörter
2025-09-20 19:49:02,747 - database_manager - INFO - Verarbeite Datei 422/2945: debates2017-03-21a.xml
2025-09-20 19:49:02,747 - database_manager - INFO - Parse debates XML-Datei: debates2017-03-21a.xml
2025-09-20 19:49:02,748 - database_manager - INFO - Debates XML erfolgreich geparst: 0 Debatten, 0 Reden, 0 Wörter
2025-09-20 19:49:02,748 - database_manager - INFO - Verarbeite Datei 423/2945: debates2019-03-14b.xml
2025-09-20 19:49:02,748 - database_manager - INFO - Parse debates XML-Datei: debates2019-03-14b.xml
2025-09-20 19:49:02,749 - database_manager - INFO - Debates XML erfolgreich geparst: 0 Debatten, 0 Reden, 0 Wörter
2025-09-20 19:49:02,749 - database_manager - INFO - Verarbeite Datei 424/2945: debates2019-01-29b.xml
2025-09-20 19:49:02,749 - database_manager - INFO - Parse debates XML-Datei: debates2019-01-29b.xml
2025-09-20 19:49:02,768 - database_manager - INFO - Debates XML erfolgreich geparst: 21 Debatten, 0 Reden, 0 Wörter
2025-09-20 19:49:02,768 - database_manager - INFO - Verarbeite Datei 425/2945: debates2019-10-08a.xml
2025-09-20 19:49:02,768 - database_manager - INFO - Parse debates XML-Datei: debates2019-10-08a.xml
2025-09-20 19:49:02,770 - database_manager - INFO - Debates XML erfolgreich geparst: 0 Debatten, 0 Reden, 0 Wörter
2025-09-20 19:49:02,770 - database_manager - INFO - Verarbeite Datei 426/2945: debates2020-11-10b.xml
2025-09-20 19:49:02,770 - database_manager - INFO - Parse debates XML-Datei: debates2020-11-10b.xml
2025-09-20 19:49:02,771 - database_manager - INFO - Debates XML erfolgreich geparst: 0 Debatten, 0 Reden, 0 Wörter
2025-09-20 19:49:02,771 - database_manager - INFO - Verarbeite Datei 427/2945: debates2013-11-19d.xml
2025-09-20 19:49:02,771 - database_manager - INFO - Parse debates XML-Datei: debates2013-11-19d.xml
2025-09-20 19:49:02,787 - database_manager - INFO - Debates XML erfolgreich geparst: 20 Debatten, 0 Reden, 0 Wörter
2025-09-20 19:49:02,788 - database_manager - INFO - Verarbeite Datei 428/2945: debates2017-10-31a.xml
2025-09-20 19:49:02,788 - database_manager - INFO - Parse debates XML-Datei: debates2017-10-31a.xml
2025-09-20 19:49:02,801 - database_manager - INFO - Debates XML erfolgreich geparst: 27 Debatten, 0 Reden, 0 Wörter
2025-09-20 19:49:02,801 - database_manager - INFO - Verarbeite Datei 429/2945: debates2018-02-06c.xml
2025-09-20 19:49:02,801 - database_manager - INFO - Parse debates XML-Datei: debates2018-02-06c.xml
2025-09-20 19:49:02,818 - database_manager - INFO - Debates XML erfolgreich geparst: 21 Debatten, 0 Reden, 0 Wörter
2025-09-20 19:49:02,819 - database_manager - INFO - Verarbeite Datei 430/2945: debates2015-02-11d.xml
2025-09-20 19:49:02,819 - database_manager - INFO - Parse debates XML-Datei: debates2015-02-11d.xml
2025-09-20 19:49:02,839 - database_manager - INFO - Debates XML erfolgreich geparst: 24 Debatten, 0 Reden, 0 Wörter
2025-09-20 19:49:02,839 - database_manager - INFO - Verarbeite Datei 431/2945: debates2017-01-10b.xml
2025-09-20 19:49:02,839 - database_manager - INFO - Parse debates XML-Datei: debates2017-01-10b.xml
2025-09-20 19:49:02,840 - database_manager - INFO - Debates XML erfolgreich geparst: 0 Debatten, 0 Reden, 0 Wörter
2025-09-20 19:49:02,840 - database_manager - INFO - Verarbeite Datei 432/2945: debates2016-12-13b.xml
2025-09-20 19:49:02,840 - database_manager - INFO - Parse debates XML-Datei: debates2016-12-13b.xml
2025-09-20 19:49:02,971 - database_manager - INFO - Debates XML erfolgreich geparst: 33 Debatten, 0 Reden, 0 Wörter
2025-09-20 19:49:02,971 - database_manager - INFO - Verarbeite Datei 433/2945: debates2019-04-10b.xml
2025-09-20 19:49:02,971 - database_manager - INFO - Parse debates XML-Datei: debates2019-04-10b.xml
2025-09-20 19:49:02,986 - database_manager - INFO - Debates XML erfolgreich geparst: 13 Debatten, 0 Reden, 0 Wörter
2025-09-20 19:49:02,987 - database_manager - INFO - Verarbeite Datei 434/2945: debates2020-04-29b.xml
2025-09-20 19:49:02,987 - database_manager - INFO - Parse debates XML-Datei: debates2020-04-29b.xml
2025-09-20 19:49:02,997 - database_manager - INFO - Debates XML erfolgreich geparst: 11 Debatten, 0 Reden, 0 Wörter
2025-09-20 19:49:02,997 - database_manager - INFO - Verarbeite Datei 435/2945: debates2013-10-15b.xml
2025-09-20 19:49:02,997 - database_manager - INFO - Parse debates XML-Datei: debates2013-10-15b.xml
2025-09-20 19:49:03,013 - database_manager - INFO - Debates XML erfolgreich geparst: 38 Debatten, 0 Reden, 0 Wörter
2025-09-20 19:49:03,013 - database_manager - INFO - Verarbeite Datei 436/2945: debates2014-09-04b.xml
2025-09-20 19:49:03,013 - database_manager - INFO - Parse debates XML-Datei: debates2014-09-04b.xml
2025-09-20 19:49:03,029 - database_manager - INFO - Debates XML erfolgreich geparst: 17 Debatten, 0 Reden, 0 Wörter
2025-09-20 19:49:03,029 - database_manager - INFO - Verarbeite Datei 437/2945: debates2013-02-28b.xml
2025-09-20 19:49:03,029 - database_manager - INFO - Parse debates XML-Datei: debates2013-02-28b.xml
2025-09-20 19:49:03,042 - database_manager - INFO - Debates XML erfolgreich geparst: 21 Debatten, 0 Reden, 0 Wörter
2025-09-20 19:49:03,043 - database_manager - INFO - Verarbeite Datei 438/2945: debates2021-07-06c.xml
2025-09-20 19:49:03,043 - database_manager - INFO - Parse debates XML-Datei: debates2021-07-06c.xml
2025-09-20 19:49:03,058 - database_manager - INFO - Debates XML erfolgreich geparst: 27 Debatten, 0 Reden, 0 Wörter
2025-09-20 19:49:03,058 - database_manager - INFO - Verarbeite Datei 439/2945: debates2015-01-20b.xml
2025-09-20 19:49:03,058 - database_manager - INFO - Parse debates XML-Datei: debates2015-01-20b.xml
2025-09-20 19:49:03,074 - database_manager - INFO - Debates XML erfolgreich geparst: 21 Debatten, 0 Reden, 0 Wörter
2025-09-20 19:49:03,074 - database_manager - INFO - Verarbeite Datei 440/2945: debates2012-09-10a.xml
2025-09-20 19:49:03,074 - database_manager - INFO - Parse debates XML-Datei: debates2012-09-10a.xml
2025-09-20 19:49:03,076 - database_manager - INFO - Debates XML erfolgreich geparst: 0 Debatten, 0 Reden, 0 Wörter
2025-09-20 19:49:03,076 - database_manager - INFO - Verarbeite Datei 441/2945: debates2018-10-17b.xml
2025-09-20 19:49:03,076 - database_manager - INFO - Parse debates XML-Datei: debates2018-10-17b.xml
2025-09-20 19:49:03,092 - database_manager - INFO - Debates XML erfolgreich geparst: 9 Debatten, 0 Reden, 0 Wörter
2025-09-20 19:49:03,092 - database_manager - INFO - Verarbeite Datei 442/2945: debates2021-12-13b.xml
2025-09-20 19:49:03,092 - database_manager - INFO - Parse debates XML-Datei: debates2021-12-13b.xml
2025-09-20 19:49:03,094 - database_manager - INFO - Debates XML erfolgreich geparst: 0 Debatten, 0 Reden, 0 Wörter
2025-09-20 19:49:03,094 - database_manager - INFO - Verarbeite Datei 443/2945: debates2014-07-16a.xml
2025-09-20 19:49:03,094 - database_manager - INFO - Parse debates XML-Datei: debates2014-07-16a.xml
2025-09-20 19:49:03,094 - database_manager - INFO - Debates XML erfolgreich geparst: 0 Debatten, 0 Reden, 0 Wörter
2025-09-20 19:49:03,094 - database_manager - INFO - Verarbeite Datei 444/2945: debates2020-06-18a.xml
2025-09-20 19:49:03,094 - database_manager - INFO - Parse debates XML-Datei: debates2020-06-18a.xml
2025-09-20 19:49:03,095 - database_manager - INFO - Debates XML erfolgreich geparst: 0 Debatten, 0 Reden, 0 Wörter
2025-09-20 19:49:03,095 - database_manager - INFO - Verarbeite Datei 445/2945: debates2014-09-08a.xml
2025-09-20 19:49:03,095 - database_manager - INFO - Parse debates XML-Datei: debates2014-09-08a.xml
2025-09-20 19:49:03,107 - database_manager - INFO - Debates XML erfolgreich geparst: 30 Debatten, 0 Reden, 0 Wörter
2025-09-20 19:49:03,108 - database_manager - INFO - Verarbeite Datei 446/2945: debates2013-03-05b.xml
2025-09-20 19:49:03,108 - database_manager - INFO - Parse debates XML-Datei: debates2013-03-05b.xml
2025-09-20 19:49:03,123 - database_manager - INFO - Debates XML erfolgreich geparst: 21 Debatten, 0 Reden, 0 Wörter
2025-09-20 19:49:03,123 - database_manager - INFO - Verarbeite Datei 447/2945: debates2015-03-11a.xml
2025-09-20 19:49:03,123 - database_manager - INFO - Parse debates XML-Datei: debates2015-03-11a.xml
2025-09-20 19:49:03,124 - database_manager - INFO - Debates XML erfolgreich geparst: 0 Debatten, 0 Reden, 0 Wörter
2025-09-20 19:49:03,124 - database_manager - INFO - Verarbeite Datei 448/2945: debates2018-03-07b.xml
2025-09-20 19:49:03,124 - database_manager - INFO - Parse debates XML-Datei: debates2018-03-07b.xml
2025-09-20 19:49:03,125 - database_manager - INFO - Debates XML erfolgreich geparst: 0 Debatten, 0 Reden, 0 Wörter
2025-09-20 19:49:03,125 - database_manager - INFO - Verarbeite Datei 449/2945: debates2018-02-26a.xml
2025-09-20 19:49:03,125 - database_manager - INFO - Parse debates XML-Datei: debates2018-02-26a.xml
2025-09-20 19:49:03,126 - database_manager - INFO - Debates XML erfolgreich geparst: 0 Debatten, 0 Reden, 0 Wörter
2025-09-20 19:49:03,126 - database_manager - INFO - Verarbeite Datei 450/2945: debates2017-10-11c.xml
2025-09-20 19:49:03,126 - database_manager - INFO - Parse debates XML-Datei: debates2017-10-11c.xml
2025-09-20 19:49:03,127 - database_manager - INFO - Debates XML erfolgreich geparst: 0 Debatten, 0 Reden, 0 Wörter
2025-09-20 19:49:03,127 - database_manager - INFO - Verarbeite Datei 451/2945: debates2017-04-25a.xml
2025-09-20 19:49:03,127 - database_manager - INFO - Parse debates XML-Datei: debates2017-04-25a.xml
2025-09-20 19:49:03,128 - database_manager - INFO - Debates XML erfolgreich geparst: 0 Debatten, 0 Reden, 0 Wörter
2025-09-20 19:49:03,128 - database_manager - INFO - Verarbeite Datei 452/2945: debates2012-07-02b.xml
2025-09-20 19:49:03,128 - database_manager - INFO - Parse debates XML-Datei: debates2012-07-02b.xml
2025-09-20 19:49:03,129 - database_manager - INFO - Debates XML erfolgreich geparst: 0 Debatten, 0 Reden, 0 Wörter
2025-09-20 19:49:03,129 - database_manager - INFO - Verarbeite Datei 453/2945: debates2021-10-22a.xml
2025-09-20 19:49:03,129 - database_manager - INFO - Parse debates XML-Datei: debates2021-10-22a.xml
2025-09-20 19:49:03,130 - database_manager - INFO - Debates XML erfolgreich geparst: 0 Debatten, 0 Reden, 0 Wörter
2025-09-20 19:49:03,130 - database_manager - INFO - Verarbeite Datei 454/2945: debates2021-11-03b.xml
2025-09-20 19:49:03,130 - database_manager - INFO - Parse debates XML-Datei: debates2021-11-03b.xml
2025-09-20 19:49:03,131 - database_manager - INFO - Debates XML erfolgreich geparst: 0 Debatten, 0 Reden, 0 Wörter
2025-09-20 19:49:03,131 - database_manager - INFO - Verarbeite Datei 455/2945: debates2021-09-14a.xml
2025-09-20 19:49:03,131 - database_manager - INFO - Parse debates XML-Datei: debates2021-09-14a.xml
2025-09-20 19:49:03,134 - database_manager - INFO - Debates XML erfolgreich geparst: 0 Debatten, 0 Reden, 0 Wörter
2025-09-20 19:49:03,134 - database_manager - INFO - Verarbeite Datei 456/2945: debates2021-11-03c.xml
2025-09-20 19:49:03,134 - database_manager - INFO - Parse debates XML-Datei: debates2021-11-03c.xml
2025-09-20 19:49:03,149 - database_manager - INFO - Debates XML erfolgreich geparst: 11 Debatten, 0 Reden, 0 Wörter
2025-09-20 19:49:03,150 - database_manager - INFO - Verarbeite Datei 457/2945: debates2012-07-02c.xml
2025-09-20 19:49:03,150 - database_manager - INFO - Parse debates XML-Datei: debates2012-07-02c.xml
2025-09-20 19:49:03,170 - database_manager - INFO - Debates XML erfolgreich geparst: 28 Debatten, 0 Reden, 0 Wörter
2025-09-20 19:49:03,171 - database_manager - INFO - Verarbeite Datei 458/2945: debates2017-01-30a.xml
2025-09-20 19:49:03,171 - database_manager - INFO - Parse debates XML-Datei: debates2017-01-30a.xml
2025-09-20 19:49:03,172 - database_manager - INFO - Debates XML erfolgreich geparst: 0 Debatten, 0 Reden, 0 Wörter
2025-09-20 19:49:03,172 - database_manager - INFO - Verarbeite Datei 459/2945: debates2018-03-07c.xml
2025-09-20 19:49:03,172 - database_manager - INFO - Parse debates XML-Datei: debates2018-03-07c.xml
2025-09-20 19:49:03,187 - database_manager - INFO - Debates XML erfolgreich geparst: 19 Debatten, 0 Reden, 0 Wörter
2025-09-20 19:49:03,188 - database_manager - INFO - Verarbeite Datei 460/2945: debates2017-11-30a.xml
2025-09-20 19:49:03,188 - database_manager - INFO - Parse debates XML-Datei: debates2017-11-30a.xml
2025-09-20 19:49:03,203 - database_manager - INFO - Debates XML erfolgreich geparst: 20 Debatten, 0 Reden, 0 Wörter
2025-09-20 19:49:03,204 - database_manager - INFO - Verarbeite Datei 461/2945: debates2015-06-04a.xml
2025-09-20 19:49:03,204 - database_manager - INFO - Parse debates XML-Datei: debates2015-06-04a.xml
2025-09-20 19:49:03,205 - database_manager - INFO - Debates XML erfolgreich geparst: 0 Debatten, 0 Reden, 0 Wörter
2025-09-20 19:49:03,205 - database_manager - INFO - Verarbeite Datei 462/2945: debates2017-10-11b.xml
2025-09-20 19:49:03,205 - database_manager - INFO - Parse debates XML-Datei: debates2017-10-11b.xml
2025-09-20 19:49:03,208 - database_manager - INFO - Debates XML erfolgreich geparst: 0 Debatten, 0 Reden, 0 Wörter
2025-09-20 19:49:03,208 - database_manager - INFO - Verarbeite Datei 463/2945: debates2018-06-12b.xml
2025-09-20 19:49:03,208 - database_manager - INFO - Parse debates XML-Datei: debates2018-06-12b.xml
2025-09-20 19:49:03,227 - database_manager - INFO - Debates XML erfolgreich geparst: 30 Debatten, 0 Reden, 0 Wörter
2025-09-20 19:49:03,228 - database_manager - INFO - Verarbeite Datei 464/2945: debates2020-11-30a.xml
2025-09-20 19:49:03,228 - database_manager - INFO - Parse debates XML-Datei: debates2020-11-30a.xml
2025-09-20 19:49:03,229 - database_manager - INFO - Debates XML erfolgreich geparst: 0 Debatten, 0 Reden, 0 Wörter
2025-09-20 19:49:03,229 - database_manager - INFO - Verarbeite Datei 465/2945: debates2014-12-03a.xml
2025-09-20 19:49:03,229 - database_manager - INFO - Parse debates XML-Datei: debates2014-12-03a.xml
2025-09-20 19:49:03,230 - database_manager - INFO - Debates XML erfolgreich geparst: 0 Debatten, 0 Reden, 0 Wörter
2025-09-20 19:49:03,230 - database_manager - INFO - Verarbeite Datei 466/2945: debates2019-10-28b.xml
2025-09-20 19:49:03,230 - database_manager - INFO - Parse debates XML-Datei: debates2019-10-28b.xml
2025-09-20 19:49:03,249 - database_manager - INFO - Debates XML erfolgreich geparst: 15 Debatten, 0 Reden, 0 Wörter
2025-09-20 19:49:03,249 - database_manager - INFO - Verarbeite Datei 467/2945: debates2020-01-30a.xml
2025-09-20 19:49:03,250 - database_manager - INFO - Parse debates XML-Datei: debates2020-01-30a.xml
2025-09-20 19:49:03,251 - database_manager - INFO - Debates XML erfolgreich geparst: 0 Debatten, 0 Reden, 0 Wörter
2025-09-20 19:49:03,251 - database_manager - INFO - Verarbeite Datei 468/2945: debates2019-01-09a.xml
2025-09-20 19:49:03,251 - database_manager - INFO - Parse debates XML-Datei: debates2019-01-09a.xml
2025-09-20 19:49:03,269 - database_manager - INFO - Debates XML erfolgreich geparst: 15 Debatten, 0 Reden, 0 Wörter
2025-09-20 19:49:03,269 - database_manager - INFO - Verarbeite Datei 469/2945: debates2014-02-03a.xml
2025-09-20 19:49:03,269 - database_manager - INFO - Parse debates XML-Datei: debates2014-02-03a.xml
2025-09-20 19:49:03,270 - database_manager - INFO - Debates XML erfolgreich geparst: 0 Debatten, 0 Reden, 0 Wörter
2025-09-20 19:49:03,270 - database_manager - INFO - Verarbeite Datei 470/2945: debates2016-09-14a.xml
2025-09-20 19:49:03,270 - database_manager - INFO - Parse debates XML-Datei: debates2016-09-14a.xml
2025-09-20 19:49:03,271 - database_manager - INFO - Debates XML erfolgreich geparst: 0 Debatten, 0 Reden, 0 Wörter
2025-09-20 19:49:03,271 - database_manager - INFO - Verarbeite Datei 471/2945: debates2017-02-20a.xml
2025-09-20 19:49:03,271 - database_manager - INFO - Parse debates XML-Datei: debates2017-02-20a.xml
2025-09-20 19:49:03,272 - database_manager - INFO - Debates XML erfolgreich geparst: 0 Debatten, 0 Reden, 0 Wörter
2025-09-20 19:49:03,272 - database_manager - INFO - Verarbeite Datei 472/2945: debates2017-03-01b.xml
2025-09-20 19:49:03,272 - database_manager - INFO - Parse debates XML-Datei: debates2017-03-01b.xml
2025-09-20 19:49:03,285 - database_manager - INFO - Debates XML erfolgreich geparst: 18 Debatten, 0 Reden, 0 Wörter
2025-09-20 19:49:03,285 - database_manager - INFO - Verarbeite Datei 473/2945: debates2021-12-13c.xml
2025-09-20 19:49:03,285 - database_manager - INFO - Parse debates XML-Datei: debates2021-12-13c.xml
2025-09-20 19:49:03,287 - database_manager - INFO - Debates XML erfolgreich geparst: 0 Debatten, 0 Reden, 0 Wörter
2025-09-20 19:49:03,287 - database_manager - INFO - Verarbeite Datei 474/2945: debates2012-10-26a.xml
2025-09-20 19:49:03,287 - database_manager - INFO - Parse debates XML-Datei: debates2012-10-26a.xml
2025-09-20 19:49:03,296 - database_manager - INFO - Debates XML erfolgreich geparst: 4 Debatten, 0 Reden, 0 Wörter
2025-09-20 19:49:03,297 - database_manager - INFO - Verarbeite Datei 475/2945: debates2021-07-06b.xml
2025-09-20 19:49:03,297 - database_manager - INFO - Parse debates XML-Datei: debates2021-07-06b.xml
2025-09-20 19:49:03,298 - database_manager - INFO - Debates XML erfolgreich geparst: 0 Debatten, 0 Reden, 0 Wörter
2025-09-20 19:49:03,298 - database_manager - INFO - Verarbeite Datei 476/2945: debates2018-04-23a.xml
2025-09-20 19:49:03,298 - database_manager - INFO - Parse debates XML-Datei: debates2018-04-23a.xml
2025-09-20 19:49:03,299 - database_manager - INFO - Debates XML erfolgreich geparst: 0 Debatten, 0 Reden, 0 Wörter
2025-09-20 19:49:03,299 - database_manager - INFO - Verarbeite Datei 477/2945: debates2017-12-20a.xml
2025-09-20 19:49:03,299 - database_manager - INFO - Parse debates XML-Datei: debates2017-12-20a.xml
2025-09-20 19:49:03,300 - database_manager - INFO - Debates XML erfolgreich geparst: 0 Debatten, 0 Reden, 0 Wörter
2025-09-20 19:49:03,300 - database_manager - INFO - Verarbeite Datei 478/2945: debates2015-06-08b.xml
2025-09-20 19:49:03,300 - database_manager - INFO - Parse debates XML-Datei: debates2015-06-08b.xml
2025-09-20 19:49:03,315 - database_manager - INFO - Debates XML erfolgreich geparst: 17 Debatten, 0 Reden, 0 Wörter
2025-09-20 19:49:03,315 - database_manager - INFO - Verarbeite Datei 479/2945: debates2019-11-05b.xml
2025-09-20 19:49:03,315 - database_manager - INFO - Parse debates XML-Datei: debates2019-11-05b.xml
2025-09-20 19:49:03,328 - database_manager - INFO - Debates XML erfolgreich geparst: 8 Debatten, 0 Reden, 0 Wörter
2025-09-20 19:49:03,328 - database_manager - INFO - Verarbeite Datei 480/2945: debates2019-12-19a.xml
2025-09-20 19:49:03,328 - database_manager - INFO - Parse debates XML-Datei: debates2019-12-19a.xml
2025-09-20 19:49:03,329 - database_manager - INFO - Debates XML erfolgreich geparst: 0 Debatten, 0 Reden, 0 Wörter
2025-09-20 19:49:03,329 - database_manager - INFO - Verarbeite Datei 481/2945: debates2019-10-24a.xml
2025-09-20 19:49:03,329 - database_manager - INFO - Parse debates XML-Datei: debates2019-10-24a.xml
2025-09-20 19:49:03,331 - database_manager - INFO - Debates XML erfolgreich geparst: 0 Debatten, 0 Reden, 0 Wörter
2025-09-20 19:49:03,331 - database_manager - INFO - Verarbeite Datei 482/2945: debates2016-07-06b.xml
2025-09-20 19:49:03,331 - database_manager - INFO - Parse debates XML-Datei: debates2016-07-06b.xml
2025-09-20 19:49:03,347 - database_manager - INFO - Debates XML erfolgreich geparst: 13 Debatten, 0 Reden, 0 Wörter
2025-09-20 19:49:03,347 - database_manager - INFO - Verarbeite Datei 483/2945: debates2016-06-27a.xml
2025-09-20 19:49:03,348 - database_manager - INFO - Parse debates XML-Datei: debates2016-06-27a.xml
2025-09-20 19:49:03,349 - database_manager - INFO - Debates XML erfolgreich geparst: 0 Debatten, 0 Reden, 0 Wörter
2025-09-20 19:49:03,349 - database_manager - INFO - Verarbeite Datei 484/2945: debates2014-01-13a.xml
2025-09-20 19:49:03,349 - database_manager - INFO - Parse debates XML-Datei: debates2014-01-13a.xml
2025-09-20 19:49:03,350 - database_manager - INFO - Debates XML erfolgreich geparst: 0 Debatten, 0 Reden, 0 Wörter
2025-09-20 19:49:03,350 - database_manager - INFO - Verarbeite Datei 485/2945: debates2019-02-19a.xml
2025-09-20 19:49:03,350 - database_manager - INFO - Parse debates XML-Datei: debates2019-02-19a.xml
2025-09-20 19:49:03,489 - database_manager - INFO - Debates XML erfolgreich geparst: 17 Debatten, 0 Reden, 0 Wörter
2025-09-20 19:49:03,490 - database_manager - INFO - Verarbeite Datei 486/2945: debates2017-01-10c.xml
2025-09-20 19:49:03,490 - database_manager - INFO - Parse debates XML-Datei: debates2017-01-10c.xml
2025-09-20 19:49:03,506 - database_manager - INFO - Debates XML erfolgreich geparst: 24 Debatten, 0 Reden, 0 Wörter
2025-09-20 19:49:03,507 - database_manager - INFO - Verarbeite Datei 487/2945: debates2021-11-23a.xml
2025-09-20 19:49:03,507 - database_manager - INFO - Parse debates XML-Datei: debates2021-11-23a.xml
2025-09-20 19:49:03,508 - database_manager - INFO - Debates XML erfolgreich geparst: 0 Debatten, 0 Reden, 0 Wörter
2025-09-20 19:49:03,509 - database_manager - INFO - Verarbeite Datei 488/2945: debates2015-12-10a.xml
2025-09-20 19:49:03,509 - database_manager - INFO - Parse debates XML-Datei: debates2015-12-10a.xml
2025-09-20 19:49:03,510 - database_manager - INFO - Debates XML erfolgreich geparst: 0 Debatten, 0 Reden, 0 Wörter
2025-09-20 19:49:03,510 - database_manager - INFO - Verarbeite Datei 489/2945: debates2017-07-19a.xml
2025-09-20 19:49:03,510 - database_manager - INFO - Parse debates XML-Datei: debates2017-07-19a.xml
2025-09-20 19:49:03,511 - database_manager - INFO - Debates XML erfolgreich geparst: 0 Debatten, 0 Reden, 0 Wörter
2025-09-20 19:49:03,511 - database_manager - INFO - Verarbeite Datei 490/2945: debates2017-09-07a.xml
2025-09-20 19:49:03,511 - database_manager - INFO - Parse debates XML-Datei: debates2017-09-07a.xml
2025-09-20 19:49:03,512 - database_manager - INFO - Debates XML erfolgreich geparst: 0 Debatten, 0 Reden, 0 Wörter
2025-09-20 19:49:03,512 - database_manager - INFO - Verarbeite Datei 491/2945: debates2015-02-10a.xml
2025-09-20 19:49:03,512 - database_manager - INFO - Parse debates XML-Datei: debates2015-02-10a.xml
2025-09-20 19:49:03,513 - database_manager - INFO - Debates XML erfolgreich geparst: 0 Debatten, 0 Reden, 0 Wörter
2025-09-20 19:49:03,513 - database_manager - INFO - Verarbeite Datei 492/2945: debates2018-03-27a.xml
2025-09-20 19:49:03,513 - database_manager - INFO - Parse debates XML-Datei: debates2018-03-27a.xml
2025-09-20 19:49:03,513 - database_manager - INFO - Debates XML erfolgreich geparst: 0 Debatten, 0 Reden, 0 Wörter
2025-09-20 19:49:03,513 - database_manager - INFO - Verarbeite Datei 493/2945: debates2018-02-06b.xml
2025-09-20 19:49:03,513 - database_manager - INFO - Parse debates XML-Datei: debates2018-02-06b.xml
2025-09-20 19:49:03,515 - database_manager - INFO - Debates XML erfolgreich geparst: 0 Debatten, 0 Reden, 0 Wörter
2025-09-20 19:49:03,515 - database_manager - INFO - Verarbeite Datei 494/2945: debates2013-01-18a.xml
2025-09-20 19:49:03,515 - database_manager - INFO - Parse debates XML-Datei: debates2013-01-18a.xml
2025-09-20 19:49:03,524 - database_manager - INFO - Debates XML erfolgreich geparst: 6 Debatten, 0 Reden, 0 Wörter
2025-09-20 19:49:03,524 - database_manager - INFO - Verarbeite Datei 495/2945: debates2013-03-25a.xml
2025-09-20 19:49:03,524 - database_manager - INFO - Parse debates XML-Datei: debates2013-03-25a.xml
2025-09-20 19:49:03,546 - database_manager - INFO - Debates XML erfolgreich geparst: 35 Debatten, 0 Reden, 0 Wörter
2025-09-20 19:49:03,546 - database_manager - INFO - Verarbeite Datei 496/2945: debates2020-09-07a.xml
2025-09-20 19:49:03,546 - database_manager - INFO - Parse debates XML-Datei: debates2020-09-07a.xml
2025-09-20 19:49:03,548 - database_manager - INFO - Debates XML erfolgreich geparst: 0 Debatten, 0 Reden, 0 Wörter
2025-09-20 19:49:03,548 - database_manager - INFO - Verarbeite Datei 497/2945: debates2020-11-10c.xml
2025-09-20 19:49:03,548 - database_manager - INFO - Parse debates XML-Datei: debates2020-11-10c.xml
2025-09-20 19:49:03,550 - database_manager - INFO - Debates XML erfolgreich geparst: 0 Debatten, 0 Reden, 0 Wörter
2025-09-20 19:49:03,550 - database_manager - INFO - Verarbeite Datei 498/2945: debates2019-03-14c.xml
2025-09-20 19:49:03,551 - database_manager - INFO - Parse debates XML-Datei: debates2019-03-14c.xml
2025-09-20 19:49:03,568 - database_manager - INFO - Debates XML erfolgreich geparst: 18 Debatten, 0 Reden, 0 Wörter
2025-09-20 19:49:03,569 - database_manager - INFO - Verarbeite Datei 499/2945: debates2013-12-04b.xml
2025-09-20 19:49:03,569 - database_manager - INFO - Parse debates XML-Datei: debates2013-12-04b.xml
2025-09-20 19:49:03,587 - database_manager - INFO - Debates XML erfolgreich geparst: 21 Debatten, 0 Reden, 0 Wörter
2025-09-20 19:49:03,587 - database_manager - INFO - Verarbeite Datei 500/2945: debates2013-11-18a.xml
2025-09-20 19:49:03,587 - database_manager - INFO - Parse debates XML-Datei: debates2013-11-18a.xml
2025-09-20 19:49:03,588 - database_manager - INFO - Debates XML erfolgreich geparst: 0 Debatten, 0 Reden, 0 Wörter
2025-09-20 19:49:03,588 - database_manager - INFO - Verarbeite Datei 501/2945: debates2014-06-17a.xml
2025-09-20 19:49:03,588 - database_manager - INFO - Parse debates XML-Datei: debates2014-06-17a.xml
2025-09-20 19:49:03,590 - database_manager - INFO - Debates XML erfolgreich geparst: 0 Debatten, 0 Reden, 0 Wörter
2025-09-20 19:49:03,590 - database_manager - INFO - Verarbeite Datei 502/2945: debates2016-11-23a.xml
2025-09-20 19:49:03,590 - database_manager - INFO - Parse debates XML-Datei: debates2016-11-23a.xml
2025-09-20 19:49:03,590 - database_manager - INFO - Debates XML erfolgreich geparst: 0 Debatten, 0 Reden, 0 Wörter
2025-09-20 19:49:03,591 - database_manager - INFO - Verarbeite Datei 503/2945: debates2015-10-21b.xml
2025-09-20 19:49:03,591 - database_manager - INFO - Parse debates XML-Datei: debates2015-10-21b.xml
2025-09-20 19:49:03,609 - database_manager - INFO - Debates XML erfolgreich geparst: 30 Debatten, 0 Reden, 0 Wörter
2025-09-20 19:49:03,609 - database_manager - INFO - Verarbeite Datei 504/2945: debates2021-06-07c.xml
2025-09-20 19:49:03,609 - database_manager - INFO - Parse debates XML-Datei: debates2021-06-07c.xml
2025-09-20 19:49:03,624 - database_manager - INFO - Debates XML erfolgreich geparst: 23 Debatten, 0 Reden, 0 Wörter
2025-09-20 19:49:03,625 - database_manager - INFO - Verarbeite Datei 505/2945: debates2018-01-16b.xml
2025-09-20 19:49:03,625 - database_manager - INFO - Parse debates XML-Datei: debates2018-01-16b.xml
2025-09-20 19:49:03,641 - database_manager - INFO - Debates XML erfolgreich geparst: 21 Debatten, 0 Reden, 0 Wörter
2025-09-20 19:49:03,642 - database_manager - INFO - Verarbeite Datei 506/2945: debates2013-01-14b.xml
2025-09-20 19:49:03,642 - database_manager - INFO - Parse debates XML-Datei: debates2013-01-14b.xml
2025-09-20 19:49:03,643 - database_manager - INFO - Debates XML erfolgreich geparst: 0 Debatten, 0 Reden, 0 Wörter
2025-09-20 19:49:03,643 - database_manager - INFO - Verarbeite Datei 507/2945: debates2020-07-15b.xml
2025-09-20 19:49:03,643 - database_manager - INFO - Parse debates XML-Datei: debates2020-07-15b.xml
2025-09-20 19:49:03,657 - database_manager - INFO - Debates XML erfolgreich geparst: 11 Debatten, 0 Reden, 0 Wörter
2025-09-20 19:49:03,658 - database_manager - INFO - Verarbeite Datei 508/2945: debates2014-05-07a.xml
2025-09-20 19:49:03,658 - database_manager - INFO - Parse debates XML-Datei: debates2014-05-07a.xml
2025-09-20 19:49:03,671 - database_manager - INFO - Debates XML erfolgreich geparst: 19 Debatten, 0 Reden, 0 Wörter
2025-09-20 19:49:03,672 - database_manager - INFO - Verarbeite Datei 509/2945: debates2019-04-30a.xml
2025-09-20 19:49:03,672 - database_manager - INFO - Parse debates XML-Datei: debates2019-04-30a.xml
2025-09-20 19:49:03,681 - database_manager - INFO - Debates XML erfolgreich geparst: 16 Debatten, 0 Reden, 0 Wörter
2025-09-20 19:49:03,681 - database_manager - INFO - Verarbeite Datei 510/2945: debates2017-09-11a.xml
2025-09-20 19:49:03,681 - database_manager - INFO - Parse debates XML-Datei: debates2017-09-11a.xml
2025-09-20 19:49:03,701 - database_manager - INFO - Debates XML erfolgreich geparst: 45 Debatten, 0 Reden, 0 Wörter
2025-09-20 19:49:03,701 - database_manager - INFO - Verarbeite Datei 511/2945: debates2021-03-08a.xml
2025-09-20 19:49:03,702 - database_manager - INFO - Parse debates XML-Datei: debates2021-03-08a.xml
2025-09-20 19:49:03,702 - database_manager - INFO - Debates XML erfolgreich geparst: 0 Debatten, 0 Reden, 0 Wörter
2025-09-20 19:49:03,702 - database_manager - INFO - Verarbeite Datei 512/2945: debates2018-07-05c.xml
2025-09-20 19:49:03,702 - database_manager - INFO - Parse debates XML-Datei: debates2018-07-05c.xml
2025-09-20 19:49:03,703 - database_manager - INFO - Debates XML erfolgreich geparst: 0 Debatten, 0 Reden, 0 Wörter
2025-09-20 19:49:03,703 - database_manager - INFO - Verarbeite Datei 513/2945: debates2018-06-25d.xml
2025-09-20 19:49:03,703 - database_manager - INFO - Parse debates XML-Datei: debates2018-06-25d.xml
2025-09-20 19:49:03,719 - database_manager - INFO - Debates XML erfolgreich geparst: 26 Debatten, 0 Reden, 0 Wörter
2025-09-20 19:49:03,720 - database_manager - INFO - Verarbeite Datei 514/2945: debates2021-09-22c.xml
2025-09-20 19:49:03,720 - database_manager - INFO - Parse debates XML-Datei: debates2021-09-22c.xml
2025-09-20 19:49:03,733 - database_manager - INFO - Debates XML erfolgreich geparst: 13 Debatten, 0 Reden, 0 Wörter
2025-09-20 19:49:03,733 - database_manager - INFO - Verarbeite Datei 515/2945: debates2018-12-10b.xml
2025-09-20 19:49:03,733 - database_manager - INFO - Parse debates XML-Datei: debates2018-12-10b.xml
2025-09-20 19:49:03,747 - database_manager - INFO - Debates XML erfolgreich geparst: 18 Debatten, 0 Reden, 0 Wörter
2025-09-20 19:49:03,747 - database_manager - INFO - Verarbeite Datei 516/2945: debates2012-05-09a.xml
2025-09-20 19:49:03,747 - database_manager - INFO - Parse debates XML-Datei: debates2012-05-09a.xml
2025-09-20 19:49:03,748 - database_manager - INFO - Debates XML erfolgreich geparst: 0 Debatten, 0 Reden, 0 Wörter
2025-09-20 19:49:03,748 - database_manager - INFO - Verarbeite Datei 517/2945: debates2016-02-29b.xml
2025-09-20 19:49:03,748 - database_manager - INFO - Parse debates XML-Datei: debates2016-02-29b.xml
2025-09-20 19:49:03,759 - database_manager - INFO - Debates XML erfolgreich geparst: 2 Debatten, 0 Reden, 0 Wörter
2025-09-20 19:49:03,759 - database_manager - INFO - Verarbeite Datei 518/2945: debates2016-03-08a.xml
2025-09-20 19:49:03,759 - database_manager - INFO - Parse debates XML-Datei: debates2016-03-08a.xml
2025-09-20 19:49:03,772 - database_manager - INFO - Debates XML erfolgreich geparst: 7 Debatten, 0 Reden, 0 Wörter
2025-09-20 19:49:03,773 - database_manager - INFO - Verarbeite Datei 519/2945: debates2020-09-11a.xml
2025-09-20 19:49:03,773 - database_manager - INFO - Parse debates XML-Datei: debates2020-09-11a.xml
2025-09-20 19:49:03,775 - database_manager - INFO - Debates XML erfolgreich geparst: 0 Debatten, 0 Reden, 0 Wörter
2025-09-20 19:49:03,775 - database_manager - INFO - Verarbeite Datei 520/2945: debates2015-01-16a.xml
2025-09-20 19:49:03,775 - database_manager - INFO - Parse debates XML-Datei: debates2015-01-16a.xml
2025-09-20 19:49:03,783 - database_manager - INFO - Debates XML erfolgreich geparst: 10 Debatten, 0 Reden, 0 Wörter
2025-09-20 19:49:03,783 - database_manager - INFO - Verarbeite Datei 521/2945: debates2018-06-28c.xml
2025-09-20 19:49:03,783 - database_manager - INFO - Parse debates XML-Datei: debates2018-06-28c.xml
2025-09-20 19:49:03,786 - database_manager - INFO - Debates XML erfolgreich geparst: 1 Debatten, 0 Reden, 0 Wörter
2025-09-20 19:49:03,786 - database_manager - INFO - Verarbeite Datei 522/2945: debates2021-02-25a.xml
2025-09-20 19:49:03,786 - database_manager - INFO - Parse debates XML-Datei: debates2021-02-25a.xml
2025-09-20 19:49:03,787 - database_manager - INFO - Debates XML erfolgreich geparst: 0 Debatten, 0 Reden, 0 Wörter
2025-09-20 19:49:03,787 - database_manager - INFO - Verarbeite Datei 523/2945: debates2021-03-04b.xml
2025-09-20 19:49:03,787 - database_manager - INFO - Parse debates XML-Datei: debates2021-03-04b.xml
2025-09-20 19:49:03,801 - database_manager - INFO - Debates XML erfolgreich geparst: 25 Debatten, 0 Reden, 0 Wörter
2025-09-20 19:49:03,802 - database_manager - INFO - Verarbeite Datei 524/2945: debates2015-11-16a.xml
2025-09-20 19:49:03,802 - database_manager - INFO - Parse debates XML-Datei: debates2015-11-16a.xml
2025-09-20 19:49:03,817 - database_manager - INFO - Debates XML erfolgreich geparst: 15 Debatten, 0 Reden, 0 Wörter
2025-09-20 19:49:03,818 - database_manager - INFO - Verarbeite Datei 525/2945: debates2017-07-03b.xml
2025-09-20 19:49:03,818 - database_manager - INFO - Parse debates XML-Datei: debates2017-07-03b.xml
2025-09-20 19:49:03,819 - database_manager - INFO - Debates XML erfolgreich geparst: 0 Debatten, 0 Reden, 0 Wörter
2025-09-20 19:49:03,819 - database_manager - INFO - Verarbeite Datei 526/2945: debates2017-06-22a.xml
2025-09-20 19:49:03,819 - database_manager - INFO - Parse debates XML-Datei: debates2017-06-22a.xml
2025-09-20 19:49:03,821 - database_manager - INFO - Debates XML erfolgreich geparst: 0 Debatten, 0 Reden, 0 Wörter
2025-09-20 19:49:03,821 - database_manager - INFO - Verarbeite Datei 527/2945: debates2012-04-24a.xml
2025-09-20 19:49:03,821 - database_manager - INFO - Parse debates XML-Datei: debates2012-04-24a.xml
2025-09-20 19:49:03,822 - database_manager - INFO - Debates XML erfolgreich geparst: 0 Debatten, 0 Reden, 0 Wörter
2025-09-20 19:49:03,822 - database_manager - INFO - Verarbeite Datei 528/2945: debates2012-06-19a.xml
2025-09-20 19:49:03,822 - database_manager - INFO - Parse debates XML-Datei: debates2012-06-19a.xml
2025-09-20 19:49:03,835 - database_manager - INFO - Debates XML erfolgreich geparst: 30 Debatten, 0 Reden, 0 Wörter
2025-09-20 19:49:03,835 - database_manager - INFO - Verarbeite Datei 529/2945: debates2021-10-18a.xml
2025-09-20 19:49:03,835 - database_manager - INFO - Parse debates XML-Datei: debates2021-10-18a.xml
2025-09-20 19:49:03,836 - database_manager - INFO - Debates XML erfolgreich geparst: 0 Debatten, 0 Reden, 0 Wörter
2025-09-20 19:49:03,836 - database_manager - INFO - Verarbeite Datei 530/2945: debates2016-10-18a.xml
2025-09-20 19:49:03,836 - database_manager - INFO - Parse debates XML-Datei: debates2016-10-18a.xml
2025-09-20 19:49:03,837 - database_manager - INFO - Debates XML erfolgreich geparst: 0 Debatten, 0 Reden, 0 Wörter
2025-09-20 19:49:03,837 - database_manager - INFO - Verarbeite Datei 531/2945: debates2013-10-23a.xml
2025-09-20 19:49:03,837 - database_manager - INFO - Parse debates XML-Datei: debates2013-10-23a.xml
2025-09-20 19:49:03,985 - database_manager - INFO - Debates XML erfolgreich geparst: 14 Debatten, 0 Reden, 0 Wörter
2025-09-20 19:49:03,986 - database_manager - INFO - Verarbeite Datei 532/2945: debates2020-06-22a.xml
2025-09-20 19:49:03,986 - database_manager - INFO - Parse debates XML-Datei: debates2020-06-22a.xml
2025-09-20 19:49:03,987 - database_manager - INFO - Debates XML erfolgreich geparst: 0 Debatten, 0 Reden, 0 Wörter
2025-09-20 19:49:03,987 - database_manager - INFO - Verarbeite Datei 533/2945: debates2016-02-25a.xml
2025-09-20 19:49:03,987 - database_manager - INFO - Parse debates XML-Datei: debates2016-02-25a.xml
2025-09-20 19:49:04,002 - database_manager - INFO - Debates XML erfolgreich geparst: 22 Debatten, 0 Reden, 0 Wörter
2025-09-20 19:49:04,003 - database_manager - INFO - Verarbeite Datei 534/2945: debates2016-03-04b.xml
2025-09-20 19:49:04,003 - database_manager - INFO - Parse debates XML-Datei: debates2016-03-04b.xml
2025-09-20 19:49:04,012 - database_manager - INFO - Debates XML erfolgreich geparst: 2 Debatten, 0 Reden, 0 Wörter
2025-09-20 19:49:04,012 - database_manager - INFO - Verarbeite Datei 535/2945: debates2018-06-04b.xml
2025-09-20 19:49:04,012 - database_manager - INFO - Parse debates XML-Datei: debates2018-06-04b.xml
2025-09-20 19:49:04,028 - database_manager - INFO - Debates XML erfolgreich geparst: 25 Debatten, 0 Reden, 0 Wörter
2025-09-20 19:49:04,028 - database_manager - INFO - Verarbeite Datei 536/2945: debates2017-01-26a.xml
2025-09-20 19:49:04,028 - database_manager - INFO - Parse debates XML-Datei: debates2017-01-26a.xml
2025-09-20 19:49:04,042 - database_manager - INFO - Debates XML erfolgreich geparst: 17 Debatten, 0 Reden, 0 Wörter
2025-09-20 19:49:04,042 - database_manager - INFO - Verarbeite Datei 537/2945: debates2021-11-15c.xml
2025-09-20 19:49:04,042 - database_manager - INFO - Parse debates XML-Datei: debates2021-11-15c.xml
2025-09-20 19:49:04,043 - database_manager - INFO - Debates XML erfolgreich geparst: 0 Debatten, 0 Reden, 0 Wörter
2025-09-20 19:49:04,043 - database_manager - INFO - Verarbeite Datei 538/2945: debates2012-03-20a.xml
2025-09-20 19:49:04,043 - database_manager - INFO - Parse debates XML-Datei: debates2012-03-20a.xml
2025-09-20 19:49:04,044 - database_manager - INFO - Debates XML erfolgreich geparst: 0 Debatten, 0 Reden, 0 Wörter
2025-09-20 19:49:04,044 - database_manager - INFO - Verarbeite Datei 539/2945: debates2014-01-09b.xml
2025-09-20 19:49:04,044 - database_manager - INFO - Parse debates XML-Datei: debates2014-01-09b.xml
2025-09-20 19:49:04,058 - database_manager - INFO - Debates XML erfolgreich geparst: 24 Debatten, 0 Reden, 0 Wörter
2025-09-20 19:49:04,059 - database_manager - INFO - Verarbeite Datei 540/2945: debates2019-03-22a.xml
2025-09-20 19:49:04,059 - database_manager - INFO - Parse debates XML-Datei: debates2019-03-22a.xml
2025-09-20 19:49:04,069 - database_manager - INFO - Debates XML erfolgreich geparst: 3 Debatten, 0 Reden, 0 Wörter
2025-09-20 19:49:04,069 - database_manager - INFO - Verarbeite Datei 541/2945: debates2020-05-12c.xml
2025-09-20 19:49:04,069 - database_manager - INFO - Parse debates XML-Datei: debates2020-05-12c.xml
2025-09-20 19:49:04,070 - database_manager - INFO - Debates XML erfolgreich geparst: 0 Debatten, 0 Reden, 0 Wörter
2025-09-20 19:49:04,070 - database_manager - INFO - Verarbeite Datei 542/2945: debates2014-10-28a.xml
2025-09-20 19:49:04,070 - database_manager - INFO - Parse debates XML-Datei: debates2014-10-28a.xml
2025-09-20 19:49:04,071 - database_manager - INFO - Debates XML erfolgreich geparst: 0 Debatten, 0 Reden, 0 Wörter
2025-09-20 19:49:04,071 - database_manager - INFO - Verarbeite Datei 543/2945: debates2014-12-15a.xml
2025-09-20 19:49:04,071 - database_manager - INFO - Parse debates XML-Datei: debates2014-12-15a.xml
2025-09-20 19:49:04,087 - database_manager - INFO - Debates XML erfolgreich geparst: 28 Debatten, 0 Reden, 0 Wörter
2025-09-20 19:49:04,087 - database_manager - INFO - Verarbeite Datei 544/2945: debates2013-06-06b.xml
2025-09-20 19:49:04,087 - database_manager - INFO - Parse debates XML-Datei: debates2013-06-06b.xml
2025-09-20 19:49:04,102 - database_manager - INFO - Debates XML erfolgreich geparst: 17 Debatten, 0 Reden, 0 Wörter
2025-09-20 19:49:04,103 - database_manager - INFO - Verarbeite Datei 545/2945: debates2020-10-07b.xml
2025-09-20 19:49:04,103 - database_manager - INFO - Parse debates XML-Datei: debates2020-10-07b.xml
2025-09-20 19:49:04,114 - database_manager - INFO - Debates XML erfolgreich geparst: 10 Debatten, 0 Reden, 0 Wörter
2025-09-20 19:49:04,114 - database_manager - INFO - Verarbeite Datei 546/2945: debates2020-11-26a.xml
2025-09-20 19:49:04,114 - database_manager - INFO - Parse debates XML-Datei: debates2020-11-26a.xml
2025-09-20 19:49:04,115 - database_manager - INFO - Debates XML erfolgreich geparst: 0 Debatten, 0 Reden, 0 Wörter
2025-09-20 19:49:04,115 - database_manager - INFO - Verarbeite Datei 547/2945: debates2018-05-14b.xml
2025-09-20 19:49:04,115 - database_manager - INFO - Parse debates XML-Datei: debates2018-05-14b.xml
2025-09-20 19:49:04,116 - database_manager - INFO - Debates XML erfolgreich geparst: 0 Debatten, 0 Reden, 0 Wörter
2025-09-20 19:49:04,116 - database_manager - INFO - Verarbeite Datei 548/2945: debates2012-10-30a.xml
2025-09-20 19:49:04,116 - database_manager - INFO - Parse debates XML-Datei: debates2012-10-30a.xml
2025-09-20 19:49:04,124 - database_manager - INFO - Debates XML erfolgreich geparst: 25 Debatten, 0 Reden, 0 Wörter
2025-09-20 19:49:04,125 - database_manager - INFO - Verarbeite Datei 549/2945: debates2021-11-18d.xml
2025-09-20 19:49:04,125 - database_manager - INFO - Parse debates XML-Datei: debates2021-11-18d.xml
2025-09-20 19:49:04,125 - database_manager - INFO - Debates XML erfolgreich geparst: 0 Debatten, 0 Reden, 0 Wörter
2025-09-20 19:49:04,125 - database_manager - INFO - Verarbeite Datei 550/2945: debates2021-01-18d.xml
2025-09-20 19:49:04,125 - database_manager - INFO - Parse debates XML-Datei: debates2021-01-18d.xml
2025-09-20 19:49:04,126 - database_manager - INFO - Debates XML erfolgreich geparst: 0 Debatten, 0 Reden, 0 Wörter
2025-09-20 19:49:04,126 - database_manager - INFO - Verarbeite Datei 551/2945: debates2012-01-11b.xml
2025-09-20 19:49:04,126 - database_manager - INFO - Parse debates XML-Datei: debates2012-01-11b.xml
2025-09-20 19:49:04,142 - database_manager - INFO - Debates XML erfolgreich geparst: 18 Debatten, 0 Reden, 0 Wörter
2025-09-20 19:49:04,143 - database_manager - INFO - Verarbeite Datei 552/2945: debates2020-06-02c.xml
2025-09-20 19:49:04,143 - database_manager - INFO - Parse debates XML-Datei: debates2020-06-02c.xml
2025-09-20 19:49:04,144 - database_manager - INFO - Debates XML erfolgreich geparst: 0 Debatten, 0 Reden, 0 Wörter
2025-09-20 19:49:04,144 - database_manager - INFO - Verarbeite Datei 553/2945: debates2016-12-05c.xml
2025-09-20 19:49:04,144 - database_manager - INFO - Parse debates XML-Datei: debates2016-12-05c.xml
2025-09-20 19:49:04,154 - database_manager - INFO - Debates XML erfolgreich geparst: 25 Debatten, 0 Reden, 0 Wörter
2025-09-20 19:49:04,154 - database_manager - INFO - Verarbeite Datei 554/2945: debates2020-03-17b.xml
2025-09-20 19:49:04,154 - database_manager - INFO - Parse debates XML-Datei: debates2020-03-17b.xml
2025-09-20 19:49:04,156 - database_manager - INFO - Debates XML erfolgreich geparst: 0 Debatten, 0 Reden, 0 Wörter
2025-09-20 19:49:04,156 - database_manager - INFO - Verarbeite Datei 555/2945: debates2014-11-05a.xml
2025-09-20 19:49:04,156 - database_manager - INFO - Parse debates XML-Datei: debates2014-11-05a.xml
2025-09-20 19:49:04,171 - database_manager - INFO - Debates XML erfolgreich geparst: 12 Debatten, 0 Reden, 0 Wörter
2025-09-20 19:49:04,171 - database_manager - INFO - Verarbeite Datei 556/2945: debates2016-07-11d.xml
2025-09-20 19:49:04,171 - database_manager - INFO - Parse debates XML-Datei: debates2016-07-11d.xml
2025-09-20 19:49:04,187 - database_manager - INFO - Debates XML erfolgreich geparst: 35 Debatten, 0 Reden, 0 Wörter
2025-09-20 19:49:04,187 - database_manager - INFO - Verarbeite Datei 557/2945: debates2016-12-05a.xml
2025-09-20 19:49:04,187 - database_manager - INFO - Parse debates XML-Datei: debates2016-12-05a.xml
2025-09-20 19:49:04,188 - database_manager - INFO - Debates XML erfolgreich geparst: 0 Debatten, 0 Reden, 0 Wörter
2025-09-20 19:49:04,188 - database_manager - INFO - Verarbeite Datei 558/2945: debates2013-11-22b.xml
2025-09-20 19:49:04,188 - database_manager - INFO - Parse debates XML-Datei: debates2013-11-22b.xml
2025-09-20 19:49:04,197 - database_manager - INFO - Debates XML erfolgreich geparst: 2 Debatten, 0 Reden, 0 Wörter
2025-09-20 19:49:04,198 - database_manager - INFO - Verarbeite Datei 559/2945: debates2020-06-02a.xml
2025-09-20 19:49:04,198 - database_manager - INFO - Parse debates XML-Datei: debates2020-06-02a.xml
2025-09-20 19:49:04,199 - database_manager - INFO - Debates XML erfolgreich geparst: 0 Debatten, 0 Reden, 0 Wörter
2025-09-20 19:49:04,199 - database_manager - INFO - Verarbeite Datei 560/2945: debates2016-02-05a.xml
2025-09-20 19:49:04,199 - database_manager - INFO - Parse debates XML-Datei: debates2016-02-05a.xml
2025-09-20 19:49:04,208 - database_manager - INFO - Debates XML erfolgreich geparst: 6 Debatten, 0 Reden, 0 Wörter
2025-09-20 19:49:04,208 - database_manager - INFO - Verarbeite Datei 561/2945: debates2014-09-12a.xml
2025-09-20 19:49:04,208 - database_manager - INFO - Parse debates XML-Datei: debates2014-09-12a.xml
2025-09-20 19:49:04,219 - database_manager - INFO - Debates XML erfolgreich geparst: 6 Debatten, 0 Reden, 0 Wörter
2025-09-20 19:49:04,219 - database_manager - INFO - Verarbeite Datei 562/2945: debates2016-01-19b.xml
2025-09-20 19:49:04,219 - database_manager - INFO - Parse debates XML-Datei: debates2016-01-19b.xml
2025-09-20 19:49:04,220 - database_manager - INFO - Debates XML erfolgreich geparst: 3 Debatten, 0 Reden, 0 Wörter
2025-09-20 19:49:04,220 - database_manager - INFO - Verarbeite Datei 563/2945: debates2019-09-04b.xml
2025-09-20 19:49:04,220 - database_manager - INFO - Parse debates XML-Datei: debates2019-09-04b.xml
2025-09-20 19:49:04,221 - database_manager - INFO - Debates XML erfolgreich geparst: 0 Debatten, 0 Reden, 0 Wörter
2025-09-20 19:49:04,221 - database_manager - INFO - Verarbeite Datei 564/2945: debates2013-01-22b.xml
2025-09-20 19:49:04,221 - database_manager - INFO - Parse debates XML-Datei: debates2013-01-22b.xml
2025-09-20 19:49:04,239 - database_manager - INFO - Debates XML erfolgreich geparst: 30 Debatten, 0 Reden, 0 Wörter
2025-09-20 19:49:04,239 - database_manager - INFO - Verarbeite Datei 565/2945: debates2021-01-19b.xml
2025-09-20 19:49:04,239 - database_manager - INFO - Parse debates XML-Datei: debates2021-01-19b.xml
2025-09-20 19:49:04,257 - database_manager - INFO - Debates XML erfolgreich geparst: 23 Debatten, 0 Reden, 0 Wörter
2025-09-20 19:49:04,258 - database_manager - INFO - Verarbeite Datei 566/2945: debates2021-11-19b.xml
2025-09-20 19:49:04,258 - database_manager - INFO - Parse debates XML-Datei: debates2021-11-19b.xml
2025-09-20 19:49:04,259 - database_manager - INFO - Debates XML erfolgreich geparst: 0 Debatten, 0 Reden, 0 Wörter
2025-09-20 19:49:04,260 - database_manager - INFO - Verarbeite Datei 567/2945: debates2016-11-15a.xml
2025-09-20 19:49:04,260 - database_manager - INFO - Parse debates XML-Datei: debates2016-11-15a.xml
2025-09-20 19:49:04,261 - database_manager - INFO - Debates XML erfolgreich geparst: 0 Debatten, 0 Reden, 0 Wörter
2025-09-20 19:49:04,261 - database_manager - INFO - Verarbeite Datei 568/2945: debates2019-07-16a.xml
2025-09-20 19:49:04,261 - database_manager - INFO - Parse debates XML-Datei: debates2019-07-16a.xml
2025-09-20 19:49:04,274 - database_manager - INFO - Debates XML erfolgreich geparst: 20 Debatten, 0 Reden, 0 Wörter
2025-09-20 19:49:04,274 - database_manager - INFO - Verarbeite Datei 569/2945: debates2020-05-12a.xml
2025-09-20 19:49:04,274 - database_manager - INFO - Parse debates XML-Datei: debates2020-05-12a.xml
2025-09-20 19:49:04,275 - database_manager - INFO - Debates XML erfolgreich geparst: 0 Debatten, 0 Reden, 0 Wörter
2025-09-20 19:49:04,275 - database_manager - INFO - Verarbeite Datei 570/2945: debates2020-11-26c.xml
2025-09-20 19:49:04,275 - database_manager - INFO - Parse debates XML-Datei: debates2020-11-26c.xml
2025-09-20 19:49:04,276 - database_manager - INFO - Debates XML erfolgreich geparst: 0 Debatten, 0 Reden, 0 Wörter
2025-09-20 19:49:04,276 - database_manager - INFO - Verarbeite Datei 571/2945: debates2016-02-09b.xml
2025-09-20 19:49:04,276 - database_manager - INFO - Parse debates XML-Datei: debates2016-02-09b.xml
2025-09-20 19:49:04,289 - database_manager - INFO - Debates XML erfolgreich geparst: 2 Debatten, 0 Reden, 0 Wörter
2025-09-20 19:49:04,290 - database_manager - INFO - Verarbeite Datei 572/2945: debates2014-10-28c.xml
2025-09-20 19:49:04,290 - database_manager - INFO - Parse debates XML-Datei: debates2014-10-28c.xml
2025-09-20 19:49:04,305 - database_manager - INFO - Debates XML erfolgreich geparst: 15 Debatten, 0 Reden, 0 Wörter
2025-09-20 19:49:04,305 - database_manager - INFO - Verarbeite Datei 573/2945: debates2016-11-14e.xml
2025-09-20 19:49:04,305 - database_manager - INFO - Parse debates XML-Datei: debates2016-11-14e.xml
2025-09-20 19:49:04,316 - database_manager - INFO - Debates XML erfolgreich geparst: 19 Debatten, 0 Reden, 0 Wörter
2025-09-20 19:49:04,316 - database_manager - INFO - Verarbeite Datei 574/2945: debates2013-03-13a.xml
2025-09-20 19:49:04,316 - database_manager - INFO - Parse debates XML-Datei: debates2013-03-13a.xml
2025-09-20 19:49:04,317 - database_manager - INFO - Debates XML erfolgreich geparst: 0 Debatten, 0 Reden, 0 Wörter
2025-09-20 19:49:04,317 - database_manager - INFO - Verarbeite Datei 575/2945: debates2015-02-26a.xml
2025-09-20 19:49:04,317 - database_manager - INFO - Parse debates XML-Datei: debates2015-02-26a.xml
2025-09-20 19:49:04,318 - database_manager - INFO - Debates XML erfolgreich geparst: 0 Debatten, 0 Reden, 0 Wörter
2025-09-20 19:49:04,318 - database_manager - INFO - Verarbeite Datei 576/2945: debates2021-02-09b.xml
2025-09-20 19:49:04,318 - database_manager - INFO - Parse debates XML-Datei: debates2021-02-09b.xml
2025-09-20 19:49:04,319 - database_manager - INFO - Debates XML erfolgreich geparst: 0 Debatten, 0 Reden, 0 Wörter
2025-09-20 19:49:04,319 - database_manager - INFO - Verarbeite Datei 577/2945: debates2021-11-15a.xml
2025-09-20 19:49:04,319 - database_manager - INFO - Parse debates XML-Datei: debates2021-11-15a.xml
2025-09-20 19:49:04,320 - database_manager - INFO - Debates XML erfolgreich geparst: 0 Debatten, 0 Reden, 0 Wörter
2025-09-20 19:49:04,320 - database_manager - INFO - Verarbeite Datei 578/2945: debates2021-12-09b.xml
2025-09-20 19:49:04,320 - database_manager - INFO - Parse debates XML-Datei: debates2021-12-09b.xml
2025-09-20 19:49:04,334 - database_manager - INFO - Debates XML erfolgreich geparst: 21 Debatten, 0 Reden, 0 Wörter
2025-09-20 19:49:04,335 - database_manager - INFO - Verarbeite Datei 579/2945: debates2014-03-18a.xml
2025-09-20 19:49:04,335 - database_manager - INFO - Parse debates XML-Datei: debates2014-03-18a.xml
2025-09-20 19:49:04,350 - database_manager - INFO - Debates XML erfolgreich geparst: 23 Debatten, 0 Reden, 0 Wörter
2025-09-20 19:49:04,350 - database_manager - INFO - Verarbeite Datei 580/2945: debates2016-10-18c.xml
2025-09-20 19:49:04,350 - database_manager - INFO - Parse debates XML-Datei: debates2016-10-18c.xml
2025-09-20 19:49:04,351 - database_manager - INFO - Debates XML erfolgreich geparst: 1 Debatten, 0 Reden, 0 Wörter
2025-09-20 19:49:04,351 - database_manager - INFO - Verarbeite Datei 581/2945: debates2014-11-25a.xml
2025-09-20 19:49:04,351 - database_manager - INFO - Parse debates XML-Datei: debates2014-11-25a.xml
2025-09-20 19:49:04,371 - database_manager - INFO - Debates XML erfolgreich geparst: 81 Debatten, 0 Reden, 0 Wörter
2025-09-20 19:49:04,372 - database_manager - INFO - Verarbeite Datei 582/2945: debates2020-12-16a.xml
2025-09-20 19:49:04,372 - database_manager - INFO - Parse debates XML-Datei: debates2020-12-16a.xml
2025-09-20 19:49:04,373 - database_manager - INFO - Debates XML erfolgreich geparst: 0 Debatten, 0 Reden, 0 Wörter
2025-09-20 19:49:04,373 - database_manager - INFO - Verarbeite Datei 583/2945: debates2013-04-17a.xml
2025-09-20 19:49:04,373 - database_manager - INFO - Parse debates XML-Datei: debates2013-04-17a.xml
2025-09-20 19:49:04,388 - database_manager - INFO - Debates XML erfolgreich geparst: 6 Debatten, 0 Reden, 0 Wörter
2025-09-20 19:49:04,388 - database_manager - INFO - Verarbeite Datei 584/2945: debates2021-02-25c.xml
2025-09-20 19:49:04,388 - database_manager - INFO - Parse debates XML-Datei: debates2021-02-25c.xml
2025-09-20 19:49:04,389 - database_manager - INFO - Debates XML erfolgreich geparst: 0 Debatten, 0 Reden, 0 Wörter
2025-09-20 19:49:04,389 - database_manager - INFO - Verarbeite Datei 585/2945: debates2018-06-28a.xml
2025-09-20 19:49:04,389 - database_manager - INFO - Parse debates XML-Datei: debates2018-06-28a.xml
2025-09-20 19:49:04,390 - database_manager - INFO - Debates XML erfolgreich geparst: 0 Debatten, 0 Reden, 0 Wörter
2025-09-20 19:49:04,390 - database_manager - INFO - Verarbeite Datei 586/2945: debates2018-07-09b.xml
2025-09-20 19:49:04,390 - database_manager - INFO - Parse debates XML-Datei: debates2018-07-09b.xml
2025-09-20 19:49:04,391 - database_manager - INFO - Debates XML erfolgreich geparst: 0 Debatten, 0 Reden, 0 Wörter
2025-09-20 19:49:04,391 - database_manager - INFO - Verarbeite Datei 587/2945: debates2021-10-18c.xml
2025-09-20 19:49:04,391 - database_manager - INFO - Parse debates XML-Datei: debates2021-10-18c.xml
2025-09-20 19:49:04,391 - database_manager - INFO - Debates XML erfolgreich geparst: 0 Debatten, 0 Reden, 0 Wörter
2025-09-20 19:49:04,391 - database_manager - INFO - Verarbeite Datei 588/2945: debates2012-01-31b.xml
2025-09-20 19:49:04,391 - database_manager - INFO - Parse debates XML-Datei: debates2012-01-31b.xml
2025-09-20 19:49:04,408 - database_manager - INFO - Debates XML erfolgreich geparst: 55 Debatten, 0 Reden, 0 Wörter
2025-09-20 19:49:04,409 - database_manager - INFO - Verarbeite Datei 589/2945: debates2013-06-26b.xml
2025-09-20 19:49:04,409 - database_manager - INFO - Parse debates XML-Datei: debates2013-06-26b.xml
2025-09-20 19:49:04,574 - database_manager - INFO - Debates XML erfolgreich geparst: 18 Debatten, 0 Reden, 0 Wörter
2025-09-20 19:49:04,574 - database_manager - INFO - Verarbeite Datei 590/2945: debates2018-07-05a.xml
2025-09-20 19:49:04,574 - database_manager - INFO - Parse debates XML-Datei: debates2018-07-05a.xml
2025-09-20 19:49:04,576 - database_manager - INFO - Debates XML erfolgreich geparst: 0 Debatten, 0 Reden, 0 Wörter
2025-09-20 19:49:04,576 - database_manager - INFO - Verarbeite Datei 591/2945: debates2017-11-06a.xml
2025-09-20 19:49:04,576 - database_manager - INFO - Parse debates XML-Datei: debates2017-11-06a.xml
2025-09-20 19:49:04,591 - database_manager - INFO - Debates XML erfolgreich geparst: 25 Debatten, 0 Reden, 0 Wörter
2025-09-20 19:49:04,591 - database_manager - INFO - Verarbeite Datei 592/2945: debates2021-04-20b.xml
2025-09-20 19:49:04,591 - database_manager - INFO - Parse debates XML-Datei: debates2021-04-20b.xml
2025-09-20 19:49:04,591 - database_manager - INFO - Debates XML erfolgreich geparst: 0 Debatten, 0 Reden, 0 Wörter
2025-09-20 19:49:04,591 - database_manager - INFO - Verarbeite Datei 593/2945: debates2012-05-09c.xml
2025-09-20 19:49:04,591 - database_manager - INFO - Parse debates XML-Datei: debates2012-05-09c.xml
2025-09-20 19:49:04,605 - database_manager - INFO - Debates XML erfolgreich geparst: 3 Debatten, 0 Reden, 0 Wörter
2025-09-20 19:49:04,605 - database_manager - INFO - Verarbeite Datei 594/2945: debates2012-02-21b.xml
2025-09-20 19:49:04,605 - database_manager - INFO - Parse debates XML-Datei: debates2012-02-21b.xml
2025-09-20 19:49:04,620 - database_manager - INFO - Debates XML erfolgreich geparst: 28 Debatten, 0 Reden, 0 Wörter
2025-09-20 19:49:04,621 - database_manager - INFO - Verarbeite Datei 595/2945: debates2021-09-22a.xml
2025-09-20 19:49:04,621 - database_manager - INFO - Parse debates XML-Datei: debates2021-09-22a.xml
2025-09-20 19:49:04,622 - database_manager - INFO - Debates XML erfolgreich geparst: 0 Debatten, 0 Reden, 0 Wörter
2025-09-20 19:49:04,622 - database_manager - INFO - Verarbeite Datei 596/2945: debates2013-05-20b.xml
2025-09-20 19:49:04,622 - database_manager - INFO - Parse debates XML-Datei: debates2013-05-20b.xml
2025-09-20 19:49:04,639 - database_manager - INFO - Debates XML erfolgreich geparst: 29 Debatten, 0 Reden, 0 Wörter
2025-09-20 19:49:04,639 - database_manager - INFO - Verarbeite Datei 597/2945: debates2016-06-07a.xml
2025-09-20 19:49:04,639 - database_manager - INFO - Parse debates XML-Datei: debates2016-06-07a.xml
2025-09-20 19:49:04,656 - database_manager - INFO - Debates XML erfolgreich geparst: 28 Debatten, 0 Reden, 0 Wörter
2025-09-20 19:49:04,656 - database_manager - INFO - Verarbeite Datei 598/2945: debates2013-09-03b.xml
2025-09-20 19:49:04,657 - database_manager - INFO - Parse debates XML-Datei: debates2013-09-03b.xml
2025-09-20 19:49:04,674 - database_manager - INFO - Debates XML erfolgreich geparst: 21 Debatten, 0 Reden, 0 Wörter
2025-09-20 19:49:04,674 - database_manager - INFO - Verarbeite Datei 599/2945: debates2019-03-18b.xml
2025-09-20 19:49:04,674 - database_manager - INFO - Parse debates XML-Datei: debates2019-03-18b.xml
2025-09-20 19:49:04,675 - database_manager - INFO - Debates XML erfolgreich geparst: 0 Debatten, 0 Reden, 0 Wörter
2025-09-20 19:49:04,675 - database_manager - INFO - Verarbeite Datei 600/2945: debates2015-09-17a.xml
2025-09-20 19:49:04,675 - database_manager - INFO - Parse debates XML-Datei: debates2015-09-17a.xml
2025-09-20 19:49:04,676 - database_manager - INFO - Debates XML erfolgreich geparst: 0 Debatten, 0 Reden, 0 Wörter
2025-09-20 19:49:04,676 - database_manager - INFO - Verarbeite Datei 601/2945: debates2017-03-21b.xml
2025-09-20 19:49:04,676 - database_manager - INFO - Parse debates XML-Datei: debates2017-03-21b.xml
2025-09-20 19:49:04,704 - database_manager - INFO - Debates XML erfolgreich geparst: 25 Debatten, 0 Reden, 0 Wörter
2025-09-20 19:49:04,705 - database_manager - INFO - Verarbeite Datei 602/2945: debates2021-06-07a.xml
2025-09-20 19:49:04,705 - database_manager - INFO - Parse debates XML-Datei: debates2021-06-07a.xml
2025-09-20 19:49:04,710 - database_manager - INFO - Debates XML erfolgreich geparst: 0 Debatten, 0 Reden, 0 Wörter
2025-09-20 19:49:04,711 - database_manager - INFO - Verarbeite Datei 603/2945: debates2018-05-22b.xml
2025-09-20 19:49:04,711 - database_manager - INFO - Parse debates XML-Datei: debates2018-05-22b.xml
2025-09-20 19:49:04,734 - database_manager - INFO - Debates XML erfolgreich geparst: 18 Debatten, 0 Reden, 0 Wörter
2025-09-20 19:49:04,735 - database_manager - INFO - Verarbeite Datei 604/2945: debates2015-07-09a.xml
2025-09-20 19:49:04,735 - database_manager - INFO - Parse debates XML-Datei: debates2015-07-09a.xml
2025-09-20 19:49:04,751 - database_manager - INFO - Debates XML erfolgreich geparst: 24 Debatten, 0 Reden, 0 Wörter
2025-09-20 19:49:04,752 - database_manager - INFO - Verarbeite Datei 605/2945: debates2020-11-10a.xml
2025-09-20 19:49:04,752 - database_manager - INFO - Parse debates XML-Datei: debates2020-11-10a.xml
2025-09-20 19:49:04,755 - database_manager - INFO - Debates XML erfolgreich geparst: 0 Debatten, 0 Reden, 0 Wörter
2025-09-20 19:49:04,756 - database_manager - INFO - Verarbeite Datei 606/2945: debates2013-07-11a.xml
2025-09-20 19:49:04,756 - database_manager - INFO - Parse debates XML-Datei: debates2013-07-11a.xml
2025-09-20 19:49:04,770 - database_manager - INFO - Debates XML erfolgreich geparst: 18 Debatten, 0 Reden, 0 Wörter
2025-09-20 19:49:04,771 - database_manager - INFO - Verarbeite Datei 607/2945: debates2020-09-07c.xml
2025-09-20 19:49:04,771 - database_manager - INFO - Parse debates XML-Datei: debates2020-09-07c.xml
2025-09-20 19:49:04,784 - database_manager - INFO - Debates XML erfolgreich geparst: 17 Debatten, 0 Reden, 0 Wörter
2025-09-20 19:49:04,785 - database_manager - INFO - Verarbeite Datei 608/2945: debates2019-10-08b.xml
2025-09-20 19:49:04,785 - database_manager - INFO - Parse debates XML-Datei: debates2019-10-08b.xml
2025-09-20 19:49:04,786 - database_manager - INFO - Debates XML erfolgreich geparst: 0 Debatten, 0 Reden, 0 Wörter
2025-09-20 19:49:04,786 - database_manager - INFO - Verarbeite Datei 609/2945: debates2016-11-23c.xml
2025-09-20 19:49:04,786 - database_manager - INFO - Parse debates XML-Datei: debates2016-11-23c.xml
2025-09-20 19:49:04,799 - database_manager - INFO - Debates XML erfolgreich geparst: 10 Debatten, 0 Reden, 0 Wörter
2025-09-20 19:49:04,799 - database_manager - INFO - Verarbeite Datei 610/2945: debates2019-01-29a.xml
2025-09-20 19:49:04,799 - database_manager - INFO - Parse debates XML-Datei: debates2019-01-29a.xml
2025-09-20 19:49:04,801 - database_manager - INFO - Debates XML erfolgreich geparst: 0 Debatten, 0 Reden, 0 Wörter
2025-09-20 19:49:04,801 - database_manager - INFO - Verarbeite Datei 611/2945: debates2019-03-14a.xml
2025-09-20 19:49:04,801 - database_manager - INFO - Parse debates XML-Datei: debates2019-03-14a.xml
2025-09-20 19:49:04,802 - database_manager - INFO - Debates XML erfolgreich geparst: 0 Debatten, 0 Reden, 0 Wörter
2025-09-20 19:49:04,802 - database_manager - INFO - Verarbeite Datei 612/2945: debates2017-07-19c.xml
2025-09-20 19:49:04,802 - database_manager - INFO - Parse debates XML-Datei: debates2017-07-19c.xml
2025-09-20 19:49:04,803 - database_manager - INFO - Debates XML erfolgreich geparst: 0 Debatten, 0 Reden, 0 Wörter
2025-09-20 19:49:04,803 - database_manager - INFO - Verarbeite Datei 613/2945: debates2015-12-10c.xml
2025-09-20 19:49:04,803 - database_manager - INFO - Parse debates XML-Datei: debates2015-12-10c.xml
2025-09-20 19:49:04,819 - database_manager - INFO - Debates XML erfolgreich geparst: 18 Debatten, 0 Reden, 0 Wörter
2025-09-20 19:49:04,819 - database_manager - INFO - Verarbeite Datei 614/2945: debates2017-01-10a.xml
2025-09-20 19:49:04,819 - database_manager - INFO - Parse debates XML-Datei: debates2017-01-10a.xml
2025-09-20 19:49:04,821 - database_manager - INFO - Debates XML erfolgreich geparst: 0 Debatten, 0 Reden, 0 Wörter
2025-09-20 19:49:04,821 - database_manager - INFO - Verarbeite Datei 615/2945: debates2021-05-17a.xml
2025-09-20 19:49:04,821 - database_manager - INFO - Parse debates XML-Datei: debates2021-05-17a.xml
2025-09-20 19:49:04,835 - database_manager - INFO - Debates XML erfolgreich geparst: 16 Debatten, 0 Reden, 0 Wörter
2025-09-20 19:49:04,835 - database_manager - INFO - Verarbeite Datei 616/2945: debates2018-03-27c.xml
2025-09-20 19:49:04,835 - database_manager - INFO - Parse debates XML-Datei: debates2018-03-27c.xml
2025-09-20 19:49:04,847 - database_manager - INFO - Debates XML erfolgreich geparst: 14 Debatten, 0 Reden, 0 Wörter
2025-09-20 19:49:04,847 - database_manager - INFO - Verarbeite Datei 617/2945: debates2015-02-10c.xml
2025-09-20 19:49:04,847 - database_manager - INFO - Parse debates XML-Datei: debates2015-02-10c.xml
2025-09-20 19:49:04,848 - database_manager - INFO - Debates XML erfolgreich geparst: 0 Debatten, 0 Reden, 0 Wörter
2025-09-20 19:49:04,848 - database_manager - INFO - Verarbeite Datei 618/2945: debates2015-06-24a.xml
2025-09-20 19:49:04,848 - database_manager - INFO - Parse debates XML-Datei: debates2015-06-24a.xml
2025-09-20 19:49:04,865 - database_manager - INFO - Debates XML erfolgreich geparst: 31 Debatten, 0 Reden, 0 Wörter
2025-09-20 19:49:04,865 - database_manager - INFO - Verarbeite Datei 619/2945: debates2019-12-19c.xml
2025-09-20 19:49:04,865 - database_manager - INFO - Parse debates XML-Datei: debates2019-12-19c.xml
2025-09-20 19:49:04,877 - database_manager - INFO - Debates XML erfolgreich geparst: 4 Debatten, 0 Reden, 0 Wörter
2025-09-20 19:49:04,877 - database_manager - INFO - Verarbeite Datei 620/2945: debates2019-10-24c.xml
2025-09-20 19:49:04,877 - database_manager - INFO - Parse debates XML-Datei: debates2019-10-24c.xml
2025-09-20 19:49:04,894 - database_manager - INFO - Debates XML erfolgreich geparst: 14 Debatten, 0 Reden, 0 Wörter
2025-09-20 19:49:04,895 - database_manager - INFO - Verarbeite Datei 621/2945: debates2013-02-28a.xml
2025-09-20 19:49:04,895 - database_manager - INFO - Parse debates XML-Datei: debates2013-02-28a.xml
2025-09-20 19:49:04,896 - database_manager - INFO - Debates XML erfolgreich geparst: 0 Debatten, 0 Reden, 0 Wörter
2025-09-20 19:49:04,896 - database_manager - INFO - Verarbeite Datei 622/2945: debates2014-09-04a.xml
2025-09-20 19:49:04,896 - database_manager - INFO - Parse debates XML-Datei: debates2014-09-04a.xml
2025-09-20 19:49:04,897 - database_manager - INFO - Debates XML erfolgreich geparst: 0 Debatten, 0 Reden, 0 Wörter
2025-09-20 19:49:04,897 - database_manager - INFO - Verarbeite Datei 623/2945: debates2020-04-29a.xml
2025-09-20 19:49:04,897 - database_manager - INFO - Parse debates XML-Datei: debates2020-04-29a.xml
2025-09-20 19:49:04,897 - database_manager - INFO - Debates XML erfolgreich geparst: 0 Debatten, 0 Reden, 0 Wörter
2025-09-20 19:49:04,897 - database_manager - INFO - Verarbeite Datei 624/2945: debates2013-10-15a.xml
2025-09-20 19:49:04,897 - database_manager - INFO - Parse debates XML-Datei: debates2013-10-15a.xml
2025-09-20 19:49:04,898 - database_manager - INFO - Debates XML erfolgreich geparst: 0 Debatten, 0 Reden, 0 Wörter
2025-09-20 19:49:04,899 - database_manager - INFO - Verarbeite Datei 625/2945: debates2014-01-13c.xml
2025-09-20 19:49:04,899 - database_manager - INFO - Parse debates XML-Datei: debates2014-01-13c.xml
2025-09-20 19:49:04,899 - database_manager - INFO - Debates XML erfolgreich geparst: 0 Debatten, 0 Reden, 0 Wörter
2025-09-20 19:49:04,900 - database_manager - INFO - Verarbeite Datei 626/2945: debates2016-12-13a.xml
2025-09-20 19:49:04,900 - database_manager - INFO - Parse debates XML-Datei: debates2016-12-13a.xml
2025-09-20 19:49:04,900 - database_manager - INFO - Debates XML erfolgreich geparst: 0 Debatten, 0 Reden, 0 Wörter
2025-09-20 19:49:04,900 - database_manager - INFO - Verarbeite Datei 627/2945: debates2019-04-10a.xml
2025-09-20 19:49:04,900 - database_manager - INFO - Parse debates XML-Datei: debates2019-04-10a.xml
2025-09-20 19:49:04,901 - database_manager - INFO - Debates XML erfolgreich geparst: 0 Debatten, 0 Reden, 0 Wörter
2025-09-20 19:49:04,901 - database_manager - INFO - Verarbeite Datei 628/2945: debates2021-12-13a.xml
2025-09-20 19:49:04,901 - database_manager - INFO - Parse debates XML-Datei: debates2021-12-13a.xml
2025-09-20 19:49:04,903 - database_manager - INFO - Debates XML erfolgreich geparst: 0 Debatten, 0 Reden, 0 Wörter
2025-09-20 19:49:04,903 - database_manager - INFO - Verarbeite Datei 629/2945: debates2017-06-14a.xml
2025-09-20 19:49:04,903 - database_manager - INFO - Parse debates XML-Datei: debates2017-06-14a.xml
2025-09-20 19:49:04,903 - database_manager - INFO - Debates XML erfolgreich geparst: 0 Debatten, 0 Reden, 0 Wörter
2025-09-20 19:49:04,903 - database_manager - INFO - Verarbeite Datei 630/2945: debates2015-11-20a.xml
2025-09-20 19:49:04,903 - database_manager - INFO - Parse debates XML-Datei: debates2015-11-20a.xml
2025-09-20 19:49:04,914 - database_manager - INFO - Debates XML erfolgreich geparst: 5 Debatten, 0 Reden, 0 Wörter
2025-09-20 19:49:04,914 - database_manager - INFO - Verarbeite Datei 631/2945: debates2018-10-17a.xml
2025-09-20 19:49:04,914 - database_manager - INFO - Parse debates XML-Datei: debates2018-10-17a.xml
2025-09-20 19:49:04,915 - database_manager - INFO - Debates XML erfolgreich geparst: 0 Debatten, 0 Reden, 0 Wörter
2025-09-20 19:49:04,915 - database_manager - INFO - Verarbeite Datei 632/2945: debates2017-12-20c.xml
2025-09-20 19:49:04,915 - database_manager - INFO - Parse debates XML-Datei: debates2017-12-20c.xml
2025-09-20 19:49:04,938 - database_manager - INFO - Debates XML erfolgreich geparst: 22 Debatten, 0 Reden, 0 Wörter
2025-09-20 19:49:04,938 - database_manager - INFO - Verarbeite Datei 633/2945: debates2012-09-10b.xml
2025-09-20 19:49:04,938 - database_manager - INFO - Parse debates XML-Datei: debates2012-09-10b.xml
2025-09-20 19:49:04,951 - database_manager - INFO - Debates XML erfolgreich geparst: 25 Debatten, 0 Reden, 0 Wörter
2025-09-20 19:49:04,952 - database_manager - INFO - Verarbeite Datei 634/2945: debates2015-01-20a.xml
2025-09-20 19:49:04,952 - database_manager - INFO - Parse debates XML-Datei: debates2015-01-20a.xml
2025-09-20 19:49:04,953 - database_manager - INFO - Debates XML erfolgreich geparst: 0 Debatten, 0 Reden, 0 Wörter
2025-09-20 19:49:04,953 - database_manager - INFO - Verarbeite Datei 635/2945: debates2013-03-05a.xml
2025-09-20 19:49:04,953 - database_manager - INFO - Parse debates XML-Datei: debates2013-03-05a.xml
2025-09-20 19:49:04,954 - database_manager - INFO - Debates XML erfolgreich geparst: 0 Debatten, 0 Reden, 0 Wörter
2025-09-20 19:49:04,954 - database_manager - INFO - Verarbeite Datei 636/2945: debates2014-12-03c.xml
2025-09-20 19:49:04,954 - database_manager - INFO - Parse debates XML-Datei: debates2014-12-03c.xml
2025-09-20 19:49:04,967 - database_manager - INFO - Debates XML erfolgreich geparst: 26 Debatten, 0 Reden, 0 Wörter
2025-09-20 19:49:04,968 - database_manager - INFO - Verarbeite Datei 637/2945: debates2016-09-14c.xml
2025-09-20 19:49:04,968 - database_manager - INFO - Parse debates XML-Datei: debates2016-09-14c.xml
2025-09-20 19:49:04,982 - database_manager - INFO - Debates XML erfolgreich geparst: 19 Debatten, 0 Reden, 0 Wörter
2025-09-20 19:49:04,982 - database_manager - INFO - Verarbeite Datei 638/2945: debates2020-06-18b.xml
2025-09-20 19:49:04,982 - database_manager - INFO - Parse debates XML-Datei: debates2020-06-18b.xml
2025-09-20 19:49:04,983 - database_manager - INFO - Debates XML erfolgreich geparst: 0 Debatten, 0 Reden, 0 Wörter
2025-09-20 19:49:04,983 - database_manager - INFO - Verarbeite Datei 639/2945: debates2020-05-04a.xml
2025-09-20 19:49:04,983 - database_manager - INFO - Parse debates XML-Datei: debates2020-05-04a.xml
2025-09-20 19:49:04,990 - database_manager - INFO - Debates XML erfolgreich geparst: 19 Debatten, 0 Reden, 0 Wörter
2025-09-20 19:49:04,990 - database_manager - INFO - Verarbeite Datei 640/2945: debates2014-07-16b.xml
2025-09-20 19:49:04,990 - database_manager - INFO - Parse debates XML-Datei: debates2014-07-16b.xml
2025-09-20 19:49:05,006 - database_manager - INFO - Debates XML erfolgreich geparst: 18 Debatten, 0 Reden, 0 Wörter
2025-09-20 19:49:05,006 - database_manager - INFO - Verarbeite Datei 641/2945: debates2016-11-03a.xml
2025-09-20 19:49:05,006 - database_manager - INFO - Parse debates XML-Datei: debates2016-11-03a.xml
2025-09-20 19:49:05,021 - database_manager - INFO - Debates XML erfolgreich geparst: 18 Debatten, 0 Reden, 0 Wörter
2025-09-20 19:49:05,021 - database_manager - INFO - Verarbeite Datei 642/2945: debates2012-07-02a.xml
2025-09-20 19:49:05,021 - database_manager - INFO - Parse debates XML-Datei: debates2012-07-02a.xml
2025-09-20 19:49:05,023 - database_manager - INFO - Debates XML erfolgreich geparst: 0 Debatten, 0 Reden, 0 Wörter
2025-09-20 19:49:05,023 - database_manager - INFO - Verarbeite Datei 643/2945: debates2021-10-22b.xml
2025-09-20 19:49:05,023 - database_manager - INFO - Parse debates XML-Datei: debates2021-10-22b.xml
2025-09-20 19:49:05,025 - database_manager - INFO - Debates XML erfolgreich geparst: 0 Debatten, 0 Reden, 0 Wörter
2025-09-20 19:49:05,025 - database_manager - INFO - Verarbeite Datei 644/2945: debates2021-11-03a.xml
2025-09-20 19:49:05,025 - database_manager - INFO - Parse debates XML-Datei: debates2021-11-03a.xml
2025-09-20 19:49:05,026 - database_manager - INFO - Debates XML erfolgreich geparst: 0 Debatten, 0 Reden, 0 Wörter
2025-09-20 19:49:05,026 - database_manager - INFO - Verarbeite Datei 645/2945: debates2017-10-10d.xml
2025-09-20 19:49:05,026 - database_manager - INFO - Parse debates XML-Datei: debates2017-10-10d.xml
2025-09-20 19:49:05,043 - database_manager - INFO - Debates XML erfolgreich geparst: 23 Debatten, 0 Reden, 0 Wörter
2025-09-20 19:49:05,044 - database_manager - INFO - Verarbeite Datei 646/2945: debates2021-09-14c.xml
2025-09-20 19:49:05,044 - database_manager - INFO - Parse debates XML-Datei: debates2021-09-14c.xml
2025-09-20 19:49:05,045 - database_manager - INFO - Debates XML erfolgreich geparst: 0 Debatten, 0 Reden, 0 Wörter
2025-09-20 19:49:05,045 - database_manager - INFO - Verarbeite Datei 647/2945: debates2017-04-25b.xml
2025-09-20 19:49:05,045 - database_manager - INFO - Parse debates XML-Datei: debates2017-04-25b.xml
2025-09-20 19:49:05,056 - database_manager - INFO - Debates XML erfolgreich geparst: 43 Debatten, 0 Reden, 0 Wörter
2025-09-20 19:49:05,057 - database_manager - INFO - Verarbeite Datei 648/2945: debates2015-06-04c.xml
2025-09-20 19:49:05,057 - database_manager - INFO - Parse debates XML-Datei: debates2015-06-04c.xml
2025-09-20 19:49:05,074 - database_manager - INFO - Debates XML erfolgreich geparst: 19 Debatten, 0 Reden, 0 Wörter
2025-09-20 19:49:05,074 - database_manager - INFO - Verarbeite Datei 649/2945: debates2015-03-11b.xml
2025-09-20 19:49:05,074 - database_manager - INFO - Parse debates XML-Datei: debates2015-03-11b.xml
2025-09-20 19:49:05,086 - database_manager - INFO - Debates XML erfolgreich geparst: 14 Debatten, 0 Reden, 0 Wörter
2025-09-20 19:49:05,086 - database_manager - INFO - Verarbeite Datei 650/2945: debates2018-03-07a.xml
2025-09-20 19:49:05,086 - database_manager - INFO - Parse debates XML-Datei: debates2018-03-07a.xml
2025-09-20 19:49:05,087 - database_manager - INFO - Debates XML erfolgreich geparst: 0 Debatten, 0 Reden, 0 Wörter
2025-09-20 19:49:05,087 - database_manager - INFO - Verarbeite Datei 651/2945: debates2018-02-26b.xml
2025-09-20 19:49:05,087 - database_manager - INFO - Parse debates XML-Datei: debates2018-02-26b.xml
2025-09-20 19:49:05,088 - database_manager - INFO - Debates XML erfolgreich geparst: 0 Debatten, 0 Reden, 0 Wörter
2025-09-20 19:49:05,088 - database_manager - INFO - Verarbeite Datei 652/2945: debates2015-05-18a.xml
2025-09-20 19:49:05,088 - database_manager - INFO - Parse debates XML-Datei: debates2015-05-18a.xml
2025-09-20 19:49:05,089 - database_manager - INFO - Debates XML erfolgreich geparst: 1 Debatten, 0 Reden, 0 Wörter
2025-09-20 19:49:05,089 - database_manager - INFO - Verarbeite Datei 653/2945: debates2015-06-04b.xml
2025-09-20 19:49:05,089 - database_manager - INFO - Parse debates XML-Datei: debates2015-06-04b.xml
2025-09-20 19:49:05,090 - database_manager - INFO - Debates XML erfolgreich geparst: 0 Debatten, 0 Reden, 0 Wörter
2025-09-20 19:49:05,090 - database_manager - INFO - Verarbeite Datei 654/2945: debates2017-10-11a.xml
2025-09-20 19:49:05,090 - database_manager - INFO - Parse debates XML-Datei: debates2017-10-11a.xml
2025-09-20 19:49:05,092 - database_manager - INFO - Debates XML erfolgreich geparst: 0 Debatten, 0 Reden, 0 Wörter
2025-09-20 19:49:05,093 - database_manager - INFO - Verarbeite Datei 655/2945: debates2018-06-12a.xml
2025-09-20 19:49:05,093 - database_manager - INFO - Parse debates XML-Datei: debates2018-06-12a.xml
2025-09-20 19:49:05,094 - database_manager - INFO - Debates XML erfolgreich geparst: 0 Debatten, 0 Reden, 0 Wörter
2025-09-20 19:49:05,094 - database_manager - INFO - Verarbeite Datei 656/2945: debates2018-02-26c.xml
2025-09-20 19:49:05,094 - database_manager - INFO - Parse debates XML-Datei: debates2018-02-26c.xml
2025-09-20 19:49:05,275 - database_manager - INFO - Debates XML erfolgreich geparst: 20 Debatten, 0 Reden, 0 Wörter
2025-09-20 19:49:05,275 - database_manager - INFO - Verarbeite Datei 657/2945: debates2012-12-17a.xml
2025-09-20 19:49:05,275 - database_manager - INFO - Parse debates XML-Datei: debates2012-12-17a.xml
2025-09-20 19:49:05,291 - database_manager - INFO - Debates XML erfolgreich geparst: 32 Debatten, 0 Reden, 0 Wörter
2025-09-20 19:49:05,292 - database_manager - INFO - Verarbeite Datei 658/2945: debates2017-01-30b.xml
2025-09-20 19:49:05,292 - database_manager - INFO - Parse debates XML-Datei: debates2017-01-30b.xml
2025-09-20 19:49:05,308 - database_manager - INFO - Debates XML erfolgreich geparst: 18 Debatten, 0 Reden, 0 Wörter
2025-09-20 19:49:05,308 - database_manager - INFO - Verarbeite Datei 659/2945: debates2021-09-14b.xml
2025-09-20 19:49:05,308 - database_manager - INFO - Parse debates XML-Datei: debates2021-09-14b.xml
2025-09-20 19:49:05,309 - database_manager - INFO - Debates XML erfolgreich geparst: 0 Debatten, 0 Reden, 0 Wörter
2025-09-20 19:49:05,309 - database_manager - INFO - Verarbeite Datei 660/2945: debates2020-06-18c.xml
2025-09-20 19:49:05,309 - database_manager - INFO - Parse debates XML-Datei: debates2020-06-18c.xml
2025-09-20 19:49:05,323 - database_manager - INFO - Debates XML erfolgreich geparst: 19 Debatten, 0 Reden, 0 Wörter
2025-09-20 19:49:05,323 - database_manager - INFO - Verarbeite Datei 661/2945: debates2016-09-14b.xml
2025-09-20 19:49:05,323 - database_manager - INFO - Parse debates XML-Datei: debates2016-09-14b.xml
2025-09-20 19:49:05,325 - database_manager - INFO - Debates XML erfolgreich geparst: 0 Debatten, 0 Reden, 0 Wörter
2025-09-20 19:49:05,325 - database_manager - INFO - Verarbeite Datei 662/2945: debates2014-02-03b.xml
2025-09-20 19:49:05,325 - database_manager - INFO - Parse debates XML-Datei: debates2014-02-03b.xml
2025-09-20 19:49:05,338 - database_manager - INFO - Debates XML erfolgreich geparst: 20 Debatten, 0 Reden, 0 Wörter
2025-09-20 19:49:05,338 - database_manager - INFO - Verarbeite Datei 663/2945: debates2020-01-30b.xml
2025-09-20 19:49:05,338 - database_manager - INFO - Parse debates XML-Datei: debates2020-01-30b.xml
2025-09-20 19:49:05,353 - database_manager - INFO - Debates XML erfolgreich geparst: 16 Debatten, 0 Reden, 0 Wörter
2025-09-20 19:49:05,353 - database_manager - INFO - Verarbeite Datei 664/2945: debates2014-12-03b.xml
2025-09-20 19:49:05,353 - database_manager - INFO - Parse debates XML-Datei: debates2014-12-03b.xml
2025-09-20 19:49:05,354 - database_manager - INFO - Debates XML erfolgreich geparst: 0 Debatten, 0 Reden, 0 Wörter
2025-09-20 19:49:05,354 - database_manager - INFO - Verarbeite Datei 665/2945: debates2019-10-28a.xml
2025-09-20 19:49:05,354 - database_manager - INFO - Parse debates XML-Datei: debates2019-10-28a.xml
2025-09-20 19:49:05,355 - database_manager - INFO - Debates XML erfolgreich geparst: 0 Debatten, 0 Reden, 0 Wörter
2025-09-20 19:49:05,355 - database_manager - INFO - Verarbeite Datei 666/2945: debates2020-11-30b.xml
2025-09-20 19:49:05,355 - database_manager - INFO - Parse debates XML-Datei: debates2020-11-30b.xml
2025-09-20 19:49:05,369 - database_manager - INFO - Debates XML erfolgreich geparst: 24 Debatten, 0 Reden, 0 Wörter
2025-09-20 19:49:05,369 - database_manager - INFO - Verarbeite Datei 667/2945: debates2013-06-10a.xml
2025-09-20 19:49:05,369 - database_manager - INFO - Parse debates XML-Datei: debates2013-06-10a.xml
2025-09-20 19:49:05,384 - database_manager - INFO - Debates XML erfolgreich geparst: 21 Debatten, 0 Reden, 0 Wörter
2025-09-20 19:49:05,384 - database_manager - INFO - Verarbeite Datei 668/2945: debates2018-05-02a.xml
2025-09-20 19:49:05,384 - database_manager - INFO - Parse debates XML-Datei: debates2018-05-02a.xml
2025-09-20 19:49:05,399 - database_manager - INFO - Debates XML erfolgreich geparst: 17 Debatten, 0 Reden, 0 Wörter
2025-09-20 19:49:05,400 - database_manager - INFO - Verarbeite Datei 669/2945: debates2018-04-23b.xml
2025-09-20 19:49:05,400 - database_manager - INFO - Parse debates XML-Datei: debates2018-04-23b.xml
2025-09-20 19:49:05,414 - database_manager - INFO - Debates XML erfolgreich geparst: 22 Debatten, 0 Reden, 0 Wörter
2025-09-20 19:49:05,415 - database_manager - INFO - Verarbeite Datei 670/2945: debates2015-06-08a.xml
2025-09-20 19:49:05,415 - database_manager - INFO - Parse debates XML-Datei: debates2015-06-08a.xml
2025-09-20 19:49:05,416 - database_manager - INFO - Debates XML erfolgreich geparst: 0 Debatten, 0 Reden, 0 Wörter
2025-09-20 19:49:05,416 - database_manager - INFO - Verarbeite Datei 671/2945: debates2017-12-20b.xml
2025-09-20 19:49:05,416 - database_manager - INFO - Parse debates XML-Datei: debates2017-12-20b.xml
2025-09-20 19:49:05,417 - database_manager - INFO - Debates XML erfolgreich geparst: 0 Debatten, 0 Reden, 0 Wörter
2025-09-20 19:49:05,417 - database_manager - INFO - Verarbeite Datei 672/2945: debates2012-11-07a.xml
2025-09-20 19:49:05,417 - database_manager - INFO - Parse debates XML-Datei: debates2012-11-07a.xml
2025-09-20 19:49:05,432 - database_manager - INFO - Debates XML erfolgreich geparst: 17 Debatten, 0 Reden, 0 Wörter
2025-09-20 19:49:05,433 - database_manager - INFO - Verarbeite Datei 673/2945: debates2021-07-06a.xml
2025-09-20 19:49:05,433 - database_manager - INFO - Parse debates XML-Datei: debates2021-07-06a.xml
2025-09-20 19:49:05,434 - database_manager - INFO - Debates XML erfolgreich geparst: 0 Debatten, 0 Reden, 0 Wörter
2025-09-20 19:49:05,434 - database_manager - INFO - Verarbeite Datei 674/2945: debates2017-02-20b.xml
2025-09-20 19:49:05,434 - database_manager - INFO - Parse debates XML-Datei: debates2017-02-20b.xml
2025-09-20 19:49:05,443 - database_manager - INFO - Debates XML erfolgreich geparst: 25 Debatten, 0 Reden, 0 Wörter
2025-09-20 19:49:05,443 - database_manager - INFO - Verarbeite Datei 675/2945: debates2017-03-01a.xml
2025-09-20 19:49:05,443 - database_manager - INFO - Parse debates XML-Datei: debates2017-03-01a.xml
2025-09-20 19:49:05,444 - database_manager - INFO - Debates XML erfolgreich geparst: 0 Debatten, 0 Reden, 0 Wörter
2025-09-20 19:49:05,444 - database_manager - INFO - Verarbeite Datei 676/2945: debates2014-01-13b.xml
2025-09-20 19:49:05,444 - database_manager - INFO - Parse debates XML-Datei: debates2014-01-13b.xml
2025-09-20 19:49:05,445 - database_manager - INFO - Debates XML erfolgreich geparst: 0 Debatten, 0 Reden, 0 Wörter
2025-09-20 19:49:05,445 - database_manager - INFO - Verarbeite Datei 677/2945: debates2019-11-05a.xml
2025-09-20 19:49:05,445 - database_manager - INFO - Parse debates XML-Datei: debates2019-11-05a.xml
2025-09-20 19:49:05,446 - database_manager - INFO - Debates XML erfolgreich geparst: 0 Debatten, 0 Reden, 0 Wörter
2025-09-20 19:49:05,446 - database_manager - INFO - Verarbeite Datei 678/2945: debates2019-10-24b.xml
2025-09-20 19:49:05,446 - database_manager - INFO - Parse debates XML-Datei: debates2019-10-24b.xml
2025-09-20 19:49:05,447 - database_manager - INFO - Debates XML erfolgreich geparst: 2 Debatten, 0 Reden, 0 Wörter
2025-09-20 19:49:05,447 - database_manager - INFO - Verarbeite Datei 679/2945: debates2019-12-19b.xml
2025-09-20 19:49:05,447 - database_manager - INFO - Parse debates XML-Datei: debates2019-12-19b.xml
2025-09-20 19:49:05,448 - database_manager - INFO - Debates XML erfolgreich geparst: 0 Debatten, 0 Reden, 0 Wörter
2025-09-20 19:49:05,448 - database_manager - INFO - Verarbeite Datei 680/2945: debates2016-07-06a.xml
2025-09-20 19:49:05,448 - database_manager - INFO - Parse debates XML-Datei: debates2016-07-06a.xml
2025-09-20 19:49:05,449 - database_manager - INFO - Debates XML erfolgreich geparst: 0 Debatten, 0 Reden, 0 Wörter
2025-09-20 19:49:05,449 - database_manager - INFO - Verarbeite Datei 681/2945: debates2016-06-27b.xml
2025-09-20 19:49:05,449 - database_manager - INFO - Parse debates XML-Datei: debates2016-06-27b.xml
2025-09-20 19:49:05,463 - database_manager - INFO - Debates XML erfolgreich geparst: 25 Debatten, 0 Reden, 0 Wörter
2025-09-20 19:49:05,463 - database_manager - INFO - Verarbeite Datei 682/2945: debates2015-02-10b.xml
2025-09-20 19:49:05,463 - database_manager - INFO - Parse debates XML-Datei: debates2015-02-10b.xml
2025-09-20 19:49:05,465 - database_manager - INFO - Debates XML erfolgreich geparst: 0 Debatten, 0 Reden, 0 Wörter
2025-09-20 19:49:05,465 - database_manager - INFO - Verarbeite Datei 683/2945: debates2017-09-07b.xml
2025-09-20 19:49:05,465 - database_manager - INFO - Parse debates XML-Datei: debates2017-09-07b.xml
2025-09-20 19:49:05,480 - database_manager - INFO - Debates XML erfolgreich geparst: 16 Debatten, 0 Reden, 0 Wörter
2025-09-20 19:49:05,480 - database_manager - INFO - Verarbeite Datei 684/2945: debates2018-03-27b.xml
2025-09-20 19:49:05,480 - database_manager - INFO - Parse debates XML-Datei: debates2018-03-27b.xml
2025-09-20 19:49:05,481 - database_manager - INFO - Debates XML erfolgreich geparst: 0 Debatten, 0 Reden, 0 Wörter
2025-09-20 19:49:05,481 - database_manager - INFO - Verarbeite Datei 685/2945: debates2018-02-06a.xml
2025-09-20 19:49:05,481 - database_manager - INFO - Parse debates XML-Datei: debates2018-02-06a.xml
2025-09-20 19:49:05,482 - database_manager - INFO - Debates XML erfolgreich geparst: 0 Debatten, 0 Reden, 0 Wörter
2025-09-20 19:49:05,482 - database_manager - INFO - Verarbeite Datei 686/2945: debates2018-12-06a.xml
2025-09-20 19:49:05,482 - database_manager - INFO - Parse debates XML-Datei: debates2018-12-06a.xml
2025-09-20 19:49:05,501 - database_manager - INFO - Debates XML erfolgreich geparst: 21 Debatten, 0 Reden, 0 Wörter
2025-09-20 19:49:05,501 - database_manager - INFO - Verarbeite Datei 687/2945: debates2015-12-10b.xml
2025-09-20 19:49:05,501 - database_manager - INFO - Parse debates XML-Datei: debates2015-12-10b.xml
2025-09-20 19:49:05,502 - database_manager - INFO - Debates XML erfolgreich geparst: 0 Debatten, 0 Reden, 0 Wörter
2025-09-20 19:49:05,502 - database_manager - INFO - Verarbeite Datei 688/2945: debates2017-07-19b.xml
2025-09-20 19:49:05,502 - database_manager - INFO - Parse debates XML-Datei: debates2017-07-19b.xml
2025-09-20 19:49:05,503 - database_manager - INFO - Debates XML erfolgreich geparst: 0 Debatten, 0 Reden, 0 Wörter
2025-09-20 19:49:05,503 - database_manager - INFO - Verarbeite Datei 689/2945: debates2021-11-23b.xml
2025-09-20 19:49:05,503 - database_manager - INFO - Parse debates XML-Datei: debates2021-11-23b.xml
2025-09-20 19:49:05,519 - database_manager - INFO - Debates XML erfolgreich geparst: 49 Debatten, 0 Reden, 0 Wörter
2025-09-20 19:49:05,520 - database_manager - INFO - Verarbeite Datei 690/2945: debates2014-06-17b.xml
2025-09-20 19:49:05,520 - database_manager - INFO - Parse debates XML-Datei: debates2014-06-17b.xml
2025-09-20 19:49:05,537 - database_manager - INFO - Debates XML erfolgreich geparst: 34 Debatten, 0 Reden, 0 Wörter
2025-09-20 19:49:05,537 - database_manager - INFO - Verarbeite Datei 691/2945: debates2016-11-23b.xml
2025-09-20 19:49:05,537 - database_manager - INFO - Parse debates XML-Datei: debates2016-11-23b.xml
2025-09-20 19:49:05,538 - database_manager - INFO - Debates XML erfolgreich geparst: 0 Debatten, 0 Reden, 0 Wörter
2025-09-20 19:49:05,538 - database_manager - INFO - Verarbeite Datei 692/2945: debates2013-12-04a.xml
2025-09-20 19:49:05,538 - database_manager - INFO - Parse debates XML-Datei: debates2013-12-04a.xml
2025-09-20 19:49:05,539 - database_manager - INFO - Debates XML erfolgreich geparst: 0 Debatten, 0 Reden, 0 Wörter
2025-09-20 19:49:05,539 - database_manager - INFO - Verarbeite Datei 693/2945: debates2013-11-18b.xml
2025-09-20 19:49:05,539 - database_manager - INFO - Parse debates XML-Datei: debates2013-11-18b.xml
2025-09-20 19:49:05,553 - database_manager - INFO - Debates XML erfolgreich geparst: 27 Debatten, 0 Reden, 0 Wörter
2025-09-20 19:49:05,554 - database_manager - INFO - Verarbeite Datei 694/2945: debates2019-10-08c.xml
2025-09-20 19:49:05,554 - database_manager - INFO - Parse debates XML-Datei: debates2019-10-08c.xml
2025-09-20 19:49:05,568 - database_manager - INFO - Debates XML erfolgreich geparst: 19 Debatten, 0 Reden, 0 Wörter
2025-09-20 19:49:05,568 - database_manager - INFO - Verarbeite Datei 695/2945: debates2013-02-04a.xml
2025-09-20 19:49:05,568 - database_manager - INFO - Parse debates XML-Datei: debates2013-02-04a.xml
2025-09-20 19:49:05,579 - database_manager - INFO - Debates XML erfolgreich geparst: 25 Debatten, 0 Reden, 0 Wörter
2025-09-20 19:49:05,579 - database_manager - INFO - Verarbeite Datei 696/2945: debates2020-09-07b.xml
2025-09-20 19:49:05,579 - database_manager - INFO - Parse debates XML-Datei: debates2020-09-07b.xml
2025-09-20 19:49:05,580 - database_manager - INFO - Debates XML erfolgreich geparst: 0 Debatten, 0 Reden, 0 Wörter
2025-09-20 19:49:05,580 - database_manager - INFO - Verarbeite Datei 697/2945: debates2018-01-16a.xml
2025-09-20 19:49:05,580 - database_manager - INFO - Parse debates XML-Datei: debates2018-01-16a.xml
2025-09-20 19:49:05,582 - database_manager - INFO - Debates XML erfolgreich geparst: 0 Debatten, 0 Reden, 0 Wörter
2025-09-20 19:49:05,582 - database_manager - INFO - Verarbeite Datei 698/2945: debates2021-03-12a.xml
2025-09-20 19:49:05,582 - database_manager - INFO - Parse debates XML-Datei: debates2021-03-12a.xml
2025-09-20 19:49:05,589 - database_manager - INFO - Debates XML erfolgreich geparst: 6 Debatten, 0 Reden, 0 Wörter
2025-09-20 19:49:05,589 - database_manager - INFO - Verarbeite Datei 699/2945: debates2015-10-21a.xml
2025-09-20 19:49:05,589 - database_manager - INFO - Parse debates XML-Datei: debates2015-10-21a.xml
2025-09-20 19:49:05,590 - database_manager - INFO - Debates XML erfolgreich geparst: 0 Debatten, 0 Reden, 0 Wörter
2025-09-20 19:49:05,590 - database_manager - INFO - Verarbeite Datei 700/2945: debates2020-07-15a.xml
2025-09-20 19:49:05,590 - database_manager - INFO - Parse debates XML-Datei: debates2020-07-15a.xml
2025-09-20 19:49:05,591 - database_manager - INFO - Debates XML erfolgreich geparst: 0 Debatten, 0 Reden, 0 Wörter
2025-09-20 19:49:05,591 - database_manager - INFO - Verarbeite Datei 701/2945: debates2019-03-18c.xml
2025-09-20 19:49:05,591 - database_manager - INFO - Parse debates XML-Datei: debates2019-03-18c.xml
2025-09-20 19:49:05,607 - database_manager - INFO - Debates XML erfolgreich geparst: 30 Debatten, 0 Reden, 0 Wörter
2025-09-20 19:49:05,608 - database_manager - INFO - Verarbeite Datei 702/2945: debates2013-01-14a.xml
2025-09-20 19:49:05,608 - database_manager - INFO - Parse debates XML-Datei: debates2013-01-14a.xml
2025-09-20 19:49:05,609 - database_manager - INFO - Debates XML erfolgreich geparst: 0 Debatten, 0 Reden, 0 Wörter
2025-09-20 19:49:05,609 - database_manager - INFO - Verarbeite Datei 703/2945: debates2012-05-09b.xml
2025-09-20 19:49:05,609 - database_manager - INFO - Parse debates XML-Datei: debates2012-05-09b.xml
2025-09-20 19:49:05,610 - database_manager - INFO - Debates XML erfolgreich geparst: 0 Debatten, 0 Reden, 0 Wörter
2025-09-20 19:49:05,610 - database_manager - INFO - Verarbeite Datei 704/2945: debates2018-12-10a.xml
2025-09-20 19:49:05,610 - database_manager - INFO - Parse debates XML-Datei: debates2018-12-10a.xml
2025-09-20 19:49:05,611 - database_manager - INFO - Debates XML erfolgreich geparst: 0 Debatten, 0 Reden, 0 Wörter
2025-09-20 19:49:05,611 - database_manager - INFO - Verarbeite Datei 705/2945: debates2021-03-08b.xml
2025-09-20 19:49:05,611 - database_manager - INFO - Parse debates XML-Datei: debates2021-03-08b.xml
2025-09-20 19:49:05,625 - database_manager - INFO - Debates XML erfolgreich geparst: 20 Debatten, 0 Reden, 0 Wörter
2025-09-20 19:49:05,625 - database_manager - INFO - Verarbeite Datei 706/2945: debates2021-04-20c.xml
2025-09-20 19:49:05,625 - database_manager - INFO - Parse debates XML-Datei: debates2021-04-20c.xml
2025-09-20 19:49:05,639 - database_manager - INFO - Debates XML erfolgreich geparst: 23 Debatten, 0 Reden, 0 Wörter
2025-09-20 19:49:05,639 - database_manager - INFO - Verarbeite Datei 707/2945: debates2013-02-12a.xml
2025-09-20 19:49:05,639 - database_manager - INFO - Parse debates XML-Datei: debates2013-02-12a.xml
2025-09-20 19:49:05,655 - database_manager - INFO - Debates XML erfolgreich geparst: 25 Debatten, 0 Reden, 0 Wörter
2025-09-20 19:49:05,656 - database_manager - INFO - Verarbeite Datei 708/2945: debates2016-02-29a.xml
2025-09-20 19:49:05,656 - database_manager - INFO - Parse debates XML-Datei: debates2016-02-29a.xml
2025-09-20 19:49:05,657 - database_manager - INFO - Debates XML erfolgreich geparst: 0 Debatten, 0 Reden, 0 Wörter
2025-09-20 19:49:05,657 - database_manager - INFO - Verarbeite Datei 709/2945: debates2016-03-08b.xml
2025-09-20 19:49:05,657 - database_manager - INFO - Parse debates XML-Datei: debates2016-03-08b.xml
2025-09-20 19:49:05,671 - database_manager - INFO - Debates XML erfolgreich geparst: 25 Debatten, 0 Reden, 0 Wörter
2025-09-20 19:49:05,671 - database_manager - INFO - Verarbeite Datei 710/2945: debates2013-12-12a.xml
2025-09-20 19:49:05,671 - database_manager - INFO - Parse debates XML-Datei: debates2013-12-12a.xml
2025-09-20 19:49:05,684 - database_manager - INFO - Debates XML erfolgreich geparst: 17 Debatten, 0 Reden, 0 Wörter
2025-09-20 19:49:05,685 - database_manager - INFO - Verarbeite Datei 711/2945: debates2019-06-17a.xml
2025-09-20 19:49:05,685 - database_manager - INFO - Parse debates XML-Datei: debates2019-06-17a.xml
2025-09-20 19:49:05,694 - database_manager - INFO - Debates XML erfolgreich geparst: 16 Debatten, 0 Reden, 0 Wörter
2025-09-20 19:49:05,694 - database_manager - INFO - Verarbeite Datei 712/2945: debates2012-04-24b.xml
2025-09-20 19:49:05,694 - database_manager - INFO - Parse debates XML-Datei: debates2012-04-24b.xml
2025-09-20 19:49:05,710 - database_manager - INFO - Debates XML erfolgreich geparst: 35 Debatten, 0 Reden, 0 Wörter
2025-09-20 19:49:05,711 - database_manager - INFO - Verarbeite Datei 713/2945: debates2021-10-18b.xml
2025-09-20 19:49:05,711 - database_manager - INFO - Parse debates XML-Datei: debates2021-10-18b.xml
2025-09-20 19:49:05,712 - database_manager - INFO - Debates XML erfolgreich geparst: 0 Debatten, 0 Reden, 0 Wörter
2025-09-20 19:49:05,712 - database_manager - INFO - Verarbeite Datei 714/2945: debates2017-07-03a.xml
2025-09-20 19:49:05,712 - database_manager - INFO - Parse debates XML-Datei: debates2017-07-03a.xml
2025-09-20 19:49:05,713 - database_manager - INFO - Debates XML erfolgreich geparst: 0 Debatten, 0 Reden, 0 Wörter
2025-09-20 19:49:05,713 - database_manager - INFO - Verarbeite Datei 715/2945: debates2017-06-22b.xml
2025-09-20 19:49:05,713 - database_manager - INFO - Parse debates XML-Datei: debates2017-06-22b.xml
2025-09-20 19:49:05,721 - database_manager - INFO - Debates XML erfolgreich geparst: 5 Debatten, 0 Reden, 0 Wörter
2025-09-20 19:49:05,721 - database_manager - INFO - Verarbeite Datei 716/2945: debates2018-07-09c.xml
2025-09-20 19:49:05,721 - database_manager - INFO - Parse debates XML-Datei: debates2018-07-09c.xml
2025-09-20 19:49:05,736 - database_manager - INFO - Debates XML erfolgreich geparst: 31 Debatten, 0 Reden, 0 Wörter
2025-09-20 19:49:05,737 - database_manager - INFO - Verarbeite Datei 717/2945: debates2021-02-25b.xml
2025-09-20 19:49:05,737 - database_manager - INFO - Parse debates XML-Datei: debates2021-02-25b.xml
2025-09-20 19:49:05,737 - database_manager - INFO - Debates XML erfolgreich geparst: 0 Debatten, 0 Reden, 0 Wörter
2025-09-20 19:49:05,737 - database_manager - INFO - Verarbeite Datei 718/2945: debates2021-03-04a.xml
2025-09-20 19:49:05,737 - database_manager - INFO - Parse debates XML-Datei: debates2021-03-04a.xml
2025-09-20 19:49:05,738 - database_manager - INFO - Debates XML erfolgreich geparst: 0 Debatten, 0 Reden, 0 Wörter
2025-09-20 19:49:05,738 - database_manager - INFO - Verarbeite Datei 719/2945: debates2016-03-04a.xml
2025-09-20 19:49:05,738 - database_manager - INFO - Parse debates XML-Datei: debates2016-03-04a.xml
2025-09-20 19:49:05,739 - database_manager - INFO - Debates XML erfolgreich geparst: 0 Debatten, 0 Reden, 0 Wörter
2025-09-20 19:49:05,739 - database_manager - INFO - Verarbeite Datei 720/2945: debates2020-06-22b.xml
2025-09-20 19:49:05,739 - database_manager - INFO - Parse debates XML-Datei: debates2020-06-22b.xml
2025-09-20 19:49:05,748 - database_manager - INFO - Debates XML erfolgreich geparst: 17 Debatten, 0 Reden, 0 Wörter
2025-09-20 19:49:05,748 - database_manager - INFO - Verarbeite Datei 721/2945: debates2019-05-07a.xml
2025-09-20 19:49:05,748 - database_manager - INFO - Parse debates XML-Datei: debates2019-05-07a.xml
2025-09-20 19:49:05,760 - database_manager - INFO - Debates XML erfolgreich geparst: 24 Debatten, 0 Reden, 0 Wörter
2025-09-20 19:49:05,760 - database_manager - INFO - Verarbeite Datei 722/2945: debates2016-10-18b.xml
2025-09-20 19:49:05,760 - database_manager - INFO - Parse debates XML-Datei: debates2016-10-18b.xml
2025-09-20 19:49:05,761 - database_manager - INFO - Debates XML erfolgreich geparst: 0 Debatten, 0 Reden, 0 Wörter
2025-09-20 19:49:05,761 - database_manager - INFO - Verarbeite Datei 723/2945: debates2014-04-30a.xml
2025-09-20 19:49:05,761 - database_manager - INFO - Parse debates XML-Datei: debates2014-04-30a.xml
2025-09-20 19:49:05,779 - database_manager - INFO - Debates XML erfolgreich geparst: 27 Debatten, 0 Reden, 0 Wörter
2025-09-20 19:49:05,780 - database_manager - INFO - Verarbeite Datei 724/2945: debates2012-03-20b.xml
2025-09-20 19:49:05,780 - database_manager - INFO - Parse debates XML-Datei: debates2012-03-20b.xml
2025-09-20 19:49:05,797 - database_manager - INFO - Debates XML erfolgreich geparst: 29 Debatten, 0 Reden, 0 Wörter
2025-09-20 19:49:05,797 - database_manager - INFO - Verarbeite Datei 725/2945: debates2012-02-01a.xml
2025-09-20 19:49:05,797 - database_manager - INFO - Parse debates XML-Datei: debates2012-02-01a.xml
2025-09-20 19:49:06,006 - database_manager - INFO - Debates XML erfolgreich geparst: 36 Debatten, 0 Reden, 0 Wörter
2025-09-20 19:49:06,007 - database_manager - INFO - Verarbeite Datei 726/2945: debates2018-06-04a.xml
2025-09-20 19:49:06,007 - database_manager - INFO - Parse debates XML-Datei: debates2018-06-04a.xml
2025-09-20 19:49:06,008 - database_manager - INFO - Debates XML erfolgreich geparst: 0 Debatten, 0 Reden, 0 Wörter
2025-09-20 19:49:06,008 - database_manager - INFO - Verarbeite Datei 727/2945: debates2021-02-09c.xml
2025-09-20 19:49:06,008 - database_manager - INFO - Parse debates XML-Datei: debates2021-02-09c.xml
2025-09-20 19:49:06,025 - database_manager - INFO - Debates XML erfolgreich geparst: 21 Debatten, 0 Reden, 0 Wörter
2025-09-20 19:49:06,025 - database_manager - INFO - Verarbeite Datei 728/2945: debates2016-02-09c.xml
2025-09-20 19:49:06,025 - database_manager - INFO - Parse debates XML-Datei: debates2016-02-09c.xml
2025-09-20 19:49:06,040 - database_manager - INFO - Debates XML erfolgreich geparst: 18 Debatten, 0 Reden, 0 Wörter
2025-09-20 19:49:06,040 - database_manager - INFO - Verarbeite Datei 729/2945: debates2013-06-06a.xml
2025-09-20 19:49:06,040 - database_manager - INFO - Parse debates XML-Datei: debates2013-06-06a.xml
2025-09-20 19:49:06,041 - database_manager - INFO - Debates XML erfolgreich geparst: 0 Debatten, 0 Reden, 0 Wörter
2025-09-20 19:49:06,041 - database_manager - INFO - Verarbeite Datei 730/2945: debates2020-10-07a.xml
2025-09-20 19:49:06,041 - database_manager - INFO - Parse debates XML-Datei: debates2020-10-07a.xml
2025-09-20 19:49:06,042 - database_manager - INFO - Debates XML erfolgreich geparst: 0 Debatten, 0 Reden, 0 Wörter
2025-09-20 19:49:06,042 - database_manager - INFO - Verarbeite Datei 731/2945: debates2020-11-26b.xml
2025-09-20 19:49:06,042 - database_manager - INFO - Parse debates XML-Datei: debates2020-11-26b.xml
2025-09-20 19:49:06,042 - database_manager - INFO - Debates XML erfolgreich geparst: 0 Debatten, 0 Reden, 0 Wörter
2025-09-20 19:49:06,042 - database_manager - INFO - Verarbeite Datei 732/2945: debates2016-11-14d.xml
2025-09-20 19:49:06,043 - database_manager - INFO - Parse debates XML-Datei: debates2016-11-14d.xml
2025-09-20 19:49:06,043 - database_manager - INFO - Debates XML erfolgreich geparst: 0 Debatten, 0 Reden, 0 Wörter
2025-09-20 19:49:06,043 - database_manager - INFO - Verarbeite Datei 733/2945: debates2014-10-28b.xml
2025-09-20 19:49:06,043 - database_manager - INFO - Parse debates XML-Datei: debates2014-10-28b.xml
2025-09-20 19:49:06,044 - database_manager - INFO - Debates XML erfolgreich geparst: 0 Debatten, 0 Reden, 0 Wörter
2025-09-20 19:49:06,044 - database_manager - INFO - Verarbeite Datei 734/2945: debates2020-09-30d.xml
2025-09-20 19:49:06,044 - database_manager - INFO - Parse debates XML-Datei: debates2020-09-30d.xml
2025-09-20 19:49:06,060 - database_manager - INFO - Debates XML erfolgreich geparst: 17 Debatten, 0 Reden, 0 Wörter
2025-09-20 19:49:06,061 - database_manager - INFO - Verarbeite Datei 735/2945: debates2014-01-09a.xml
2025-09-20 19:49:06,061 - database_manager - INFO - Parse debates XML-Datei: debates2014-01-09a.xml
2025-09-20 19:49:06,062 - database_manager - INFO - Debates XML erfolgreich geparst: 0 Debatten, 0 Reden, 0 Wörter
2025-09-20 19:49:06,062 - database_manager - INFO - Verarbeite Datei 736/2945: debates2012-01-11a.xml
2025-09-20 19:49:06,062 - database_manager - INFO - Parse debates XML-Datei: debates2012-01-11a.xml
2025-09-20 19:49:06,063 - database_manager - INFO - Debates XML erfolgreich geparst: 0 Debatten, 0 Reden, 0 Wörter
2025-09-20 19:49:06,063 - database_manager - INFO - Verarbeite Datei 737/2945: debates2018-05-14a.xml
2025-09-20 19:49:06,063 - database_manager - INFO - Parse debates XML-Datei: debates2018-05-14a.xml
2025-09-20 19:49:06,064 - database_manager - INFO - Debates XML erfolgreich geparst: 0 Debatten, 0 Reden, 0 Wörter
2025-09-20 19:49:06,064 - database_manager - INFO - Verarbeite Datei 738/2945: debates2019-09-04c.xml
2025-09-20 19:49:06,064 - database_manager - INFO - Parse debates XML-Datei: debates2019-09-04c.xml
2025-09-20 19:49:06,081 - database_manager - INFO - Debates XML erfolgreich geparst: 18 Debatten, 0 Reden, 0 Wörter
2025-09-20 19:49:06,082 - database_manager - INFO - Verarbeite Datei 739/2945: debates2013-05-16a.xml
2025-09-20 19:49:06,082 - database_manager - INFO - Parse debates XML-Datei: debates2013-05-16a.xml
2025-09-20 19:49:06,094 - database_manager - INFO - Debates XML erfolgreich geparst: 23 Debatten, 0 Reden, 0 Wörter
2025-09-20 19:49:06,094 - database_manager - INFO - Verarbeite Datei 740/2945: debates2016-01-19c.xml
2025-09-20 19:49:06,094 - database_manager - INFO - Parse debates XML-Datei: debates2016-01-19c.xml
2025-09-20 19:49:06,110 - database_manager - INFO - Debates XML erfolgreich geparst: 17 Debatten, 0 Reden, 0 Wörter
2025-09-20 19:49:06,111 - database_manager - INFO - Verarbeite Datei 741/2945: debates2014-10-24a.xml
2025-09-20 19:49:06,111 - database_manager - INFO - Parse debates XML-Datei: debates2014-10-24a.xml
2025-09-20 19:49:06,119 - database_manager - INFO - Debates XML erfolgreich geparst: 6 Debatten, 0 Reden, 0 Wörter
2025-09-20 19:49:06,119 - database_manager - INFO - Verarbeite Datei 742/2945: debates2020-03-17a.xml
2025-09-20 19:49:06,119 - database_manager - INFO - Parse debates XML-Datei: debates2020-03-17a.xml
2025-09-20 19:49:06,120 - database_manager - INFO - Debates XML erfolgreich geparst: 0 Debatten, 0 Reden, 0 Wörter
2025-09-20 19:49:06,120 - database_manager - INFO - Verarbeite Datei 743/2945: debates2021-09-09b.xml
2025-09-20 19:49:06,120 - database_manager - INFO - Parse debates XML-Datei: debates2021-09-09b.xml
2025-09-20 19:49:06,121 - database_manager - INFO - Debates XML erfolgreich geparst: 0 Debatten, 0 Reden, 0 Wörter
2025-09-20 19:49:06,121 - database_manager - INFO - Verarbeite Datei 744/2945: debates2021-03-22d.xml
2025-09-20 19:49:06,121 - database_manager - INFO - Parse debates XML-Datei: debates2021-03-22d.xml
2025-09-20 19:49:06,138 - database_manager - INFO - Debates XML erfolgreich geparst: 19 Debatten, 0 Reden, 0 Wörter
2025-09-20 19:49:06,138 - database_manager - INFO - Verarbeite Datei 745/2945: debates2019-01-14b.xml
2025-09-20 19:49:06,138 - database_manager - INFO - Parse debates XML-Datei: debates2019-01-14b.xml
2025-09-20 19:49:06,159 - database_manager - INFO - Debates XML erfolgreich geparst: 29 Debatten, 0 Reden, 0 Wörter
2025-09-20 19:49:06,159 - database_manager - INFO - Verarbeite Datei 746/2945: debates2019-02-08a.xml
2025-09-20 19:49:06,159 - database_manager - INFO - Parse debates XML-Datei: debates2019-02-08a.xml
2025-09-20 19:49:06,162 - database_manager - INFO - Debates XML erfolgreich geparst: 1 Debatten, 0 Reden, 0 Wörter
2025-09-20 19:49:06,162 - database_manager - INFO - Verarbeite Datei 747/2945: debates2012-03-27a.xml
2025-09-20 19:49:06,162 - database_manager - INFO - Parse debates XML-Datei: debates2012-03-27a.xml
2025-09-20 19:49:06,176 - database_manager - INFO - Debates XML erfolgreich geparst: 24 Debatten, 0 Reden, 0 Wörter
2025-09-20 19:49:06,176 - database_manager - INFO - Verarbeite Datei 748/2945: debates2012-02-06b.xml
2025-09-20 19:49:06,176 - database_manager - INFO - Parse debates XML-Datei: debates2012-02-06b.xml
2025-09-20 19:49:06,177 - database_manager - INFO - Debates XML erfolgreich geparst: 0 Debatten, 0 Reden, 0 Wörter
2025-09-20 19:49:06,177 - database_manager - INFO - Verarbeite Datei 749/2945: debates2015-06-15a.xml
2025-09-20 19:49:06,177 - database_manager - INFO - Parse debates XML-Datei: debates2015-06-15a.xml
2025-09-20 19:49:06,179 - database_manager - INFO - Debates XML erfolgreich geparst: 0 Debatten, 0 Reden, 0 Wörter
2025-09-20 19:49:06,179 - database_manager - INFO - Verarbeite Datei 750/2945: debates2017-11-21a.xml
2025-09-20 19:49:06,179 - database_manager - INFO - Parse debates XML-Datei: debates2017-11-21a.xml
2025-09-20 19:49:06,180 - database_manager - INFO - Debates XML erfolgreich geparst: 0 Debatten, 0 Reden, 0 Wörter
2025-09-20 19:49:06,180 - database_manager - INFO - Verarbeite Datei 751/2945: debates2021-05-26a.xml
2025-09-20 19:49:06,180 - database_manager - INFO - Parse debates XML-Datei: debates2021-05-26a.xml
2025-09-20 19:49:06,181 - database_manager - INFO - Debates XML erfolgreich geparst: 0 Debatten, 0 Reden, 0 Wörter
2025-09-20 19:49:06,181 - database_manager - INFO - Verarbeite Datei 752/2945: debates2020-01-20e.xml
2025-09-20 19:49:06,181 - database_manager - INFO - Parse debates XML-Datei: debates2020-01-20e.xml
2025-09-20 19:49:06,196 - database_manager - INFO - Debates XML erfolgreich geparst: 17 Debatten, 0 Reden, 0 Wörter
2025-09-20 19:49:06,196 - database_manager - INFO - Verarbeite Datei 753/2945: debates2016-05-26a.xml
2025-09-20 19:49:06,196 - database_manager - INFO - Parse debates XML-Datei: debates2016-05-26a.xml
2025-09-20 19:49:06,197 - database_manager - INFO - Debates XML erfolgreich geparst: 0 Debatten, 0 Reden, 0 Wörter
2025-09-20 19:49:06,197 - database_manager - INFO - Verarbeite Datei 754/2945: debates2019-03-25a.xml
2025-09-20 19:49:06,197 - database_manager - INFO - Parse debates XML-Datei: debates2019-03-25a.xml
2025-09-20 19:49:06,198 - database_manager - INFO - Debates XML erfolgreich geparst: 0 Debatten, 0 Reden, 0 Wörter
2025-09-20 19:49:06,199 - database_manager - INFO - Verarbeite Datei 755/2945: debates2019-02-04b.xml
2025-09-20 19:49:06,199 - database_manager - INFO - Parse debates XML-Datei: debates2019-02-04b.xml
2025-09-20 19:49:06,199 - database_manager - INFO - Debates XML erfolgreich geparst: 0 Debatten, 0 Reden, 0 Wörter
2025-09-20 19:49:06,200 - database_manager - INFO - Verarbeite Datei 756/2945: debates2014-02-12a.xml
2025-09-20 19:49:06,200 - database_manager - INFO - Parse debates XML-Datei: debates2014-02-12a.xml
2025-09-20 19:49:06,200 - database_manager - INFO - Debates XML erfolgreich geparst: 0 Debatten, 0 Reden, 0 Wörter
2025-09-20 19:49:06,200 - database_manager - INFO - Verarbeite Datei 757/2945: debates2016-09-05a.xml
2025-09-20 19:49:06,201 - database_manager - INFO - Parse debates XML-Datei: debates2016-09-05a.xml
2025-09-20 19:49:06,219 - database_manager - INFO - Debates XML erfolgreich geparst: 30 Debatten, 0 Reden, 0 Wörter
2025-09-20 19:49:06,220 - database_manager - INFO - Verarbeite Datei 758/2945: debates2020-01-21a.xml
2025-09-20 19:49:06,220 - database_manager - INFO - Parse debates XML-Datei: debates2020-01-21a.xml
2025-09-20 19:49:06,233 - database_manager - INFO - Debates XML erfolgreich geparst: 12 Debatten, 0 Reden, 0 Wörter
2025-09-20 19:49:06,233 - database_manager - INFO - Verarbeite Datei 759/2945: debates2017-07-04b.xml
2025-09-20 19:49:06,233 - database_manager - INFO - Parse debates XML-Datei: debates2017-07-04b.xml
2025-09-20 19:49:06,234 - database_manager - INFO - Debates XML erfolgreich geparst: 0 Debatten, 0 Reden, 0 Wörter
2025-09-20 19:49:06,234 - database_manager - INFO - Verarbeite Datei 760/2945: debates2017-04-18a.xml
2025-09-20 19:49:06,234 - database_manager - INFO - Parse debates XML-Datei: debates2017-04-18a.xml
2025-09-20 19:49:06,235 - database_manager - INFO - Debates XML erfolgreich geparst: 0 Debatten, 0 Reden, 0 Wörter
2025-09-20 19:49:06,235 - database_manager - INFO - Verarbeite Datei 761/2945: debates2018-10-26a.xml
2025-09-20 19:49:06,235 - database_manager - INFO - Parse debates XML-Datei: debates2018-10-26a.xml
2025-09-20 19:49:06,245 - database_manager - INFO - Debates XML erfolgreich geparst: 4 Debatten, 0 Reden, 0 Wörter
2025-09-20 19:49:06,245 - database_manager - INFO - Verarbeite Datei 762/2945: debates2012-04-23a.xml
2025-09-20 19:49:06,245 - database_manager - INFO - Parse debates XML-Datei: debates2012-04-23a.xml
2025-09-20 19:49:06,247 - database_manager - INFO - Debates XML erfolgreich geparst: 0 Debatten, 0 Reden, 0 Wörter
2025-09-20 19:49:06,247 - database_manager - INFO - Verarbeite Datei 763/2945: debates2021-06-16c.xml
2025-09-20 19:49:06,247 - database_manager - INFO - Parse debates XML-Datei: debates2021-06-16c.xml
2025-09-20 19:49:06,263 - database_manager - INFO - Debates XML erfolgreich geparst: 30 Debatten, 0 Reden, 0 Wörter
2025-09-20 19:49:06,264 - database_manager - INFO - Verarbeite Datei 764/2945: debates2012-10-17c.xml
2025-09-20 19:49:06,264 - database_manager - INFO - Parse debates XML-Datei: debates2012-10-17c.xml
2025-09-20 19:49:06,282 - database_manager - INFO - Debates XML erfolgreich geparst: 42 Debatten, 0 Reden, 0 Wörter
2025-09-20 19:49:06,282 - database_manager - INFO - Verarbeite Datei 765/2945: debates2017-12-11c.xml
2025-09-20 19:49:06,282 - database_manager - INFO - Parse debates XML-Datei: debates2017-12-11c.xml
2025-09-20 19:49:06,299 - database_manager - INFO - Debates XML erfolgreich geparst: 27 Debatten, 0 Reden, 0 Wörter
2025-09-20 19:49:06,299 - database_manager - INFO - Verarbeite Datei 766/2945: debates2021-02-22a.xml
2025-09-20 19:49:06,299 - database_manager - INFO - Parse debates XML-Datei: debates2021-02-22a.xml
2025-09-20 19:49:06,300 - database_manager - INFO - Debates XML erfolgreich geparst: 0 Debatten, 0 Reden, 0 Wörter
2025-09-20 19:49:06,300 - database_manager - INFO - Verarbeite Datei 767/2945: debates2016-02-22a.xml
2025-09-20 19:49:06,300 - database_manager - INFO - Parse debates XML-Datei: debates2016-02-22a.xml
2025-09-20 19:49:06,301 - database_manager - INFO - Debates XML erfolgreich geparst: 0 Debatten, 0 Reden, 0 Wörter
2025-09-20 19:49:06,301 - database_manager - INFO - Verarbeite Datei 768/2945: debates2020-06-24e.xml
2025-09-20 19:49:06,301 - database_manager - INFO - Parse debates XML-Datei: debates2020-06-24e.xml
2025-09-20 19:49:06,315 - database_manager - INFO - Debates XML erfolgreich geparst: 14 Debatten, 0 Reden, 0 Wörter
2025-09-20 19:49:06,316 - database_manager - INFO - Verarbeite Datei 769/2945: debates2016-03-03b.xml
2025-09-20 19:49:06,316 - database_manager - INFO - Parse debates XML-Datei: debates2016-03-03b.xml
2025-09-20 19:49:06,317 - database_manager - INFO - Debates XML erfolgreich geparst: 0 Debatten, 0 Reden, 0 Wörter
2025-09-20 19:49:06,317 - database_manager - INFO - Verarbeite Datei 770/2945: debates2019-10-15c.xml
2025-09-20 19:49:06,317 - database_manager - INFO - Parse debates XML-Datei: debates2019-10-15c.xml
2025-09-20 19:49:06,326 - database_manager - INFO - Debates XML erfolgreich geparst: 8 Debatten, 0 Reden, 0 Wörter
2025-09-20 19:49:06,327 - database_manager - INFO - Verarbeite Datei 771/2945: debates2020-02-11c.xml
2025-09-20 19:49:06,327 - database_manager - INFO - Parse debates XML-Datei: debates2020-02-11c.xml
2025-09-20 19:49:06,328 - database_manager - INFO - Debates XML erfolgreich geparst: 0 Debatten, 0 Reden, 0 Wörter
2025-09-20 19:49:06,328 - database_manager - INFO - Verarbeite Datei 772/2945: debates2020-06-25a.xml
2025-09-20 19:49:06,328 - database_manager - INFO - Parse debates XML-Datei: debates2020-06-25a.xml
2025-09-20 19:49:06,329 - database_manager - INFO - Debates XML erfolgreich geparst: 0 Debatten, 0 Reden, 0 Wörter
2025-09-20 19:49:06,329 - database_manager - INFO - Verarbeite Datei 773/2945: debates2013-12-19a.xml
2025-09-20 19:49:06,329 - database_manager - INFO - Parse debates XML-Datei: debates2013-12-19a.xml
2025-09-20 19:49:06,330 - database_manager - INFO - Debates XML erfolgreich geparst: 0 Debatten, 0 Reden, 0 Wörter
2025-09-20 19:49:06,330 - database_manager - INFO - Verarbeite Datei 774/2945: debates2013-10-24a.xml
2025-09-20 19:49:06,330 - database_manager - INFO - Parse debates XML-Datei: debates2013-10-24a.xml
2025-09-20 19:49:06,344 - database_manager - INFO - Debates XML erfolgreich geparst: 17 Debatten, 0 Reden, 0 Wörter
2025-09-20 19:49:06,344 - database_manager - INFO - Verarbeite Datei 775/2945: debates2018-12-17b.xml
2025-09-20 19:49:06,344 - database_manager - INFO - Parse debates XML-Datei: debates2018-12-17b.xml
2025-09-20 19:49:06,345 - database_manager - INFO - Debates XML erfolgreich geparst: 0 Debatten, 0 Reden, 0 Wörter
2025-09-20 19:49:06,346 - database_manager - INFO - Verarbeite Datei 776/2945: debates2015-12-01a.xml
2025-09-20 19:49:06,346 - database_manager - INFO - Parse debates XML-Datei: debates2015-12-01a.xml
2025-09-20 19:49:06,347 - database_manager - INFO - Debates XML erfolgreich geparst: 0 Debatten, 0 Reden, 0 Wörter
2025-09-20 19:49:06,347 - database_manager - INFO - Verarbeite Datei 777/2945: debates2017-06-29b.xml
2025-09-20 19:49:06,347 - database_manager - INFO - Parse debates XML-Datei: debates2017-06-29b.xml
2025-09-20 19:49:06,349 - database_manager - INFO - Debates XML erfolgreich geparst: 0 Debatten, 0 Reden, 0 Wörter
2025-09-20 19:49:06,349 - database_manager - INFO - Verarbeite Datei 778/2945: debates2021-04-26d.xml
2025-09-20 19:49:06,349 - database_manager - INFO - Parse debates XML-Datei: debates2021-04-26d.xml
2025-09-20 19:49:06,370 - database_manager - INFO - Debates XML erfolgreich geparst: 30 Debatten, 0 Reden, 0 Wörter
2025-09-20 19:49:06,370 - database_manager - INFO - Verarbeite Datei 779/2945: debates2012-06-12b.xml
2025-09-20 19:49:06,370 - database_manager - INFO - Parse debates XML-Datei: debates2012-06-12b.xml
2025-09-20 19:49:06,386 - database_manager - INFO - Debates XML erfolgreich geparst: 31 Debatten, 0 Reden, 0 Wörter
2025-09-20 19:49:06,386 - database_manager - INFO - Verarbeite Datei 780/2945: debates2015-03-20b.xml
2025-09-20 19:49:06,386 - database_manager - INFO - Parse debates XML-Datei: debates2015-03-20b.xml
2025-09-20 19:49:06,396 - database_manager - INFO - Debates XML erfolgreich geparst: 1 Debatten, 0 Reden, 0 Wörter
2025-09-20 19:49:06,396 - database_manager - INFO - Verarbeite Datei 781/2945: debates2017-11-01c.xml
2025-09-20 19:49:06,396 - database_manager - INFO - Parse debates XML-Datei: debates2017-11-01c.xml
2025-09-20 19:49:06,411 - database_manager - INFO - Debates XML erfolgreich geparst: 12 Debatten, 0 Reden, 0 Wörter
2025-09-20 19:49:06,412 - database_manager - INFO - Verarbeite Datei 782/2945: debates2019-02-25d.xml
2025-09-20 19:49:06,412 - database_manager - INFO - Parse debates XML-Datei: debates2019-02-25d.xml
2025-09-20 19:49:06,426 - database_manager - INFO - Debates XML erfolgreich geparst: 24 Debatten, 0 Reden, 0 Wörter
2025-09-20 19:49:06,427 - database_manager - INFO - Verarbeite Datei 783/2945: debates2013-01-09a.xml
2025-09-20 19:49:06,427 - database_manager - INFO - Parse debates XML-Datei: debates2013-01-09a.xml
2025-09-20 19:49:06,428 - database_manager - INFO - Debates XML erfolgreich geparst: 0 Debatten, 0 Reden, 0 Wörter
2025-09-20 19:49:06,429 - database_manager - INFO - Verarbeite Datei 784/2945: debates2020-09-16a.xml
2025-09-20 19:49:06,429 - database_manager - INFO - Parse debates XML-Datei: debates2020-09-16a.xml
2025-09-20 19:49:06,430 - database_manager - INFO - Debates XML erfolgreich geparst: 0 Debatten, 0 Reden, 0 Wörter
2025-09-20 19:49:06,430 - database_manager - INFO - Verarbeite Datei 785/2945: debates2019-06-10b.xml
2025-09-20 19:49:06,430 - database_manager - INFO - Parse debates XML-Datei: debates2019-06-10b.xml
2025-09-20 19:49:06,445 - database_manager - INFO - Debates XML erfolgreich geparst: 21 Debatten, 0 Reden, 0 Wörter
2025-09-20 19:49:06,445 - database_manager - INFO - Verarbeite Datei 786/2945: debates2016-10-13b.xml
2025-09-20 19:49:06,445 - database_manager - INFO - Parse debates XML-Datei: debates2016-10-13b.xml
2025-09-20 19:49:06,459 - database_manager - INFO - Debates XML erfolgreich geparst: 23 Debatten, 0 Reden, 0 Wörter
2025-09-20 19:49:06,459 - database_manager - INFO - Verarbeite Datei 787/2945: debates2020-10-21d.xml
2025-09-20 19:49:06,459 - database_manager - INFO - Parse debates XML-Datei: debates2020-10-21d.xml
2025-09-20 19:49:06,460 - database_manager - INFO - Debates XML erfolgreich geparst: 0 Debatten, 0 Reden, 0 Wörter
2025-09-20 19:49:06,460 - database_manager - INFO - Verarbeite Datei 788/2945: debates2013-10-28b.xml
2025-09-20 19:49:06,460 - database_manager - INFO - Parse debates XML-Datei: debates2013-10-28b.xml
2025-09-20 19:49:06,471 - database_manager - INFO - Debates XML erfolgreich geparst: 21 Debatten, 0 Reden, 0 Wörter
2025-09-20 19:49:06,472 - database_manager - INFO - Verarbeite Datei 789/2945: debates2020-07-08a.xml
2025-09-20 19:49:06,472 - database_manager - INFO - Parse debates XML-Datei: debates2020-07-08a.xml
2025-09-20 19:49:06,473 - database_manager - INFO - Debates XML erfolgreich geparst: 0 Debatten, 0 Reden, 0 Wörter
2025-09-20 19:49:06,473 - database_manager - INFO - Verarbeite Datei 790/2945: debates2020-06-29b.xml
2025-09-20 19:49:06,473 - database_manager - INFO - Parse debates XML-Datei: debates2020-06-29b.xml
2025-09-20 19:49:06,473 - database_manager - INFO - Debates XML erfolgreich geparst: 0 Debatten, 0 Reden, 0 Wörter
2025-09-20 19:49:06,473 - database_manager - INFO - Verarbeite Datei 791/2945: debates2021-01-28b.xml
2025-09-20 19:49:06,473 - database_manager - INFO - Parse debates XML-Datei: debates2021-01-28b.xml
2025-09-20 19:49:06,474 - database_manager - INFO - Debates XML erfolgreich geparst: 0 Debatten, 0 Reden, 0 Wörter
2025-09-20 19:49:06,474 - database_manager - INFO - Verarbeite Datei 792/2945: debates2021-03-15b.xml
2025-09-20 19:49:06,474 - database_manager - INFO - Parse debates XML-Datei: debates2021-03-15b.xml
2025-09-20 19:49:06,489 - database_manager - INFO - Debates XML erfolgreich geparst: 22 Debatten, 0 Reden, 0 Wörter
2025-09-20 19:49:06,489 - database_manager - INFO - Verarbeite Datei 793/2945: debates2015-01-07a.xml
2025-09-20 19:49:06,489 - database_manager - INFO - Parse debates XML-Datei: debates2015-01-07a.xml
2025-09-20 19:49:06,491 - database_manager - INFO - Debates XML erfolgreich geparst: 0 Debatten, 0 Reden, 0 Wörter
2025-09-20 19:49:06,491 - database_manager - INFO - Verarbeite Datei 794/2945: debates2012-05-14b.xml
2025-09-20 19:49:06,491 - database_manager - INFO - Parse debates XML-Datei: debates2012-05-14b.xml
2025-09-20 19:49:06,492 - database_manager - INFO - Debates XML erfolgreich geparst: 0 Debatten, 0 Reden, 0 Wörter
2025-09-20 19:49:06,492 - database_manager - INFO - Verarbeite Datei 795/2945: debates2018-10-30a.xml
2025-09-20 19:49:06,492 - database_manager - INFO - Parse debates XML-Datei: debates2018-10-30a.xml
2025-09-20 19:49:06,493 - database_manager - INFO - Debates XML erfolgreich geparst: 0 Debatten, 0 Reden, 0 Wörter
2025-09-20 19:49:06,493 - database_manager - INFO - Verarbeite Datei 796/2945: debates2015-10-26b.xml
2025-09-20 19:49:06,493 - database_manager - INFO - Parse debates XML-Datei: debates2015-10-26b.xml
2025-09-20 19:49:06,494 - database_manager - INFO - Debates XML erfolgreich geparst: 0 Debatten, 0 Reden, 0 Wörter
2025-09-20 19:49:06,494 - database_manager - INFO - Verarbeite Datei 797/2945: debates2017-07-12b.xml
2025-09-20 19:49:06,494 - database_manager - INFO - Parse debates XML-Datei: debates2017-07-12b.xml
2025-09-20 19:49:06,507 - database_manager - INFO - Debates XML erfolgreich geparst: 12 Debatten, 0 Reden, 0 Wörter
2025-09-20 19:49:06,508 - database_manager - INFO - Verarbeite Datei 798/2945: debates2019-05-16b.xml
2025-09-20 19:49:06,508 - database_manager - INFO - Parse debates XML-Datei: debates2019-05-16b.xml
2025-09-20 19:49:06,522 - database_manager - INFO - Debates XML erfolgreich geparst: 17 Debatten, 0 Reden, 0 Wörter
2025-09-20 19:49:06,522 - database_manager - INFO - Verarbeite Datei 799/2945: debates2013-11-12f.xml
2025-09-20 19:49:06,522 - database_manager - INFO - Parse debates XML-Datei: debates2013-11-12f.xml
2025-09-20 19:49:06,739 - database_manager - INFO - Debates XML erfolgreich geparst: 29 Debatten, 0 Reden, 0 Wörter
2025-09-20 19:49:06,740 - database_manager - INFO - Verarbeite Datei 800/2945: debates2016-01-28b.xml
2025-09-20 19:49:06,740 - database_manager - INFO - Parse debates XML-Datei: debates2016-01-28b.xml
2025-09-20 19:49:06,742 - database_manager - INFO - Debates XML erfolgreich geparst: 0 Debatten, 0 Reden, 0 Wörter
2025-09-20 19:49:06,742 - database_manager - INFO - Verarbeite Datei 801/2945: debates2020-12-07c.xml
2025-09-20 19:49:06,742 - database_manager - INFO - Parse debates XML-Datei: debates2020-12-07c.xml
2025-09-20 19:49:06,756 - database_manager - INFO - Debates XML erfolgreich geparst: 21 Debatten, 0 Reden, 0 Wörter
2025-09-20 19:49:06,757 - database_manager - INFO - Verarbeite Datei 802/2945: debates2018-03-20a.xml
2025-09-20 19:49:06,757 - database_manager - INFO - Parse debates XML-Datei: debates2018-03-20a.xml
2025-09-20 19:49:06,758 - database_manager - INFO - Debates XML erfolgreich geparst: 0 Debatten, 0 Reden, 0 Wörter
2025-09-20 19:49:06,758 - database_manager - INFO - Verarbeite Datei 803/2945: debates2018-02-01b.xml
2025-09-20 19:49:06,758 - database_manager - INFO - Parse debates XML-Datei: debates2018-02-01b.xml
2025-09-20 19:49:06,759 - database_manager - INFO - Debates XML erfolgreich geparst: 0 Debatten, 0 Reden, 0 Wörter
2025-09-20 19:49:06,759 - database_manager - INFO - Verarbeite Datei 804/2945: debates2021-11-24a.xml
2025-09-20 19:49:06,759 - database_manager - INFO - Parse debates XML-Datei: debates2021-11-24a.xml
2025-09-20 19:49:06,759 - database_manager - INFO - Debates XML erfolgreich geparst: 0 Debatten, 0 Reden, 0 Wörter
2025-09-20 19:49:06,759 - database_manager - INFO - Verarbeite Datei 805/2945: debates2015-12-17a.xml
2025-09-20 19:49:06,759 - database_manager - INFO - Parse debates XML-Datei: debates2015-12-17a.xml
2025-09-20 19:49:06,775 - database_manager - INFO - Debates XML erfolgreich geparst: 25 Debatten, 0 Reden, 0 Wörter
2025-09-20 19:49:06,775 - database_manager - INFO - Verarbeite Datei 806/2945: debates2021-03-18e.xml
2025-09-20 19:49:06,775 - database_manager - INFO - Parse debates XML-Datei: debates2021-03-18e.xml
2025-09-20 19:49:06,789 - database_manager - INFO - Debates XML erfolgreich geparst: 20 Debatten, 0 Reden, 0 Wörter
2025-09-20 19:49:06,789 - database_manager - INFO - Verarbeite Datei 807/2945: debates2014-02-24c.xml
2025-09-20 19:49:06,789 - database_manager - INFO - Parse debates XML-Datei: debates2014-02-24c.xml
2025-09-20 19:49:06,804 - database_manager - INFO - Debates XML erfolgreich geparst: 24 Debatten, 0 Reden, 0 Wörter
2025-09-20 19:49:06,804 - database_manager - INFO - Verarbeite Datei 808/2945: debates2014-06-10a.xml
2025-09-20 19:49:06,804 - database_manager - INFO - Parse debates XML-Datei: debates2014-06-10a.xml
2025-09-20 19:49:06,806 - database_manager - INFO - Debates XML erfolgreich geparst: 0 Debatten, 0 Reden, 0 Wörter
2025-09-20 19:49:06,806 - database_manager - INFO - Verarbeite Datei 809/2945: debates2016-11-24a.xml
2025-09-20 19:49:06,806 - database_manager - INFO - Parse debates XML-Datei: debates2016-11-24a.xml
2025-09-20 19:49:06,820 - database_manager - INFO - Debates XML erfolgreich geparst: 19 Debatten, 0 Reden, 0 Wörter
2025-09-20 19:49:06,820 - database_manager - INFO - Verarbeite Datei 810/2945: debates2019-06-06b.xml
2025-09-20 19:49:06,820 - database_manager - INFO - Parse debates XML-Datei: debates2019-06-06b.xml
2025-09-20 19:49:06,821 - database_manager - INFO - Debates XML erfolgreich geparst: 0 Debatten, 0 Reden, 0 Wörter
2025-09-20 19:49:06,821 - database_manager - INFO - Verarbeite Datei 811/2945: debates2013-03-22a.xml
2025-09-20 19:49:06,821 - database_manager - INFO - Parse debates XML-Datei: debates2013-03-22a.xml
2025-09-20 19:49:06,822 - database_manager - INFO - Debates XML erfolgreich geparst: 0 Debatten, 0 Reden, 0 Wörter
2025-09-20 19:49:06,822 - database_manager - INFO - Verarbeite Datei 812/2945: debates2018-04-24a.xml
2025-09-20 19:49:06,822 - database_manager - INFO - Parse debates XML-Datei: debates2018-04-24a.xml
2025-09-20 19:49:06,823 - database_manager - INFO - Debates XML erfolgreich geparst: 0 Debatten, 0 Reden, 0 Wörter
2025-09-20 19:49:06,823 - database_manager - INFO - Verarbeite Datei 813/2945: debates2018-06-19a.xml
2025-09-20 19:49:06,823 - database_manager - INFO - Parse debates XML-Datei: debates2018-06-19a.xml
2025-09-20 19:49:06,824 - database_manager - INFO - Debates XML erfolgreich geparst: 0 Debatten, 0 Reden, 0 Wörter
2025-09-20 19:49:06,824 - database_manager - INFO - Verarbeite Datei 814/2945: debates2021-12-14c.xml
2025-09-20 19:49:06,824 - database_manager - INFO - Parse debates XML-Datei: debates2021-12-14c.xml
2025-09-20 19:49:06,825 - database_manager - INFO - Debates XML erfolgreich geparst: 0 Debatten, 0 Reden, 0 Wörter
2025-09-20 19:49:06,825 - database_manager - INFO - Verarbeite Datei 815/2945: debates2021-10-29c.xml
2025-09-20 19:49:06,825 - database_manager - INFO - Parse debates XML-Datei: debates2021-10-29c.xml
2025-09-20 19:49:06,826 - database_manager - INFO - Debates XML erfolgreich geparst: 0 Debatten, 0 Reden, 0 Wörter
2025-09-20 19:49:06,826 - database_manager - INFO - Verarbeite Datei 816/2945: debates2012-06-28c.xml
2025-09-20 19:49:06,826 - database_manager - INFO - Parse debates XML-Datei: debates2012-06-28c.xml
2025-09-20 19:49:06,842 - database_manager - INFO - Debates XML erfolgreich geparst: 23 Debatten, 0 Reden, 0 Wörter
2025-09-20 19:49:06,842 - database_manager - INFO - Verarbeite Datei 817/2945: debates2017-02-27a.xml
2025-09-20 19:49:06,842 - database_manager - INFO - Parse debates XML-Datei: debates2017-02-27a.xml
2025-09-20 19:49:06,843 - database_manager - INFO - Debates XML erfolgreich geparst: 0 Debatten, 0 Reden, 0 Wörter
2025-09-20 19:49:06,843 - database_manager - INFO - Verarbeite Datei 818/2945: debates2020-02-27a.xml
2025-09-20 19:49:06,843 - database_manager - INFO - Parse debates XML-Datei: debates2020-02-27a.xml
2025-09-20 19:49:06,858 - database_manager - INFO - Debates XML erfolgreich geparst: 15 Debatten, 0 Reden, 0 Wörter
2025-09-20 19:49:06,858 - database_manager - INFO - Verarbeite Datei 819/2945: debates2014-01-14a.xml
2025-09-20 19:49:06,858 - database_manager - INFO - Parse debates XML-Datei: debates2014-01-14a.xml
2025-09-20 19:49:06,859 - database_manager - INFO - Debates XML erfolgreich geparst: 0 Debatten, 0 Reden, 0 Wörter
2025-09-20 19:49:06,859 - database_manager - INFO - Verarbeite Datei 820/2945: debates2014-12-08b.xml
2025-09-20 19:49:06,860 - database_manager - INFO - Parse debates XML-Datei: debates2014-12-08b.xml
2025-09-20 19:49:06,874 - database_manager - INFO - Debates XML erfolgreich geparst: 30 Debatten, 0 Reden, 0 Wörter
2025-09-20 19:49:06,875 - database_manager - INFO - Verarbeite Datei 821/2945: debates2016-06-20a.xml
2025-09-20 19:49:06,875 - database_manager - INFO - Parse debates XML-Datei: debates2016-06-20a.xml
2025-09-20 19:49:06,875 - database_manager - INFO - Debates XML erfolgreich geparst: 0 Debatten, 0 Reden, 0 Wörter
2025-09-20 19:49:06,875 - database_manager - INFO - Verarbeite Datei 822/2945: debates2019-10-23a.xml
2025-09-20 19:49:06,875 - database_manager - INFO - Parse debates XML-Datei: debates2019-10-23a.xml
2025-09-20 19:49:06,876 - database_manager - INFO - Debates XML erfolgreich geparst: 0 Debatten, 0 Reden, 0 Wörter
2025-09-20 19:49:06,876 - database_manager - INFO - Verarbeite Datei 823/2945: debates2018-05-09a.xml
2025-09-20 19:49:06,876 - database_manager - INFO - Parse debates XML-Datei: debates2018-05-09a.xml
2025-09-20 19:49:06,899 - database_manager - INFO - Debates XML erfolgreich geparst: 74 Debatten, 0 Reden, 0 Wörter
2025-09-20 19:49:06,900 - database_manager - INFO - Verarbeite Datei 824/2945: debates2015-06-03a.xml
2025-09-20 19:49:06,900 - database_manager - INFO - Parse debates XML-Datei: debates2015-06-03a.xml
2025-09-20 19:49:06,901 - database_manager - INFO - Debates XML erfolgreich geparst: 0 Debatten, 0 Reden, 0 Wörter
2025-09-20 19:49:06,901 - database_manager - INFO - Verarbeite Datei 825/2945: debates2021-09-13a.xml
2025-09-20 19:49:06,901 - database_manager - INFO - Parse debates XML-Datei: debates2021-09-13a.xml
2025-09-20 19:49:06,903 - database_manager - INFO - Debates XML erfolgreich geparst: 0 Debatten, 0 Reden, 0 Wörter
2025-09-20 19:49:06,903 - database_manager - INFO - Verarbeite Datei 826/2945: debates2014-02-04a.xml
2025-09-20 19:49:06,903 - database_manager - INFO - Parse debates XML-Datei: debates2014-02-04a.xml
2025-09-20 19:49:06,904 - database_manager - INFO - Debates XML erfolgreich geparst: 0 Debatten, 0 Reden, 0 Wörter
2025-09-20 19:49:06,904 - database_manager - INFO - Verarbeite Datei 827/2945: debates2016-09-13a.xml
2025-09-20 19:49:06,904 - database_manager - INFO - Parse debates XML-Datei: debates2016-09-13a.xml
2025-09-20 19:49:06,917 - database_manager - INFO - Debates XML erfolgreich geparst: 23 Debatten, 0 Reden, 0 Wörter
2025-09-20 19:49:06,917 - database_manager - INFO - Verarbeite Datei 828/2945: debates2014-03-25b.xml
2025-09-20 19:49:06,917 - database_manager - INFO - Parse debates XML-Datei: debates2014-03-25b.xml
2025-09-20 19:49:06,921 - database_manager - INFO - Debates XML erfolgreich geparst: 1 Debatten, 0 Reden, 0 Wörter
2025-09-20 19:49:06,921 - database_manager - INFO - Verarbeite Datei 829/2945: debates2019-02-12b.xml
2025-09-20 19:49:06,921 - database_manager - INFO - Parse debates XML-Datei: debates2019-02-12b.xml
2025-09-20 19:49:06,924 - database_manager - INFO - Debates XML erfolgreich geparst: 0 Debatten, 0 Reden, 0 Wörter
2025-09-20 19:49:06,924 - database_manager - INFO - Verarbeite Datei 830/2945: debates2020-10-16b.xml
2025-09-20 19:49:06,924 - database_manager - INFO - Parse debates XML-Datei: debates2020-10-16b.xml
2025-09-20 19:49:06,926 - database_manager - INFO - Debates XML erfolgreich geparst: 0 Debatten, 0 Reden, 0 Wörter
2025-09-20 19:49:06,926 - database_manager - INFO - Verarbeite Datei 831/2945: debates2014-11-18b.xml
2025-09-20 19:49:06,926 - database_manager - INFO - Parse debates XML-Datei: debates2014-11-18b.xml
2025-09-20 19:49:06,941 - database_manager - INFO - Debates XML erfolgreich geparst: 31 Debatten, 0 Reden, 0 Wörter
2025-09-20 19:49:06,941 - database_manager - INFO - Verarbeite Datei 832/2945: debates2014-12-04a.xml
2025-09-20 19:49:06,941 - database_manager - INFO - Parse debates XML-Datei: debates2014-12-04a.xml
2025-09-20 19:49:06,957 - database_manager - INFO - Debates XML erfolgreich geparst: 5 Debatten, 0 Reden, 0 Wörter
2025-09-20 19:49:06,957 - database_manager - INFO - Verarbeite Datei 833/2945: debates2016-10-25a.xml
2025-09-20 19:49:06,957 - database_manager - INFO - Parse debates XML-Datei: debates2016-10-25a.xml
2025-09-20 19:49:06,958 - database_manager - INFO - Debates XML erfolgreich geparst: 0 Debatten, 0 Reden, 0 Wörter
2025-09-20 19:49:06,958 - database_manager - INFO - Verarbeite Datei 834/2945: debates2019-06-26a.xml
2025-09-20 19:49:06,958 - database_manager - INFO - Parse debates XML-Datei: debates2019-06-26a.xml
2025-09-20 19:49:06,972 - database_manager - INFO - Debates XML erfolgreich geparst: 15 Debatten, 0 Reden, 0 Wörter
2025-09-20 19:49:06,972 - database_manager - INFO - Verarbeite Datei 835/2945: debates2020-04-22a.xml
2025-09-20 19:49:06,972 - database_manager - INFO - Parse debates XML-Datei: debates2020-04-22a.xml
2025-09-20 19:49:06,978 - database_manager - INFO - Debates XML erfolgreich geparst: 6 Debatten, 0 Reden, 0 Wörter
2025-09-20 19:49:06,978 - database_manager - INFO - Verarbeite Datei 836/2945: debates2019-02-12c.xml
2025-09-20 19:49:06,978 - database_manager - INFO - Parse debates XML-Datei: debates2019-02-12c.xml
2025-09-20 19:49:06,995 - database_manager - INFO - Debates XML erfolgreich geparst: 31 Debatten, 0 Reden, 0 Wörter
2025-09-20 19:49:06,996 - database_manager - INFO - Verarbeite Datei 837/2945: debates2014-03-25c.xml
2025-09-20 19:49:06,996 - database_manager - INFO - Parse debates XML-Datei: debates2014-03-25c.xml
2025-09-20 19:49:07,018 - database_manager - INFO - Debates XML erfolgreich geparst: 44 Debatten, 0 Reden, 0 Wörter
2025-09-20 19:49:07,018 - database_manager - INFO - Verarbeite Datei 838/2945: debates2021-10-25a.xml
2025-09-20 19:49:07,018 - database_manager - INFO - Parse debates XML-Datei: debates2021-10-25a.xml
2025-09-20 19:49:07,030 - database_manager - INFO - Debates XML erfolgreich geparst: 16 Debatten, 0 Reden, 0 Wörter
2025-09-20 19:49:07,030 - database_manager - INFO - Verarbeite Datei 839/2945: debates2021-11-04b.xml
2025-09-20 19:49:07,030 - database_manager - INFO - Parse debates XML-Datei: debates2021-11-04b.xml
2025-09-20 19:49:07,039 - database_manager - INFO - Debates XML erfolgreich geparst: 18 Debatten, 0 Reden, 0 Wörter
2025-09-20 19:49:07,039 - database_manager - INFO - Verarbeite Datei 840/2945: debates2012-04-19a.xml
2025-09-20 19:49:07,039 - database_manager - INFO - Parse debates XML-Datei: debates2012-04-19a.xml
2025-09-20 19:49:07,057 - database_manager - INFO - Debates XML erfolgreich geparst: 22 Debatten, 0 Reden, 0 Wörter
2025-09-20 19:49:07,058 - database_manager - INFO - Verarbeite Datei 841/2945: debates2018-02-21a.xml
2025-09-20 19:49:07,058 - database_manager - INFO - Parse debates XML-Datei: debates2018-02-21a.xml
2025-09-20 19:49:07,076 - database_manager - INFO - Debates XML erfolgreich geparst: 30 Debatten, 0 Reden, 0 Wörter
2025-09-20 19:49:07,076 - database_manager - INFO - Verarbeite Datei 842/2945: debates2015-03-16a.xml
2025-09-20 19:49:07,076 - database_manager - INFO - Parse debates XML-Datei: debates2015-03-16a.xml
2025-09-20 19:49:07,077 - database_manager - INFO - Debates XML erfolgreich geparst: 0 Debatten, 0 Reden, 0 Wörter
2025-09-20 19:49:07,077 - database_manager - INFO - Verarbeite Datei 843/2945: debates2014-09-03b.xml
2025-09-20 19:49:07,077 - database_manager - INFO - Parse debates XML-Datei: debates2014-09-03b.xml
2025-09-20 19:49:07,093 - database_manager - INFO - Debates XML erfolgreich geparst: 16 Debatten, 0 Reden, 0 Wörter
2025-09-20 19:49:07,093 - database_manager - INFO - Verarbeite Datei 844/2945: debates2019-10-22d.xml
2025-09-20 19:49:07,093 - database_manager - INFO - Parse debates XML-Datei: debates2019-10-22d.xml
2025-09-20 19:49:07,110 - database_manager - INFO - Debates XML erfolgreich geparst: 27 Debatten, 0 Reden, 0 Wörter
2025-09-20 19:49:07,111 - database_manager - INFO - Verarbeite Datei 845/2945: debates2014-04-01a.xml
2025-09-20 19:49:07,111 - database_manager - INFO - Parse debates XML-Datei: debates2014-04-01a.xml
2025-09-20 19:49:07,113 - database_manager - INFO - Debates XML erfolgreich geparst: 0 Debatten, 0 Reden, 0 Wörter
2025-09-20 19:49:07,113 - database_manager - INFO - Verarbeite Datei 846/2945: debates2016-11-08a.xml
2025-09-20 19:49:07,113 - database_manager - INFO - Parse debates XML-Datei: debates2016-11-08a.xml
2025-09-20 19:49:07,113 - database_manager - INFO - Debates XML erfolgreich geparst: 0 Debatten, 0 Reden, 0 Wörter
2025-09-20 19:49:07,113 - database_manager - INFO - Verarbeite Datei 847/2945: debates2018-10-10b.xml
2025-09-20 19:49:07,113 - database_manager - INFO - Parse debates XML-Datei: debates2018-10-10b.xml
2025-09-20 19:49:07,128 - database_manager - INFO - Debates XML erfolgreich geparst: 10 Debatten, 0 Reden, 0 Wörter
2025-09-20 19:49:07,129 - database_manager - INFO - Verarbeite Datei 848/2945: debates2017-06-13b.xml
2025-09-20 19:49:07,129 - database_manager - INFO - Parse debates XML-Datei: debates2017-06-13b.xml
2025-09-20 19:49:07,129 - database_manager - INFO - Debates XML erfolgreich geparst: 0 Debatten, 0 Reden, 0 Wörter
2025-09-20 19:49:07,129 - database_manager - INFO - Verarbeite Datei 849/2945: debates2021-06-21d.xml
2025-09-20 19:49:07,129 - database_manager - INFO - Parse debates XML-Datei: debates2021-06-21d.xml
2025-09-20 19:49:07,146 - database_manager - INFO - Debates XML erfolgreich geparst: 114 Debatten, 0 Reden, 0 Wörter
2025-09-20 19:49:07,146 - database_manager - INFO - Verarbeite Datei 850/2945: debates2012-06-28b.xml
2025-09-20 19:49:07,146 - database_manager - INFO - Parse debates XML-Datei: debates2012-06-28b.xml
2025-09-20 19:49:07,147 - database_manager - INFO - Debates XML erfolgreich geparst: 0 Debatten, 0 Reden, 0 Wörter
2025-09-20 19:49:07,147 - database_manager - INFO - Verarbeite Datei 851/2945: debates2012-07-09a.xml
2025-09-20 19:49:07,147 - database_manager - INFO - Parse debates XML-Datei: debates2012-07-09a.xml
2025-09-20 19:49:07,164 - database_manager - INFO - Debates XML erfolgreich geparst: 27 Debatten, 0 Reden, 0 Wörter
2025-09-20 19:49:07,164 - database_manager - INFO - Verarbeite Datei 852/2945: debates2021-10-29b.xml
2025-09-20 19:49:07,164 - database_manager - INFO - Parse debates XML-Datei: debates2021-10-29b.xml
2025-09-20 19:49:07,165 - database_manager - INFO - Debates XML erfolgreich geparst: 0 Debatten, 0 Reden, 0 Wörter
2025-09-20 19:49:07,165 - database_manager - INFO - Verarbeite Datei 853/2945: debates2021-12-14b.xml
2025-09-20 19:49:07,165 - database_manager - INFO - Parse debates XML-Datei: debates2021-12-14b.xml
2025-09-20 19:49:07,166 - database_manager - INFO - Debates XML erfolgreich geparst: 0 Debatten, 0 Reden, 0 Wörter
2025-09-20 19:49:07,166 - database_manager - INFO - Verarbeite Datei 854/2945: debates2021-11-08a.xml
2025-09-20 19:49:07,166 - database_manager - INFO - Parse debates XML-Datei: debates2021-11-08a.xml
2025-09-20 19:49:07,167 - database_manager - INFO - Debates XML erfolgreich geparst: 0 Debatten, 0 Reden, 0 Wörter
2025-09-20 19:49:07,167 - database_manager - INFO - Verarbeite Datei 855/2945: debates2018-01-31a.xml
2025-09-20 19:49:07,167 - database_manager - INFO - Parse debates XML-Datei: debates2018-01-31a.xml
2025-09-20 19:49:07,168 - database_manager - INFO - Debates XML erfolgreich geparst: 0 Debatten, 0 Reden, 0 Wörter
2025-09-20 19:49:07,168 - database_manager - INFO - Verarbeite Datei 856/2945: debates2012-09-17a.xml
2025-09-20 19:49:07,168 - database_manager - INFO - Parse debates XML-Datei: debates2012-09-17a.xml
2025-09-20 19:49:07,184 - database_manager - INFO - Debates XML erfolgreich geparst: 32 Debatten, 0 Reden, 0 Wörter
2025-09-20 19:49:07,185 - database_manager - INFO - Verarbeite Datei 857/2945: debates2020-01-16f.xml
2025-09-20 19:49:07,185 - database_manager - INFO - Parse debates XML-Datei: debates2020-01-16f.xml
2025-09-20 19:49:07,200 - database_manager - INFO - Debates XML erfolgreich geparst: 14 Debatten, 0 Reden, 0 Wörter
2025-09-20 19:49:07,201 - database_manager - INFO - Verarbeite Datei 858/2945: debates2014-02-24b.xml
2025-09-20 19:49:07,201 - database_manager - INFO - Parse debates XML-Datei: debates2014-02-24b.xml
2025-09-20 19:49:07,202 - database_manager - INFO - Debates XML erfolgreich geparst: 0 Debatten, 0 Reden, 0 Wörter
2025-09-20 19:49:07,202 - database_manager - INFO - Verarbeite Datei 859/2945: debates2014-03-05a.xml
2025-09-20 19:49:07,202 - database_manager - INFO - Parse debates XML-Datei: debates2014-03-05a.xml
2025-09-20 19:49:07,218 - database_manager - INFO - Debates XML erfolgreich geparst: 24 Debatten, 0 Reden, 0 Wörter
2025-09-20 19:49:07,219 - database_manager - INFO - Verarbeite Datei 860/2945: debates2019-03-13b.xml
2025-09-20 19:49:07,219 - database_manager - INFO - Parse debates XML-Datei: debates2019-03-13b.xml
2025-09-20 19:49:07,237 - database_manager - INFO - Debates XML erfolgreich geparst: 19 Debatten, 0 Reden, 0 Wörter
2025-09-20 19:49:07,238 - database_manager - INFO - Verarbeite Datei 861/2945: debates2019-06-06c.xml
2025-09-20 19:49:07,238 - database_manager - INFO - Parse debates XML-Datei: debates2019-06-06c.xml
2025-09-20 19:49:07,252 - database_manager - INFO - Debates XML erfolgreich geparst: 21 Debatten, 0 Reden, 0 Wörter
2025-09-20 19:49:07,252 - database_manager - INFO - Verarbeite Datei 862/2945: debates2013-08-29a.xml
2025-09-20 19:49:07,252 - database_manager - INFO - Parse debates XML-Datei: debates2013-08-29a.xml
2025-09-20 19:49:07,253 - database_manager - INFO - Debates XML erfolgreich geparst: 0 Debatten, 0 Reden, 0 Wörter
2025-09-20 19:49:07,253 - database_manager - INFO - Verarbeite Datei 863/2945: debates2021-03-18d.xml
2025-09-20 19:49:07,253 - database_manager - INFO - Parse debates XML-Datei: debates2021-03-18d.xml
2025-09-20 19:49:07,253 - database_manager - INFO - Debates XML erfolgreich geparst: 0 Debatten, 0 Reden, 0 Wörter
2025-09-20 19:49:07,253 - database_manager - INFO - Verarbeite Datei 864/2945: debates2021-01-25d.xml
2025-09-20 19:49:07,254 - database_manager - INFO - Parse debates XML-Datei: debates2021-01-25d.xml
2025-09-20 19:49:07,268 - database_manager - INFO - Debates XML erfolgreich geparst: 22 Debatten, 0 Reden, 0 Wörter
2025-09-20 19:49:07,269 - database_manager - INFO - Verarbeite Datei 865/2945: debates2015-07-02a.xml
2025-09-20 19:49:07,269 - database_manager - INFO - Parse debates XML-Datei: debates2015-07-02a.xml
2025-09-20 19:49:07,270 - database_manager - INFO - Debates XML erfolgreich geparst: 0 Debatten, 0 Reden, 0 Wörter
2025-09-20 19:49:07,270 - database_manager - INFO - Verarbeite Datei 866/2945: debates2018-02-01c.xml
2025-09-20 19:49:07,270 - database_manager - INFO - Parse debates XML-Datei: debates2018-02-01c.xml
2025-09-20 19:49:07,284 - database_manager - INFO - Debates XML erfolgreich geparst: 20 Debatten, 0 Reden, 0 Wörter
2025-09-20 19:49:07,284 - database_manager - INFO - Verarbeite Datei 867/2945: debates2016-07-21a.xml
2025-09-20 19:49:07,285 - database_manager - INFO - Parse debates XML-Datei: debates2016-07-21a.xml
2025-09-20 19:49:07,286 - database_manager - INFO - Debates XML erfolgreich geparst: 1 Debatten, 0 Reden, 0 Wörter
2025-09-20 19:49:07,286 - database_manager - INFO - Verarbeite Datei 868/2945: debates2014-10-15a.xml
2025-09-20 19:49:07,286 - database_manager - INFO - Parse debates XML-Datei: debates2014-10-15a.xml
2025-09-20 19:49:07,287 - database_manager - INFO - Debates XML erfolgreich geparst: 0 Debatten, 0 Reden, 0 Wörter
2025-09-20 19:49:07,287 - database_manager - INFO - Verarbeite Datei 869/2945: debates2019-10-03b.xml
2025-09-20 19:49:07,287 - database_manager - INFO - Parse debates XML-Datei: debates2019-10-03b.xml
2025-09-20 19:49:07,301 - database_manager - INFO - Debates XML erfolgreich geparst: 18 Debatten, 0 Reden, 0 Wörter
2025-09-20 19:49:07,301 - database_manager - INFO - Verarbeite Datei 870/2945: debates2020-12-07b.xml
2025-09-20 19:49:07,301 - database_manager - INFO - Parse debates XML-Datei: debates2020-12-07b.xml
2025-09-20 19:49:07,302 - database_manager - INFO - Debates XML erfolgreich geparst: 0 Debatten, 0 Reden, 0 Wörter
2025-09-20 19:49:07,302 - database_manager - INFO - Verarbeite Datei 871/2945: debates2016-01-28c.xml
2025-09-20 19:49:07,302 - database_manager - INFO - Parse debates XML-Datei: debates2016-01-28c.xml
2025-09-20 19:49:07,303 - database_manager - INFO - Debates XML erfolgreich geparst: 0 Debatten, 0 Reden, 0 Wörter
2025-09-20 19:49:07,303 - database_manager - INFO - Verarbeite Datei 872/2945: debates2019-01-22a.xml
2025-09-20 19:49:07,303 - database_manager - INFO - Parse debates XML-Datei: debates2019-01-22a.xml
2025-09-20 19:49:07,304 - database_manager - INFO - Debates XML erfolgreich geparst: 0 Debatten, 0 Reden, 0 Wörter
2025-09-20 19:49:07,304 - database_manager - INFO - Verarbeite Datei 873/2945: debates2014-02-28a.xml
2025-09-20 19:49:07,304 - database_manager - INFO - Parse debates XML-Datei: debates2014-02-28a.xml
2025-09-20 19:49:07,313 - database_manager - INFO - Debates XML erfolgreich geparst: 7 Debatten, 0 Reden, 0 Wörter
2025-09-20 19:49:07,313 - database_manager - INFO - Verarbeite Datei 874/2945: debates2013-09-04a.xml
2025-09-20 19:49:07,313 - database_manager - INFO - Parse debates XML-Datei: debates2013-09-04a.xml
2025-09-20 19:49:07,329 - database_manager - INFO - Debates XML erfolgreich geparst: 17 Debatten, 0 Reden, 0 Wörter
2025-09-20 19:49:07,330 - database_manager - INFO - Verarbeite Datei 875/2945: debates2018-09-06a.xml
2025-09-20 19:49:07,330 - database_manager - INFO - Parse debates XML-Datei: debates2018-09-06a.xml
2025-09-20 19:49:07,344 - database_manager - INFO - Debates XML erfolgreich geparst: 22 Debatten, 0 Reden, 0 Wörter
2025-09-20 19:49:07,344 - database_manager - INFO - Verarbeite Datei 876/2945: debates2012-05-14c.xml
2025-09-20 19:49:07,344 - database_manager - INFO - Parse debates XML-Datei: debates2012-05-14c.xml
2025-09-20 19:49:07,572 - database_manager - INFO - Debates XML erfolgreich geparst: 3 Debatten, 0 Reden, 0 Wörter
2025-09-20 19:49:07,572 - database_manager - INFO - Verarbeite Datei 877/2945: debates2017-02-07b.xml
2025-09-20 19:49:07,572 - database_manager - INFO - Parse debates XML-Datei: debates2017-02-07b.xml
2025-09-20 19:49:07,595 - database_manager - INFO - Debates XML erfolgreich geparst: 27 Debatten, 0 Reden, 0 Wörter
2025-09-20 19:49:07,596 - database_manager - INFO - Verarbeite Datei 878/2945: debates2015-10-26c.xml
2025-09-20 19:49:07,596 - database_manager - INFO - Parse debates XML-Datei: debates2015-10-26c.xml
2025-09-20 19:49:07,616 - database_manager - INFO - Debates XML erfolgreich geparst: 60 Debatten, 0 Reden, 0 Wörter
2025-09-20 19:49:07,617 - database_manager - INFO - Verarbeite Datei 879/2945: debates2012-01-20a.xml
2025-09-20 19:49:07,617 - database_manager - INFO - Parse debates XML-Datei: debates2012-01-20a.xml
2025-09-20 19:49:07,627 - database_manager - INFO - Debates XML erfolgreich geparst: 4 Debatten, 0 Reden, 0 Wörter
2025-09-20 19:49:07,627 - database_manager - INFO - Verarbeite Datei 880/2945: debates2017-12-07b.xml
2025-09-20 19:49:07,627 - database_manager - INFO - Parse debates XML-Datei: debates2017-12-07b.xml
2025-09-20 19:49:07,642 - database_manager - INFO - Debates XML erfolgreich geparst: 25 Debatten, 0 Reden, 0 Wörter
2025-09-20 19:49:07,642 - database_manager - INFO - Verarbeite Datei 881/2945: debates2021-01-28c.xml
2025-09-20 19:49:07,642 - database_manager - INFO - Parse debates XML-Datei: debates2021-01-28c.xml
2025-09-20 19:49:07,643 - database_manager - INFO - Debates XML erfolgreich geparst: 0 Debatten, 0 Reden, 0 Wörter
2025-09-20 19:49:07,643 - database_manager - INFO - Verarbeite Datei 882/2945: debates2018-07-18a.xml
2025-09-20 19:49:07,643 - database_manager - INFO - Parse debates XML-Datei: debates2018-07-18a.xml
2025-09-20 19:49:07,644 - database_manager - INFO - Debates XML erfolgreich geparst: 0 Debatten, 0 Reden, 0 Wörter
2025-09-20 19:49:07,644 - database_manager - INFO - Verarbeite Datei 883/2945: debates2021-07-21a.xml
2025-09-20 19:49:07,644 - database_manager - INFO - Parse debates XML-Datei: debates2021-07-21a.xml
2025-09-20 19:49:07,661 - database_manager - INFO - Debates XML erfolgreich geparst: 12 Debatten, 0 Reden, 0 Wörter
2025-09-20 19:49:07,661 - database_manager - INFO - Verarbeite Datei 884/2945: debates2012-11-20a.xml
2025-09-20 19:49:07,661 - database_manager - INFO - Parse debates XML-Datei: debates2012-11-20a.xml
2025-09-20 19:49:07,662 - database_manager - INFO - Debates XML erfolgreich geparst: 0 Debatten, 0 Reden, 0 Wörter
2025-09-20 19:49:07,662 - database_manager - INFO - Verarbeite Datei 885/2945: debates2020-06-29c.xml
2025-09-20 19:49:07,662 - database_manager - INFO - Parse debates XML-Datei: debates2020-06-29c.xml
2025-09-20 19:49:07,676 - database_manager - INFO - Debates XML erfolgreich geparst: 21 Debatten, 0 Reden, 0 Wörter
2025-09-20 19:49:07,676 - database_manager - INFO - Verarbeite Datei 886/2945: debates2014-03-13a.xml
2025-09-20 19:49:07,676 - database_manager - INFO - Parse debates XML-Datei: debates2014-03-13a.xml
2025-09-20 19:49:07,677 - database_manager - INFO - Debates XML erfolgreich geparst: 0 Debatten, 0 Reden, 0 Wörter
2025-09-20 19:49:07,677 - database_manager - INFO - Verarbeite Datei 887/2945: debates2020-10-21e.xml
2025-09-20 19:49:07,677 - database_manager - INFO - Parse debates XML-Datei: debates2020-10-21e.xml
2025-09-20 19:49:07,694 - database_manager - INFO - Debates XML erfolgreich geparst: 23 Debatten, 0 Reden, 0 Wörter
2025-09-20 19:49:07,695 - database_manager - INFO - Verarbeite Datei 888/2945: debates2020-10-20a.xml
2025-09-20 19:49:07,695 - database_manager - INFO - Parse debates XML-Datei: debates2020-10-20a.xml
2025-09-20 19:49:07,696 - database_manager - INFO - Debates XML erfolgreich geparst: 0 Debatten, 0 Reden, 0 Wörter
2025-09-20 19:49:07,696 - database_manager - INFO - Verarbeite Datei 889/2945: debates2016-04-27a.xml
2025-09-20 19:49:07,696 - database_manager - INFO - Parse debates XML-Datei: debates2016-04-27a.xml
2025-09-20 19:49:07,697 - database_manager - INFO - Debates XML erfolgreich geparst: 0 Debatten, 0 Reden, 0 Wörter
2025-09-20 19:49:07,697 - database_manager - INFO - Verarbeite Datei 890/2945: debates2019-10-19a.xml
2025-09-20 19:49:07,697 - database_manager - INFO - Parse debates XML-Datei: debates2019-10-19a.xml
2025-09-20 19:49:07,706 - database_manager - INFO - Debates XML erfolgreich geparst: 1 Debatten, 0 Reden, 0 Wörter
2025-09-20 19:49:07,706 - database_manager - INFO - Verarbeite Datei 891/2945: debates2021-04-27a.xml
2025-09-20 19:49:07,706 - database_manager - INFO - Parse debates XML-Datei: debates2021-04-27a.xml
2025-09-20 19:49:07,707 - database_manager - INFO - Debates XML erfolgreich geparst: 0 Debatten, 0 Reden, 0 Wörter
2025-09-20 19:49:07,708 - database_manager - INFO - Verarbeite Datei 892/2945: debates2017-10-20a.xml
2025-09-20 19:49:07,708 - database_manager - INFO - Parse debates XML-Datei: debates2017-10-20a.xml
2025-09-20 19:49:07,709 - database_manager - INFO - Debates XML erfolgreich geparst: 0 Debatten, 0 Reden, 0 Wörter
2025-09-20 19:49:07,709 - database_manager - INFO - Verarbeite Datei 893/2945: debates2017-11-01b.xml
2025-09-20 19:49:07,709 - database_manager - INFO - Parse debates XML-Datei: debates2017-11-01b.xml
2025-09-20 19:49:07,710 - database_manager - INFO - Debates XML erfolgreich geparst: 0 Debatten, 0 Reden, 0 Wörter
2025-09-20 19:49:07,710 - database_manager - INFO - Verarbeite Datei 894/2945: debates2015-07-14a.xml
2025-09-20 19:49:07,710 - database_manager - INFO - Parse debates XML-Datei: debates2015-07-14a.xml
2025-09-20 19:49:07,711 - database_manager - INFO - Debates XML erfolgreich geparst: 0 Debatten, 0 Reden, 0 Wörter
2025-09-20 19:49:07,711 - database_manager - INFO - Verarbeite Datei 895/2945: debates2018-07-02b.xml
2025-09-20 19:49:07,711 - database_manager - INFO - Parse debates XML-Datei: debates2018-07-02b.xml
2025-09-20 19:49:07,725 - database_manager - INFO - Debates XML erfolgreich geparst: 18 Debatten, 0 Reden, 0 Wörter
2025-09-20 19:49:07,726 - database_manager - INFO - Verarbeite Datei 896/2945: debates2017-06-29c.xml
2025-09-20 19:49:07,726 - database_manager - INFO - Parse debates XML-Datei: debates2017-06-29c.xml
2025-09-20 19:49:07,742 - database_manager - INFO - Debates XML erfolgreich geparst: 19 Debatten, 0 Reden, 0 Wörter
2025-09-20 19:49:07,742 - database_manager - INFO - Verarbeite Datei 897/2945: debates2018-12-17c.xml
2025-09-20 19:49:07,742 - database_manager - INFO - Parse debates XML-Datei: debates2018-12-17c.xml
2025-09-20 19:49:07,755 - database_manager - INFO - Debates XML erfolgreich geparst: 19 Debatten, 0 Reden, 0 Wörter
2025-09-20 19:49:07,755 - database_manager - INFO - Verarbeite Datei 898/2945: debates2013-09-12a.xml
2025-09-20 19:49:07,755 - database_manager - INFO - Parse debates XML-Datei: debates2013-09-12a.xml
2025-09-20 19:49:07,770 - database_manager - INFO - Debates XML erfolgreich geparst: 21 Debatten, 0 Reden, 0 Wörter
2025-09-20 19:49:07,771 - database_manager - INFO - Verarbeite Datei 899/2945: debates2020-02-11b.xml
2025-09-20 19:49:07,771 - database_manager - INFO - Parse debates XML-Datei: debates2020-02-11b.xml
2025-09-20 19:49:07,772 - database_manager - INFO - Debates XML erfolgreich geparst: 0 Debatten, 0 Reden, 0 Wörter
2025-09-20 19:49:07,772 - database_manager - INFO - Verarbeite Datei 900/2945: debates2020-06-24d.xml
2025-09-20 19:49:07,772 - database_manager - INFO - Parse debates XML-Datei: debates2020-06-24d.xml
2025-09-20 19:49:07,773 - database_manager - INFO - Debates XML erfolgreich geparst: 0 Debatten, 0 Reden, 0 Wörter
2025-09-20 19:49:07,773 - database_manager - INFO - Verarbeite Datei 901/2945: debates2016-03-03c.xml
2025-09-20 19:49:07,773 - database_manager - INFO - Parse debates XML-Datei: debates2016-03-03c.xml
2025-09-20 19:49:07,788 - database_manager - INFO - Debates XML erfolgreich geparst: 21 Debatten, 0 Reden, 0 Wörter
2025-09-20 19:49:07,788 - database_manager - INFO - Verarbeite Datei 902/2945: debates2013-04-10b.xml
2025-09-20 19:49:07,788 - database_manager - INFO - Parse debates XML-Datei: debates2013-04-10b.xml
2025-09-20 19:49:07,790 - database_manager - INFO - Debates XML erfolgreich geparst: 0 Debatten, 0 Reden, 0 Wörter
2025-09-20 19:49:07,790 - database_manager - INFO - Verarbeite Datei 903/2945: debates2019-10-15b.xml
2025-09-20 19:49:07,790 - database_manager - INFO - Parse debates XML-Datei: debates2019-10-15b.xml
2025-09-20 19:49:07,791 - database_manager - INFO - Debates XML erfolgreich geparst: 0 Debatten, 0 Reden, 0 Wörter
2025-09-20 19:49:07,791 - database_manager - INFO - Verarbeite Datei 904/2945: debates2012-10-17b.xml
2025-09-20 19:49:07,791 - database_manager - INFO - Parse debates XML-Datei: debates2012-10-17b.xml
2025-09-20 19:49:07,792 - database_manager - INFO - Debates XML erfolgreich geparst: 0 Debatten, 0 Reden, 0 Wörter
2025-09-20 19:49:07,792 - database_manager - INFO - Verarbeite Datei 905/2945: debates2021-06-16b.xml
2025-09-20 19:49:07,792 - database_manager - INFO - Parse debates XML-Datei: debates2021-06-16b.xml
2025-09-20 19:49:07,793 - database_manager - INFO - Debates XML erfolgreich geparst: 0 Debatten, 0 Reden, 0 Wörter
2025-09-20 19:49:07,793 - database_manager - INFO - Verarbeite Datei 906/2945: debates2017-12-11b.xml
2025-09-20 19:49:07,793 - database_manager - INFO - Parse debates XML-Datei: debates2017-12-11b.xml
2025-09-20 19:49:07,794 - database_manager - INFO - Debates XML erfolgreich geparst: 0 Debatten, 0 Reden, 0 Wörter
2025-09-20 19:49:07,794 - database_manager - INFO - Verarbeite Datei 907/2945: debates2017-07-04c.xml
2025-09-20 19:49:07,794 - database_manager - INFO - Parse debates XML-Datei: debates2017-07-04c.xml
2025-09-20 19:49:07,795 - database_manager - INFO - Debates XML erfolgreich geparst: 0 Debatten, 0 Reden, 0 Wörter
2025-09-20 19:49:07,795 - database_manager - INFO - Verarbeite Datei 908/2945: debates2017-03-30a.xml
2025-09-20 19:49:07,795 - database_manager - INFO - Parse debates XML-Datei: debates2017-03-30a.xml
2025-09-20 19:49:07,810 - database_manager - INFO - Debates XML erfolgreich geparst: 23 Debatten, 0 Reden, 0 Wörter
2025-09-20 19:49:07,810 - database_manager - INFO - Verarbeite Datei 909/2945: debates2018-09-10a.xml
2025-09-20 19:49:07,810 - database_manager - INFO - Parse debates XML-Datei: debates2018-09-10a.xml
2025-09-20 19:49:07,811 - database_manager - INFO - Debates XML erfolgreich geparst: 0 Debatten, 0 Reden, 0 Wörter
2025-09-20 19:49:07,811 - database_manager - INFO - Verarbeite Datei 910/2945: debates2019-02-04c.xml
2025-09-20 19:49:07,811 - database_manager - INFO - Parse debates XML-Datei: debates2019-02-04c.xml
2025-09-20 19:49:07,826 - database_manager - INFO - Debates XML erfolgreich geparst: 22 Debatten, 0 Reden, 0 Wörter
2025-09-20 19:49:07,826 - database_manager - INFO - Verarbeite Datei 911/2945: debates2013-11-29b.xml
2025-09-20 19:49:07,826 - database_manager - INFO - Parse debates XML-Datei: debates2013-11-29b.xml
2025-09-20 19:49:07,835 - database_manager - INFO - Debates XML erfolgreich geparst: 8 Debatten, 0 Reden, 0 Wörter
2025-09-20 19:49:07,835 - database_manager - INFO - Verarbeite Datei 912/2945: debates2013-10-08a.xml
2025-09-20 19:49:07,835 - database_manager - INFO - Parse debates XML-Datei: debates2013-10-08a.xml
2025-09-20 19:49:07,850 - database_manager - INFO - Debates XML erfolgreich geparst: 38 Debatten, 0 Reden, 0 Wörter
2025-09-20 19:49:07,851 - database_manager - INFO - Verarbeite Datei 913/2945: debates2020-06-09a.xml
2025-09-20 19:49:07,851 - database_manager - INFO - Parse debates XML-Datei: debates2020-06-09a.xml
2025-09-20 19:49:07,852 - database_manager - INFO - Debates XML erfolgreich geparst: 0 Debatten, 0 Reden, 0 Wörter
2025-09-20 19:49:07,852 - database_manager - INFO - Verarbeite Datei 914/2945: debates2014-07-07a.xml
2025-09-20 19:49:07,852 - database_manager - INFO - Parse debates XML-Datei: debates2014-07-07a.xml
2025-09-20 19:49:07,853 - database_manager - INFO - Debates XML erfolgreich geparst: 0 Debatten, 0 Reden, 0 Wörter
2025-09-20 19:49:07,853 - database_manager - INFO - Verarbeite Datei 915/2945: debates2013-01-29b.xml
2025-09-20 19:49:07,853 - database_manager - INFO - Parse debates XML-Datei: debates2013-01-29b.xml
2025-09-20 19:49:07,867 - database_manager - INFO - Debates XML erfolgreich geparst: 30 Debatten, 0 Reden, 0 Wörter
2025-09-20 19:49:07,868 - database_manager - INFO - Verarbeite Datei 916/2945: debates2020-01-20d.xml
2025-09-20 19:49:07,868 - database_manager - INFO - Parse debates XML-Datei: debates2020-01-20d.xml
2025-09-20 19:49:07,868 - database_manager - INFO - Debates XML erfolgreich geparst: 0 Debatten, 0 Reden, 0 Wörter
2025-09-20 19:49:07,868 - database_manager - INFO - Verarbeite Datei 917/2945: debates2016-01-12b.xml
2025-09-20 19:49:07,868 - database_manager - INFO - Parse debates XML-Datei: debates2016-01-12b.xml
2025-09-20 19:49:07,886 - database_manager - INFO - Debates XML erfolgreich geparst: 33 Debatten, 0 Reden, 0 Wörter
2025-09-20 19:49:07,887 - database_manager - INFO - Verarbeite Datei 918/2945: debates2021-01-12b.xml
2025-09-20 19:49:07,887 - database_manager - INFO - Parse debates XML-Datei: debates2021-01-12b.xml
2025-09-20 19:49:07,901 - database_manager - INFO - Debates XML erfolgreich geparst: 14 Debatten, 0 Reden, 0 Wörter
2025-09-20 19:49:07,901 - database_manager - INFO - Verarbeite Datei 919/2945: debates2012-02-06c.xml
2025-09-20 19:49:07,901 - database_manager - INFO - Parse debates XML-Datei: debates2012-02-06c.xml
2025-09-20 19:49:07,917 - database_manager - INFO - Debates XML erfolgreich geparst: 27 Debatten, 0 Reden, 0 Wörter
2025-09-20 19:49:07,917 - database_manager - INFO - Verarbeite Datei 920/2945: debates2020-05-19a.xml
2025-09-20 19:49:07,917 - database_manager - INFO - Parse debates XML-Datei: debates2020-05-19a.xml
2025-09-20 19:49:07,918 - database_manager - INFO - Debates XML erfolgreich geparst: 0 Debatten, 0 Reden, 0 Wörter
2025-09-20 19:49:07,918 - database_manager - INFO - Verarbeite Datei 921/2945: debates2013-11-25a.xml
2025-09-20 19:49:07,918 - database_manager - INFO - Parse debates XML-Datei: debates2013-11-25a.xml
2025-09-20 19:49:07,933 - database_manager - INFO - Debates XML erfolgreich geparst: 33 Debatten, 0 Reden, 0 Wörter
2025-09-20 19:49:07,933 - database_manager - INFO - Verarbeite Datei 922/2945: debates2019-05-20a.xml
2025-09-20 19:49:07,933 - database_manager - INFO - Parse debates XML-Datei: debates2019-05-20a.xml
2025-09-20 19:49:07,934 - database_manager - INFO - Debates XML erfolgreich geparst: 0 Debatten, 0 Reden, 0 Wörter
2025-09-20 19:49:07,934 - database_manager - INFO - Verarbeite Datei 923/2945: debates2019-04-01b.xml
2025-09-20 19:49:07,934 - database_manager - INFO - Parse debates XML-Datei: debates2019-04-01b.xml
2025-09-20 19:49:07,949 - database_manager - INFO - Debates XML erfolgreich geparst: 17 Debatten, 0 Reden, 0 Wörter
2025-09-20 19:49:07,949 - database_manager - INFO - Verarbeite Datei 924/2945: debates2013-03-18a.xml
2025-09-20 19:49:07,949 - database_manager - INFO - Parse debates XML-Datei: debates2013-03-18a.xml
2025-09-20 19:49:07,951 - database_manager - INFO - Debates XML erfolgreich geparst: 0 Debatten, 0 Reden, 0 Wörter
2025-09-20 19:49:07,951 - database_manager - INFO - Verarbeite Datei 925/2945: debates2013-01-25a.xml
2025-09-20 19:49:07,951 - database_manager - INFO - Parse debates XML-Datei: debates2013-01-25a.xml
2025-09-20 19:49:07,959 - database_manager - INFO - Debates XML erfolgreich geparst: 3 Debatten, 0 Reden, 0 Wörter
2025-09-20 19:49:07,959 - database_manager - INFO - Verarbeite Datei 926/2945: debates2019-09-03a.xml
2025-09-20 19:49:07,960 - database_manager - INFO - Parse debates XML-Datei: debates2019-09-03a.xml
2025-09-20 19:49:07,961 - database_manager - INFO - Debates XML erfolgreich geparst: 0 Debatten, 0 Reden, 0 Wörter
2025-09-20 19:49:07,961 - database_manager - INFO - Verarbeite Datei 927/2945: debates2016-03-23a.xml
2025-09-20 19:49:07,961 - database_manager - INFO - Parse debates XML-Datei: debates2016-03-23a.xml
2025-09-20 19:49:07,981 - database_manager - INFO - Debates XML erfolgreich geparst: 22 Debatten, 0 Reden, 0 Wörter
2025-09-20 19:49:07,982 - database_manager - INFO - Verarbeite Datei 928/2945: debates2021-02-02b.xml
2025-09-20 19:49:07,982 - database_manager - INFO - Parse debates XML-Datei: debates2021-02-02b.xml
2025-09-20 19:49:07,994 - database_manager - INFO - Debates XML erfolgreich geparst: 11 Debatten, 0 Reden, 0 Wörter
2025-09-20 19:49:07,995 - database_manager - INFO - Verarbeite Datei 929/2945: debates2021-03-23a.xml
2025-09-20 19:49:07,995 - database_manager - INFO - Parse debates XML-Datei: debates2021-03-23a.xml
2025-09-20 19:49:07,995 - database_manager - INFO - Debates XML erfolgreich geparst: 0 Debatten, 0 Reden, 0 Wörter
2025-09-20 19:49:07,995 - database_manager - INFO - Verarbeite Datei 930/2945: debates2021-12-02b.xml
2025-09-20 19:49:07,995 - database_manager - INFO - Parse debates XML-Datei: debates2021-12-02b.xml
2025-09-20 19:49:08,009 - database_manager - INFO - Debates XML erfolgreich geparst: 14 Debatten, 0 Reden, 0 Wörter
2025-09-20 19:49:08,010 - database_manager - INFO - Verarbeite Datei 931/2945: debates2012-05-22a.xml
2025-09-20 19:49:08,010 - database_manager - INFO - Parse debates XML-Datei: debates2012-05-22a.xml
2025-09-20 19:49:08,011 - database_manager - INFO - Debates XML erfolgreich geparst: 0 Debatten, 0 Reden, 0 Wörter
2025-09-20 19:49:08,011 - database_manager - INFO - Verarbeite Datei 932/2945: debates2021-09-09c.xml
2025-09-20 19:49:08,011 - database_manager - INFO - Parse debates XML-Datei: debates2021-09-09c.xml
2025-09-20 19:49:08,024 - database_manager - INFO - Debates XML erfolgreich geparst: 24 Debatten, 0 Reden, 0 Wörter
2025-09-20 19:49:08,024 - database_manager - INFO - Verarbeite Datei 933/2945: debates2018-11-27a.xml
2025-09-20 19:49:08,024 - database_manager - INFO - Parse debates XML-Datei: debates2018-11-27a.xml
2025-09-20 19:49:08,025 - database_manager - INFO - Debates XML erfolgreich geparst: 0 Debatten, 0 Reden, 0 Wörter
2025-09-20 19:49:08,025 - database_manager - INFO - Verarbeite Datei 934/2945: debates2015-11-30d.xml
2025-09-20 19:49:08,025 - database_manager - INFO - Parse debates XML-Datei: debates2015-11-30d.xml
2025-09-20 19:49:08,039 - database_manager - INFO - Debates XML erfolgreich geparst: 15 Debatten, 0 Reden, 0 Wörter
2025-09-20 19:49:08,039 - database_manager - INFO - Verarbeite Datei 935/2945: debates2012-01-16a.xml
2025-09-20 19:49:08,039 - database_manager - INFO - Parse debates XML-Datei: debates2012-01-16a.xml
2025-09-20 19:49:08,055 - database_manager - INFO - Debates XML erfolgreich geparst: 20 Debatten, 0 Reden, 0 Wörter
2025-09-20 19:49:08,056 - database_manager - INFO - Verarbeite Datei 936/2945: debates2021-09-09a.xml
2025-09-20 19:49:08,056 - database_manager - INFO - Parse debates XML-Datei: debates2021-09-09a.xml
2025-09-20 19:49:08,056 - database_manager - INFO - Debates XML erfolgreich geparst: 0 Debatten, 0 Reden, 0 Wörter
2025-09-20 19:49:08,056 - database_manager - INFO - Verarbeite Datei 937/2945: debates2012-05-22c.xml
2025-09-20 19:49:08,056 - database_manager - INFO - Parse debates XML-Datei: debates2012-05-22c.xml
2025-09-20 19:49:08,058 - database_manager - INFO - Debates XML erfolgreich geparst: 0 Debatten, 0 Reden, 0 Wörter
2025-09-20 19:49:08,058 - database_manager - INFO - Verarbeite Datei 938/2945: debates2020-03-10a.xml
2025-09-20 19:49:08,058 - database_manager - INFO - Parse debates XML-Datei: debates2020-03-10a.xml
2025-09-20 19:49:08,070 - database_manager - INFO - Debates XML erfolgreich geparst: 20 Debatten, 0 Reden, 0 Wörter
2025-09-20 19:49:08,071 - database_manager - INFO - Verarbeite Datei 939/2945: debates2019-03-29a.xml
2025-09-20 19:49:08,071 - database_manager - INFO - Parse debates XML-Datei: debates2019-03-29a.xml
2025-09-20 19:49:08,073 - database_manager - INFO - Debates XML erfolgreich geparst: 0 Debatten, 0 Reden, 0 Wörter
2025-09-20 19:49:08,073 - database_manager - INFO - Verarbeite Datei 940/2945: debates2019-01-14a.xml
2025-09-20 19:49:08,073 - database_manager - INFO - Parse debates XML-Datei: debates2019-01-14a.xml
2025-09-20 19:49:08,074 - database_manager - INFO - Debates XML erfolgreich geparst: 0 Debatten, 0 Reden, 0 Wörter
2025-09-20 19:49:08,074 - database_manager - INFO - Verarbeite Datei 941/2945: debates2013-03-18c.xml
2025-09-20 19:49:08,074 - database_manager - INFO - Parse debates XML-Datei: debates2013-03-18c.xml
2025-09-20 19:49:08,093 - database_manager - INFO - Debates XML erfolgreich geparst: 41 Debatten, 0 Reden, 0 Wörter
2025-09-20 19:49:08,094 - database_manager - INFO - Verarbeite Datei 942/2945: debates2014-10-23a.xml
2025-09-20 19:49:08,094 - database_manager - INFO - Parse debates XML-Datei: debates2014-10-23a.xml
2025-09-20 19:49:08,108 - database_manager - INFO - Debates XML erfolgreich geparst: 23 Debatten, 0 Reden, 0 Wörter
2025-09-20 19:49:08,109 - database_manager - INFO - Verarbeite Datei 943/2945: debates2021-05-26b.xml
2025-09-20 19:49:08,109 - database_manager - INFO - Parse debates XML-Datei: debates2021-05-26b.xml
2025-09-20 19:49:08,124 - database_manager - INFO - Debates XML erfolgreich geparst: 21 Debatten, 0 Reden, 0 Wörter
2025-09-20 19:49:08,124 - database_manager - INFO - Verarbeite Datei 944/2945: debates2012-12-06a.xml
2025-09-20 19:49:08,124 - database_manager - INFO - Parse debates XML-Datei: debates2012-12-06a.xml
2025-09-20 19:49:08,139 - database_manager - INFO - Debates XML erfolgreich geparst: 21 Debatten, 0 Reden, 0 Wörter
2025-09-20 19:49:08,139 - database_manager - INFO - Verarbeite Datei 945/2945: debates2015-06-15b.xml
2025-09-20 19:49:08,139 - database_manager - INFO - Parse debates XML-Datei: debates2015-06-15b.xml
2025-09-20 19:49:08,159 - database_manager - INFO - Debates XML erfolgreich geparst: 27 Debatten, 0 Reden, 0 Wörter
2025-09-20 19:49:08,160 - database_manager - INFO - Verarbeite Datei 946/2945: debates2017-11-21b.xml
2025-09-20 19:49:08,160 - database_manager - INFO - Parse debates XML-Datei: debates2017-11-21b.xml
2025-09-20 19:49:08,161 - database_manager - INFO - Debates XML erfolgreich geparst: 0 Debatten, 0 Reden, 0 Wörter
2025-09-20 19:49:08,161 - database_manager - INFO - Verarbeite Datei 947/2945: debates2012-02-06a.xml
2025-09-20 19:49:08,161 - database_manager - INFO - Parse debates XML-Datei: debates2012-02-06a.xml
2025-09-20 19:49:08,162 - database_manager - INFO - Debates XML erfolgreich geparst: 0 Debatten, 0 Reden, 0 Wörter
2025-09-20 19:49:08,162 - database_manager - INFO - Verarbeite Datei 948/2945: debates2014-07-07c.xml
2025-09-20 19:49:08,162 - database_manager - INFO - Parse debates XML-Datei: debates2014-07-07c.xml
2025-09-20 19:49:08,178 - database_manager - INFO - Debates XML erfolgreich geparst: 65 Debatten, 0 Reden, 0 Wörter
2025-09-20 19:49:08,179 - database_manager - INFO - Verarbeite Datei 949/2945: debates2020-06-09c.xml
2025-09-20 19:49:08,179 - database_manager - INFO - Parse debates XML-Datei: debates2020-06-09c.xml
2025-09-20 19:49:08,192 - database_manager - INFO - Debates XML erfolgreich geparst: 14 Debatten, 0 Reden, 0 Wörter
2025-09-20 19:49:08,192 - database_manager - INFO - Verarbeite Datei 950/2945: debates2019-03-25b.xml
2025-09-20 19:49:08,192 - database_manager - INFO - Parse debates XML-Datei: debates2019-03-25b.xml
2025-09-20 19:49:08,196 - database_manager - INFO - Debates XML erfolgreich geparst: 2 Debatten, 0 Reden, 0 Wörter
2025-09-20 19:49:08,196 - database_manager - INFO - Verarbeite Datei 951/2945: debates2019-02-04a.xml
2025-09-20 19:49:08,196 - database_manager - INFO - Parse debates XML-Datei: debates2019-02-04a.xml
2025-09-20 19:49:08,197 - database_manager - INFO - Debates XML erfolgreich geparst: 0 Debatten, 0 Reden, 0 Wörter
2025-09-20 19:49:08,197 - database_manager - INFO - Verarbeite Datei 952/2945: debates2014-02-12b.xml
2025-09-20 19:49:08,197 - database_manager - INFO - Parse debates XML-Datei: debates2014-02-12b.xml
2025-09-20 19:49:08,215 - database_manager - INFO - Debates XML erfolgreich geparst: 26 Debatten, 0 Reden, 0 Wörter
2025-09-20 19:49:08,215 - database_manager - INFO - Verarbeite Datei 953/2945: debates2016-05-26b.xml
2025-09-20 19:49:08,215 - database_manager - INFO - Parse debates XML-Datei: debates2016-05-26b.xml
2025-09-20 19:49:08,232 - database_manager - INFO - Debates XML erfolgreich geparst: 20 Debatten, 0 Reden, 0 Wörter
2025-09-20 19:49:08,232 - database_manager - INFO - Verarbeite Datei 954/2945: debates2021-02-22b.xml
2025-09-20 19:49:08,232 - database_manager - INFO - Parse debates XML-Datei: debates2021-02-22b.xml
2025-09-20 19:49:08,494 - database_manager - INFO - Debates XML erfolgreich geparst: 17 Debatten, 0 Reden, 0 Wörter
2025-09-20 19:49:08,495 - database_manager - INFO - Verarbeite Datei 955/2945: debates2021-03-03a.xml
2025-09-20 19:49:08,495 - database_manager - INFO - Parse debates XML-Datei: debates2021-03-03a.xml
2025-09-20 19:49:08,527 - database_manager - INFO - Debates XML erfolgreich geparst: 12 Debatten, 0 Reden, 0 Wörter
2025-09-20 19:49:08,528 - database_manager - INFO - Verarbeite Datei 956/2945: debates2018-09-10c.xml
2025-09-20 19:49:08,528 - database_manager - INFO - Parse debates XML-Datei: debates2018-09-10c.xml
2025-09-20 19:49:08,558 - database_manager - INFO - Debates XML erfolgreich geparst: 15 Debatten, 0 Reden, 0 Wörter
2025-09-20 19:49:08,559 - database_manager - INFO - Verarbeite Datei 957/2945: debates2012-04-23b.xml
2025-09-20 19:49:08,559 - database_manager - INFO - Parse debates XML-Datei: debates2012-04-23b.xml
2025-09-20 19:49:08,576 - database_manager - INFO - Debates XML erfolgreich geparst: 26 Debatten, 0 Reden, 0 Wörter
2025-09-20 19:49:08,576 - database_manager - INFO - Verarbeite Datei 958/2945: debates2017-07-04a.xml
2025-09-20 19:49:08,576 - database_manager - INFO - Parse debates XML-Datei: debates2017-07-04a.xml
2025-09-20 19:49:08,577 - database_manager - INFO - Debates XML erfolgreich geparst: 0 Debatten, 0 Reden, 0 Wörter
2025-09-20 19:49:08,577 - database_manager - INFO - Verarbeite Datei 959/2945: debates2015-10-30a.xml
2025-09-20 19:49:08,577 - database_manager - INFO - Parse debates XML-Datei: debates2015-10-30a.xml
2025-09-20 19:49:08,587 - database_manager - INFO - Debates XML erfolgreich geparst: 3 Debatten, 0 Reden, 0 Wörter
2025-09-20 19:49:08,587 - database_manager - INFO - Verarbeite Datei 960/2945: debates2017-04-18b.xml
2025-09-20 19:49:08,587 - database_manager - INFO - Parse debates XML-Datei: debates2017-04-18b.xml
2025-09-20 19:49:08,601 - database_manager - INFO - Debates XML erfolgreich geparst: 20 Debatten, 0 Reden, 0 Wörter
2025-09-20 19:49:08,601 - database_manager - INFO - Verarbeite Datei 961/2945: debates2020-06-25b.xml
2025-09-20 19:49:08,601 - database_manager - INFO - Parse debates XML-Datei: debates2020-06-25b.xml
2025-09-20 19:49:08,615 - database_manager - INFO - Debates XML erfolgreich geparst: 26 Debatten, 0 Reden, 0 Wörter
2025-09-20 19:49:08,616 - database_manager - INFO - Verarbeite Datei 962/2945: debates2013-11-05a.xml
2025-09-20 19:49:08,616 - database_manager - INFO - Parse debates XML-Datei: debates2013-11-05a.xml
2025-09-20 19:49:08,631 - database_manager - INFO - Debates XML erfolgreich geparst: 20 Debatten, 0 Reden, 0 Wörter
2025-09-20 19:49:08,631 - database_manager - INFO - Verarbeite Datei 963/2945: debates2013-12-19b.xml
2025-09-20 19:49:08,631 - database_manager - INFO - Parse debates XML-Datei: debates2013-12-19b.xml
2025-09-20 19:49:08,645 - database_manager - INFO - Debates XML erfolgreich geparst: 20 Debatten, 0 Reden, 0 Wörter
2025-09-20 19:49:08,645 - database_manager - INFO - Verarbeite Datei 964/2945: debates2016-02-22b.xml
2025-09-20 19:49:08,645 - database_manager - INFO - Parse debates XML-Datei: debates2016-02-22b.xml
2025-09-20 19:49:08,660 - database_manager - INFO - Debates XML erfolgreich geparst: 1 Debatten, 0 Reden, 0 Wörter
2025-09-20 19:49:08,661 - database_manager - INFO - Verarbeite Datei 965/2945: debates2016-03-03a.xml
2025-09-20 19:49:08,661 - database_manager - INFO - Parse debates XML-Datei: debates2016-03-03a.xml
2025-09-20 19:49:08,662 - database_manager - INFO - Debates XML erfolgreich geparst: 0 Debatten, 0 Reden, 0 Wörter
2025-09-20 19:49:08,662 - database_manager - INFO - Verarbeite Datei 966/2945: debates2015-03-20a.xml
2025-09-20 19:49:08,663 - database_manager - INFO - Parse debates XML-Datei: debates2015-03-20a.xml
2025-09-20 19:49:08,663 - database_manager - INFO - Debates XML erfolgreich geparst: 0 Debatten, 0 Reden, 0 Wörter
2025-09-20 19:49:08,663 - database_manager - INFO - Verarbeite Datei 967/2945: debates2021-04-27c.xml
2025-09-20 19:49:08,663 - database_manager - INFO - Parse debates XML-Datei: debates2021-04-27c.xml
2025-09-20 19:49:08,680 - database_manager - INFO - Debates XML erfolgreich geparst: 24 Debatten, 0 Reden, 0 Wörter
2025-09-20 19:49:08,680 - database_manager - INFO - Verarbeite Datei 968/2945: debates2012-06-12a.xml
2025-09-20 19:49:08,680 - database_manager - INFO - Parse debates XML-Datei: debates2012-06-12a.xml
2025-09-20 19:49:08,681 - database_manager - INFO - Debates XML erfolgreich geparst: 0 Debatten, 0 Reden, 0 Wörter
2025-09-20 19:49:08,681 - database_manager - INFO - Verarbeite Datei 969/2945: debates2018-12-17a.xml
2025-09-20 19:49:08,681 - database_manager - INFO - Parse debates XML-Datei: debates2018-12-17a.xml
2025-09-20 19:49:08,682 - database_manager - INFO - Debates XML erfolgreich geparst: 0 Debatten, 0 Reden, 0 Wörter
2025-09-20 19:49:08,682 - database_manager - INFO - Verarbeite Datei 970/2945: debates2018-07-03d.xml
2025-09-20 19:49:08,682 - database_manager - INFO - Parse debates XML-Datei: debates2018-07-03d.xml
2025-09-20 19:49:08,698 - database_manager - INFO - Debates XML erfolgreich geparst: 31 Debatten, 0 Reden, 0 Wörter
2025-09-20 19:49:08,699 - database_manager - INFO - Verarbeite Datei 971/2945: debates2017-06-29a.xml
2025-09-20 19:49:08,699 - database_manager - INFO - Parse debates XML-Datei: debates2017-06-29a.xml
2025-09-20 19:49:08,700 - database_manager - INFO - Debates XML erfolgreich geparst: 0 Debatten, 0 Reden, 0 Wörter
2025-09-20 19:49:08,700 - database_manager - INFO - Verarbeite Datei 972/2945: debates2015-12-01b.xml
2025-09-20 19:49:08,700 - database_manager - INFO - Parse debates XML-Datei: debates2015-12-01b.xml
2025-09-20 19:49:08,701 - database_manager - INFO - Debates XML erfolgreich geparst: 0 Debatten, 0 Reden, 0 Wörter
2025-09-20 19:49:08,701 - database_manager - INFO - Verarbeite Datei 973/2945: debates2013-10-28a.xml
2025-09-20 19:49:08,701 - database_manager - INFO - Parse debates XML-Datei: debates2013-10-28a.xml
2025-09-20 19:49:08,702 - database_manager - INFO - Debates XML erfolgreich geparst: 0 Debatten, 0 Reden, 0 Wörter
2025-09-20 19:49:08,702 - database_manager - INFO - Verarbeite Datei 974/2945: debates2020-07-08b.xml
2025-09-20 19:49:08,702 - database_manager - INFO - Parse debates XML-Datei: debates2020-07-08b.xml
2025-09-20 19:49:08,717 - database_manager - INFO - Debates XML erfolgreich geparst: 9 Debatten, 0 Reden, 0 Wörter
2025-09-20 19:49:08,717 - database_manager - INFO - Verarbeite Datei 975/2945: debates2020-06-29a.xml
2025-09-20 19:49:08,717 - database_manager - INFO - Parse debates XML-Datei: debates2020-06-29a.xml
2025-09-20 19:49:08,718 - database_manager - INFO - Debates XML erfolgreich geparst: 0 Debatten, 0 Reden, 0 Wörter
2025-09-20 19:49:08,718 - database_manager - INFO - Verarbeite Datei 976/2945: debates2019-06-10a.xml
2025-09-20 19:49:08,718 - database_manager - INFO - Parse debates XML-Datei: debates2019-06-10a.xml
2025-09-20 19:49:08,719 - database_manager - INFO - Debates XML erfolgreich geparst: 0 Debatten, 0 Reden, 0 Wörter
2025-09-20 19:49:08,719 - database_manager - INFO - Verarbeite Datei 977/2945: debates2016-10-13a.xml
2025-09-20 19:49:08,719 - database_manager - INFO - Parse debates XML-Datei: debates2016-10-13a.xml
2025-09-20 19:49:08,719 - database_manager - INFO - Debates XML erfolgreich geparst: 0 Debatten, 0 Reden, 0 Wörter
2025-09-20 19:49:08,719 - database_manager - INFO - Verarbeite Datei 978/2945: debates2013-01-09b.xml
2025-09-20 19:49:08,719 - database_manager - INFO - Parse debates XML-Datei: debates2013-01-09b.xml
2025-09-20 19:49:08,735 - database_manager - INFO - Debates XML erfolgreich geparst: 14 Debatten, 0 Reden, 0 Wörter
2025-09-20 19:49:08,736 - database_manager - INFO - Verarbeite Datei 979/2945: debates2020-09-16b.xml
2025-09-20 19:49:08,736 - database_manager - INFO - Parse debates XML-Datei: debates2020-09-16b.xml
2025-09-20 19:49:08,753 - database_manager - INFO - Debates XML erfolgreich geparst: 17 Debatten, 0 Reden, 0 Wörter
2025-09-20 19:49:08,753 - database_manager - INFO - Verarbeite Datei 980/2945: debates2020-10-20c.xml
2025-09-20 19:49:08,753 - database_manager - INFO - Parse debates XML-Datei: debates2020-10-20c.xml
2025-09-20 19:49:08,769 - database_manager - INFO - Debates XML erfolgreich geparst: 22 Debatten, 0 Reden, 0 Wörter
2025-09-20 19:49:08,769 - database_manager - INFO - Verarbeite Datei 981/2945: debates2018-10-30b.xml
2025-09-20 19:49:08,769 - database_manager - INFO - Parse debates XML-Datei: debates2018-10-30b.xml
2025-09-20 19:49:08,770 - database_manager - INFO - Debates XML erfolgreich geparst: 0 Debatten, 0 Reden, 0 Wörter
2025-09-20 19:49:08,770 - database_manager - INFO - Verarbeite Datei 982/2945: debates2015-10-26a.xml
2025-09-20 19:49:08,770 - database_manager - INFO - Parse debates XML-Datei: debates2015-10-26a.xml
2025-09-20 19:49:08,771 - database_manager - INFO - Debates XML erfolgreich geparst: 0 Debatten, 0 Reden, 0 Wörter
2025-09-20 19:49:08,771 - database_manager - INFO - Verarbeite Datei 983/2945: debates2017-07-12a.xml
2025-09-20 19:49:08,771 - database_manager - INFO - Parse debates XML-Datei: debates2017-07-12a.xml
2025-09-20 19:49:08,772 - database_manager - INFO - Debates XML erfolgreich geparst: 0 Debatten, 0 Reden, 0 Wörter
2025-09-20 19:49:08,772 - database_manager - INFO - Verarbeite Datei 984/2945: debates2012-05-14a.xml
2025-09-20 19:49:08,772 - database_manager - INFO - Parse debates XML-Datei: debates2012-05-14a.xml
2025-09-20 19:49:08,773 - database_manager - INFO - Debates XML erfolgreich geparst: 0 Debatten, 0 Reden, 0 Wörter
2025-09-20 19:49:08,773 - database_manager - INFO - Verarbeite Datei 985/2945: debates2015-01-07b.xml
2025-09-20 19:49:08,773 - database_manager - INFO - Parse debates XML-Datei: debates2015-01-07b.xml
2025-09-20 19:49:08,786 - database_manager - INFO - Debates XML erfolgreich geparst: 20 Debatten, 0 Reden, 0 Wörter
2025-09-20 19:49:08,786 - database_manager - INFO - Verarbeite Datei 986/2945: debates2018-01-11a.xml
2025-09-20 19:49:08,786 - database_manager - INFO - Parse debates XML-Datei: debates2018-01-11a.xml
2025-09-20 19:49:08,801 - database_manager - INFO - Debates XML erfolgreich geparst: 20 Debatten, 0 Reden, 0 Wörter
2025-09-20 19:49:08,801 - database_manager - INFO - Verarbeite Datei 987/2945: debates2018-07-18c.xml
2025-09-20 19:49:08,801 - database_manager - INFO - Parse debates XML-Datei: debates2018-07-18c.xml
2025-09-20 19:49:08,819 - database_manager - INFO - Debates XML erfolgreich geparst: 25 Debatten, 0 Reden, 0 Wörter
2025-09-20 19:49:08,820 - database_manager - INFO - Verarbeite Datei 988/2945: debates2021-03-15a.xml
2025-09-20 19:49:08,820 - database_manager - INFO - Parse debates XML-Datei: debates2021-03-15a.xml
2025-09-20 19:49:08,821 - database_manager - INFO - Debates XML erfolgreich geparst: 0 Debatten, 0 Reden, 0 Wörter
2025-09-20 19:49:08,821 - database_manager - INFO - Verarbeite Datei 989/2945: debates2021-01-28a.xml
2025-09-20 19:49:08,821 - database_manager - INFO - Parse debates XML-Datei: debates2021-01-28a.xml
2025-09-20 19:49:08,821 - database_manager - INFO - Debates XML erfolgreich geparst: 0 Debatten, 0 Reden, 0 Wörter
2025-09-20 19:49:08,821 - database_manager - INFO - Verarbeite Datei 990/2945: debates2013-11-12e.xml
2025-09-20 19:49:08,821 - database_manager - INFO - Parse debates XML-Datei: debates2013-11-12e.xml
2025-09-20 19:49:08,823 - database_manager - INFO - Debates XML erfolgreich geparst: 0 Debatten, 0 Reden, 0 Wörter
2025-09-20 19:49:08,823 - database_manager - INFO - Verarbeite Datei 991/2945: debates2016-03-15a.xml
2025-09-20 19:49:08,823 - database_manager - INFO - Parse debates XML-Datei: debates2016-03-15a.xml
2025-09-20 19:49:08,840 - database_manager - INFO - Debates XML erfolgreich geparst: 16 Debatten, 0 Reden, 0 Wörter
2025-09-20 19:49:08,840 - database_manager - INFO - Verarbeite Datei 992/2945: debates2016-01-28a.xml
2025-09-20 19:49:08,840 - database_manager - INFO - Parse debates XML-Datei: debates2016-01-28a.xml
2025-09-20 19:49:08,841 - database_manager - INFO - Debates XML erfolgreich geparst: 0 Debatten, 0 Reden, 0 Wörter
2025-09-20 19:49:08,841 - database_manager - INFO - Verarbeite Datei 993/2945: debates2016-07-21c.xml
2025-09-20 19:49:08,841 - database_manager - INFO - Parse debates XML-Datei: debates2016-07-21c.xml
2025-09-20 19:49:08,855 - database_manager - INFO - Debates XML erfolgreich geparst: 23 Debatten, 0 Reden, 0 Wörter
2025-09-20 19:49:08,855 - database_manager - INFO - Verarbeite Datei 994/2945: debates2019-05-16a.xml
2025-09-20 19:49:08,855 - database_manager - INFO - Parse debates XML-Datei: debates2019-05-16a.xml
2025-09-20 19:49:08,856 - database_manager - INFO - Debates XML erfolgreich geparst: 0 Debatten, 0 Reden, 0 Wörter
2025-09-20 19:49:08,856 - database_manager - INFO - Verarbeite Datei 995/2945: debates2016-11-28a.xml
2025-09-20 19:49:08,856 - database_manager - INFO - Parse debates XML-Datei: debates2016-11-28a.xml
2025-09-20 19:49:08,873 - database_manager - INFO - Debates XML erfolgreich geparst: 44 Debatten, 0 Reden, 0 Wörter
2025-09-20 19:49:08,873 - database_manager - INFO - Verarbeite Datei 996/2945: debates2019-01-22c.xml
2025-09-20 19:49:08,873 - database_manager - INFO - Parse debates XML-Datei: debates2019-01-22c.xml
2025-09-20 19:49:08,886 - database_manager - INFO - Debates XML erfolgreich geparst: 26 Debatten, 0 Reden, 0 Wörter
2025-09-20 19:49:08,886 - database_manager - INFO - Verarbeite Datei 997/2945: debates2021-11-24b.xml
2025-09-20 19:49:08,886 - database_manager - INFO - Parse debates XML-Datei: debates2021-11-24b.xml
2025-09-20 19:49:08,887 - database_manager - INFO - Debates XML erfolgreich geparst: 0 Debatten, 0 Reden, 0 Wörter
2025-09-20 19:49:08,887 - database_manager - INFO - Verarbeite Datei 998/2945: debates2018-03-20b.xml
2025-09-20 19:49:08,887 - database_manager - INFO - Parse debates XML-Datei: debates2018-03-20b.xml
2025-09-20 19:49:08,899 - database_manager - INFO - Debates XML erfolgreich geparst: 34 Debatten, 0 Reden, 0 Wörter
2025-09-20 19:49:08,900 - database_manager - INFO - Verarbeite Datei 999/2945: debates2018-02-01a.xml
2025-09-20 19:49:08,900 - database_manager - INFO - Parse debates XML-Datei: debates2018-02-01a.xml
2025-09-20 19:49:08,901 - database_manager - INFO - Debates XML erfolgreich geparst: 0 Debatten, 0 Reden, 0 Wörter
2025-09-20 19:49:08,901 - database_manager - INFO - Verarbeite Datei 1000/2945: debates2020-01-16d.xml
2025-09-20 19:49:08,901 - database_manager - INFO - Parse debates XML-Datei: debates2020-01-16d.xml
2025-09-20 19:49:08,902 - database_manager - INFO - Debates XML erfolgreich geparst: 0 Debatten, 0 Reden, 0 Wörter
2025-09-20 19:49:08,902 - database_manager - INFO - Verarbeite Datei 1001/2945: debates2013-03-22b.xml
2025-09-20 19:49:08,902 - database_manager - INFO - Parse debates XML-Datei: debates2013-03-22b.xml
2025-09-20 19:49:08,912 - database_manager - INFO - Debates XML erfolgreich geparst: 1 Debatten, 0 Reden, 0 Wörter
2025-09-20 19:49:08,912 - database_manager - INFO - Verarbeite Datei 1002/2945: debates2014-06-10b.xml
2025-09-20 19:49:08,912 - database_manager - INFO - Parse debates XML-Datei: debates2014-06-10b.xml
2025-09-20 19:49:08,913 - database_manager - INFO - Debates XML erfolgreich geparst: 0 Debatten, 0 Reden, 0 Wörter
2025-09-20 19:49:08,913 - database_manager - INFO - Verarbeite Datei 1003/2945: debates2019-06-06a.xml
2025-09-20 19:49:08,913 - database_manager - INFO - Parse debates XML-Datei: debates2019-06-06a.xml
2025-09-20 19:49:08,913 - database_manager - INFO - Debates XML erfolgreich geparst: 0 Debatten, 0 Reden, 0 Wörter
2025-09-20 19:49:08,913 - database_manager - INFO - Verarbeite Datei 1004/2945: debates2013-08-29c.xml
2025-09-20 19:49:08,913 - database_manager - INFO - Parse debates XML-Datei: debates2013-08-29c.xml
2025-09-20 19:49:08,917 - database_manager - INFO - Debates XML erfolgreich geparst: 0 Debatten, 0 Reden, 0 Wörter
2025-09-20 19:49:08,917 - database_manager - INFO - Verarbeite Datei 1005/2945: debates2013-12-03a.xml
2025-09-20 19:49:08,918 - database_manager - INFO - Parse debates XML-Datei: debates2013-12-03a.xml
2025-09-20 19:49:08,933 - database_manager - INFO - Debates XML erfolgreich geparst: 22 Debatten, 0 Reden, 0 Wörter
2025-09-20 19:49:08,933 - database_manager - INFO - Verarbeite Datei 1006/2945: debates2021-11-08c.xml
2025-09-20 19:49:08,933 - database_manager - INFO - Parse debates XML-Datei: debates2021-11-08c.xml
2025-09-20 19:49:08,949 - database_manager - INFO - Debates XML erfolgreich geparst: 21 Debatten, 0 Reden, 0 Wörter
2025-09-20 19:49:08,950 - database_manager - INFO - Verarbeite Datei 1007/2945: debates2015-01-26d.xml
2025-09-20 19:49:08,950 - database_manager - INFO - Parse debates XML-Datei: debates2015-01-26d.xml
2025-09-20 19:49:08,968 - database_manager - INFO - Debates XML erfolgreich geparst: 52 Debatten, 0 Reden, 0 Wörter
2025-09-20 19:49:08,968 - database_manager - INFO - Verarbeite Datei 1008/2945: debates2017-02-27b.xml
2025-09-20 19:49:08,968 - database_manager - INFO - Parse debates XML-Datei: debates2017-02-27b.xml
2025-09-20 19:49:08,982 - database_manager - INFO - Debates XML erfolgreich geparst: 28 Debatten, 0 Reden, 0 Wörter
2025-09-20 19:49:08,983 - database_manager - INFO - Verarbeite Datei 1009/2945: debates2017-03-06a.xml
2025-09-20 19:49:08,983 - database_manager - INFO - Parse debates XML-Datei: debates2017-03-06a.xml
2025-09-20 19:49:08,994 - database_manager - INFO - Debates XML erfolgreich geparst: 23 Debatten, 0 Reden, 0 Wörter
2025-09-20 19:49:08,994 - database_manager - INFO - Verarbeite Datei 1010/2945: debates2018-06-19b.xml
2025-09-20 19:49:08,994 - database_manager - INFO - Parse debates XML-Datei: debates2018-06-19b.xml
2025-09-20 19:49:09,010 - database_manager - INFO - Debates XML erfolgreich geparst: 23 Debatten, 0 Reden, 0 Wörter
2025-09-20 19:49:09,011 - database_manager - INFO - Verarbeite Datei 1011/2945: debates2018-04-24b.xml
2025-09-20 19:49:09,011 - database_manager - INFO - Parse debates XML-Datei: debates2018-04-24b.xml
2025-09-20 19:49:09,012 - database_manager - INFO - Debates XML erfolgreich geparst: 0 Debatten, 0 Reden, 0 Wörter
2025-09-20 19:49:09,012 - database_manager - INFO - Verarbeite Datei 1012/2945: debates2021-07-01a.xml
2025-09-20 19:49:09,012 - database_manager - INFO - Parse debates XML-Datei: debates2021-07-01a.xml
2025-09-20 19:49:09,024 - database_manager - INFO - Debates XML erfolgreich geparst: 16 Debatten, 0 Reden, 0 Wörter
2025-09-20 19:49:09,024 - database_manager - INFO - Verarbeite Datei 1013/2945: debates2016-06-20b.xml
2025-09-20 19:49:09,024 - database_manager - INFO - Parse debates XML-Datei: debates2016-06-20b.xml
2025-09-20 19:49:09,025 - database_manager - INFO - Debates XML erfolgreich geparst: 0 Debatten, 0 Reden, 0 Wörter
2025-09-20 19:49:09,025 - database_manager - INFO - Verarbeite Datei 1014/2945: debates2014-12-08a.xml
2025-09-20 19:49:09,025 - database_manager - INFO - Parse debates XML-Datei: debates2014-12-08a.xml
2025-09-20 19:49:09,026 - database_manager - INFO - Debates XML erfolgreich geparst: 0 Debatten, 0 Reden, 0 Wörter
2025-09-20 19:49:09,026 - database_manager - INFO - Verarbeite Datei 1015/2945: debates2019-10-23b.xml
2025-09-20 19:49:09,026 - database_manager - INFO - Parse debates XML-Datei: debates2019-10-23b.xml
2025-09-20 19:49:09,027 - database_manager - INFO - Debates XML erfolgreich geparst: 2 Debatten, 0 Reden, 0 Wörter
2025-09-20 19:49:09,027 - database_manager - INFO - Verarbeite Datei 1016/2945: debates2014-01-14b.xml
2025-09-20 19:49:09,027 - database_manager - INFO - Parse debates XML-Datei: debates2014-01-14b.xml
2025-09-20 19:49:09,042 - database_manager - INFO - Debates XML erfolgreich geparst: 27 Debatten, 0 Reden, 0 Wörter
2025-09-20 19:49:09,042 - database_manager - INFO - Verarbeite Datei 1017/2945: debates2016-11-08c.xml
2025-09-20 19:49:09,042 - database_manager - INFO - Parse debates XML-Datei: debates2016-11-08c.xml
2025-09-20 19:49:09,055 - database_manager - INFO - Debates XML erfolgreich geparst: 17 Debatten, 0 Reden, 0 Wörter
2025-09-20 19:49:09,055 - database_manager - INFO - Verarbeite Datei 1018/2945: debates2021-09-13b.xml
2025-09-20 19:49:09,055 - database_manager - INFO - Parse debates XML-Datei: debates2021-09-13b.xml
2025-09-20 19:49:09,056 - database_manager - INFO - Debates XML erfolgreich geparst: 0 Debatten, 0 Reden, 0 Wörter
2025-09-20 19:49:09,056 - database_manager - INFO - Verarbeite Datei 1019/2945: debates2018-06-15a.xml
2025-09-20 19:49:09,056 - database_manager - INFO - Parse debates XML-Datei: debates2018-06-15a.xml
2025-09-20 19:49:09,066 - database_manager - INFO - Debates XML erfolgreich geparst: 6 Debatten, 0 Reden, 0 Wörter
2025-09-20 19:49:09,066 - database_manager - INFO - Verarbeite Datei 1020/2945: debates2017-10-16a.xml
2025-09-20 19:49:09,066 - database_manager - INFO - Parse debates XML-Datei: debates2017-10-16a.xml
2025-09-20 19:49:09,081 - database_manager - INFO - Debates XML erfolgreich geparst: 27 Debatten, 0 Reden, 0 Wörter
2025-09-20 19:49:09,082 - database_manager - INFO - Verarbeite Datei 1021/2945: debates2015-06-03b.xml
2025-09-20 19:49:09,082 - database_manager - INFO - Parse debates XML-Datei: debates2015-06-03b.xml
2025-09-20 19:49:09,096 - database_manager - INFO - Debates XML erfolgreich geparst: 6 Debatten, 0 Reden, 0 Wörter
2025-09-20 19:49:09,096 - database_manager - INFO - Verarbeite Datei 1022/2945: debates2012-12-10a.xml
2025-09-20 19:49:09,096 - database_manager - INFO - Parse debates XML-Datei: debates2012-12-10a.xml
2025-09-20 19:49:09,112 - database_manager - INFO - Debates XML erfolgreich geparst: 34 Debatten, 0 Reden, 0 Wörter
2025-09-20 19:49:09,112 - database_manager - INFO - Verarbeite Datei 1023/2945: debates2014-11-18a.xml
2025-09-20 19:49:09,112 - database_manager - INFO - Parse debates XML-Datei: debates2014-11-18a.xml
2025-09-20 19:49:09,113 - database_manager - INFO - Debates XML erfolgreich geparst: 0 Debatten, 0 Reden, 0 Wörter
2025-09-20 19:49:09,113 - database_manager - INFO - Verarbeite Datei 1024/2945: debates2016-04-11a.xml
2025-09-20 19:49:09,113 - database_manager - INFO - Parse debates XML-Datei: debates2016-04-11a.xml
2025-09-20 19:49:09,130 - database_manager - INFO - Debates XML erfolgreich geparst: 17 Debatten, 0 Reden, 0 Wörter
2025-09-20 19:49:09,130 - database_manager - INFO - Verarbeite Datei 1025/2945: debates2014-12-04b.xml
2025-09-20 19:49:09,130 - database_manager - INFO - Parse debates XML-Datei: debates2014-12-04b.xml
2025-09-20 19:49:09,145 - database_manager - INFO - Debates XML erfolgreich geparst: 18 Debatten, 0 Reden, 0 Wörter
2025-09-20 19:49:09,145 - database_manager - INFO - Verarbeite Datei 1026/2945: debates2013-06-17a.xml
2025-09-20 19:49:09,145 - database_manager - INFO - Parse debates XML-Datei: debates2013-06-17a.xml
2025-09-20 19:49:09,160 - database_manager - INFO - Debates XML erfolgreich geparst: 30 Debatten, 0 Reden, 0 Wörter
2025-09-20 19:49:09,160 - database_manager - INFO - Verarbeite Datei 1027/2945: debates2020-10-16a.xml
2025-09-20 19:49:09,160 - database_manager - INFO - Parse debates XML-Datei: debates2020-10-16a.xml
2025-09-20 19:49:09,161 - database_manager - INFO - Debates XML erfolgreich geparst: 0 Debatten, 0 Reden, 0 Wörter
2025-09-20 19:49:09,161 - database_manager - INFO - Verarbeite Datei 1028/2945: debates2014-02-04b.xml
2025-09-20 19:49:09,161 - database_manager - INFO - Parse debates XML-Datei: debates2014-02-04b.xml
2025-09-20 19:49:09,162 - database_manager - INFO - Debates XML erfolgreich geparst: 0 Debatten, 0 Reden, 0 Wörter
2025-09-20 19:49:09,162 - database_manager - INFO - Verarbeite Datei 1029/2945: debates2014-03-25a.xml
2025-09-20 19:49:09,162 - database_manager - INFO - Parse debates XML-Datei: debates2014-03-25a.xml
2025-09-20 19:49:09,163 - database_manager - INFO - Debates XML erfolgreich geparst: 0 Debatten, 0 Reden, 0 Wörter
2025-09-20 19:49:09,163 - database_manager - INFO - Verarbeite Datei 1030/2945: debates2019-02-12a.xml
2025-09-20 19:49:09,163 - database_manager - INFO - Parse debates XML-Datei: debates2019-02-12a.xml
2025-09-20 19:49:09,164 - database_manager - INFO - Debates XML erfolgreich geparst: 0 Debatten, 0 Reden, 0 Wörter
2025-09-20 19:49:09,164 - database_manager - INFO - Verarbeite Datei 1031/2945: debates2016-01-05d.xml
2025-09-20 19:49:09,164 - database_manager - INFO - Parse debates XML-Datei: debates2016-01-05d.xml
2025-09-20 19:49:09,194 - database_manager - INFO - Debates XML erfolgreich geparst: 85 Debatten, 0 Reden, 0 Wörter
2025-09-20 19:49:09,195 - database_manager - INFO - Verarbeite Datei 1032/2945: debates2020-09-21d.xml
2025-09-20 19:49:09,195 - database_manager - INFO - Parse debates XML-Datei: debates2020-09-21d.xml
2025-09-20 19:49:09,212 - database_manager - INFO - Debates XML erfolgreich geparst: 30 Debatten, 0 Reden, 0 Wörter
2025-09-20 19:49:09,213 - database_manager - INFO - Verarbeite Datei 1033/2945: debates2014-02-04c.xml
2025-09-20 19:49:09,213 - database_manager - INFO - Parse debates XML-Datei: debates2014-02-04c.xml
2025-09-20 19:49:09,228 - database_manager - INFO - Debates XML erfolgreich geparst: 24 Debatten, 0 Reden, 0 Wörter
2025-09-20 19:49:09,228 - database_manager - INFO - Verarbeite Datei 1034/2945: debates2014-06-30a.xml
2025-09-20 19:49:09,228 - database_manager - INFO - Parse debates XML-Datei: debates2014-06-30a.xml
2025-09-20 19:49:09,245 - database_manager - INFO - Debates XML erfolgreich geparst: 25 Debatten, 0 Reden, 0 Wörter
2025-09-20 19:49:09,245 - database_manager - INFO - Verarbeite Datei 1035/2945: debates2016-10-25b.xml
2025-09-20 19:49:09,245 - database_manager - INFO - Parse debates XML-Datei: debates2016-10-25b.xml
2025-09-20 19:49:09,259 - database_manager - INFO - Debates XML erfolgreich geparst: 19 Debatten, 0 Reden, 0 Wörter
2025-09-20 19:49:09,259 - database_manager - INFO - Verarbeite Datei 1036/2945: debates2016-11-04a.xml
2025-09-20 19:49:09,259 - database_manager - INFO - Parse debates XML-Datei: debates2016-11-04a.xml
2025-09-20 19:49:09,262 - database_manager - INFO - Debates XML erfolgreich geparst: 1 Debatten, 0 Reden, 0 Wörter
2025-09-20 19:49:09,262 - database_manager - INFO - Verarbeite Datei 1037/2945: debates2015-06-03c.xml
2025-09-20 19:49:09,262 - database_manager - INFO - Parse debates XML-Datei: debates2015-06-03c.xml
2025-09-20 19:49:09,263 - database_manager - INFO - Debates XML erfolgreich geparst: 0 Debatten, 0 Reden, 0 Wörter
2025-09-20 19:49:09,263 - database_manager - INFO - Verarbeite Datei 1038/2945: debates2015-03-16b.xml
2025-09-20 19:49:09,263 - database_manager - INFO - Parse debates XML-Datei: debates2015-03-16b.xml
2025-09-20 19:49:09,274 - database_manager - INFO - Debates XML erfolgreich geparst: 22 Debatten, 0 Reden, 0 Wörter
2025-09-20 19:49:09,274 - database_manager - INFO - Verarbeite Datei 1039/2945: debates2021-11-04a.xml
2025-09-20 19:49:09,274 - database_manager - INFO - Parse debates XML-Datei: debates2021-11-04a.xml
2025-09-20 19:49:09,275 - database_manager - INFO - Debates XML erfolgreich geparst: 0 Debatten, 0 Reden, 0 Wörter
2025-09-20 19:49:09,275 - database_manager - INFO - Verarbeite Datei 1040/2945: debates2012-07-05a.xml
2025-09-20 19:49:09,275 - database_manager - INFO - Parse debates XML-Datei: debates2012-07-05a.xml
2025-09-20 19:49:09,291 - database_manager - INFO - Debates XML erfolgreich geparst: 25 Debatten, 0 Reden, 0 Wörter
2025-09-20 19:49:09,292 - database_manager - INFO - Verarbeite Datei 1041/2945: debates2021-09-13c.xml
2025-09-20 19:49:09,292 - database_manager - INFO - Parse debates XML-Datei: debates2021-09-13c.xml
2025-09-20 19:49:09,307 - database_manager - INFO - Debates XML erfolgreich geparst: 25 Debatten, 0 Reden, 0 Wörter
2025-09-20 19:49:09,308 - database_manager - INFO - Verarbeite Datei 1042/2945: debates2016-12-14a.xml
2025-09-20 19:49:09,308 - database_manager - INFO - Parse debates XML-Datei: debates2016-12-14a.xml
2025-09-20 19:49:09,324 - database_manager - INFO - Debates XML erfolgreich geparst: 22 Debatten, 0 Reden, 0 Wörter
2025-09-20 19:49:09,325 - database_manager - INFO - Verarbeite Datei 1043/2945: debates2014-04-01b.xml
2025-09-20 19:49:09,325 - database_manager - INFO - Parse debates XML-Datei: debates2014-04-01b.xml
2025-09-20 19:49:09,610 - database_manager - INFO - Debates XML erfolgreich geparst: 21 Debatten, 0 Reden, 0 Wörter
2025-09-20 19:49:09,610 - database_manager - INFO - Verarbeite Datei 1044/2945: debates2016-11-08b.xml
2025-09-20 19:49:09,610 - database_manager - INFO - Parse debates XML-Datei: debates2016-11-08b.xml
2025-09-20 19:49:09,611 - database_manager - INFO - Debates XML erfolgreich geparst: 0 Debatten, 0 Reden, 0 Wörter
2025-09-20 19:49:09,611 - database_manager - INFO - Verarbeite Datei 1045/2945: debates2019-10-23c.xml
2025-09-20 19:49:09,611 - database_manager - INFO - Parse debates XML-Datei: debates2019-10-23c.xml
2025-09-20 19:49:09,627 - database_manager - INFO - Debates XML erfolgreich geparst: 17 Debatten, 0 Reden, 0 Wörter
2025-09-20 19:49:09,628 - database_manager - INFO - Verarbeite Datei 1046/2945: debates2016-06-20c.xml
2025-09-20 19:49:09,628 - database_manager - INFO - Parse debates XML-Datei: debates2016-06-20c.xml
2025-09-20 19:49:09,630 - database_manager - INFO - Debates XML erfolgreich geparst: 1 Debatten, 0 Reden, 0 Wörter
2025-09-20 19:49:09,630 - database_manager - INFO - Verarbeite Datei 1047/2945: debates2014-09-03a.xml
2025-09-20 19:49:09,630 - database_manager - INFO - Parse debates XML-Datei: debates2014-09-03a.xml
2025-09-20 19:49:09,631 - database_manager - INFO - Debates XML erfolgreich geparst: 0 Debatten, 0 Reden, 0 Wörter
2025-09-20 19:49:09,631 - database_manager - INFO - Verarbeite Datei 1048/2945: debates2018-04-24c.xml
2025-09-20 19:49:09,631 - database_manager - INFO - Parse debates XML-Datei: debates2018-04-24c.xml
2025-09-20 19:49:09,632 - database_manager - INFO - Debates XML erfolgreich geparst: 0 Debatten, 0 Reden, 0 Wörter
2025-09-20 19:49:09,632 - database_manager - INFO - Verarbeite Datei 1049/2945: debates2015-01-27a.xml
2025-09-20 19:49:09,632 - database_manager - INFO - Parse debates XML-Datei: debates2015-01-27a.xml
2025-09-20 19:49:09,646 - database_manager - INFO - Debates XML erfolgreich geparst: 20 Debatten, 0 Reden, 0 Wörter
2025-09-20 19:49:09,646 - database_manager - INFO - Verarbeite Datei 1050/2945: debates2018-01-31b.xml
2025-09-20 19:49:09,646 - database_manager - INFO - Parse debates XML-Datei: debates2018-01-31b.xml
2025-09-20 19:49:09,662 - database_manager - INFO - Debates XML erfolgreich geparst: 14 Debatten, 0 Reden, 0 Wörter
2025-09-20 19:49:09,662 - database_manager - INFO - Verarbeite Datei 1051/2945: debates2012-06-28a.xml
2025-09-20 19:49:09,662 - database_manager - INFO - Parse debates XML-Datei: debates2012-06-28a.xml
2025-09-20 19:49:09,664 - database_manager - INFO - Debates XML erfolgreich geparst: 0 Debatten, 0 Reden, 0 Wörter
2025-09-20 19:49:09,664 - database_manager - INFO - Verarbeite Datei 1052/2945: debates2021-12-14a.xml
2025-09-20 19:49:09,664 - database_manager - INFO - Parse debates XML-Datei: debates2021-12-14a.xml
2025-09-20 19:49:09,665 - database_manager - INFO - Debates XML erfolgreich geparst: 0 Debatten, 0 Reden, 0 Wörter
2025-09-20 19:49:09,665 - database_manager - INFO - Verarbeite Datei 1053/2945: debates2021-10-29a.xml
2025-09-20 19:49:09,665 - database_manager - INFO - Parse debates XML-Datei: debates2021-10-29a.xml
2025-09-20 19:49:09,665 - database_manager - INFO - Debates XML erfolgreich geparst: 0 Debatten, 0 Reden, 0 Wörter
2025-09-20 19:49:09,665 - database_manager - INFO - Verarbeite Datei 1054/2945: debates2021-11-08b.xml
2025-09-20 19:49:09,665 - database_manager - INFO - Parse debates XML-Datei: debates2021-11-08b.xml
2025-09-20 19:49:09,666 - database_manager - INFO - Debates XML erfolgreich geparst: 0 Debatten, 0 Reden, 0 Wörter
2025-09-20 19:49:09,666 - database_manager - INFO - Verarbeite Datei 1055/2945: debates2018-10-10a.xml
2025-09-20 19:49:09,666 - database_manager - INFO - Parse debates XML-Datei: debates2018-10-10a.xml
2025-09-20 19:49:09,667 - database_manager - INFO - Debates XML erfolgreich geparst: 0 Debatten, 0 Reden, 0 Wörter
2025-09-20 19:49:09,667 - database_manager - INFO - Verarbeite Datei 1056/2945: debates2017-06-13a.xml
2025-09-20 19:49:09,667 - database_manager - INFO - Parse debates XML-Datei: debates2017-06-13a.xml
2025-09-20 19:49:09,667 - database_manager - INFO - Debates XML erfolgreich geparst: 0 Debatten, 0 Reden, 0 Wörter
2025-09-20 19:49:09,667 - database_manager - INFO - Verarbeite Datei 1057/2945: debates2013-08-29b.xml
2025-09-20 19:49:09,667 - database_manager - INFO - Parse debates XML-Datei: debates2013-08-29b.xml
2025-09-20 19:49:09,668 - database_manager - INFO - Debates XML erfolgreich geparst: 0 Debatten, 0 Reden, 0 Wörter
2025-09-20 19:49:09,668 - database_manager - INFO - Verarbeite Datei 1058/2945: debates2014-06-10c.xml
2025-09-20 19:49:09,668 - database_manager - INFO - Parse debates XML-Datei: debates2014-06-10c.xml
2025-09-20 19:49:09,684 - database_manager - INFO - Debates XML erfolgreich geparst: 24 Debatten, 0 Reden, 0 Wörter
2025-09-20 19:49:09,684 - database_manager - INFO - Verarbeite Datei 1059/2945: debates2014-02-24a.xml
2025-09-20 19:49:09,684 - database_manager - INFO - Parse debates XML-Datei: debates2014-02-24a.xml
2025-09-20 19:49:09,685 - database_manager - INFO - Debates XML erfolgreich geparst: 0 Debatten, 0 Reden, 0 Wörter
2025-09-20 19:49:09,685 - database_manager - INFO - Verarbeite Datei 1060/2945: debates2019-03-13a.xml
2025-09-20 19:49:09,685 - database_manager - INFO - Parse debates XML-Datei: debates2019-03-13a.xml
2025-09-20 19:49:09,687 - database_manager - INFO - Debates XML erfolgreich geparst: 0 Debatten, 0 Reden, 0 Wörter
2025-09-20 19:49:09,687 - database_manager - INFO - Verarbeite Datei 1061/2945: debates2013-07-16a.xml
2025-09-20 19:49:09,687 - database_manager - INFO - Parse debates XML-Datei: debates2013-07-16a.xml
2025-09-20 19:49:09,707 - database_manager - INFO - Debates XML erfolgreich geparst: 46 Debatten, 0 Reden, 0 Wörter
2025-09-20 19:49:09,707 - database_manager - INFO - Verarbeite Datei 1062/2945: debates2020-11-17a.xml
2025-09-20 19:49:09,707 - database_manager - INFO - Parse debates XML-Datei: debates2020-11-17a.xml
2025-09-20 19:49:09,721 - database_manager - INFO - Debates XML erfolgreich geparst: 20 Debatten, 0 Reden, 0 Wörter
2025-09-20 19:49:09,722 - database_manager - INFO - Verarbeite Datei 1063/2945: debates2016-05-10a.xml
2025-09-20 19:49:09,722 - database_manager - INFO - Parse debates XML-Datei: debates2016-05-10a.xml
2025-09-20 19:49:09,731 - database_manager - INFO - Debates XML erfolgreich geparst: 17 Debatten, 0 Reden, 0 Wörter
2025-09-20 19:49:09,731 - database_manager - INFO - Verarbeite Datei 1064/2945: debates2020-01-16e.xml
2025-09-20 19:49:09,731 - database_manager - INFO - Parse debates XML-Datei: debates2020-01-16e.xml
2025-09-20 19:49:09,733 - database_manager - INFO - Debates XML erfolgreich geparst: 0 Debatten, 0 Reden, 0 Wörter
2025-09-20 19:49:09,733 - database_manager - INFO - Verarbeite Datei 1065/2945: debates2015-07-02b.xml
2025-09-20 19:49:09,733 - database_manager - INFO - Parse debates XML-Datei: debates2015-07-02b.xml
2025-09-20 19:49:09,748 - database_manager - INFO - Debates XML erfolgreich geparst: 22 Debatten, 0 Reden, 0 Wörter
2025-09-20 19:49:09,749 - database_manager - INFO - Verarbeite Datei 1066/2945: debates2015-06-23a.xml
2025-09-20 19:49:09,749 - database_manager - INFO - Parse debates XML-Datei: debates2015-06-23a.xml
2025-09-20 19:49:09,763 - database_manager - INFO - Debates XML erfolgreich geparst: 19 Debatten, 0 Reden, 0 Wörter
2025-09-20 19:49:09,764 - database_manager - INFO - Verarbeite Datei 1067/2945: debates2017-01-17a.xml
2025-09-20 19:49:09,764 - database_manager - INFO - Parse debates XML-Datei: debates2017-01-17a.xml
2025-09-20 19:49:09,782 - database_manager - INFO - Debates XML erfolgreich geparst: 18 Debatten, 0 Reden, 0 Wörter
2025-09-20 19:49:09,782 - database_manager - INFO - Verarbeite Datei 1068/2945: debates2021-11-24c.xml
2025-09-20 19:49:09,782 - database_manager - INFO - Parse debates XML-Datei: debates2021-11-24c.xml
2025-09-20 19:49:09,793 - database_manager - INFO - Debates XML erfolgreich geparst: 15 Debatten, 0 Reden, 0 Wörter
2025-09-20 19:49:09,793 - database_manager - INFO - Verarbeite Datei 1069/2945: debates2019-01-22b.xml
2025-09-20 19:49:09,793 - database_manager - INFO - Parse debates XML-Datei: debates2019-01-22b.xml
2025-09-20 19:49:09,794 - database_manager - INFO - Debates XML erfolgreich geparst: 0 Debatten, 0 Reden, 0 Wörter
2025-09-20 19:49:09,794 - database_manager - INFO - Verarbeite Datei 1070/2945: debates2020-12-07a.xml
2025-09-20 19:49:09,794 - database_manager - INFO - Parse debates XML-Datei: debates2020-12-07a.xml
2025-09-20 19:49:09,795 - database_manager - INFO - Debates XML erfolgreich geparst: 0 Debatten, 0 Reden, 0 Wörter
2025-09-20 19:49:09,795 - database_manager - INFO - Verarbeite Datei 1071/2945: debates2013-11-12d.xml
2025-09-20 19:49:09,795 - database_manager - INFO - Parse debates XML-Datei: debates2013-11-12d.xml
2025-09-20 19:49:09,796 - database_manager - INFO - Debates XML erfolgreich geparst: 0 Debatten, 0 Reden, 0 Wörter
2025-09-20 19:49:09,796 - database_manager - INFO - Verarbeite Datei 1072/2945: debates2016-07-21b.xml
2025-09-20 19:49:09,796 - database_manager - INFO - Parse debates XML-Datei: debates2016-07-21b.xml
2025-09-20 19:49:09,801 - database_manager - INFO - Debates XML erfolgreich geparst: 1 Debatten, 0 Reden, 0 Wörter
2025-09-20 19:49:09,801 - database_manager - INFO - Verarbeite Datei 1073/2945: debates2014-10-15b.xml
2025-09-20 19:49:09,801 - database_manager - INFO - Parse debates XML-Datei: debates2014-10-15b.xml
2025-09-20 19:49:09,816 - database_manager - INFO - Debates XML erfolgreich geparst: 14 Debatten, 0 Reden, 0 Wörter
2025-09-20 19:49:09,817 - database_manager - INFO - Verarbeite Datei 1074/2945: debates2019-10-03a.xml
2025-09-20 19:49:09,817 - database_manager - INFO - Parse debates XML-Datei: debates2019-10-03a.xml
2025-09-20 19:49:09,818 - database_manager - INFO - Debates XML erfolgreich geparst: 0 Debatten, 0 Reden, 0 Wörter
2025-09-20 19:49:09,818 - database_manager - INFO - Verarbeite Datei 1075/2945: debates2012-11-20b.xml
2025-09-20 19:49:09,818 - database_manager - INFO - Parse debates XML-Datei: debates2012-11-20b.xml
2025-09-20 19:49:09,833 - database_manager - INFO - Debates XML erfolgreich geparst: 24 Debatten, 0 Reden, 0 Wörter
2025-09-20 19:49:09,833 - database_manager - INFO - Verarbeite Datei 1076/2945: debates2017-12-07a.xml
2025-09-20 19:49:09,833 - database_manager - INFO - Parse debates XML-Datei: debates2017-12-07a.xml
2025-09-20 19:49:09,834 - database_manager - INFO - Debates XML erfolgreich geparst: 0 Debatten, 0 Reden, 0 Wörter
2025-09-20 19:49:09,834 - database_manager - INFO - Verarbeite Datei 1077/2945: debates2018-07-18b.xml
2025-09-20 19:49:09,834 - database_manager - INFO - Parse debates XML-Datei: debates2018-07-18b.xml
2025-09-20 19:49:09,835 - database_manager - INFO - Debates XML erfolgreich geparst: 0 Debatten, 0 Reden, 0 Wörter
2025-09-20 19:49:09,835 - database_manager - INFO - Verarbeite Datei 1078/2945: debates2018-10-30c.xml
2025-09-20 19:49:09,835 - database_manager - INFO - Parse debates XML-Datei: debates2018-10-30c.xml
2025-09-20 19:49:09,850 - database_manager - INFO - Debates XML erfolgreich geparst: 14 Debatten, 0 Reden, 0 Wörter
2025-09-20 19:49:09,850 - database_manager - INFO - Verarbeite Datei 1079/2945: debates2015-09-10a.xml
2025-09-20 19:49:09,850 - database_manager - INFO - Parse debates XML-Datei: debates2015-09-10a.xml
2025-09-20 19:49:09,865 - database_manager - INFO - Debates XML erfolgreich geparst: 24 Debatten, 0 Reden, 0 Wörter
2025-09-20 19:49:09,865 - database_manager - INFO - Verarbeite Datei 1080/2945: debates2017-02-07a.xml
2025-09-20 19:49:09,865 - database_manager - INFO - Parse debates XML-Datei: debates2017-02-07a.xml
2025-09-20 19:49:09,866 - database_manager - INFO - Debates XML erfolgreich geparst: 0 Debatten, 0 Reden, 0 Wörter
2025-09-20 19:49:09,867 - database_manager - INFO - Verarbeite Datei 1081/2945: debates2016-04-27b.xml
2025-09-20 19:49:09,867 - database_manager - INFO - Parse debates XML-Datei: debates2016-04-27b.xml
2025-09-20 19:49:09,878 - database_manager - INFO - Debates XML erfolgreich geparst: 12 Debatten, 0 Reden, 0 Wörter
2025-09-20 19:49:09,879 - database_manager - INFO - Verarbeite Datei 1082/2945: debates2020-10-20b.xml
2025-09-20 19:49:09,879 - database_manager - INFO - Parse debates XML-Datei: debates2020-10-20b.xml
2025-09-20 19:49:09,880 - database_manager - INFO - Debates XML erfolgreich geparst: 0 Debatten, 0 Reden, 0 Wörter
2025-09-20 19:49:09,880 - database_manager - INFO - Verarbeite Datei 1083/2945: debates2019-03-05a.xml
2025-09-20 19:49:09,880 - database_manager - INFO - Parse debates XML-Datei: debates2019-03-05a.xml
2025-09-20 19:49:09,895 - database_manager - INFO - Debates XML erfolgreich geparst: 23 Debatten, 0 Reden, 0 Wörter
2025-09-20 19:49:09,896 - database_manager - INFO - Verarbeite Datei 1084/2945: debates2014-03-13b.xml
2025-09-20 19:49:09,896 - database_manager - INFO - Parse debates XML-Datei: debates2014-03-13b.xml
2025-09-20 19:49:09,911 - database_manager - INFO - Debates XML erfolgreich geparst: 21 Debatten, 0 Reden, 0 Wörter
2025-09-20 19:49:09,911 - database_manager - INFO - Verarbeite Datei 1085/2945: debates2015-12-01c.xml
2025-09-20 19:49:09,911 - database_manager - INFO - Parse debates XML-Datei: debates2015-12-01c.xml
2025-09-20 19:49:09,932 - database_manager - INFO - Debates XML erfolgreich geparst: 40 Debatten, 0 Reden, 0 Wörter
2025-09-20 19:49:09,933 - database_manager - INFO - Verarbeite Datei 1086/2945: debates2012-03-07a.xml
2025-09-20 19:49:09,933 - database_manager - INFO - Parse debates XML-Datei: debates2012-03-07a.xml
2025-09-20 19:49:09,950 - database_manager - INFO - Debates XML erfolgreich geparst: 24 Debatten, 0 Reden, 0 Wörter
2025-09-20 19:49:09,950 - database_manager - INFO - Verarbeite Datei 1087/2945: debates2017-11-01a.xml
2025-09-20 19:49:09,950 - database_manager - INFO - Parse debates XML-Datei: debates2017-11-01a.xml
2025-09-20 19:49:09,951 - database_manager - INFO - Debates XML erfolgreich geparst: 0 Debatten, 0 Reden, 0 Wörter
2025-09-20 19:49:09,951 - database_manager - INFO - Verarbeite Datei 1088/2945: debates2015-07-14b.xml
2025-09-20 19:49:09,951 - database_manager - INFO - Parse debates XML-Datei: debates2015-07-14b.xml
2025-09-20 19:49:09,970 - database_manager - INFO - Debates XML erfolgreich geparst: 20 Debatten, 0 Reden, 0 Wörter
2025-09-20 19:49:09,970 - database_manager - INFO - Verarbeite Datei 1089/2945: debates2017-06-28d.xml
2025-09-20 19:49:09,970 - database_manager - INFO - Parse debates XML-Datei: debates2017-06-28d.xml
2025-09-20 19:49:09,984 - database_manager - INFO - Debates XML erfolgreich geparst: 12 Debatten, 0 Reden, 0 Wörter
2025-09-20 19:49:09,984 - database_manager - INFO - Verarbeite Datei 1090/2945: debates2018-07-02a.xml
2025-09-20 19:49:09,984 - database_manager - INFO - Parse debates XML-Datei: debates2018-07-02a.xml
2025-09-20 19:49:09,985 - database_manager - INFO - Debates XML erfolgreich geparst: 0 Debatten, 0 Reden, 0 Wörter
2025-09-20 19:49:09,985 - database_manager - INFO - Verarbeite Datei 1091/2945: debates2021-04-27b.xml
2025-09-20 19:49:09,986 - database_manager - INFO - Parse debates XML-Datei: debates2021-04-27b.xml
2025-09-20 19:49:09,987 - database_manager - INFO - Debates XML erfolgreich geparst: 0 Debatten, 0 Reden, 0 Wörter
2025-09-20 19:49:09,987 - database_manager - INFO - Verarbeite Datei 1092/2945: debates2019-10-15a.xml
2025-09-20 19:49:09,987 - database_manager - INFO - Parse debates XML-Datei: debates2019-10-15a.xml
2025-09-20 19:49:09,988 - database_manager - INFO - Debates XML erfolgreich geparst: 0 Debatten, 0 Reden, 0 Wörter
2025-09-20 19:49:09,988 - database_manager - INFO - Verarbeite Datei 1093/2945: debates2016-02-22c.xml
2025-09-20 19:49:09,988 - database_manager - INFO - Parse debates XML-Datei: debates2016-02-22c.xml
2025-09-20 19:49:10,001 - database_manager - INFO - Debates XML erfolgreich geparst: 18 Debatten, 0 Reden, 0 Wörter
2025-09-20 19:49:10,001 - database_manager - INFO - Verarbeite Datei 1094/2945: debates2013-04-10a.xml
2025-09-20 19:49:10,001 - database_manager - INFO - Parse debates XML-Datei: debates2013-04-10a.xml
2025-09-20 19:49:10,002 - database_manager - INFO - Debates XML erfolgreich geparst: 0 Debatten, 0 Reden, 0 Wörter
2025-09-20 19:49:10,002 - database_manager - INFO - Verarbeite Datei 1095/2945: debates2014-01-22a.xml
2025-09-20 19:49:10,002 - database_manager - INFO - Parse debates XML-Datei: debates2014-01-22a.xml
2025-09-20 19:49:10,017 - database_manager - INFO - Debates XML erfolgreich geparst: 19 Debatten, 0 Reden, 0 Wörter
2025-09-20 19:49:10,017 - database_manager - INFO - Verarbeite Datei 1096/2945: debates2019-02-28a.xml
2025-09-20 19:49:10,018 - database_manager - INFO - Parse debates XML-Datei: debates2019-02-28a.xml
2025-09-20 19:49:10,033 - database_manager - INFO - Debates XML erfolgreich geparst: 21 Debatten, 0 Reden, 0 Wörter
2025-09-20 19:49:10,033 - database_manager - INFO - Verarbeite Datei 1097/2945: debates2020-02-11a.xml
2025-09-20 19:49:10,033 - database_manager - INFO - Parse debates XML-Datei: debates2020-02-11a.xml
2025-09-20 19:49:10,034 - database_manager - INFO - Debates XML erfolgreich geparst: 0 Debatten, 0 Reden, 0 Wörter
2025-09-20 19:49:10,034 - database_manager - INFO - Verarbeite Datei 1098/2945: debates2018-09-10b.xml
2025-09-20 19:49:10,034 - database_manager - INFO - Parse debates XML-Datei: debates2018-09-10b.xml
2025-09-20 19:49:10,035 - database_manager - INFO - Debates XML erfolgreich geparst: 0 Debatten, 0 Reden, 0 Wörter
2025-09-20 19:49:10,035 - database_manager - INFO - Verarbeite Datei 1099/2945: debates2017-12-11a.xml
2025-09-20 19:49:10,035 - database_manager - INFO - Parse debates XML-Datei: debates2017-12-11a.xml
2025-09-20 19:49:10,036 - database_manager - INFO - Debates XML erfolgreich geparst: 0 Debatten, 0 Reden, 0 Wörter
2025-09-20 19:49:10,036 - database_manager - INFO - Verarbeite Datei 1100/2945: debates2012-10-17a.xml
2025-09-20 19:49:10,036 - database_manager - INFO - Parse debates XML-Datei: debates2012-10-17a.xml
2025-09-20 19:49:10,037 - database_manager - INFO - Debates XML erfolgreich geparst: 0 Debatten, 0 Reden, 0 Wörter
2025-09-20 19:49:10,037 - database_manager - INFO - Verarbeite Datei 1101/2945: debates2021-06-16a.xml
2025-09-20 19:49:10,037 - database_manager - INFO - Parse debates XML-Datei: debates2021-06-16a.xml
2025-09-20 19:49:10,039 - database_manager - INFO - Debates XML erfolgreich geparst: 0 Debatten, 0 Reden, 0 Wörter
2025-09-20 19:49:10,039 - database_manager - INFO - Verarbeite Datei 1102/2945: debates2019-02-05d.xml
2025-09-20 19:49:10,039 - database_manager - INFO - Parse debates XML-Datei: debates2019-02-05d.xml
2025-09-20 19:49:10,056 - database_manager - INFO - Debates XML erfolgreich geparst: 24 Debatten, 0 Reden, 0 Wörter
2025-09-20 19:49:10,057 - database_manager - INFO - Verarbeite Datei 1103/2945: debates2016-01-12a.xml
2025-09-20 19:49:10,057 - database_manager - INFO - Parse debates XML-Datei: debates2016-01-12a.xml
2025-09-20 19:49:10,058 - database_manager - INFO - Debates XML erfolgreich geparst: 3 Debatten, 0 Reden, 0 Wörter
2025-09-20 19:49:10,058 - database_manager - INFO - Verarbeite Datei 1104/2945: debates2013-01-29a.xml
2025-09-20 19:49:10,058 - database_manager - INFO - Parse debates XML-Datei: debates2013-01-29a.xml
2025-09-20 19:49:10,059 - database_manager - INFO - Debates XML erfolgreich geparst: 0 Debatten, 0 Reden, 0 Wörter
2025-09-20 19:49:10,059 - database_manager - INFO - Verarbeite Datei 1105/2945: debates2013-03-14a.xml
2025-09-20 19:49:10,059 - database_manager - INFO - Parse debates XML-Datei: debates2013-03-14a.xml
2025-09-20 19:49:10,075 - database_manager - INFO - Debates XML erfolgreich geparst: 21 Debatten, 0 Reden, 0 Wörter
2025-09-20 19:49:10,075 - database_manager - INFO - Verarbeite Datei 1106/2945: debates2019-07-11a.xml
2025-09-20 19:49:10,075 - database_manager - INFO - Parse debates XML-Datei: debates2019-07-11a.xml
2025-09-20 19:49:10,090 - database_manager - INFO - Debates XML erfolgreich geparst: 24 Debatten, 0 Reden, 0 Wörter
2025-09-20 19:49:10,090 - database_manager - INFO - Verarbeite Datei 1107/2945: debates2014-07-07b.xml
2025-09-20 19:49:10,090 - database_manager - INFO - Parse debates XML-Datei: debates2014-07-07b.xml
2025-09-20 19:49:10,091 - database_manager - INFO - Debates XML erfolgreich geparst: 0 Debatten, 0 Reden, 0 Wörter
2025-09-20 19:49:10,091 - database_manager - INFO - Verarbeite Datei 1108/2945: debates2014-06-26a.xml
2025-09-20 19:49:10,091 - database_manager - INFO - Parse debates XML-Datei: debates2014-06-26a.xml
2025-09-20 19:49:10,105 - database_manager - INFO - Debates XML erfolgreich geparst: 20 Debatten, 0 Reden, 0 Wörter
2025-09-20 19:49:10,106 - database_manager - INFO - Verarbeite Datei 1109/2945: debates2013-11-29a.xml
2025-09-20 19:49:10,106 - database_manager - INFO - Parse debates XML-Datei: debates2013-11-29a.xml
2025-09-20 19:49:10,106 - database_manager - INFO - Debates XML erfolgreich geparst: 0 Debatten, 0 Reden, 0 Wörter
2025-09-20 19:49:10,106 - database_manager - INFO - Verarbeite Datei 1110/2945: debates2019-03-25c.xml
2025-09-20 19:49:10,106 - database_manager - INFO - Parse debates XML-Datei: debates2019-03-25c.xml
2025-09-20 19:49:10,122 - database_manager - INFO - Debates XML erfolgreich geparst: 23 Debatten, 0 Reden, 0 Wörter
2025-09-20 19:49:10,123 - database_manager - INFO - Verarbeite Datei 1111/2945: debates2020-06-09b.xml
2025-09-20 19:49:10,123 - database_manager - INFO - Parse debates XML-Datei: debates2020-06-09b.xml
2025-09-20 19:49:10,123 - database_manager - INFO - Debates XML erfolgreich geparst: 0 Debatten, 0 Reden, 0 Wörter
2025-09-20 19:49:10,123 - database_manager - INFO - Verarbeite Datei 1112/2945: debates2012-07-13a.xml
2025-09-20 19:49:10,123 - database_manager - INFO - Parse debates XML-Datei: debates2012-07-13a.xml
2025-09-20 19:49:10,132 - database_manager - INFO - Debates XML erfolgreich geparst: 5 Debatten, 0 Reden, 0 Wörter
2025-09-20 19:49:10,132 - database_manager - INFO - Verarbeite Datei 1113/2945: debates2018-03-16a.xml
2025-09-20 19:49:10,132 - database_manager - INFO - Parse debates XML-Datei: debates2018-03-16a.xml
2025-09-20 19:49:10,135 - database_manager - INFO - Debates XML erfolgreich geparst: 1 Debatten, 0 Reden, 0 Wörter
2025-09-20 19:49:10,135 - database_manager - INFO - Verarbeite Datei 1114/2945: debates2021-01-12a.xml
2025-09-20 19:49:10,135 - database_manager - INFO - Parse debates XML-Datei: debates2021-01-12a.xml
2025-09-20 19:49:10,136 - database_manager - INFO - Debates XML erfolgreich geparst: 0 Debatten, 0 Reden, 0 Wörter
2025-09-20 19:49:10,136 - database_manager - INFO - Verarbeite Datei 1115/2945: debates2017-11-21c.xml
2025-09-20 19:49:10,136 - database_manager - INFO - Parse debates XML-Datei: debates2017-11-21c.xml
2025-09-20 19:49:10,155 - database_manager - INFO - Debates XML erfolgreich geparst: 19 Debatten, 0 Reden, 0 Wörter
2025-09-20 19:49:10,156 - database_manager - INFO - Verarbeite Datei 1116/2945: debates2019-09-03b.xml
2025-09-20 19:49:10,156 - database_manager - INFO - Parse debates XML-Datei: debates2019-09-03b.xml
2025-09-20 19:49:10,171 - database_manager - INFO - Debates XML erfolgreich geparst: 10 Debatten, 0 Reden, 0 Wörter
2025-09-20 19:49:10,172 - database_manager - INFO - Verarbeite Datei 1117/2945: debates2016-02-02a.xml
2025-09-20 19:49:10,172 - database_manager - INFO - Parse debates XML-Datei: debates2016-02-02a.xml
2025-09-20 19:49:10,188 - database_manager - INFO - Debates XML erfolgreich geparst: 18 Debatten, 0 Reden, 0 Wörter
2025-09-20 19:49:10,188 - database_manager - INFO - Verarbeite Datei 1118/2945: debates2013-03-18b.xml
2025-09-20 19:49:10,188 - database_manager - INFO - Parse debates XML-Datei: debates2013-03-18b.xml
2025-09-20 19:49:10,190 - database_manager - INFO - Debates XML erfolgreich geparst: 0 Debatten, 0 Reden, 0 Wörter
2025-09-20 19:49:10,190 - database_manager - INFO - Verarbeite Datei 1119/2945: debates2016-12-02a.xml
2025-09-20 19:49:10,190 - database_manager - INFO - Parse debates XML-Datei: debates2016-12-02a.xml
2025-09-20 19:49:10,198 - database_manager - INFO - Debates XML erfolgreich geparst: 1 Debatten, 0 Reden, 0 Wörter
2025-09-20 19:49:10,198 - database_manager - INFO - Verarbeite Datei 1120/2945: debates2019-05-20b.xml
2025-09-20 19:49:10,198 - database_manager - INFO - Parse debates XML-Datei: debates2019-05-20b.xml
2025-09-20 19:49:10,210 - database_manager - INFO - Debates XML erfolgreich geparst: 20 Debatten, 0 Reden, 0 Wörter
2025-09-20 19:49:10,211 - database_manager - INFO - Verarbeite Datei 1121/2945: debates2019-04-01a.xml
2025-09-20 19:49:10,211 - database_manager - INFO - Parse debates XML-Datei: debates2019-04-01a.xml
2025-09-20 19:49:10,212 - database_manager - INFO - Debates XML erfolgreich geparst: 0 Debatten, 0 Reden, 0 Wörter
2025-09-20 19:49:10,212 - database_manager - INFO - Verarbeite Datei 1122/2945: debates2020-05-19b.xml
2025-09-20 19:49:10,212 - database_manager - INFO - Parse debates XML-Datei: debates2020-05-19b.xml
2025-09-20 19:49:10,220 - database_manager - INFO - Debates XML erfolgreich geparst: 27 Debatten, 0 Reden, 0 Wörter
2025-09-20 19:49:10,220 - database_manager - INFO - Verarbeite Datei 1123/2945: debates2018-11-27b.xml
2025-09-20 19:49:10,220 - database_manager - INFO - Parse debates XML-Datei: debates2018-11-27b.xml
2025-09-20 19:49:10,231 - database_manager - INFO - Debates XML erfolgreich geparst: 21 Debatten, 0 Reden, 0 Wörter
2025-09-20 19:49:10,231 - database_manager - INFO - Verarbeite Datei 1124/2945: debates2021-12-02a.xml
2025-09-20 19:49:10,231 - database_manager - INFO - Parse debates XML-Datei: debates2021-12-02a.xml
2025-09-20 19:49:10,232 - database_manager - INFO - Debates XML erfolgreich geparst: 0 Debatten, 0 Reden, 0 Wörter
2025-09-20 19:49:10,232 - database_manager - INFO - Verarbeite Datei 1125/2945: debates2012-05-22b.xml
2025-09-20 19:49:10,233 - database_manager - INFO - Parse debates XML-Datei: debates2012-05-22b.xml
2025-09-20 19:49:10,233 - database_manager - INFO - Debates XML erfolgreich geparst: 0 Debatten, 0 Reden, 0 Wörter
2025-09-20 19:49:10,234 - database_manager - INFO - Verarbeite Datei 1126/2945: debates2021-02-02a.xml
2025-09-20 19:49:10,234 - database_manager - INFO - Parse debates XML-Datei: debates2021-02-02a.xml
2025-09-20 19:49:10,234 - database_manager - INFO - Debates XML erfolgreich geparst: 0 Debatten, 0 Reden, 0 Wörter
2025-09-20 19:49:10,234 - database_manager - INFO - Verarbeite Datei 1127/2945: debates2021-03-23b.xml
2025-09-20 19:49:10,234 - database_manager - INFO - Parse debates XML-Datei: debates2021-03-23b.xml
2025-09-20 19:49:10,247 - database_manager - INFO - Debates XML erfolgreich geparst: 21 Debatten, 0 Reden, 0 Wörter
2025-09-20 19:49:10,247 - database_manager - INFO - Verarbeite Datei 1128/2945: debates2016-02-03a.xml
2025-09-20 19:49:10,247 - database_manager - INFO - Parse debates XML-Datei: debates2016-02-03a.xml
2025-09-20 19:49:10,261 - database_manager - INFO - Debates XML erfolgreich geparst: 3 Debatten, 0 Reden, 0 Wörter
2025-09-20 19:49:10,261 - database_manager - INFO - Verarbeite Datei 1129/2945: debates2020-06-04a.xml
2025-09-20 19:49:10,261 - database_manager - INFO - Parse debates XML-Datei: debates2020-06-04a.xml
2025-09-20 19:49:10,262 - database_manager - INFO - Debates XML erfolgreich geparst: 0 Debatten, 0 Reden, 0 Wörter
2025-09-20 19:49:10,262 - database_manager - INFO - Verarbeite Datei 1130/2945: debates2015-11-30a.xml
2025-09-20 19:49:10,262 - database_manager - INFO - Parse debates XML-Datei: debates2015-11-30a.xml
2025-09-20 19:49:10,263 - database_manager - INFO - Debates XML erfolgreich geparst: 0 Debatten, 0 Reden, 0 Wörter
2025-09-20 19:49:10,263 - database_manager - INFO - Verarbeite Datei 1131/2945: debates2018-11-26b.xml
2025-09-20 19:49:10,263 - database_manager - INFO - Parse debates XML-Datei: debates2018-11-26b.xml
2025-09-20 19:49:10,264 - database_manager - INFO - Debates XML erfolgreich geparst: 0 Debatten, 0 Reden, 0 Wörter
2025-09-20 19:49:10,264 - database_manager - INFO - Verarbeite Datei 1132/2945: debates2012-05-23b.xml
2025-09-20 19:49:10,264 - database_manager - INFO - Parse debates XML-Datei: debates2012-05-23b.xml
2025-09-20 19:49:10,265 - database_manager - INFO - Debates XML erfolgreich geparst: 0 Debatten, 0 Reden, 0 Wörter
2025-09-20 19:49:10,266 - database_manager - INFO - Verarbeite Datei 1133/2945: debates2021-12-03a.xml
2025-09-20 19:49:10,266 - database_manager - INFO - Parse debates XML-Datei: debates2021-12-03a.xml
2025-09-20 19:49:10,266 - database_manager - INFO - Debates XML erfolgreich geparst: 0 Debatten, 0 Reden, 0 Wörter
2025-09-20 19:49:10,266 - database_manager - INFO - Verarbeite Datei 1134/2945: debates2021-02-03a.xml
2025-09-20 19:49:10,266 - database_manager - INFO - Parse debates XML-Datei: debates2021-02-03a.xml
2025-09-20 19:49:10,267 - database_manager - INFO - Debates XML erfolgreich geparst: 0 Debatten, 0 Reden, 0 Wörter
2025-09-20 19:49:10,267 - database_manager - INFO - Verarbeite Datei 1135/2945: debates2021-03-22b.xml
2025-09-20 19:49:10,267 - database_manager - INFO - Parse debates XML-Datei: debates2021-03-22b.xml
2025-09-20 19:49:10,267 - database_manager - INFO - Debates XML erfolgreich geparst: 0 Debatten, 0 Reden, 0 Wörter
2025-09-20 19:49:10,267 - database_manager - INFO - Verarbeite Datei 1136/2945: debates2016-01-13a.xml
2025-09-20 19:49:10,267 - database_manager - INFO - Parse debates XML-Datei: debates2016-01-13a.xml
2025-09-20 19:49:10,268 - database_manager - INFO - Debates XML erfolgreich geparst: 0 Debatten, 0 Reden, 0 Wörter
2025-09-20 19:49:10,268 - database_manager - INFO - Verarbeite Datei 1137/2945: debates2013-01-28a.xml
2025-09-20 19:49:10,268 - database_manager - INFO - Parse debates XML-Datei: debates2013-01-28a.xml
2025-09-20 19:49:10,270 - database_manager - INFO - Debates XML erfolgreich geparst: 0 Debatten, 0 Reden, 0 Wörter
2025-09-20 19:49:10,270 - database_manager - INFO - Verarbeite Datei 1138/2945: debates2020-01-20c.xml
2025-09-20 19:49:10,270 - database_manager - INFO - Parse debates XML-Datei: debates2020-01-20c.xml
2025-09-20 19:49:10,272 - database_manager - INFO - Debates XML erfolgreich geparst: 0 Debatten, 0 Reden, 0 Wörter
2025-09-20 19:49:10,272 - database_manager - INFO - Verarbeite Datei 1139/2945: debates2019-07-10a.xml
2025-09-20 19:49:10,272 - database_manager - INFO - Parse debates XML-Datei: debates2019-07-10a.xml
2025-09-20 19:49:10,272 - database_manager - INFO - Debates XML erfolgreich geparst: 0 Debatten, 0 Reden, 0 Wörter
2025-09-20 19:49:10,272 - database_manager - INFO - Verarbeite Datei 1140/2945: debates2020-06-08b.xml
2025-09-20 19:49:10,272 - database_manager - INFO - Parse debates XML-Datei: debates2020-06-08b.xml
2025-09-20 19:49:10,274 - database_manager - INFO - Debates XML erfolgreich geparst: 0 Debatten, 0 Reden, 0 Wörter
2025-09-20 19:49:10,274 - database_manager - INFO - Verarbeite Datei 1141/2945: debates2013-11-28a.xml
2025-09-20 19:49:10,274 - database_manager - INFO - Parse debates XML-Datei: debates2013-11-28a.xml
2025-09-20 19:49:10,275 - database_manager - INFO - Debates XML erfolgreich geparst: 0 Debatten, 0 Reden, 0 Wörter
2025-09-20 19:49:10,275 - database_manager - INFO - Verarbeite Datei 1142/2945: debates2012-07-12a.xml
2025-09-20 19:49:10,275 - database_manager - INFO - Parse debates XML-Datei: debates2012-07-12a.xml
2025-09-20 19:49:10,276 - database_manager - INFO - Debates XML erfolgreich geparst: 0 Debatten, 0 Reden, 0 Wörter
2025-09-20 19:49:10,276 - database_manager - INFO - Verarbeite Datei 1143/2945: debates2021-05-27c.xml
2025-09-20 19:49:10,276 - database_manager - INFO - Parse debates XML-Datei: debates2021-05-27c.xml
2025-09-20 19:49:10,290 - database_manager - INFO - Debates XML erfolgreich geparst: 16 Debatten, 0 Reden, 0 Wörter
2025-09-20 19:49:10,290 - database_manager - INFO - Verarbeite Datei 1144/2945: debates2021-01-13a.xml
2025-09-20 19:49:10,290 - database_manager - INFO - Parse debates XML-Datei: debates2021-01-13a.xml
2025-09-20 19:49:10,291 - database_manager - INFO - Debates XML erfolgreich geparst: 0 Debatten, 0 Reden, 0 Wörter
2025-09-20 19:49:10,291 - database_manager - INFO - Verarbeite Datei 1145/2945: debates2019-10-14a.xml
2025-09-20 19:49:10,291 - database_manager - INFO - Parse debates XML-Datei: debates2019-10-14a.xml
2025-09-20 19:49:10,304 - database_manager - INFO - Debates XML erfolgreich geparst: 2 Debatten, 0 Reden, 0 Wörter
2025-09-20 19:49:10,304 - database_manager - INFO - Verarbeite Datei 1146/2945: debates2020-02-11e.xml
2025-09-20 19:49:10,304 - database_manager - INFO - Parse debates XML-Datei: debates2020-02-11e.xml
2025-09-20 19:49:10,320 - database_manager - INFO - Debates XML erfolgreich geparst: 19 Debatten, 0 Reden, 0 Wörter
2025-09-20 19:49:10,320 - database_manager - INFO - Verarbeite Datei 1147/2945: debates2020-12-10a.xml
2025-09-20 19:49:10,320 - database_manager - INFO - Parse debates XML-Datei: debates2020-12-10a.xml
2025-09-20 19:49:10,321 - database_manager - INFO - Debates XML erfolgreich geparst: 0 Debatten, 0 Reden, 0 Wörter
2025-09-20 19:49:10,321 - database_manager - INFO - Verarbeite Datei 1148/2945: debates2014-01-23a.xml
2025-09-20 19:49:10,321 - database_manager - INFO - Parse debates XML-Datei: debates2014-01-23a.xml
2025-09-20 19:49:10,322 - database_manager - INFO - Debates XML erfolgreich geparst: 0 Debatten, 0 Reden, 0 Wörter
2025-09-20 19:49:10,322 - database_manager - INFO - Verarbeite Datei 1149/2945: debates2020-06-24c.xml
2025-09-20 19:49:10,322 - database_manager - INFO - Parse debates XML-Datei: debates2020-06-24c.xml
2025-09-20 19:49:10,323 - database_manager - INFO - Debates XML erfolgreich geparst: 0 Debatten, 0 Reden, 0 Wörter
2025-09-20 19:49:10,323 - database_manager - INFO - Verarbeite Datei 1150/2945: debates2020-02-10a.xml
2025-09-20 19:49:10,323 - database_manager - INFO - Parse debates XML-Datei: debates2020-02-10a.xml
2025-09-20 19:49:10,324 - database_manager - INFO - Debates XML erfolgreich geparst: 0 Debatten, 0 Reden, 0 Wörter
2025-09-20 19:49:10,324 - database_manager - INFO - Verarbeite Datei 1151/2945: debates2015-09-07a.xml
2025-09-20 19:49:10,324 - database_manager - INFO - Parse debates XML-Datei: debates2015-09-07a.xml
2025-09-20 19:49:10,325 - database_manager - INFO - Debates XML erfolgreich geparst: 0 Debatten, 0 Reden, 0 Wörter
2025-09-20 19:49:10,325 - database_manager - INFO - Verarbeite Datei 1152/2945: debates2018-09-11b.xml
2025-09-20 19:49:10,325 - database_manager - INFO - Parse debates XML-Datei: debates2018-09-11b.xml
2025-09-20 19:49:10,342 - database_manager - INFO - Debates XML erfolgreich geparst: 32 Debatten, 0 Reden, 0 Wörter
2025-09-20 19:49:10,342 - database_manager - INFO - Verarbeite Datei 1153/2945: debates2017-07-04d.xml
2025-09-20 19:49:10,342 - database_manager - INFO - Parse debates XML-Datei: debates2017-07-04d.xml
2025-09-20 19:49:10,343 - database_manager - INFO - Debates XML erfolgreich geparst: 0 Debatten, 0 Reden, 0 Wörter
2025-09-20 19:49:10,343 - database_manager - INFO - Verarbeite Datei 1154/2945: debates2021-06-17a.xml
2025-09-20 19:49:10,343 - database_manager - INFO - Parse debates XML-Datei: debates2021-06-17a.xml
2025-09-20 19:49:10,344 - database_manager - INFO - Debates XML erfolgreich geparst: 0 Debatten, 0 Reden, 0 Wörter
2025-09-20 19:49:10,344 - database_manager - INFO - Verarbeite Datei 1155/2945: debates2012-10-16a.xml
2025-09-20 19:49:10,344 - database_manager - INFO - Parse debates XML-Datei: debates2012-10-16a.xml
2025-09-20 19:49:10,362 - database_manager - INFO - Debates XML erfolgreich geparst: 37 Debatten, 0 Reden, 0 Wörter
2025-09-20 19:49:10,362 - database_manager - INFO - Verarbeite Datei 1156/2945: debates2013-06-20b.xml
2025-09-20 19:49:10,362 - database_manager - INFO - Parse debates XML-Datei: debates2013-06-20b.xml
2025-09-20 19:49:10,377 - database_manager - INFO - Debates XML erfolgreich geparst: 21 Debatten, 0 Reden, 0 Wörter
2025-09-20 19:49:10,378 - database_manager - INFO - Verarbeite Datei 1157/2945: debates2013-07-01a.xml
2025-09-20 19:49:10,378 - database_manager - INFO - Parse debates XML-Datei: debates2013-07-01a.xml
2025-09-20 19:49:10,394 - database_manager - INFO - Debates XML erfolgreich geparst: 29 Debatten, 0 Reden, 0 Wörter
2025-09-20 19:49:10,395 - database_manager - INFO - Verarbeite Datei 1158/2945: debates2020-10-21b.xml
2025-09-20 19:49:10,395 - database_manager - INFO - Parse debates XML-Datei: debates2020-10-21b.xml
2025-09-20 19:49:10,396 - database_manager - INFO - Debates XML erfolgreich geparst: 0 Debatten, 0 Reden, 0 Wörter
2025-09-20 19:49:10,396 - database_manager - INFO - Verarbeite Datei 1159/2945: debates2019-03-04a.xml
2025-09-20 19:49:10,396 - database_manager - INFO - Parse debates XML-Datei: debates2019-03-04a.xml
2025-09-20 19:49:10,397 - database_manager - INFO - Debates XML erfolgreich geparst: 0 Debatten, 0 Reden, 0 Wörter
2025-09-20 19:49:10,397 - database_manager - INFO - Verarbeite Datei 1160/2945: debates2019-02-25b.xml
2025-09-20 19:49:10,397 - database_manager - INFO - Parse debates XML-Datei: debates2019-02-25b.xml
2025-09-20 19:49:10,398 - database_manager - INFO - Debates XML erfolgreich geparst: 0 Debatten, 0 Reden, 0 Wörter
2025-09-20 19:49:10,398 - database_manager - INFO - Verarbeite Datei 1161/2945: debates2020-07-09c.xml
2025-09-20 19:49:10,398 - database_manager - INFO - Parse debates XML-Datei: debates2020-07-09c.xml
2025-09-20 19:49:10,412 - database_manager - INFO - Debates XML erfolgreich geparst: 28 Debatten, 0 Reden, 0 Wörter
2025-09-20 19:49:10,412 - database_manager - INFO - Verarbeite Datei 1162/2945: debates2012-03-06a.xml
2025-09-20 19:49:10,412 - database_manager - INFO - Parse debates XML-Datei: debates2012-03-06a.xml
2025-09-20 19:49:10,426 - database_manager - INFO - Debates XML erfolgreich geparst: 28 Debatten, 0 Reden, 0 Wörter
2025-09-20 19:49:10,427 - database_manager - INFO - Verarbeite Datei 1163/2945: debates2015-05-28b.xml
2025-09-20 19:49:10,427 - database_manager - INFO - Parse debates XML-Datei: debates2015-05-28b.xml
2025-09-20 19:49:10,441 - database_manager - INFO - Debates XML erfolgreich geparst: 7 Debatten, 0 Reden, 0 Wörter
2025-09-20 19:49:10,442 - database_manager - INFO - Verarbeite Datei 1164/2945: debates2018-07-03a.xml
2025-09-20 19:49:10,442 - database_manager - INFO - Parse debates XML-Datei: debates2018-07-03a.xml
2025-09-20 19:49:10,443 - database_manager - INFO - Debates XML erfolgreich geparst: 0 Debatten, 0 Reden, 0 Wörter
2025-09-20 19:49:10,443 - database_manager - INFO - Verarbeite Datei 1165/2945: debates2021-04-26b.xml
2025-09-20 19:49:10,443 - database_manager - INFO - Parse debates XML-Datei: debates2021-04-26b.xml
2025-09-20 19:49:10,444 - database_manager - INFO - Debates XML erfolgreich geparst: 0 Debatten, 0 Reden, 0 Wörter
2025-09-20 19:49:10,444 - database_manager - INFO - Verarbeite Datei 1166/2945: debates2013-09-05b.xml
2025-09-20 19:49:10,444 - database_manager - INFO - Parse debates XML-Datei: debates2013-09-05b.xml
2025-09-20 19:49:10,459 - database_manager - INFO - Debates XML erfolgreich geparst: 22 Debatten, 0 Reden, 0 Wörter
2025-09-20 19:49:10,459 - database_manager - INFO - Verarbeite Datei 1167/2945: debates2020-02-06a.xml
2025-09-20 19:49:10,459 - database_manager - INFO - Parse debates XML-Datei: debates2020-02-06a.xml
2025-09-20 19:49:10,460 - database_manager - INFO - Debates XML erfolgreich geparst: 0 Debatten, 0 Reden, 0 Wörter
2025-09-20 19:49:10,460 - database_manager - INFO - Verarbeite Datei 1168/2945: debates2019-01-23b.xml
2025-09-20 19:49:10,460 - database_manager - INFO - Parse debates XML-Datei: debates2019-01-23b.xml
2025-09-20 19:49:10,470 - database_manager - INFO - Debates XML erfolgreich geparst: 19 Debatten, 0 Reden, 0 Wörter
2025-09-20 19:49:10,470 - database_manager - INFO - Verarbeite Datei 1169/2945: debates2016-01-28d.xml
2025-09-20 19:49:10,470 - database_manager - INFO - Parse debates XML-Datei: debates2016-01-28d.xml
2025-09-20 19:49:10,486 - database_manager - INFO - Debates XML erfolgreich geparst: 17 Debatten, 0 Reden, 0 Wörter
2025-09-20 19:49:10,486 - database_manager - INFO - Verarbeite Datei 1170/2945: debates2016-07-20b.xml
2025-09-20 19:49:10,486 - database_manager - INFO - Parse debates XML-Datei: debates2016-07-20b.xml
2025-09-20 19:49:10,817 - database_manager - INFO - Debates XML erfolgreich geparst: 14 Debatten, 0 Reden, 0 Wörter
2025-09-20 19:49:10,817 - database_manager - INFO - Verarbeite Datei 1171/2945: debates2014-10-14b.xml
2025-09-20 19:49:10,817 - database_manager - INFO - Parse debates XML-Datei: debates2014-10-14b.xml
2025-09-20 19:49:10,833 - database_manager - INFO - Debates XML erfolgreich geparst: 20 Debatten, 0 Reden, 0 Wörter
2025-09-20 19:49:10,834 - database_manager - INFO - Verarbeite Datei 1172/2945: debates2019-10-02a.xml
2025-09-20 19:49:10,834 - database_manager - INFO - Parse debates XML-Datei: debates2019-10-02a.xml
2025-09-20 19:49:10,835 - database_manager - INFO - Debates XML erfolgreich geparst: 0 Debatten, 0 Reden, 0 Wörter
2025-09-20 19:49:10,835 - database_manager - INFO - Verarbeite Datei 1173/2945: debates2021-07-20b.xml
2025-09-20 19:49:10,835 - database_manager - INFO - Parse debates XML-Datei: debates2021-07-20b.xml
2025-09-20 19:49:10,851 - database_manager - INFO - Debates XML erfolgreich geparst: 20 Debatten, 0 Reden, 0 Wörter
2025-09-20 19:49:10,852 - database_manager - INFO - Verarbeite Datei 1174/2945: debates2015-01-06c.xml
2025-09-20 19:49:10,852 - database_manager - INFO - Parse debates XML-Datei: debates2015-01-06c.xml
2025-09-20 19:49:10,864 - database_manager - INFO - Debates XML erfolgreich geparst: 25 Debatten, 0 Reden, 0 Wörter
2025-09-20 19:49:10,865 - database_manager - INFO - Verarbeite Datei 1175/2945: debates2017-12-06a.xml
2025-09-20 19:49:10,865 - database_manager - INFO - Parse debates XML-Datei: debates2017-12-06a.xml
2025-09-20 19:49:10,866 - database_manager - INFO - Debates XML erfolgreich geparst: 0 Debatten, 0 Reden, 0 Wörter
2025-09-20 19:49:10,866 - database_manager - INFO - Verarbeite Datei 1176/2945: debates2018-07-19b.xml
2025-09-20 19:49:10,866 - database_manager - INFO - Parse debates XML-Datei: debates2018-07-19b.xml
2025-09-20 19:49:10,881 - database_manager - INFO - Debates XML erfolgreich geparst: 21 Debatten, 0 Reden, 0 Wörter
2025-09-20 19:49:10,881 - database_manager - INFO - Verarbeite Datei 1177/2945: debates2021-01-28d.xml
2025-09-20 19:49:10,881 - database_manager - INFO - Parse debates XML-Datei: debates2021-01-28d.xml
2025-09-20 19:49:10,882 - database_manager - INFO - Debates XML erfolgreich geparst: 0 Debatten, 0 Reden, 0 Wörter
2025-09-20 19:49:10,882 - database_manager - INFO - Verarbeite Datei 1178/2945: debates2015-09-11a.xml
2025-09-20 19:49:10,882 - database_manager - INFO - Parse debates XML-Datei: debates2015-09-11a.xml
2025-09-20 19:49:10,891 - database_manager - INFO - Debates XML erfolgreich geparst: 3 Debatten, 0 Reden, 0 Wörter
2025-09-20 19:49:10,892 - database_manager - INFO - Verarbeite Datei 1179/2945: debates2017-02-06a.xml
2025-09-20 19:49:10,892 - database_manager - INFO - Parse debates XML-Datei: debates2017-02-06a.xml
2025-09-20 19:49:10,893 - database_manager - INFO - Debates XML erfolgreich geparst: 0 Debatten, 0 Reden, 0 Wörter
2025-09-20 19:49:10,893 - database_manager - INFO - Verarbeite Datei 1180/2945: debates2020-01-16a.xml
2025-09-20 19:49:10,893 - database_manager - INFO - Parse debates XML-Datei: debates2020-01-16a.xml
2025-09-20 19:49:10,894 - database_manager - INFO - Debates XML erfolgreich geparst: 0 Debatten, 0 Reden, 0 Wörter
2025-09-20 19:49:10,894 - database_manager - INFO - Verarbeite Datei 1181/2945: debates2013-09-09a.xml
2025-09-20 19:49:10,894 - database_manager - INFO - Parse debates XML-Datei: debates2013-09-09a.xml
2025-09-20 19:49:10,895 - database_manager - INFO - Debates XML erfolgreich geparst: 0 Debatten, 0 Reden, 0 Wörter
2025-09-20 19:49:10,895 - database_manager - INFO - Verarbeite Datei 1182/2945: debates2014-02-25a.xml
2025-09-20 19:49:10,895 - database_manager - INFO - Parse debates XML-Datei: debates2014-02-25a.xml
2025-09-20 19:49:10,896 - database_manager - INFO - Debates XML erfolgreich geparst: 0 Debatten, 0 Reden, 0 Wörter
2025-09-20 19:49:10,896 - database_manager - INFO - Verarbeite Datei 1183/2945: debates2019-03-12a.xml
2025-09-20 19:49:10,896 - database_manager - INFO - Parse debates XML-Datei: debates2019-03-12a.xml
2025-09-20 19:49:10,897 - database_manager - INFO - Debates XML erfolgreich geparst: 0 Debatten, 0 Reden, 0 Wörter
2025-09-20 19:49:10,897 - database_manager - INFO - Verarbeite Datei 1184/2945: debates2016-01-25c.xml
2025-09-20 19:49:10,897 - database_manager - INFO - Parse debates XML-Datei: debates2016-01-25c.xml
2025-09-20 19:49:10,910 - database_manager - INFO - Debates XML erfolgreich geparst: 19 Debatten, 0 Reden, 0 Wörter
2025-09-20 19:49:10,911 - database_manager - INFO - Verarbeite Datei 1185/2945: debates2020-11-16a.xml
2025-09-20 19:49:10,911 - database_manager - INFO - Parse debates XML-Datei: debates2020-11-16a.xml
2025-09-20 19:49:10,912 - database_manager - INFO - Debates XML erfolgreich geparst: 0 Debatten, 0 Reden, 0 Wörter
2025-09-20 19:49:10,913 - database_manager - INFO - Verarbeite Datei 1186/2945: debates2013-07-17a.xml
2025-09-20 19:49:10,913 - database_manager - INFO - Parse debates XML-Datei: debates2013-07-17a.xml
2025-09-20 19:49:10,914 - database_manager - INFO - Debates XML erfolgreich geparst: 0 Debatten, 0 Reden, 0 Wörter
2025-09-20 19:49:10,914 - database_manager - INFO - Verarbeite Datei 1187/2945: debates2016-05-11a.xml
2025-09-20 19:49:10,914 - database_manager - INFO - Parse debates XML-Datei: debates2016-05-11a.xml
2025-09-20 19:49:10,915 - database_manager - INFO - Debates XML erfolgreich geparst: 0 Debatten, 0 Reden, 0 Wörter
2025-09-20 19:49:10,915 - database_manager - INFO - Verarbeite Datei 1188/2945: debates2021-05-11a.xml
2025-09-20 19:49:10,915 - database_manager - INFO - Parse debates XML-Datei: debates2021-05-11a.xml
2025-09-20 19:49:10,915 - database_manager - INFO - Debates XML erfolgreich geparst: 0 Debatten, 0 Reden, 0 Wörter
2025-09-20 19:49:10,915 - database_manager - INFO - Verarbeite Datei 1189/2945: debates2021-03-18c.xml
2025-09-20 19:49:10,915 - database_manager - INFO - Parse debates XML-Datei: debates2021-03-18c.xml
2025-09-20 19:49:10,916 - database_manager - INFO - Debates XML erfolgreich geparst: 0 Debatten, 0 Reden, 0 Wörter
2025-09-20 19:49:10,916 - database_manager - INFO - Verarbeite Datei 1190/2945: debates2021-01-25c.xml
2025-09-20 19:49:10,916 - database_manager - INFO - Parse debates XML-Datei: debates2021-01-25c.xml
2025-09-20 19:49:10,917 - database_manager - INFO - Debates XML erfolgreich geparst: 0 Debatten, 0 Reden, 0 Wörter
2025-09-20 19:49:10,917 - database_manager - INFO - Verarbeite Datei 1191/2945: debates2017-11-16a.xml
2025-09-20 19:49:10,917 - database_manager - INFO - Parse debates XML-Datei: debates2017-11-16a.xml
2025-09-20 19:49:10,932 - database_manager - INFO - Debates XML erfolgreich geparst: 20 Debatten, 0 Reden, 0 Wörter
2025-09-20 19:49:10,932 - database_manager - INFO - Verarbeite Datei 1192/2945: debates2015-06-22a.xml
2025-09-20 19:49:10,932 - database_manager - INFO - Parse debates XML-Datei: debates2015-06-22a.xml
2025-09-20 19:49:10,934 - database_manager - INFO - Debates XML erfolgreich geparst: 0 Debatten, 0 Reden, 0 Wörter
2025-09-20 19:49:10,934 - database_manager - INFO - Verarbeite Datei 1193/2945: debates2015-12-16c.xml
2025-09-20 19:49:10,934 - database_manager - INFO - Parse debates XML-Datei: debates2015-12-16c.xml
2025-09-20 19:49:10,950 - database_manager - INFO - Debates XML erfolgreich geparst: 34 Debatten, 0 Reden, 0 Wörter
2025-09-20 19:49:10,950 - database_manager - INFO - Verarbeite Datei 1194/2945: debates2017-01-16a.xml
2025-09-20 19:49:10,950 - database_manager - INFO - Parse debates XML-Datei: debates2017-01-16a.xml
2025-09-20 19:49:10,951 - database_manager - INFO - Debates XML erfolgreich geparst: 0 Debatten, 0 Reden, 0 Wörter
2025-09-20 19:49:10,951 - database_manager - INFO - Verarbeite Datei 1195/2945: debates2016-10-28a.xml
2025-09-20 19:49:10,951 - database_manager - INFO - Parse debates XML-Datei: debates2016-10-28a.xml
2025-09-20 19:49:10,953 - database_manager - INFO - Debates XML erfolgreich geparst: 1 Debatten, 0 Reden, 0 Wörter
2025-09-20 19:49:10,953 - database_manager - INFO - Verarbeite Datei 1196/2945: debates2016-12-15a.xml
2025-09-20 19:49:10,953 - database_manager - INFO - Parse debates XML-Datei: debates2016-12-15a.xml
2025-09-20 19:49:10,967 - database_manager - INFO - Debates XML erfolgreich geparst: 18 Debatten, 0 Reden, 0 Wörter
2025-09-20 19:49:10,967 - database_manager - INFO - Verarbeite Datei 1197/2945: debates2019-10-22c.xml
2025-09-20 19:49:10,967 - database_manager - INFO - Parse debates XML-Datei: debates2019-10-22c.xml
2025-09-20 19:49:10,968 - database_manager - INFO - Debates XML erfolgreich geparst: 0 Debatten, 0 Reden, 0 Wörter
2025-09-20 19:49:10,969 - database_manager - INFO - Verarbeite Datei 1198/2945: debates2014-09-02a.xml
2025-09-20 19:49:10,969 - database_manager - INFO - Parse debates XML-Datei: debates2014-09-02a.xml
2025-09-20 19:49:10,982 - database_manager - INFO - Debates XML erfolgreich geparst: 24 Debatten, 0 Reden, 0 Wörter
2025-09-20 19:49:10,982 - database_manager - INFO - Verarbeite Datei 1199/2945: debates2015-01-26a.xml
2025-09-20 19:49:10,982 - database_manager - INFO - Parse debates XML-Datei: debates2015-01-26a.xml
2025-09-20 19:49:10,984 - database_manager - INFO - Debates XML erfolgreich geparst: 0 Debatten, 0 Reden, 0 Wörter
2025-09-20 19:49:10,984 - database_manager - INFO - Verarbeite Datei 1200/2945: debates2021-06-21c.xml
2025-09-20 19:49:10,984 - database_manager - INFO - Parse debates XML-Datei: debates2021-06-21c.xml
2025-09-20 19:49:10,985 - database_manager - INFO - Debates XML erfolgreich geparst: 0 Debatten, 0 Reden, 0 Wörter
2025-09-20 19:49:10,985 - database_manager - INFO - Verarbeite Datei 1201/2945: debates2021-10-28a.xml
2025-09-20 19:49:10,985 - database_manager - INFO - Parse debates XML-Datei: debates2021-10-28a.xml
2025-09-20 19:49:10,998 - database_manager - INFO - Debates XML erfolgreich geparst: 19 Debatten, 0 Reden, 0 Wörter
2025-09-20 19:49:10,999 - database_manager - INFO - Verarbeite Datei 1202/2945: debates2021-12-15a.xml
2025-09-20 19:49:10,999 - database_manager - INFO - Parse debates XML-Datei: debates2021-12-15a.xml
2025-09-20 19:49:11,007 - database_manager - INFO - Debates XML erfolgreich geparst: 11 Debatten, 0 Reden, 0 Wörter
2025-09-20 19:49:11,007 - database_manager - INFO - Verarbeite Datei 1203/2945: debates2021-11-09b.xml
2025-09-20 19:49:11,007 - database_manager - INFO - Parse debates XML-Datei: debates2021-11-09b.xml
2025-09-20 19:49:11,021 - database_manager - INFO - Debates XML erfolgreich geparst: 15 Debatten, 0 Reden, 0 Wörter
2025-09-20 19:49:11,021 - database_manager - INFO - Verarbeite Datei 1204/2945: debates2018-10-11a.xml
2025-09-20 19:49:11,021 - database_manager - INFO - Parse debates XML-Datei: debates2018-10-11a.xml
2025-09-20 19:49:11,022 - database_manager - INFO - Debates XML erfolgreich geparst: 0 Debatten, 0 Reden, 0 Wörter
2025-09-20 19:49:11,022 - database_manager - INFO - Verarbeite Datei 1205/2945: debates2015-11-26a.xml
2025-09-20 19:49:11,022 - database_manager - INFO - Parse debates XML-Datei: debates2015-11-26a.xml
2025-09-20 19:49:11,023 - database_manager - INFO - Debates XML erfolgreich geparst: 0 Debatten, 0 Reden, 0 Wörter
2025-09-20 19:49:11,023 - database_manager - INFO - Verarbeite Datei 1206/2945: debates2016-12-19b.xml
2025-09-20 19:49:11,023 - database_manager - INFO - Parse debates XML-Datei: debates2016-12-19b.xml
2025-09-20 19:49:11,024 - database_manager - INFO - Debates XML erfolgreich geparst: 0 Debatten, 0 Reden, 0 Wörter
2025-09-20 19:49:11,024 - database_manager - INFO - Verarbeite Datei 1207/2945: debates2014-07-10b.xml
2025-09-20 19:49:11,024 - database_manager - INFO - Parse debates XML-Datei: debates2014-07-10b.xml
2025-09-20 19:49:11,026 - database_manager - INFO - Debates XML erfolgreich geparst: 0 Debatten, 0 Reden, 0 Wörter
2025-09-20 19:49:11,026 - database_manager - INFO - Verarbeite Datei 1208/2945: debates2019-06-27b.xml
2025-09-20 19:49:11,026 - database_manager - INFO - Parse debates XML-Datei: debates2019-06-27b.xml
2025-09-20 19:49:11,038 - database_manager - INFO - Debates XML erfolgreich geparst: 19 Debatten, 0 Reden, 0 Wörter
2025-09-20 19:49:11,038 - database_manager - INFO - Verarbeite Datei 1209/2945: debates2020-09-21a.xml
2025-09-20 19:49:11,038 - database_manager - INFO - Parse debates XML-Datei: debates2020-09-21a.xml
2025-09-20 19:49:11,040 - database_manager - INFO - Debates XML erfolgreich geparst: 0 Debatten, 0 Reden, 0 Wörter
2025-09-20 19:49:11,040 - database_manager - INFO - Verarbeite Datei 1210/2945: debates2016-01-05a.xml
2025-09-20 19:49:11,040 - database_manager - INFO - Parse debates XML-Datei: debates2016-01-05a.xml
2025-09-20 19:49:11,041 - database_manager - INFO - Debates XML erfolgreich geparst: 0 Debatten, 0 Reden, 0 Wörter
2025-09-20 19:49:11,041 - database_manager - INFO - Verarbeite Datei 1211/2945: debates2018-03-01a.xml
2025-09-20 19:49:11,041 - database_manager - INFO - Parse debates XML-Datei: debates2018-03-01a.xml
2025-09-20 19:49:11,046 - database_manager - INFO - Debates XML erfolgreich geparst: 2 Debatten, 0 Reden, 0 Wörter
2025-09-20 19:49:11,046 - database_manager - INFO - Verarbeite Datei 1212/2945: debates2018-02-20b.xml
2025-09-20 19:49:11,046 - database_manager - INFO - Parse debates XML-Datei: debates2018-02-20b.xml
2025-09-20 19:49:11,061 - database_manager - INFO - Debates XML erfolgreich geparst: 29 Debatten, 0 Reden, 0 Wörter
2025-09-20 19:49:11,061 - database_manager - INFO - Verarbeite Datei 1213/2945: debates2015-03-17b.xml
2025-09-20 19:49:11,061 - database_manager - INFO - Parse debates XML-Datei: debates2015-03-17b.xml
2025-09-20 19:49:11,075 - database_manager - INFO - Debates XML erfolgreich geparst: 32 Debatten, 0 Reden, 0 Wörter
2025-09-20 19:49:11,075 - database_manager - INFO - Verarbeite Datei 1214/2945: debates2012-07-04a.xml
2025-09-20 19:49:11,075 - database_manager - INFO - Parse debates XML-Datei: debates2012-07-04a.xml
2025-09-20 19:49:11,091 - database_manager - INFO - Debates XML erfolgreich geparst: 33 Debatten, 0 Reden, 0 Wörter
2025-09-20 19:49:11,091 - database_manager - INFO - Verarbeite Datei 1215/2945: debates2018-12-20b.xml
2025-09-20 19:49:11,091 - database_manager - INFO - Parse debates XML-Datei: debates2018-12-20b.xml
2025-09-20 19:49:11,103 - database_manager - INFO - Debates XML erfolgreich geparst: 18 Debatten, 0 Reden, 0 Wörter
2025-09-20 19:49:11,104 - database_manager - INFO - Verarbeite Datei 1216/2945: debates2018-05-08b.xml
2025-09-20 19:49:11,104 - database_manager - INFO - Parse debates XML-Datei: debates2018-05-08b.xml
2025-09-20 19:49:11,119 - database_manager - INFO - Debates XML erfolgreich geparst: 24 Debatten, 0 Reden, 0 Wörter
2025-09-20 19:49:11,119 - database_manager - INFO - Verarbeite Datei 1217/2945: debates2018-06-14a.xml
2025-09-20 19:49:11,120 - database_manager - INFO - Parse debates XML-Datei: debates2018-06-14a.xml
2025-09-20 19:49:11,121 - database_manager - INFO - Debates XML erfolgreich geparst: 0 Debatten, 0 Reden, 0 Wörter
2025-09-20 19:49:11,121 - database_manager - INFO - Verarbeite Datei 1218/2945: debates2015-06-02b.xml
2025-09-20 19:49:11,121 - database_manager - INFO - Parse debates XML-Datei: debates2015-06-02b.xml
2025-09-20 19:49:11,136 - database_manager - INFO - Debates XML erfolgreich geparst: 18 Debatten, 0 Reden, 0 Wörter
2025-09-20 19:49:11,136 - database_manager - INFO - Verarbeite Datei 1219/2945: debates2017-10-17a.xml
2025-09-20 19:49:11,136 - database_manager - INFO - Parse debates XML-Datei: debates2017-10-17a.xml
2025-09-20 19:49:11,137 - database_manager - INFO - Debates XML erfolgreich geparst: 0 Debatten, 0 Reden, 0 Wörter
2025-09-20 19:49:11,137 - database_manager - INFO - Verarbeite Datei 1220/2945: debates2012-12-11a.xml
2025-09-20 19:49:11,137 - database_manager - INFO - Parse debates XML-Datei: debates2012-12-11a.xml
2025-09-20 19:49:11,154 - database_manager - INFO - Debates XML erfolgreich geparst: 23 Debatten, 0 Reden, 0 Wörter
2025-09-20 19:49:11,154 - database_manager - INFO - Verarbeite Datei 1221/2945: debates2014-11-19a.xml
2025-09-20 19:49:11,154 - database_manager - INFO - Parse debates XML-Datei: debates2014-11-19a.xml
2025-09-20 19:49:11,171 - database_manager - INFO - Debates XML erfolgreich geparst: 21 Debatten, 0 Reden, 0 Wörter
2025-09-20 19:49:11,171 - database_manager - INFO - Verarbeite Datei 1222/2945: debates2016-09-12b.xml
2025-09-20 19:49:11,171 - database_manager - INFO - Parse debates XML-Datei: debates2016-09-12b.xml
2025-09-20 19:49:11,190 - database_manager - INFO - Debates XML erfolgreich geparst: 46 Debatten, 0 Reden, 0 Wörter
2025-09-20 19:49:11,191 - database_manager - INFO - Verarbeite Datei 1223/2945: debates2014-03-24a.xml
2025-09-20 19:49:11,191 - database_manager - INFO - Parse debates XML-Datei: debates2014-03-24a.xml
2025-09-20 19:49:11,192 - database_manager - INFO - Debates XML erfolgreich geparst: 0 Debatten, 0 Reden, 0 Wörter
2025-09-20 19:49:11,192 - database_manager - INFO - Verarbeite Datei 1224/2945: debates2019-02-13a.xml
2025-09-20 19:49:11,192 - database_manager - INFO - Parse debates XML-Datei: debates2019-02-13a.xml
2025-09-20 19:49:11,193 - database_manager - INFO - Debates XML erfolgreich geparst: 0 Debatten, 0 Reden, 0 Wörter
2025-09-20 19:49:11,193 - database_manager - INFO - Verarbeite Datei 1225/2945: debates2014-07-10c.xml
2025-09-20 19:49:11,193 - database_manager - INFO - Parse debates XML-Datei: debates2014-07-10c.xml
2025-09-20 19:49:11,208 - database_manager - INFO - Debates XML erfolgreich geparst: 22 Debatten, 0 Reden, 0 Wörter
2025-09-20 19:49:11,208 - database_manager - INFO - Verarbeite Datei 1226/2945: debates2016-12-19c.xml
2025-09-20 19:49:11,208 - database_manager - INFO - Parse debates XML-Datei: debates2016-12-19c.xml
2025-09-20 19:49:11,223 - database_manager - INFO - Debates XML erfolgreich geparst: 22 Debatten, 0 Reden, 0 Wörter
2025-09-20 19:49:11,223 - database_manager - INFO - Verarbeite Datei 1227/2945: debates2017-03-07a.xml
2025-09-20 19:49:11,223 - database_manager - INFO - Parse debates XML-Datei: debates2017-03-07a.xml
2025-09-20 19:49:11,238 - database_manager - INFO - Debates XML erfolgreich geparst: 46 Debatten, 0 Reden, 0 Wörter
2025-09-20 19:49:11,239 - database_manager - INFO - Verarbeite Datei 1228/2945: debates2018-04-25b.xml
2025-09-20 19:49:11,239 - database_manager - INFO - Parse debates XML-Datei: debates2018-04-25b.xml
2025-09-20 19:49:11,253 - database_manager - INFO - Debates XML erfolgreich geparst: 19 Debatten, 0 Reden, 0 Wörter
2025-09-20 19:49:11,253 - database_manager - INFO - Verarbeite Datei 1229/2945: debates2018-06-18b.xml
2025-09-20 19:49:11,253 - database_manager - INFO - Parse debates XML-Datei: debates2018-06-18b.xml
2025-09-20 19:49:11,269 - database_manager - INFO - Debates XML erfolgreich geparst: 20 Debatten, 0 Reden, 0 Wörter
2025-09-20 19:49:11,270 - database_manager - INFO - Verarbeite Datei 1230/2945: debates2012-11-01a.xml
2025-09-20 19:49:11,270 - database_manager - INFO - Parse debates XML-Datei: debates2012-11-01a.xml
2025-09-20 19:49:11,285 - database_manager - INFO - Debates XML erfolgreich geparst: 17 Debatten, 0 Reden, 0 Wörter
2025-09-20 19:49:11,286 - database_manager - INFO - Verarbeite Datei 1231/2945: debates2021-06-21b.xml
2025-09-20 19:49:11,286 - database_manager - INFO - Parse debates XML-Datei: debates2021-06-21b.xml
2025-09-20 19:49:11,287 - database_manager - INFO - Debates XML erfolgreich geparst: 0 Debatten, 0 Reden, 0 Wörter
2025-09-20 19:49:11,287 - database_manager - INFO - Verarbeite Datei 1232/2945: debates2021-12-14d.xml
2025-09-20 19:49:11,287 - database_manager - INFO - Parse debates XML-Datei: debates2021-12-14d.xml
2025-09-20 19:49:11,302 - database_manager - INFO - Debates XML erfolgreich geparst: 23 Debatten, 0 Reden, 0 Wörter
2025-09-20 19:49:11,303 - database_manager - INFO - Verarbeite Datei 1233/2945: debates2014-12-09a.xml
2025-09-20 19:49:11,303 - database_manager - INFO - Parse debates XML-Datei: debates2014-12-09a.xml
2025-09-20 19:49:11,314 - database_manager - INFO - Debates XML erfolgreich geparst: 28 Debatten, 0 Reden, 0 Wörter
2025-09-20 19:49:11,314 - database_manager - INFO - Verarbeite Datei 1234/2945: debates2019-10-22b.xml
2025-09-20 19:49:11,314 - database_manager - INFO - Parse debates XML-Datei: debates2019-10-22b.xml
2025-09-20 19:49:11,315 - database_manager - INFO - Debates XML erfolgreich geparst: 1 Debatten, 0 Reden, 0 Wörter
2025-09-20 19:49:11,315 - database_manager - INFO - Verarbeite Datei 1235/2945: debates2020-02-26b.xml
2025-09-20 19:49:11,315 - database_manager - INFO - Parse debates XML-Datei: debates2020-02-26b.xml
2025-09-20 19:49:11,330 - database_manager - INFO - Debates XML erfolgreich geparst: 18 Debatten, 0 Reden, 0 Wörter
2025-09-20 19:49:11,331 - database_manager - INFO - Verarbeite Datei 1236/2945: debates2015-12-16b.xml
2025-09-20 19:49:11,331 - database_manager - INFO - Parse debates XML-Datei: debates2015-12-16b.xml
2025-09-20 19:49:11,332 - database_manager - INFO - Debates XML erfolgreich geparst: 0 Debatten, 0 Reden, 0 Wörter
2025-09-20 19:49:11,332 - database_manager - INFO - Verarbeite Datei 1237/2945: debates2021-01-25b.xml
2025-09-20 19:49:11,332 - database_manager - INFO - Parse debates XML-Datei: debates2021-01-25b.xml
2025-09-20 19:49:11,332 - database_manager - INFO - Debates XML erfolgreich geparst: 0 Debatten, 0 Reden, 0 Wörter
2025-09-20 19:49:11,332 - database_manager - INFO - Verarbeite Datei 1238/2945: debates2021-03-18b.xml
2025-09-20 19:49:11,332 - database_manager - INFO - Parse debates XML-Datei: debates2021-03-18b.xml
2025-09-20 19:49:11,333 - database_manager - INFO - Debates XML erfolgreich geparst: 0 Debatten, 0 Reden, 0 Wörter
2025-09-20 19:49:11,333 - database_manager - INFO - Verarbeite Datei 1239/2945: debates2016-01-25b.xml
2025-09-20 19:49:11,333 - database_manager - INFO - Parse debates XML-Datei: debates2016-01-25b.xml
2025-09-20 19:49:11,334 - database_manager - INFO - Debates XML erfolgreich geparst: 0 Debatten, 0 Reden, 0 Wörter
2025-09-20 19:49:11,334 - database_manager - INFO - Verarbeite Datei 1240/2945: debates2020-09-01b.xml
2025-09-20 19:49:11,334 - database_manager - INFO - Parse debates XML-Datei: debates2020-09-01b.xml
2025-09-20 19:49:11,348 - database_manager - INFO - Debates XML erfolgreich geparst: 20 Debatten, 0 Reden, 0 Wörter
2025-09-20 19:49:11,348 - database_manager - INFO - Verarbeite Datei 1241/2945: debates2014-06-11b.xml
2025-09-20 19:49:11,348 - database_manager - INFO - Parse debates XML-Datei: debates2014-06-11b.xml
2025-09-20 19:49:11,364 - database_manager - INFO - Debates XML erfolgreich geparst: 13 Debatten, 0 Reden, 0 Wörter
2025-09-20 19:49:11,364 - database_manager - INFO - Verarbeite Datei 1242/2945: debates2013-12-02a.xml
2025-09-20 19:49:11,364 - database_manager - INFO - Parse debates XML-Datei: debates2013-12-02a.xml
2025-09-20 19:49:11,381 - database_manager - INFO - Debates XML erfolgreich geparst: 31 Debatten, 0 Reden, 0 Wörter
2025-09-20 19:49:11,381 - database_manager - INFO - Verarbeite Datei 1243/2945: debates2021-01-28e.xml
2025-09-20 19:49:11,381 - database_manager - INFO - Parse debates XML-Datei: debates2021-01-28e.xml
2025-09-20 19:49:11,382 - database_manager - INFO - Debates XML erfolgreich geparst: 0 Debatten, 0 Reden, 0 Wörter
2025-09-20 19:49:11,382 - database_manager - INFO - Verarbeite Datei 1244/2945: debates2015-10-27a.xml
2025-09-20 19:49:11,382 - database_manager - INFO - Parse debates XML-Datei: debates2015-10-27a.xml
2025-09-20 19:49:11,383 - database_manager - INFO - Debates XML erfolgreich geparst: 0 Debatten, 0 Reden, 0 Wörter
2025-09-20 19:49:11,383 - database_manager - INFO - Verarbeite Datei 1245/2945: debates2015-11-06b.xml
2025-09-20 19:49:11,383 - database_manager - INFO - Parse debates XML-Datei: debates2015-11-06b.xml
2025-09-20 19:49:11,393 - database_manager - INFO - Debates XML erfolgreich geparst: 4 Debatten, 0 Reden, 0 Wörter
2025-09-20 19:49:11,393 - database_manager - INFO - Verarbeite Datei 1246/2945: debates2017-07-13a.xml
2025-09-20 19:49:11,393 - database_manager - INFO - Parse debates XML-Datei: debates2017-07-13a.xml
2025-09-20 19:49:11,406 - database_manager - INFO - Debates XML erfolgreich geparst: 17 Debatten, 0 Reden, 0 Wörter
2025-09-20 19:49:11,406 - database_manager - INFO - Verarbeite Datei 1247/2945: debates2021-11-29a.xml
2025-09-20 19:49:11,406 - database_manager - INFO - Parse debates XML-Datei: debates2021-11-29a.xml
2025-09-20 19:49:11,416 - database_manager - INFO - Debates XML erfolgreich geparst: 16 Debatten, 0 Reden, 0 Wörter
2025-09-20 19:49:11,417 - database_manager - INFO - Verarbeite Datei 1248/2945: debates2012-05-15a.xml
2025-09-20 19:49:11,417 - database_manager - INFO - Parse debates XML-Datei: debates2012-05-15a.xml
2025-09-20 19:49:11,418 - database_manager - INFO - Debates XML erfolgreich geparst: 0 Debatten, 0 Reden, 0 Wörter
2025-09-20 19:49:11,418 - database_manager - INFO - Verarbeite Datei 1249/2945: debates2015-01-06b.xml
2025-09-20 19:49:11,418 - database_manager - INFO - Parse debates XML-Datei: debates2015-01-06b.xml
2025-09-20 19:49:11,419 - database_manager - INFO - Debates XML erfolgreich geparst: 0 Debatten, 0 Reden, 0 Wörter
2025-09-20 19:49:11,419 - database_manager - INFO - Verarbeite Datei 1250/2945: debates2018-01-10a.xml
2025-09-20 19:49:11,419 - database_manager - INFO - Parse debates XML-Datei: debates2018-01-10a.xml
2025-09-20 19:49:11,420 - database_manager - INFO - Debates XML erfolgreich geparst: 0 Debatten, 0 Reden, 0 Wörter
2025-09-20 19:49:11,420 - database_manager - INFO - Verarbeite Datei 1251/2945: debates2016-01-29a.xml
2025-09-20 19:49:11,420 - database_manager - INFO - Parse debates XML-Datei: debates2016-01-29a.xml
2025-09-20 19:49:11,420 - database_manager - INFO - Debates XML erfolgreich geparst: 0 Debatten, 0 Reden, 0 Wörter
2025-09-20 19:49:11,420 - database_manager - INFO - Verarbeite Datei 1252/2945: debates2016-03-14a.xml
2025-09-20 19:49:11,420 - database_manager - INFO - Parse debates XML-Datei: debates2016-03-14a.xml
2025-09-20 19:49:11,421 - database_manager - INFO - Debates XML erfolgreich geparst: 0 Debatten, 0 Reden, 0 Wörter
2025-09-20 19:49:11,421 - database_manager - INFO - Verarbeite Datei 1253/2945: debates2016-11-29a.xml
2025-09-20 19:49:11,421 - database_manager - INFO - Parse debates XML-Datei: debates2016-11-29a.xml
2025-09-20 19:49:11,422 - database_manager - INFO - Debates XML erfolgreich geparst: 0 Debatten, 0 Reden, 0 Wörter
2025-09-20 19:49:11,422 - database_manager - INFO - Verarbeite Datei 1254/2945: debates2020-07-13a.xml
2025-09-20 19:49:11,422 - database_manager - INFO - Parse debates XML-Datei: debates2020-07-13a.xml
2025-09-20 19:49:11,435 - database_manager - INFO - Debates XML erfolgreich geparst: 15 Debatten, 0 Reden, 0 Wörter
2025-09-20 19:49:11,435 - database_manager - INFO - Verarbeite Datei 1255/2945: debates2013-11-12a.xml
2025-09-20 19:49:11,435 - database_manager - INFO - Parse debates XML-Datei: debates2013-11-12a.xml
2025-09-20 19:49:11,436 - database_manager - INFO - Debates XML erfolgreich geparst: 0 Debatten, 0 Reden, 0 Wörter
2025-09-20 19:49:11,436 - database_manager - INFO - Verarbeite Datei 1256/2945: debates2021-04-26c.xml
2025-09-20 19:49:11,436 - database_manager - INFO - Parse debates XML-Datei: debates2021-04-26c.xml
2025-09-20 19:49:11,437 - database_manager - INFO - Debates XML erfolgreich geparst: 0 Debatten, 0 Reden, 0 Wörter
2025-09-20 19:49:11,437 - database_manager - INFO - Verarbeite Datei 1257/2945: debates2012-06-13a.xml
2025-09-20 19:49:11,437 - database_manager - INFO - Parse debates XML-Datei: debates2012-06-13a.xml
2025-09-20 19:49:11,438 - database_manager - INFO - Debates XML erfolgreich geparst: 0 Debatten, 0 Reden, 0 Wörter
2025-09-20 19:49:11,438 - database_manager - INFO - Verarbeite Datei 1258/2945: debates2017-06-28a.xml
2025-09-20 19:49:11,438 - database_manager - INFO - Parse debates XML-Datei: debates2017-06-28a.xml
2025-09-20 19:49:11,439 - database_manager - INFO - Debates XML erfolgreich geparst: 0 Debatten, 0 Reden, 0 Wörter
2025-09-20 19:49:11,439 - database_manager - INFO - Verarbeite Datei 1259/2945: debates2020-07-09b.xml
2025-09-20 19:49:11,439 - database_manager - INFO - Parse debates XML-Datei: debates2020-07-09b.xml
2025-09-20 19:49:11,440 - database_manager - INFO - Debates XML erfolgreich geparst: 1 Debatten, 0 Reden, 0 Wörter
2025-09-20 19:49:11,440 - database_manager - INFO - Verarbeite Datei 1260/2945: debates2019-02-25c.xml
2025-09-20 19:49:11,440 - database_manager - INFO - Parse debates XML-Datei: debates2019-02-25c.xml
2025-09-20 19:49:11,441 - database_manager - INFO - Debates XML erfolgreich geparst: 0 Debatten, 0 Reden, 0 Wörter
2025-09-20 19:49:11,441 - database_manager - INFO - Verarbeite Datei 1261/2945: debates2013-10-29a.xml
2025-09-20 19:49:11,441 - database_manager - INFO - Parse debates XML-Datei: debates2013-10-29a.xml
2025-09-20 19:49:11,441 - database_manager - INFO - Debates XML erfolgreich geparst: 0 Debatten, 0 Reden, 0 Wörter
2025-09-20 19:49:11,441 - database_manager - INFO - Verarbeite Datei 1262/2945: debates2019-06-11a.xml
2025-09-20 19:49:11,441 - database_manager - INFO - Parse debates XML-Datei: debates2019-06-11a.xml
2025-09-20 19:49:11,453 - database_manager - INFO - Debates XML erfolgreich geparst: 16 Debatten, 0 Reden, 0 Wörter
2025-09-20 19:49:11,454 - database_manager - INFO - Verarbeite Datei 1263/2945: debates2016-10-12a.xml
2025-09-20 19:49:11,454 - database_manager - INFO - Parse debates XML-Datei: debates2016-10-12a.xml
2025-09-20 19:49:11,455 - database_manager - INFO - Debates XML erfolgreich geparst: 0 Debatten, 0 Reden, 0 Wörter
2025-09-20 19:49:11,455 - database_manager - INFO - Verarbeite Datei 1264/2945: debates2020-09-17b.xml
2025-09-20 19:49:11,455 - database_manager - INFO - Parse debates XML-Datei: debates2020-09-17b.xml
2025-09-20 19:49:11,469 - database_manager - INFO - Debates XML erfolgreich geparst: 21 Debatten, 0 Reden, 0 Wörter
2025-09-20 19:49:11,469 - database_manager - INFO - Verarbeite Datei 1265/2945: debates2013-02-14a.xml
2025-09-20 19:49:11,469 - database_manager - INFO - Parse debates XML-Datei: debates2013-02-14a.xml
2025-09-20 19:49:11,484 - database_manager - INFO - Debates XML erfolgreich geparst: 25 Debatten, 0 Reden, 0 Wörter
2025-09-20 19:49:11,484 - database_manager - INFO - Verarbeite Datei 1266/2945: debates2013-01-08b.xml
2025-09-20 19:49:11,484 - database_manager - INFO - Parse debates XML-Datei: debates2013-01-08b.xml
2025-09-20 19:49:11,502 - database_manager - INFO - Debates XML erfolgreich geparst: 25 Debatten, 0 Reden, 0 Wörter
2025-09-20 19:49:11,503 - database_manager - INFO - Verarbeite Datei 1267/2945: debates2020-10-21c.xml
2025-09-20 19:49:11,503 - database_manager - INFO - Parse debates XML-Datei: debates2020-10-21c.xml
2025-09-20 19:49:11,504 - database_manager - INFO - Debates XML erfolgreich geparst: 0 Debatten, 0 Reden, 0 Wörter
2025-09-20 19:49:11,504 - database_manager - INFO - Verarbeite Datei 1268/2945: debates2017-07-04e.xml
2025-09-20 19:49:11,504 - database_manager - INFO - Parse debates XML-Datei: debates2017-07-04e.xml
2025-09-20 19:49:11,519 - database_manager - INFO - Debates XML erfolgreich geparst: 20 Debatten, 0 Reden, 0 Wörter
2025-09-20 19:49:11,519 - database_manager - INFO - Verarbeite Datei 1269/2945: debates2021-02-23b.xml
2025-09-20 19:49:11,519 - database_manager - INFO - Parse debates XML-Datei: debates2021-02-23b.xml
2025-09-20 19:49:11,533 - database_manager - INFO - Debates XML erfolgreich geparst: 19 Debatten, 0 Reden, 0 Wörter
2025-09-20 19:49:11,534 - database_manager - INFO - Verarbeite Datei 1270/2945: debates2021-03-02a.xml
2025-09-20 19:49:11,534 - database_manager - INFO - Parse debates XML-Datei: debates2021-03-02a.xml
2025-09-20 19:49:11,535 - database_manager - INFO - Debates XML erfolgreich geparst: 0 Debatten, 0 Reden, 0 Wörter
2025-09-20 19:49:11,535 - database_manager - INFO - Verarbeite Datei 1271/2945: debates2017-07-05a.xml
2025-09-20 19:49:11,535 - database_manager - INFO - Parse debates XML-Datei: debates2017-07-05a.xml
2025-09-20 19:49:11,549 - database_manager - INFO - Debates XML erfolgreich geparst: 11 Debatten, 0 Reden, 0 Wörter
2025-09-20 19:49:11,549 - database_manager - INFO - Verarbeite Datei 1272/2945: debates2018-11-06a.xml
2025-09-20 19:49:11,550 - database_manager - INFO - Parse debates XML-Datei: debates2018-11-06a.xml
2025-09-20 19:49:11,550 - database_manager - INFO - Debates XML erfolgreich geparst: 0 Debatten, 0 Reden, 0 Wörter
2025-09-20 19:49:11,550 - database_manager - INFO - Verarbeite Datei 1273/2945: debates2013-11-04a.xml
2025-09-20 19:49:11,550 - database_manager - INFO - Parse debates XML-Datei: debates2013-11-04a.xml
2025-09-20 19:49:11,551 - database_manager - INFO - Debates XML erfolgreich geparst: 0 Debatten, 0 Reden, 0 Wörter
2025-09-20 19:49:11,551 - database_manager - INFO - Verarbeite Datei 1274/2945: debates2013-12-18b.xml
2025-09-20 19:49:11,551 - database_manager - INFO - Parse debates XML-Datei: debates2013-12-18b.xml
2025-09-20 19:49:11,568 - database_manager - INFO - Debates XML erfolgreich geparst: 11 Debatten, 0 Reden, 0 Wörter
2025-09-20 19:49:11,568 - database_manager - INFO - Verarbeite Datei 1275/2945: debates2020-06-24b.xml
2025-09-20 19:49:11,568 - database_manager - INFO - Parse debates XML-Datei: debates2020-06-24b.xml
2025-09-20 19:49:11,569 - database_manager - INFO - Debates XML erfolgreich geparst: 0 Debatten, 0 Reden, 0 Wörter
2025-09-20 19:49:11,569 - database_manager - INFO - Verarbeite Datei 1276/2945: debates2019-05-01a.xml
2025-09-20 19:49:11,569 - database_manager - INFO - Parse debates XML-Datei: debates2019-05-01a.xml
2025-09-20 19:49:11,570 - database_manager - INFO - Debates XML erfolgreich geparst: 0 Debatten, 0 Reden, 0 Wörter
2025-09-20 19:49:11,570 - database_manager - INFO - Verarbeite Datei 1277/2945: debates2020-02-11d.xml
2025-09-20 19:49:11,570 - database_manager - INFO - Parse debates XML-Datei: debates2020-02-11d.xml
2025-09-20 19:49:11,574 - database_manager - INFO - Debates XML erfolgreich geparst: 1 Debatten, 0 Reden, 0 Wörter
2025-09-20 19:49:11,574 - database_manager - INFO - Verarbeite Datei 1278/2945: debates2016-02-23b.xml
2025-09-20 19:49:11,574 - database_manager - INFO - Parse debates XML-Datei: debates2016-02-23b.xml
2025-09-20 19:49:11,590 - database_manager - INFO - Debates XML erfolgreich geparst: 22 Debatten, 0 Reden, 0 Wörter
2025-09-20 19:49:11,591 - database_manager - INFO - Verarbeite Datei 1279/2945: debates2016-03-02a.xml
2025-09-20 19:49:11,591 - database_manager - INFO - Parse debates XML-Datei: debates2016-03-02a.xml
2025-09-20 19:49:11,592 - database_manager - INFO - Debates XML erfolgreich geparst: 0 Debatten, 0 Reden, 0 Wörter
2025-09-20 19:49:11,593 - database_manager - INFO - Verarbeite Datei 1280/2945: debates2021-05-27b.xml
2025-09-20 19:49:11,593 - database_manager - INFO - Parse debates XML-Datei: debates2021-05-27b.xml
2025-09-20 19:49:11,593 - database_manager - INFO - Debates XML erfolgreich geparst: 0 Debatten, 0 Reden, 0 Wörter
2025-09-20 19:49:11,593 - database_manager - INFO - Verarbeite Datei 1281/2945: debates2017-11-20b.xml
2025-09-20 19:49:11,593 - database_manager - INFO - Parse debates XML-Datei: debates2017-11-20b.xml
2025-09-20 19:49:11,607 - database_manager - INFO - Debates XML erfolgreich geparst: 22 Debatten, 0 Reden, 0 Wörter
2025-09-20 19:49:11,607 - database_manager - INFO - Verarbeite Datei 1282/2945: debates2012-03-26b.xml
2025-09-20 19:49:11,607 - database_manager - INFO - Parse debates XML-Datei: debates2012-03-26b.xml
2025-09-20 19:49:11,627 - database_manager - INFO - Debates XML erfolgreich geparst: 20 Debatten, 0 Reden, 0 Wörter
2025-09-20 19:49:11,628 - database_manager - INFO - Verarbeite Datei 1283/2945: debates2012-02-07a.xml
2025-09-20 19:49:11,628 - database_manager - INFO - Parse debates XML-Datei: debates2012-02-07a.xml
2025-09-20 19:49:11,629 - database_manager - INFO - Debates XML erfolgreich geparst: 0 Debatten, 0 Reden, 0 Wörter
2025-09-20 19:49:11,629 - database_manager - INFO - Verarbeite Datei 1284/2945: debates2020-01-20b.xml
2025-09-20 19:49:11,629 - database_manager - INFO - Parse debates XML-Datei: debates2020-01-20b.xml
2025-09-20 19:49:11,630 - database_manager - INFO - Debates XML erfolgreich geparst: 0 Debatten, 0 Reden, 0 Wörter
2025-09-20 19:49:11,630 - database_manager - INFO - Verarbeite Datei 1285/2945: debates2019-02-05a.xml
2025-09-20 19:49:11,630 - database_manager - INFO - Parse debates XML-Datei: debates2019-02-05a.xml
2025-09-20 19:49:11,631 - database_manager - INFO - Debates XML erfolgreich geparst: 0 Debatten, 0 Reden, 0 Wörter
2025-09-20 19:49:11,631 - database_manager - INFO - Verarbeite Datei 1286/2945: debates2020-06-08c.xml
2025-09-20 19:49:11,631 - database_manager - INFO - Parse debates XML-Datei: debates2020-06-08c.xml
2025-09-20 19:49:11,645 - database_manager - INFO - Debates XML erfolgreich geparst: 21 Debatten, 0 Reden, 0 Wörter
2025-09-20 19:49:11,645 - database_manager - INFO - Verarbeite Datei 1287/2945: debates2020-10-01a.xml
2025-09-20 19:49:11,645 - database_manager - INFO - Parse debates XML-Datei: debates2020-10-01a.xml
2025-09-20 19:49:11,646 - database_manager - INFO - Debates XML erfolgreich geparst: 0 Debatten, 0 Reden, 0 Wörter
2025-09-20 19:49:11,646 - database_manager - INFO - Verarbeite Datei 1288/2945: debates2021-03-22c.xml
2025-09-20 19:49:11,646 - database_manager - INFO - Parse debates XML-Datei: debates2021-03-22c.xml
2025-09-20 19:49:11,647 - database_manager - INFO - Debates XML erfolgreich geparst: 0 Debatten, 0 Reden, 0 Wörter
2025-09-20 19:49:11,647 - database_manager - INFO - Verarbeite Datei 1289/2945: debates2015-06-18a.xml
2025-09-20 19:49:11,647 - database_manager - INFO - Parse debates XML-Datei: debates2015-06-18a.xml
2025-09-20 19:49:11,649 - database_manager - INFO - Debates XML erfolgreich geparst: 0 Debatten, 0 Reden, 0 Wörter
2025-09-20 19:49:11,649 - database_manager - INFO - Verarbeite Datei 1290/2945: debates2021-09-08a.xml
2025-09-20 19:49:11,649 - database_manager - INFO - Parse debates XML-Datei: debates2021-09-08a.xml
2025-09-20 19:49:11,650 - database_manager - INFO - Debates XML erfolgreich geparst: 0 Debatten, 0 Reden, 0 Wörter
2025-09-20 19:49:11,650 - database_manager - INFO - Verarbeite Datei 1291/2945: debates2012-01-17a.xml
2025-09-20 19:49:11,650 - database_manager - INFO - Parse debates XML-Datei: debates2012-01-17a.xml
2025-09-20 19:49:11,651 - database_manager - INFO - Debates XML erfolgreich geparst: 0 Debatten, 0 Reden, 0 Wörter
2025-09-20 19:49:11,651 - database_manager - INFO - Verarbeite Datei 1292/2945: debates2018-11-26c.xml
2025-09-20 19:49:11,651 - database_manager - INFO - Parse debates XML-Datei: debates2018-11-26c.xml
2025-09-20 19:49:11,665 - database_manager - INFO - Debates XML erfolgreich geparst: 21 Debatten, 0 Reden, 0 Wörter
2025-09-20 19:49:11,666 - database_manager - INFO - Verarbeite Datei 1293/2945: debates2012-05-23c.xml
2025-09-20 19:49:11,666 - database_manager - INFO - Parse debates XML-Datei: debates2012-05-23c.xml
2025-09-20 19:49:11,682 - database_manager - INFO - Debates XML erfolgreich geparst: 24 Debatten, 0 Reden, 0 Wörter
2025-09-20 19:49:11,682 - database_manager - INFO - Verarbeite Datei 1294/2945: debates2020-03-11a.xml
2025-09-20 19:49:11,682 - database_manager - INFO - Parse debates XML-Datei: debates2020-03-11a.xml
2025-09-20 19:49:11,684 - database_manager - INFO - Debates XML erfolgreich geparst: 0 Debatten, 0 Reden, 0 Wörter
2025-09-20 19:49:11,684 - database_manager - INFO - Verarbeite Datei 1295/2945: debates2016-09-08a.xml
2025-09-20 19:49:11,684 - database_manager - INFO - Parse debates XML-Datei: debates2016-09-08a.xml
2025-09-20 19:49:11,697 - database_manager - INFO - Debates XML erfolgreich geparst: 15 Debatten, 0 Reden, 0 Wörter
2025-09-20 19:49:11,698 - database_manager - INFO - Verarbeite Datei 1296/2945: debates2019-01-15a.xml
2025-09-20 19:49:11,698 - database_manager - INFO - Parse debates XML-Datei: debates2019-01-15a.xml
2025-09-20 19:49:11,699 - database_manager - INFO - Debates XML erfolgreich geparst: 0 Debatten, 0 Reden, 0 Wörter
2025-09-20 19:49:11,699 - database_manager - INFO - Verarbeite Datei 1297/2945: debates2019-03-28a.xml
2025-09-20 19:49:11,699 - database_manager - INFO - Parse debates XML-Datei: debates2019-03-28a.xml
2025-09-20 19:49:11,700 - database_manager - INFO - Debates XML erfolgreich geparst: 0 Debatten, 0 Reden, 0 Wörter
2025-09-20 19:49:11,700 - database_manager - INFO - Verarbeite Datei 1298/2945: debates2020-12-30b.xml
2025-09-20 19:49:11,700 - database_manager - INFO - Parse debates XML-Datei: debates2020-12-30b.xml
2025-09-20 19:49:11,722 - database_manager - INFO - Debates XML erfolgreich geparst: 1 Debatten, 0 Reden, 0 Wörter
2025-09-20 19:49:11,723 - database_manager - INFO - Verarbeite Datei 1299/2945: debates2013-05-10a.xml
2025-09-20 19:49:11,723 - database_manager - INFO - Parse debates XML-Datei: debates2013-05-10a.xml
2025-09-20 19:49:11,732 - database_manager - INFO - Debates XML erfolgreich geparst: 1 Debatten, 0 Reden, 0 Wörter
2025-09-20 19:49:11,732 - database_manager - INFO - Verarbeite Datei 1300/2945: debates2014-10-22a.xml
2025-09-20 19:49:11,732 - database_manager - INFO - Parse debates XML-Datei: debates2014-10-22a.xml
2025-09-20 19:49:11,747 - database_manager - INFO - Debates XML erfolgreich geparst: 18 Debatten, 0 Reden, 0 Wörter
2025-09-20 19:49:11,747 - database_manager - INFO - Verarbeite Datei 1301/2945: debates2020-05-18a.xml
2025-09-20 19:49:11,747 - database_manager - INFO - Parse debates XML-Datei: debates2020-05-18a.xml
2025-09-20 19:49:11,759 - database_manager - INFO - Debates XML erfolgreich geparst: 26 Debatten, 0 Reden, 0 Wörter
2025-09-20 19:49:11,760 - database_manager - INFO - Verarbeite Datei 1302/2945: debates2020-06-04b.xml
2025-09-20 19:49:11,760 - database_manager - INFO - Parse debates XML-Datei: debates2020-06-04b.xml
2025-09-20 19:49:11,760 - database_manager - INFO - Debates XML erfolgreich geparst: 1 Debatten, 0 Reden, 0 Wörter
2025-09-20 19:49:11,761 - database_manager - INFO - Verarbeite Datei 1303/2945: debates2019-05-21a.xml
2025-09-20 19:49:11,761 - database_manager - INFO - Parse debates XML-Datei: debates2019-05-21a.xml
2025-09-20 19:49:11,772 - database_manager - INFO - Debates XML erfolgreich geparst: 15 Debatten, 0 Reden, 0 Wörter
2025-09-20 19:49:11,772 - database_manager - INFO - Verarbeite Datei 1304/2945: debates2013-01-24a.xml
2025-09-20 19:49:11,772 - database_manager - INFO - Parse debates XML-Datei: debates2013-01-24a.xml
2025-09-20 19:49:11,787 - database_manager - INFO - Debates XML erfolgreich geparst: 23 Debatten, 0 Reden, 0 Wörter
2025-09-20 19:49:11,787 - database_manager - INFO - Verarbeite Datei 1305/2945: debates2013-03-19a.xml
2025-09-20 19:49:11,787 - database_manager - INFO - Parse debates XML-Datei: debates2013-03-19a.xml
2025-09-20 19:49:12,128 - database_manager - INFO - Debates XML erfolgreich geparst: 27 Debatten, 0 Reden, 0 Wörter
2025-09-20 19:49:12,128 - database_manager - INFO - Verarbeite Datei 1306/2945: debates2016-02-03b.xml
2025-09-20 19:49:12,128 - database_manager - INFO - Parse debates XML-Datei: debates2016-02-03b.xml
2025-09-20 19:49:12,145 - database_manager - INFO - Debates XML erfolgreich geparst: 13 Debatten, 0 Reden, 0 Wörter
2025-09-20 19:49:12,146 - database_manager - INFO - Verarbeite Datei 1307/2945: debates2016-03-22a.xml
2025-09-20 19:49:12,146 - database_manager - INFO - Parse debates XML-Datei: debates2016-03-22a.xml
2025-09-20 19:49:12,168 - database_manager - INFO - Debates XML erfolgreich geparst: 103 Debatten, 0 Reden, 0 Wörter
2025-09-20 19:49:12,169 - database_manager - INFO - Verarbeite Datei 1308/2945: debates2021-02-03b.xml
2025-09-20 19:49:12,169 - database_manager - INFO - Parse debates XML-Datei: debates2021-02-03b.xml
2025-09-20 19:49:12,183 - database_manager - INFO - Debates XML erfolgreich geparst: 12 Debatten, 0 Reden, 0 Wörter
2025-09-20 19:49:12,183 - database_manager - INFO - Verarbeite Datei 1309/2945: debates2021-03-22a.xml
2025-09-20 19:49:12,183 - database_manager - INFO - Parse debates XML-Datei: debates2021-03-22a.xml
2025-09-20 19:49:12,184 - database_manager - INFO - Debates XML erfolgreich geparst: 0 Debatten, 0 Reden, 0 Wörter
2025-09-20 19:49:12,185 - database_manager - INFO - Verarbeite Datei 1310/2945: debates2012-05-23a.xml
2025-09-20 19:49:12,185 - database_manager - INFO - Parse debates XML-Datei: debates2012-05-23a.xml
2025-09-20 19:49:12,185 - database_manager - INFO - Debates XML erfolgreich geparst: 0 Debatten, 0 Reden, 0 Wörter
2025-09-20 19:49:12,186 - database_manager - INFO - Verarbeite Datei 1311/2945: debates2021-12-03b.xml
2025-09-20 19:49:12,186 - database_manager - INFO - Parse debates XML-Datei: debates2021-12-03b.xml
2025-09-20 19:49:12,187 - database_manager - INFO - Debates XML erfolgreich geparst: 0 Debatten, 0 Reden, 0 Wörter
2025-09-20 19:49:12,187 - database_manager - INFO - Verarbeite Datei 1312/2945: debates2015-11-30b.xml
2025-09-20 19:49:12,187 - database_manager - INFO - Parse debates XML-Datei: debates2015-11-30b.xml
2025-09-20 19:49:12,188 - database_manager - INFO - Debates XML erfolgreich geparst: 0 Debatten, 0 Reden, 0 Wörter
2025-09-20 19:49:12,188 - database_manager - INFO - Verarbeite Datei 1313/2945: debates2018-11-26a.xml
2025-09-20 19:49:12,188 - database_manager - INFO - Parse debates XML-Datei: debates2018-11-26a.xml
2025-09-20 19:49:12,189 - database_manager - INFO - Debates XML erfolgreich geparst: 0 Debatten, 0 Reden, 0 Wörter
2025-09-20 19:49:12,189 - database_manager - INFO - Verarbeite Datei 1314/2945: debates2020-06-08a.xml
2025-09-20 19:49:12,189 - database_manager - INFO - Parse debates XML-Datei: debates2020-06-08a.xml
2025-09-20 19:49:12,190 - database_manager - INFO - Debates XML erfolgreich geparst: 0 Debatten, 0 Reden, 0 Wörter
2025-09-20 19:49:12,190 - database_manager - INFO - Verarbeite Datei 1315/2945: debates2013-11-28b.xml
2025-09-20 19:49:12,190 - database_manager - INFO - Parse debates XML-Datei: debates2013-11-28b.xml
2025-09-20 19:49:12,206 - database_manager - INFO - Debates XML erfolgreich geparst: 15 Debatten, 0 Reden, 0 Wörter
2025-09-20 19:49:12,206 - database_manager - INFO - Verarbeite Datei 1316/2945: debates2019-02-05c.xml
2025-09-20 19:49:12,206 - database_manager - INFO - Parse debates XML-Datei: debates2019-02-05c.xml
2025-09-20 19:49:12,207 - database_manager - INFO - Debates XML erfolgreich geparst: 0 Debatten, 0 Reden, 0 Wörter
2025-09-20 19:49:12,207 - database_manager - INFO - Verarbeite Datei 1317/2945: debates2013-10-09a.xml
2025-09-20 19:49:12,207 - database_manager - INFO - Parse debates XML-Datei: debates2013-10-09a.xml
2025-09-20 19:49:12,222 - database_manager - INFO - Debates XML erfolgreich geparst: 21 Debatten, 0 Reden, 0 Wörter
2025-09-20 19:49:12,223 - database_manager - INFO - Verarbeite Datei 1318/2945: debates2019-07-10b.xml
2025-09-20 19:49:12,223 - database_manager - INFO - Parse debates XML-Datei: debates2019-07-10b.xml
2025-09-20 19:49:12,224 - database_manager - INFO - Debates XML erfolgreich geparst: 0 Debatten, 0 Reden, 0 Wörter
2025-09-20 19:49:12,224 - database_manager - INFO - Verarbeite Datei 1319/2945: debates2013-01-28b.xml
2025-09-20 19:49:12,224 - database_manager - INFO - Parse debates XML-Datei: debates2013-01-28b.xml
2025-09-20 19:49:12,225 - database_manager - INFO - Debates XML erfolgreich geparst: 0 Debatten, 0 Reden, 0 Wörter
2025-09-20 19:49:12,225 - database_manager - INFO - Verarbeite Datei 1320/2945: debates2016-01-13b.xml
2025-09-20 19:49:12,225 - database_manager - INFO - Parse debates XML-Datei: debates2016-01-13b.xml
2025-09-20 19:49:12,225 - database_manager - INFO - Debates XML erfolgreich geparst: 1 Debatten, 0 Reden, 0 Wörter
2025-09-20 19:49:12,225 - database_manager - INFO - Verarbeite Datei 1321/2945: debates2020-10-01c.xml
2025-09-20 19:49:12,226 - database_manager - INFO - Parse debates XML-Datei: debates2020-10-01c.xml
2025-09-20 19:49:12,237 - database_manager - INFO - Debates XML erfolgreich geparst: 15 Debatten, 0 Reden, 0 Wörter
2025-09-20 19:49:12,238 - database_manager - INFO - Verarbeite Datei 1322/2945: debates2021-01-13b.xml
2025-09-20 19:49:12,238 - database_manager - INFO - Parse debates XML-Datei: debates2021-01-13b.xml
2025-09-20 19:49:12,256 - database_manager - INFO - Debates XML erfolgreich geparst: 23 Debatten, 0 Reden, 0 Wörter
2025-09-20 19:49:12,257 - database_manager - INFO - Verarbeite Datei 1323/2945: debates2012-07-12b.xml
2025-09-20 19:49:12,257 - database_manager - INFO - Parse debates XML-Datei: debates2012-07-12b.xml
2025-09-20 19:49:12,273 - database_manager - INFO - Debates XML erfolgreich geparst: 26 Debatten, 0 Reden, 0 Wörter
2025-09-20 19:49:12,274 - database_manager - INFO - Verarbeite Datei 1324/2945: debates2020-02-10b.xml
2025-09-20 19:49:12,274 - database_manager - INFO - Parse debates XML-Datei: debates2020-02-10b.xml
2025-09-20 19:49:12,287 - database_manager - INFO - Debates XML erfolgreich geparst: 72 Debatten, 0 Reden, 0 Wörter
2025-09-20 19:49:12,287 - database_manager - INFO - Verarbeite Datei 1325/2945: debates2019-05-01c.xml
2025-09-20 19:49:12,287 - database_manager - INFO - Parse debates XML-Datei: debates2019-05-01c.xml
2025-09-20 19:49:12,302 - database_manager - INFO - Debates XML erfolgreich geparst: 14 Debatten, 0 Reden, 0 Wörter
2025-09-20 19:49:12,302 - database_manager - INFO - Verarbeite Datei 1326/2945: debates2013-09-13a.xml
2025-09-20 19:49:12,302 - database_manager - INFO - Parse debates XML-Datei: debates2013-09-13a.xml
2025-09-20 19:49:12,310 - database_manager - INFO - Debates XML erfolgreich geparst: 3 Debatten, 0 Reden, 0 Wörter
2025-09-20 19:49:12,310 - database_manager - INFO - Verarbeite Datei 1327/2945: debates2014-01-23b.xml
2025-09-20 19:49:12,310 - database_manager - INFO - Parse debates XML-Datei: debates2014-01-23b.xml
2025-09-20 19:49:12,326 - database_manager - INFO - Debates XML erfolgreich geparst: 18 Debatten, 0 Reden, 0 Wörter
2025-09-20 19:49:12,326 - database_manager - INFO - Verarbeite Datei 1328/2945: debates2020-12-10b.xml
2025-09-20 19:49:12,326 - database_manager - INFO - Parse debates XML-Datei: debates2020-12-10b.xml
2025-09-20 19:49:12,342 - database_manager - INFO - Debates XML erfolgreich geparst: 21 Debatten, 0 Reden, 0 Wörter
2025-09-20 19:49:12,343 - database_manager - INFO - Verarbeite Datei 1329/2945: debates2021-06-17b.xml
2025-09-20 19:49:12,343 - database_manager - INFO - Parse debates XML-Datei: debates2021-06-17b.xml
2025-09-20 19:49:12,343 - database_manager - INFO - Debates XML erfolgreich geparst: 0 Debatten, 0 Reden, 0 Wörter
2025-09-20 19:49:12,343 - database_manager - INFO - Verarbeite Datei 1330/2945: debates2021-03-02c.xml
2025-09-20 19:49:12,343 - database_manager - INFO - Parse debates XML-Datei: debates2021-03-02c.xml
2025-09-20 19:49:12,357 - database_manager - INFO - Debates XML erfolgreich geparst: 18 Debatten, 0 Reden, 0 Wörter
2025-09-20 19:49:12,358 - database_manager - INFO - Verarbeite Datei 1331/2945: debates2015-09-07b.xml
2025-09-20 19:49:12,358 - database_manager - INFO - Parse debates XML-Datei: debates2015-09-07b.xml
2025-09-20 19:49:12,381 - database_manager - INFO - Debates XML erfolgreich geparst: 25 Debatten, 0 Reden, 0 Wörter
2025-09-20 19:49:12,382 - database_manager - INFO - Verarbeite Datei 1332/2945: debates2018-09-11a.xml
2025-09-20 19:49:12,382 - database_manager - INFO - Parse debates XML-Datei: debates2018-09-11a.xml
2025-09-20 19:49:12,383 - database_manager - INFO - Debates XML erfolgreich geparst: 0 Debatten, 0 Reden, 0 Wörter
2025-09-20 19:49:12,383 - database_manager - INFO - Verarbeite Datei 1333/2945: debates2019-03-04b.xml
2025-09-20 19:49:12,383 - database_manager - INFO - Parse debates XML-Datei: debates2019-03-04b.xml
2025-09-20 19:49:12,398 - database_manager - INFO - Debates XML erfolgreich geparst: 29 Debatten, 0 Reden, 0 Wörter
2025-09-20 19:49:12,398 - database_manager - INFO - Verarbeite Datei 1334/2945: debates2019-02-25a.xml
2025-09-20 19:49:12,398 - database_manager - INFO - Parse debates XML-Datei: debates2019-02-25a.xml
2025-09-20 19:49:12,399 - database_manager - INFO - Debates XML erfolgreich geparst: 0 Debatten, 0 Reden, 0 Wörter
2025-09-20 19:49:12,399 - database_manager - INFO - Verarbeite Datei 1335/2945: debates2014-03-12a.xml
2025-09-20 19:49:12,399 - database_manager - INFO - Parse debates XML-Datei: debates2014-03-12a.xml
2025-09-20 19:49:12,409 - database_manager - INFO - Debates XML erfolgreich geparst: 20 Debatten, 0 Reden, 0 Wörter
2025-09-20 19:49:12,410 - database_manager - INFO - Verarbeite Datei 1336/2945: debates2013-06-20a.xml
2025-09-20 19:49:12,410 - database_manager - INFO - Parse debates XML-Datei: debates2013-06-20a.xml
2025-09-20 19:49:12,410 - database_manager - INFO - Debates XML erfolgreich geparst: 0 Debatten, 0 Reden, 0 Wörter
2025-09-20 19:49:12,410 - database_manager - INFO - Verarbeite Datei 1337/2945: debates2020-10-21a.xml
2025-09-20 19:49:12,410 - database_manager - INFO - Parse debates XML-Datei: debates2020-10-21a.xml
2025-09-20 19:49:12,412 - database_manager - INFO - Debates XML erfolgreich geparst: 0 Debatten, 0 Reden, 0 Wörter
2025-09-20 19:49:12,412 - database_manager - INFO - Verarbeite Datei 1338/2945: debates2016-04-26a.xml
2025-09-20 19:49:12,412 - database_manager - INFO - Parse debates XML-Datei: debates2016-04-26a.xml
2025-09-20 19:49:12,427 - database_manager - INFO - Debates XML erfolgreich geparst: 24 Debatten, 0 Reden, 0 Wörter
2025-09-20 19:49:12,428 - database_manager - INFO - Verarbeite Datei 1339/2945: debates2021-04-26a.xml
2025-09-20 19:49:12,428 - database_manager - INFO - Parse debates XML-Datei: debates2021-04-26a.xml
2025-09-20 19:49:12,429 - database_manager - INFO - Debates XML erfolgreich geparst: 0 Debatten, 0 Reden, 0 Wörter
2025-09-20 19:49:12,429 - database_manager - INFO - Verarbeite Datei 1340/2945: debates2015-05-28a.xml
2025-09-20 19:49:12,429 - database_manager - INFO - Parse debates XML-Datei: debates2015-05-28a.xml
2025-09-20 19:49:12,430 - database_manager - INFO - Debates XML erfolgreich geparst: 0 Debatten, 0 Reden, 0 Wörter
2025-09-20 19:49:12,430 - database_manager - INFO - Verarbeite Datei 1341/2945: debates2015-07-15a.xml
2025-09-20 19:49:12,430 - database_manager - INFO - Parse debates XML-Datei: debates2015-07-15a.xml
2025-09-20 19:49:12,450 - database_manager - INFO - Debates XML erfolgreich geparst: 18 Debatten, 0 Reden, 0 Wörter
2025-09-20 19:49:12,451 - database_manager - INFO - Verarbeite Datei 1342/2945: debates2018-07-03b.xml
2025-09-20 19:49:12,451 - database_manager - INFO - Parse debates XML-Datei: debates2018-07-03b.xml
2025-09-20 19:49:12,452 - database_manager - INFO - Debates XML erfolgreich geparst: 0 Debatten, 0 Reden, 0 Wörter
2025-09-20 19:49:12,452 - database_manager - INFO - Verarbeite Datei 1343/2945: debates2017-06-28c.xml
2025-09-20 19:49:12,452 - database_manager - INFO - Parse debates XML-Datei: debates2017-06-28c.xml
2025-09-20 19:49:12,453 - database_manager - INFO - Debates XML erfolgreich geparst: 0 Debatten, 0 Reden, 0 Wörter
2025-09-20 19:49:12,454 - database_manager - INFO - Verarbeite Datei 1344/2945: debates2012-02-27a.xml
2025-09-20 19:49:12,454 - database_manager - INFO - Parse debates XML-Datei: debates2012-02-27a.xml
2025-09-20 19:49:12,468 - database_manager - INFO - Debates XML erfolgreich geparst: 24 Debatten, 0 Reden, 0 Wörter
2025-09-20 19:49:12,468 - database_manager - INFO - Verarbeite Datei 1345/2945: debates2016-07-20a.xml
2025-09-20 19:49:12,468 - database_manager - INFO - Parse debates XML-Datei: debates2016-07-20a.xml
2025-09-20 19:49:12,470 - database_manager - INFO - Debates XML erfolgreich geparst: 1 Debatten, 0 Reden, 0 Wörter
2025-09-20 19:49:12,470 - database_manager - INFO - Verarbeite Datei 1346/2945: debates2014-10-14a.xml
2025-09-20 19:49:12,470 - database_manager - INFO - Parse debates XML-Datei: debates2014-10-14a.xml
2025-09-20 19:49:12,471 - database_manager - INFO - Debates XML erfolgreich geparst: 0 Debatten, 0 Reden, 0 Wörter
2025-09-20 19:49:12,471 - database_manager - INFO - Verarbeite Datei 1347/2945: debates2019-10-02b.xml
2025-09-20 19:49:12,471 - database_manager - INFO - Parse debates XML-Datei: debates2019-10-02b.xml
2025-09-20 19:49:12,485 - database_manager - INFO - Debates XML erfolgreich geparst: 10 Debatten, 0 Reden, 0 Wörter
2025-09-20 19:49:12,485 - database_manager - INFO - Verarbeite Datei 1348/2945: debates2013-11-12c.xml
2025-09-20 19:49:12,485 - database_manager - INFO - Parse debates XML-Datei: debates2013-11-12c.xml
2025-09-20 19:49:12,486 - database_manager - INFO - Debates XML erfolgreich geparst: 0 Debatten, 0 Reden, 0 Wörter
2025-09-20 19:49:12,486 - database_manager - INFO - Verarbeite Datei 1349/2945: debates2019-01-23a.xml
2025-09-20 19:49:12,486 - database_manager - INFO - Parse debates XML-Datei: debates2019-01-23a.xml
2025-09-20 19:49:12,487 - database_manager - INFO - Debates XML erfolgreich geparst: 0 Debatten, 0 Reden, 0 Wörter
2025-09-20 19:49:12,488 - database_manager - INFO - Verarbeite Datei 1350/2945: debates2013-09-05a.xml
2025-09-20 19:49:12,488 - database_manager - INFO - Parse debates XML-Datei: debates2013-09-05a.xml
2025-09-20 19:49:12,488 - database_manager - INFO - Debates XML erfolgreich geparst: 0 Debatten, 0 Reden, 0 Wörter
2025-09-20 19:49:12,488 - database_manager - INFO - Verarbeite Datei 1351/2945: debates2020-02-06b.xml
2025-09-20 19:49:12,488 - database_manager - INFO - Parse debates XML-Datei: debates2020-02-06b.xml
2025-09-20 19:49:12,490 - database_manager - INFO - Debates XML erfolgreich geparst: 1 Debatten, 0 Reden, 0 Wörter
2025-09-20 19:49:12,490 - database_manager - INFO - Verarbeite Datei 1352/2945: debates2012-05-15c.xml
2025-09-20 19:49:12,490 - database_manager - INFO - Parse debates XML-Datei: debates2012-05-15c.xml
2025-09-20 19:49:12,505 - database_manager - INFO - Debates XML erfolgreich geparst: 22 Debatten, 0 Reden, 0 Wörter
2025-09-20 19:49:12,505 - database_manager - INFO - Verarbeite Datei 1353/2945: debates2017-02-06b.xml
2025-09-20 19:49:12,505 - database_manager - INFO - Parse debates XML-Datei: debates2017-02-06b.xml
2025-09-20 19:49:12,527 - database_manager - INFO - Debates XML erfolgreich geparst: 26 Debatten, 0 Reden, 0 Wörter
2025-09-20 19:49:12,528 - database_manager - INFO - Verarbeite Datei 1354/2945: debates2017-03-27a.xml
2025-09-20 19:49:12,528 - database_manager - INFO - Parse debates XML-Datei: debates2017-03-27a.xml
2025-09-20 19:49:12,538 - database_manager - INFO - Debates XML erfolgreich geparst: 27 Debatten, 0 Reden, 0 Wörter
2025-09-20 19:49:12,539 - database_manager - INFO - Verarbeite Datei 1355/2945: debates2017-12-06b.xml
2025-09-20 19:49:12,539 - database_manager - INFO - Parse debates XML-Datei: debates2017-12-06b.xml
2025-09-20 19:49:12,556 - database_manager - INFO - Debates XML erfolgreich geparst: 21 Debatten, 0 Reden, 0 Wörter
2025-09-20 19:49:12,557 - database_manager - INFO - Verarbeite Datei 1356/2945: debates2018-07-19a.xml
2025-09-20 19:49:12,557 - database_manager - INFO - Parse debates XML-Datei: debates2018-07-19a.xml
2025-09-20 19:49:12,558 - database_manager - INFO - Debates XML erfolgreich geparst: 0 Debatten, 0 Reden, 0 Wörter
2025-09-20 19:49:12,558 - database_manager - INFO - Verarbeite Datei 1357/2945: debates2018-05-24a.xml
2025-09-20 19:49:12,558 - database_manager - INFO - Parse debates XML-Datei: debates2018-05-24a.xml
2025-09-20 19:49:12,570 - database_manager - INFO - Debates XML erfolgreich geparst: 16 Debatten, 0 Reden, 0 Wörter
2025-09-20 19:49:12,570 - database_manager - INFO - Verarbeite Datei 1358/2945: debates2012-11-21a.xml
2025-09-20 19:49:12,570 - database_manager - INFO - Parse debates XML-Datei: debates2012-11-21a.xml
2025-09-20 19:49:12,584 - database_manager - INFO - Debates XML erfolgreich geparst: 17 Debatten, 0 Reden, 0 Wörter
2025-09-20 19:49:12,585 - database_manager - INFO - Verarbeite Datei 1359/2945: debates2021-07-20a.xml
2025-09-20 19:49:12,585 - database_manager - INFO - Parse debates XML-Datei: debates2021-07-20a.xml
2025-09-20 19:49:12,586 - database_manager - INFO - Debates XML erfolgreich geparst: 0 Debatten, 0 Reden, 0 Wörter
2025-09-20 19:49:12,586 - database_manager - INFO - Verarbeite Datei 1360/2945: debates2016-05-11b.xml
2025-09-20 19:49:12,586 - database_manager - INFO - Parse debates XML-Datei: debates2016-05-11b.xml
2025-09-20 19:49:12,595 - database_manager - INFO - Debates XML erfolgreich geparst: 8 Debatten, 0 Reden, 0 Wörter
2025-09-20 19:49:12,595 - database_manager - INFO - Verarbeite Datei 1361/2945: debates2020-11-16b.xml
2025-09-20 19:49:12,595 - database_manager - INFO - Parse debates XML-Datei: debates2020-11-16b.xml
2025-09-20 19:49:12,598 - database_manager - INFO - Debates XML erfolgreich geparst: 0 Debatten, 0 Reden, 0 Wörter
2025-09-20 19:49:12,598 - database_manager - INFO - Verarbeite Datei 1362/2945: debates2013-07-17b.xml
2025-09-20 19:49:12,598 - database_manager - INFO - Parse debates XML-Datei: debates2013-07-17b.xml
2025-09-20 19:49:12,622 - database_manager - INFO - Debates XML erfolgreich geparst: 32 Debatten, 0 Reden, 0 Wörter
2025-09-20 19:49:12,623 - database_manager - INFO - Verarbeite Datei 1363/2945: debates2014-02-25b.xml
2025-09-20 19:49:12,623 - database_manager - INFO - Parse debates XML-Datei: debates2014-02-25b.xml
2025-09-20 19:49:12,623 - database_manager - INFO - Debates XML erfolgreich geparst: 0 Debatten, 0 Reden, 0 Wörter
2025-09-20 19:49:12,623 - database_manager - INFO - Verarbeite Datei 1364/2945: debates2014-03-04a.xml
2025-09-20 19:49:12,623 - database_manager - INFO - Parse debates XML-Datei: debates2014-03-04a.xml
2025-09-20 19:49:12,638 - database_manager - INFO - Debates XML erfolgreich geparst: 30 Debatten, 0 Reden, 0 Wörter
2025-09-20 19:49:12,639 - database_manager - INFO - Verarbeite Datei 1365/2945: debates2019-03-12b.xml
2025-09-20 19:49:12,639 - database_manager - INFO - Parse debates XML-Datei: debates2019-03-12b.xml
2025-09-20 19:49:12,640 - database_manager - INFO - Debates XML erfolgreich geparst: 0 Debatten, 0 Reden, 0 Wörter
2025-09-20 19:49:12,640 - database_manager - INFO - Verarbeite Datei 1366/2945: debates2020-01-16b.xml
2025-09-20 19:49:12,640 - database_manager - INFO - Parse debates XML-Datei: debates2020-01-16b.xml
2025-09-20 19:49:12,641 - database_manager - INFO - Debates XML erfolgreich geparst: 0 Debatten, 0 Reden, 0 Wörter
2025-09-20 19:49:12,641 - database_manager - INFO - Verarbeite Datei 1367/2945: debates2013-09-09b.xml
2025-09-20 19:49:12,641 - database_manager - INFO - Parse debates XML-Datei: debates2013-09-09b.xml
2025-09-20 19:49:12,658 - database_manager - INFO - Debates XML erfolgreich geparst: 31 Debatten, 0 Reden, 0 Wörter
2025-09-20 19:49:12,658 - database_manager - INFO - Verarbeite Datei 1368/2945: debates2017-01-16b.xml
2025-09-20 19:49:12,658 - database_manager - INFO - Parse debates XML-Datei: debates2017-01-16b.xml
2025-09-20 19:49:12,659 - database_manager - INFO - Debates XML erfolgreich geparst: 0 Debatten, 0 Reden, 0 Wörter
2025-09-20 19:49:12,659 - database_manager - INFO - Verarbeite Datei 1369/2945: debates2015-06-22b.xml
2025-09-20 19:49:12,659 - database_manager - INFO - Parse debates XML-Datei: debates2015-06-22b.xml
2025-09-20 19:49:12,674 - database_manager - INFO - Debates XML erfolgreich geparst: 15 Debatten, 0 Reden, 0 Wörter
2025-09-20 19:49:12,675 - database_manager - INFO - Verarbeite Datei 1370/2945: debates2021-05-11b.xml
2025-09-20 19:49:12,675 - database_manager - INFO - Parse debates XML-Datei: debates2021-05-11b.xml
2025-09-20 19:49:12,686 - database_manager - INFO - Debates XML erfolgreich geparst: 2 Debatten, 0 Reden, 0 Wörter
2025-09-20 19:49:12,687 - database_manager - INFO - Verarbeite Datei 1371/2945: debates2018-10-11b.xml
2025-09-20 19:49:12,687 - database_manager - INFO - Parse debates XML-Datei: debates2018-10-11b.xml
2025-09-20 19:49:12,700 - database_manager - INFO - Debates XML erfolgreich geparst: 19 Debatten, 0 Reden, 0 Wörter
2025-09-20 19:49:12,700 - database_manager - INFO - Verarbeite Datei 1372/2945: debates2015-11-26b.xml
2025-09-20 19:49:12,700 - database_manager - INFO - Parse debates XML-Datei: debates2015-11-26b.xml
2025-09-20 19:49:12,701 - database_manager - INFO - Debates XML erfolgreich geparst: 0 Debatten, 0 Reden, 0 Wörter
2025-09-20 19:49:12,701 - database_manager - INFO - Verarbeite Datei 1373/2945: debates2018-04-24d.xml
2025-09-20 19:49:12,701 - database_manager - INFO - Parse debates XML-Datei: debates2018-04-24d.xml
2025-09-20 19:49:12,717 - database_manager - INFO - Debates XML erfolgreich geparst: 39 Debatten, 0 Reden, 0 Wörter
2025-09-20 19:49:12,717 - database_manager - INFO - Verarbeite Datei 1374/2945: debates2021-11-09a.xml
2025-09-20 19:49:12,717 - database_manager - INFO - Parse debates XML-Datei: debates2021-11-09a.xml
2025-09-20 19:49:12,718 - database_manager - INFO - Debates XML erfolgreich geparst: 0 Debatten, 0 Reden, 0 Wörter
2025-09-20 19:49:12,718 - database_manager - INFO - Verarbeite Datei 1375/2945: debates2015-01-26b.xml
2025-09-20 19:49:12,718 - database_manager - INFO - Parse debates XML-Datei: debates2015-01-26b.xml
2025-09-20 19:49:12,719 - database_manager - INFO - Debates XML erfolgreich geparst: 0 Debatten, 0 Reden, 0 Wörter
2025-09-20 19:49:12,719 - database_manager - INFO - Verarbeite Datei 1376/2945: debates2018-01-30a.xml
2025-09-20 19:49:12,719 - database_manager - INFO - Parse debates XML-Datei: debates2018-01-30a.xml
2025-09-20 19:49:12,734 - database_manager - INFO - Debates XML erfolgreich geparst: 22 Debatten, 0 Reden, 0 Wörter
2025-09-20 19:49:12,735 - database_manager - INFO - Verarbeite Datei 1377/2945: debates2016-01-05b.xml
2025-09-20 19:49:12,735 - database_manager - INFO - Parse debates XML-Datei: debates2016-01-05b.xml
2025-09-20 19:49:12,736 - database_manager - INFO - Debates XML erfolgreich geparst: 0 Debatten, 0 Reden, 0 Wörter
2025-09-20 19:49:12,736 - database_manager - INFO - Verarbeite Datei 1378/2945: debates2020-09-21b.xml
2025-09-20 19:49:12,736 - database_manager - INFO - Parse debates XML-Datei: debates2020-09-21b.xml
2025-09-20 19:49:12,737 - database_manager - INFO - Debates XML erfolgreich geparst: 0 Debatten, 0 Reden, 0 Wörter
2025-09-20 19:49:12,737 - database_manager - INFO - Verarbeite Datei 1379/2945: debates2016-12-19a.xml
2025-09-20 19:49:12,737 - database_manager - INFO - Parse debates XML-Datei: debates2016-12-19a.xml
2025-09-20 19:49:12,738 - database_manager - INFO - Debates XML erfolgreich geparst: 0 Debatten, 0 Reden, 0 Wörter
2025-09-20 19:49:12,738 - database_manager - INFO - Verarbeite Datei 1380/2945: debates2016-10-24a.xml
2025-09-20 19:49:12,738 - database_manager - INFO - Parse debates XML-Datei: debates2016-10-24a.xml
2025-09-20 19:49:12,752 - database_manager - INFO - Debates XML erfolgreich geparst: 22 Debatten, 0 Reden, 0 Wörter
2025-09-20 19:49:12,752 - database_manager - INFO - Verarbeite Datei 1381/2945: debates2014-07-10a.xml
2025-09-20 19:49:12,752 - database_manager - INFO - Parse debates XML-Datei: debates2014-07-10a.xml
2025-09-20 19:49:12,753 - database_manager - INFO - Debates XML erfolgreich geparst: 0 Debatten, 0 Reden, 0 Wörter
2025-09-20 19:49:12,753 - database_manager - INFO - Verarbeite Datei 1382/2945: debates2019-06-27a.xml
2025-09-20 19:49:12,753 - database_manager - INFO - Parse debates XML-Datei: debates2019-06-27a.xml
2025-09-20 19:49:12,754 - database_manager - INFO - Debates XML erfolgreich geparst: 0 Debatten, 0 Reden, 0 Wörter
2025-09-20 19:49:12,754 - database_manager - INFO - Verarbeite Datei 1383/2945: debates2019-02-13c.xml
2025-09-20 19:49:12,754 - database_manager - INFO - Parse debates XML-Datei: debates2019-02-13c.xml
2025-09-20 19:49:12,768 - database_manager - INFO - Debates XML erfolgreich geparst: 15 Debatten, 0 Reden, 0 Wörter
2025-09-20 19:49:12,769 - database_manager - INFO - Verarbeite Datei 1384/2945: debates2018-12-20a.xml
2025-09-20 19:49:12,769 - database_manager - INFO - Parse debates XML-Datei: debates2018-12-20a.xml
2025-09-20 19:49:12,770 - database_manager - INFO - Debates XML erfolgreich geparst: 0 Debatten, 0 Reden, 0 Wörter
2025-09-20 19:49:12,770 - database_manager - INFO - Verarbeite Datei 1385/2945: debates2015-06-03d.xml
2025-09-20 19:49:12,770 - database_manager - INFO - Parse debates XML-Datei: debates2015-06-03d.xml
2025-09-20 19:49:12,785 - database_manager - INFO - Debates XML erfolgreich geparst: 17 Debatten, 0 Reden, 0 Wörter
2025-09-20 19:49:12,786 - database_manager - INFO - Verarbeite Datei 1386/2945: debates2012-04-18a.xml
2025-09-20 19:49:12,786 - database_manager - INFO - Parse debates XML-Datei: debates2012-04-18a.xml
2025-09-20 19:49:12,806 - database_manager - INFO - Debates XML erfolgreich geparst: 26 Debatten, 0 Reden, 0 Wörter
2025-09-20 19:49:12,807 - database_manager - INFO - Verarbeite Datei 1387/2945: debates2012-06-25a.xml
2025-09-20 19:49:12,807 - database_manager - INFO - Parse debates XML-Datei: debates2012-06-25a.xml
2025-09-20 19:49:12,822 - database_manager - INFO - Debates XML erfolgreich geparst: 47 Debatten, 0 Reden, 0 Wörter
2025-09-20 19:49:12,822 - database_manager - INFO - Verarbeite Datei 1388/2945: debates2018-03-01b.xml
2025-09-20 19:49:12,822 - database_manager - INFO - Parse debates XML-Datei: debates2018-03-01b.xml
2025-09-20 19:49:12,834 - database_manager - INFO - Debates XML erfolgreich geparst: 17 Debatten, 0 Reden, 0 Wörter
2025-09-20 19:49:12,835 - database_manager - INFO - Verarbeite Datei 1389/2945: debates2018-02-20a.xml
2025-09-20 19:49:12,835 - database_manager - INFO - Parse debates XML-Datei: debates2018-02-20a.xml
2025-09-20 19:49:12,836 - database_manager - INFO - Debates XML erfolgreich geparst: 0 Debatten, 0 Reden, 0 Wörter
2025-09-20 19:49:12,836 - database_manager - INFO - Verarbeite Datei 1390/2945: debates2015-03-17a.xml
2025-09-20 19:49:12,836 - database_manager - INFO - Parse debates XML-Datei: debates2015-03-17a.xml
2025-09-20 19:49:12,837 - database_manager - INFO - Debates XML erfolgreich geparst: 0 Debatten, 0 Reden, 0 Wörter
2025-09-20 19:49:12,837 - database_manager - INFO - Verarbeite Datei 1391/2945: debates2018-06-14c.xml
2025-09-20 19:49:12,837 - database_manager - INFO - Parse debates XML-Datei: debates2018-06-14c.xml
2025-09-20 19:49:12,851 - database_manager - INFO - Debates XML erfolgreich geparst: 15 Debatten, 0 Reden, 0 Wörter
2025-09-20 19:49:12,852 - database_manager - INFO - Verarbeite Datei 1392/2945: debates2018-05-08a.xml
2025-09-20 19:49:12,852 - database_manager - INFO - Parse debates XML-Datei: debates2018-05-08a.xml
2025-09-20 19:49:12,853 - database_manager - INFO - Debates XML erfolgreich geparst: 0 Debatten, 0 Reden, 0 Wörter
2025-09-20 19:49:12,853 - database_manager - INFO - Verarbeite Datei 1393/2945: debates2018-06-14b.xml
2025-09-20 19:49:12,853 - database_manager - INFO - Parse debates XML-Datei: debates2018-06-14b.xml
2025-09-20 19:49:12,853 - database_manager - INFO - Debates XML erfolgreich geparst: 0 Debatten, 0 Reden, 0 Wörter
2025-09-20 19:49:12,853 - database_manager - INFO - Verarbeite Datei 1394/2945: debates2015-06-02a.xml
2025-09-20 19:49:12,853 - database_manager - INFO - Parse debates XML-Datei: debates2015-06-02a.xml
2025-09-20 19:49:12,854 - database_manager - INFO - Debates XML erfolgreich geparst: 0 Debatten, 0 Reden, 0 Wörter
2025-09-20 19:49:12,854 - database_manager - INFO - Verarbeite Datei 1395/2945: debates2017-10-17b.xml
2025-09-20 19:49:12,854 - database_manager - INFO - Parse debates XML-Datei: debates2017-10-17b.xml
2025-09-20 19:49:12,867 - database_manager - INFO - Debates XML erfolgreich geparst: 17 Debatten, 0 Reden, 0 Wörter
2025-09-20 19:49:12,867 - database_manager - INFO - Verarbeite Datei 1396/2945: debates2014-02-05a.xml
2025-09-20 19:49:12,867 - database_manager - INFO - Parse debates XML-Datei: debates2014-02-05a.xml
2025-09-20 19:49:12,882 - database_manager - INFO - Debates XML erfolgreich geparst: 19 Debatten, 0 Reden, 0 Wörter
2025-09-20 19:49:12,883 - database_manager - INFO - Verarbeite Datei 1397/2945: debates2016-09-12a.xml
2025-09-20 19:49:12,883 - database_manager - INFO - Parse debates XML-Datei: debates2016-09-12a.xml
2025-09-20 19:49:12,884 - database_manager - INFO - Debates XML erfolgreich geparst: 0 Debatten, 0 Reden, 0 Wörter
2025-09-20 19:49:12,884 - database_manager - INFO - Verarbeite Datei 1398/2945: debates2014-03-24b.xml
2025-09-20 19:49:12,884 - database_manager - INFO - Parse debates XML-Datei: debates2014-03-24b.xml
2025-09-20 19:49:12,899 - database_manager - INFO - Debates XML erfolgreich geparst: 21 Debatten, 0 Reden, 0 Wörter
2025-09-20 19:49:12,899 - database_manager - INFO - Verarbeite Datei 1399/2945: debates2019-02-13b.xml
2025-09-20 19:49:12,899 - database_manager - INFO - Parse debates XML-Datei: debates2019-02-13b.xml
2025-09-20 19:49:12,900 - database_manager - INFO - Debates XML erfolgreich geparst: 0 Debatten, 0 Reden, 0 Wörter
2025-09-20 19:49:12,900 - database_manager - INFO - Verarbeite Datei 1400/2945: debates2016-01-05c.xml
2025-09-20 19:49:12,900 - database_manager - INFO - Parse debates XML-Datei: debates2016-01-05c.xml
2025-09-20 19:49:12,902 - database_manager - INFO - Debates XML erfolgreich geparst: 7 Debatten, 0 Reden, 0 Wörter
2025-09-20 19:49:12,902 - database_manager - INFO - Verarbeite Datei 1401/2945: debates2020-09-21c.xml
2025-09-20 19:49:12,902 - database_manager - INFO - Parse debates XML-Datei: debates2020-09-21c.xml
2025-09-20 19:49:12,902 - database_manager - INFO - Debates XML erfolgreich geparst: 0 Debatten, 0 Reden, 0 Wörter
2025-09-20 19:49:12,902 - database_manager - INFO - Verarbeite Datei 1402/2945: debates2014-12-05a.xml
2025-09-20 19:49:12,902 - database_manager - INFO - Parse debates XML-Datei: debates2014-12-05a.xml
2025-09-20 19:49:12,911 - database_manager - INFO - Debates XML erfolgreich geparst: 8 Debatten, 0 Reden, 0 Wörter
2025-09-20 19:49:12,911 - database_manager - INFO - Verarbeite Datei 1403/2945: debates2021-06-21a.xml
2025-09-20 19:49:12,911 - database_manager - INFO - Parse debates XML-Datei: debates2021-06-21a.xml
2025-09-20 19:49:12,913 - database_manager - INFO - Debates XML erfolgreich geparst: 0 Debatten, 0 Reden, 0 Wörter
2025-09-20 19:49:12,913 - database_manager - INFO - Verarbeite Datei 1404/2945: debates2015-01-26c.xml
2025-09-20 19:49:12,913 - database_manager - INFO - Parse debates XML-Datei: debates2015-01-26c.xml
2025-09-20 19:49:12,914 - database_manager - INFO - Debates XML erfolgreich geparst: 0 Debatten, 0 Reden, 0 Wörter
2025-09-20 19:49:12,914 - database_manager - INFO - Verarbeite Datei 1405/2945: debates2018-06-18a.xml
2025-09-20 19:49:12,914 - database_manager - INFO - Parse debates XML-Datei: debates2018-06-18a.xml
2025-09-20 19:49:12,915 - database_manager - INFO - Debates XML erfolgreich geparst: 0 Debatten, 0 Reden, 0 Wörter
2025-09-20 19:49:12,915 - database_manager - INFO - Verarbeite Datei 1406/2945: debates2018-04-25a.xml
2025-09-20 19:49:12,915 - database_manager - INFO - Parse debates XML-Datei: debates2018-04-25a.xml
2025-09-20 19:49:12,916 - database_manager - INFO - Debates XML erfolgreich geparst: 0 Debatten, 0 Reden, 0 Wörter
2025-09-20 19:49:12,916 - database_manager - INFO - Verarbeite Datei 1407/2945: debates2015-11-26c.xml
2025-09-20 19:49:12,916 - database_manager - INFO - Parse debates XML-Datei: debates2015-11-26c.xml
2025-09-20 19:49:12,931 - database_manager - INFO - Debates XML erfolgreich geparst: 23 Debatten, 0 Reden, 0 Wörter
2025-09-20 19:49:12,932 - database_manager - INFO - Verarbeite Datei 1408/2945: debates2020-02-26a.xml
2025-09-20 19:49:12,932 - database_manager - INFO - Parse debates XML-Datei: debates2020-02-26a.xml
2025-09-20 19:49:12,933 - database_manager - INFO - Debates XML erfolgreich geparst: 0 Debatten, 0 Reden, 0 Wörter
2025-09-20 19:49:12,933 - database_manager - INFO - Verarbeite Datei 1409/2945: debates2014-01-15a.xml
2025-09-20 19:49:12,933 - database_manager - INFO - Parse debates XML-Datei: debates2014-01-15a.xml
2025-09-20 19:49:12,948 - database_manager - INFO - Debates XML erfolgreich geparst: 12 Debatten, 0 Reden, 0 Wörter
2025-09-20 19:49:12,948 - database_manager - INFO - Verarbeite Datei 1410/2945: debates2019-10-22a.xml
2025-09-20 19:49:12,948 - database_manager - INFO - Parse debates XML-Datei: debates2019-10-22a.xml
2025-09-20 19:49:12,950 - database_manager - INFO - Debates XML erfolgreich geparst: 0 Debatten, 0 Reden, 0 Wörter
2025-09-20 19:49:12,950 - database_manager - INFO - Verarbeite Datei 1411/2945: debates2021-03-18a.xml
2025-09-20 19:49:12,950 - database_manager - INFO - Parse debates XML-Datei: debates2021-03-18a.xml
2025-09-20 19:49:12,950 - database_manager - INFO - Debates XML erfolgreich geparst: 0 Debatten, 0 Reden, 0 Wörter
2025-09-20 19:49:12,950 - database_manager - INFO - Verarbeite Datei 1412/2945: debates2021-01-25a.xml
2025-09-20 19:49:12,950 - database_manager - INFO - Parse debates XML-Datei: debates2021-01-25a.xml
2025-09-20 19:49:12,951 - database_manager - INFO - Debates XML erfolgreich geparst: 0 Debatten, 0 Reden, 0 Wörter
2025-09-20 19:49:12,951 - database_manager - INFO - Verarbeite Datei 1413/2945: debates2018-03-21a.xml
2025-09-20 19:49:12,951 - database_manager - INFO - Parse debates XML-Datei: debates2018-03-21a.xml
2025-09-20 19:49:12,963 - database_manager - INFO - Debates XML erfolgreich geparst: 19 Debatten, 0 Reden, 0 Wörter
2025-09-20 19:49:12,963 - database_manager - INFO - Verarbeite Datei 1414/2945: debates2021-11-25a.xml
2025-09-20 19:49:12,963 - database_manager - INFO - Parse debates XML-Datei: debates2021-11-25a.xml
2025-09-20 19:49:12,978 - database_manager - INFO - Debates XML erfolgreich geparst: 12 Debatten, 0 Reden, 0 Wörter
2025-09-20 19:49:12,978 - database_manager - INFO - Verarbeite Datei 1415/2945: debates2017-01-16c.xml
2025-09-20 19:49:12,978 - database_manager - INFO - Parse debates XML-Datei: debates2017-01-16c.xml
2025-09-20 19:49:12,987 - database_manager - INFO - Debates XML erfolgreich geparst: 27 Debatten, 0 Reden, 0 Wörter
2025-09-20 19:49:12,987 - database_manager - INFO - Verarbeite Datei 1416/2945: debates2015-12-16a.xml
2025-09-20 19:49:12,987 - database_manager - INFO - Parse debates XML-Datei: debates2015-12-16a.xml
2025-09-20 19:49:12,988 - database_manager - INFO - Debates XML erfolgreich geparst: 0 Debatten, 0 Reden, 0 Wörter
2025-09-20 19:49:12,988 - database_manager - INFO - Verarbeite Datei 1417/2945: debates2019-03-12c.xml
2025-09-20 19:49:12,988 - database_manager - INFO - Parse debates XML-Datei: debates2019-03-12c.xml
2025-09-20 19:49:13,006 - database_manager - INFO - Debates XML erfolgreich geparst: 32 Debatten, 0 Reden, 0 Wörter
2025-09-20 19:49:13,006 - database_manager - INFO - Verarbeite Datei 1418/2945: debates2014-02-25c.xml
2025-09-20 19:49:13,006 - database_manager - INFO - Parse debates XML-Datei: debates2014-02-25c.xml
2025-09-20 19:49:13,018 - database_manager - INFO - Debates XML erfolgreich geparst: 19 Debatten, 0 Reden, 0 Wörter
2025-09-20 19:49:13,018 - database_manager - INFO - Verarbeite Datei 1419/2945: debates2014-06-11a.xml
2025-09-20 19:49:13,018 - database_manager - INFO - Parse debates XML-Datei: debates2014-06-11a.xml
2025-09-20 19:49:13,019 - database_manager - INFO - Debates XML erfolgreich geparst: 0 Debatten, 0 Reden, 0 Wörter
2025-09-20 19:49:13,019 - database_manager - INFO - Verarbeite Datei 1420/2945: debates2016-11-25a.xml
2025-09-20 19:49:13,019 - database_manager - INFO - Parse debates XML-Datei: debates2016-11-25a.xml
2025-09-20 19:49:13,021 - database_manager - INFO - Debates XML erfolgreich geparst: 1 Debatten, 0 Reden, 0 Wörter
2025-09-20 19:49:13,021 - database_manager - INFO - Verarbeite Datei 1421/2945: debates2020-01-16c.xml
2025-09-20 19:49:13,021 - database_manager - INFO - Parse debates XML-Datei: debates2020-01-16c.xml
2025-09-20 19:49:13,022 - database_manager - INFO - Debates XML erfolgreich geparst: 0 Debatten, 0 Reden, 0 Wörter
2025-09-20 19:49:13,022 - database_manager - INFO - Verarbeite Datei 1422/2945: debates2020-09-01a.xml
2025-09-20 19:49:13,022 - database_manager - INFO - Parse debates XML-Datei: debates2020-09-01a.xml
2025-09-20 19:49:13,023 - database_manager - INFO - Debates XML erfolgreich geparst: 0 Debatten, 0 Reden, 0 Wörter
2025-09-20 19:49:13,023 - database_manager - INFO - Verarbeite Datei 1423/2945: debates2020-11-16c.xml
2025-09-20 19:49:13,023 - database_manager - INFO - Parse debates XML-Datei: debates2020-11-16c.xml
2025-09-20 19:49:13,039 - database_manager - INFO - Debates XML erfolgreich geparst: 30 Debatten, 0 Reden, 0 Wörter
2025-09-20 19:49:13,039 - database_manager - INFO - Verarbeite Datei 1424/2945: debates2016-01-25a.xml
2025-09-20 19:49:13,039 - database_manager - INFO - Parse debates XML-Datei: debates2016-01-25a.xml
2025-09-20 19:49:13,040 - database_manager - INFO - Debates XML erfolgreich geparst: 6 Debatten, 0 Reden, 0 Wörter
2025-09-20 19:49:13,040 - database_manager - INFO - Verarbeite Datei 1425/2945: debates2015-01-06a.xml
2025-09-20 19:49:13,040 - database_manager - INFO - Parse debates XML-Datei: debates2015-01-06a.xml
2025-09-20 19:49:13,041 - database_manager - INFO - Debates XML erfolgreich geparst: 0 Debatten, 0 Reden, 0 Wörter
2025-09-20 19:49:13,041 - database_manager - INFO - Verarbeite Datei 1426/2945: debates2018-01-10b.xml
2025-09-20 19:49:13,041 - database_manager - INFO - Parse debates XML-Datei: debates2018-01-10b.xml
2025-09-20 19:49:13,056 - database_manager - INFO - Debates XML erfolgreich geparst: 14 Debatten, 0 Reden, 0 Wörter
2025-09-20 19:49:13,057 - database_manager - INFO - Verarbeite Datei 1427/2945: debates2012-05-15b.xml
2025-09-20 19:49:13,057 - database_manager - INFO - Parse debates XML-Datei: debates2012-05-15b.xml
2025-09-20 19:49:13,058 - database_manager - INFO - Debates XML erfolgreich geparst: 0 Debatten, 0 Reden, 0 Wörter
2025-09-20 19:49:13,058 - database_manager - INFO - Verarbeite Datei 1428/2945: debates2018-10-31a.xml
2025-09-20 19:49:13,058 - database_manager - INFO - Parse debates XML-Datei: debates2018-10-31a.xml
2025-09-20 19:49:13,072 - database_manager - INFO - Debates XML erfolgreich geparst: 12 Debatten, 0 Reden, 0 Wörter
2025-09-20 19:49:13,072 - database_manager - INFO - Verarbeite Datei 1429/2945: debates2015-10-27b.xml
2025-09-20 19:49:13,072 - database_manager - INFO - Parse debates XML-Datei: debates2015-10-27b.xml
2025-09-20 19:49:13,089 - database_manager - INFO - Debates XML erfolgreich geparst: 23 Debatten, 0 Reden, 0 Wörter
2025-09-20 19:49:13,090 - database_manager - INFO - Verarbeite Datei 1430/2945: debates2021-01-28f.xml
2025-09-20 19:49:13,090 - database_manager - INFO - Parse debates XML-Datei: debates2021-01-28f.xml
2025-09-20 19:49:13,466 - database_manager - INFO - Debates XML erfolgreich geparst: 23 Debatten, 0 Reden, 0 Wörter
2025-09-20 19:49:13,466 - database_manager - INFO - Verarbeite Datei 1431/2945: debates2015-11-06a.xml
2025-09-20 19:49:13,466 - database_manager - INFO - Parse debates XML-Datei: debates2015-11-06a.xml
2025-09-20 19:49:13,467 - database_manager - INFO - Debates XML erfolgreich geparst: 0 Debatten, 0 Reden, 0 Wörter
2025-09-20 19:49:13,467 - database_manager - INFO - Verarbeite Datei 1432/2945: debates2013-11-12b.xml
2025-09-20 19:49:13,467 - database_manager - INFO - Parse debates XML-Datei: debates2013-11-12b.xml
2025-09-20 19:49:13,468 - database_manager - INFO - Debates XML erfolgreich geparst: 0 Debatten, 0 Reden, 0 Wörter
2025-09-20 19:49:13,468 - database_manager - INFO - Verarbeite Datei 1433/2945: debates2020-02-06c.xml
2025-09-20 19:49:13,468 - database_manager - INFO - Parse debates XML-Datei: debates2020-02-06c.xml
2025-09-20 19:49:13,481 - database_manager - INFO - Debates XML erfolgreich geparst: 19 Debatten, 0 Reden, 0 Wörter
2025-09-20 19:49:13,481 - database_manager - INFO - Verarbeite Datei 1434/2945: debates2014-05-01a.xml
2025-09-20 19:49:13,481 - database_manager - INFO - Parse debates XML-Datei: debates2014-05-01a.xml
2025-09-20 19:49:13,495 - database_manager - INFO - Debates XML erfolgreich geparst: 21 Debatten, 0 Reden, 0 Wörter
2025-09-20 19:49:13,495 - database_manager - INFO - Verarbeite Datei 1435/2945: debates2016-11-29b.xml
2025-09-20 19:49:13,495 - database_manager - INFO - Parse debates XML-Datei: debates2016-11-29b.xml
2025-09-20 19:49:13,508 - database_manager - INFO - Debates XML erfolgreich geparst: 13 Debatten, 0 Reden, 0 Wörter
2025-09-20 19:49:13,508 - database_manager - INFO - Verarbeite Datei 1436/2945: debates2016-03-14b.xml
2025-09-20 19:49:13,508 - database_manager - INFO - Parse debates XML-Datei: debates2016-03-14b.xml
2025-09-20 19:49:13,524 - database_manager - INFO - Debates XML erfolgreich geparst: 26 Debatten, 0 Reden, 0 Wörter
2025-09-20 19:49:13,524 - database_manager - INFO - Verarbeite Datei 1437/2945: debates2016-01-29b.xml
2025-09-20 19:49:13,524 - database_manager - INFO - Parse debates XML-Datei: debates2016-01-29b.xml
2025-09-20 19:49:13,549 - database_manager - INFO - Debates XML erfolgreich geparst: 9 Debatten, 0 Reden, 0 Wörter
2025-09-20 19:49:13,550 - database_manager - INFO - Verarbeite Datei 1438/2945: debates2017-06-28b.xml
2025-09-20 19:49:13,550 - database_manager - INFO - Parse debates XML-Datei: debates2017-06-28b.xml
2025-09-20 19:49:13,552 - database_manager - INFO - Debates XML erfolgreich geparst: 0 Debatten, 0 Reden, 0 Wörter
2025-09-20 19:49:13,552 - database_manager - INFO - Verarbeite Datei 1439/2945: debates2012-06-13b.xml
2025-09-20 19:49:13,552 - database_manager - INFO - Parse debates XML-Datei: debates2012-06-13b.xml
2025-09-20 19:49:13,585 - database_manager - INFO - Debates XML erfolgreich geparst: 22 Debatten, 0 Reden, 0 Wörter
2025-09-20 19:49:13,586 - database_manager - INFO - Verarbeite Datei 1440/2945: debates2018-07-03c.xml
2025-09-20 19:49:13,586 - database_manager - INFO - Parse debates XML-Datei: debates2018-07-03c.xml
2025-09-20 19:49:13,588 - database_manager - INFO - Debates XML erfolgreich geparst: 0 Debatten, 0 Reden, 0 Wörter
2025-09-20 19:49:13,588 - database_manager - INFO - Verarbeite Datei 1441/2945: debates2020-09-17a.xml
2025-09-20 19:49:13,588 - database_manager - INFO - Parse debates XML-Datei: debates2020-09-17a.xml
2025-09-20 19:49:13,589 - database_manager - INFO - Debates XML erfolgreich geparst: 0 Debatten, 0 Reden, 0 Wörter
2025-09-20 19:49:13,589 - database_manager - INFO - Verarbeite Datei 1442/2945: debates2013-01-08a.xml
2025-09-20 19:49:13,589 - database_manager - INFO - Parse debates XML-Datei: debates2013-01-08a.xml
2025-09-20 19:49:13,590 - database_manager - INFO - Debates XML erfolgreich geparst: 0 Debatten, 0 Reden, 0 Wörter
2025-09-20 19:49:13,591 - database_manager - INFO - Verarbeite Datei 1443/2945: debates2016-10-12b.xml
2025-09-20 19:49:13,591 - database_manager - INFO - Parse debates XML-Datei: debates2016-10-12b.xml
2025-09-20 19:49:13,605 - database_manager - INFO - Debates XML erfolgreich geparst: 11 Debatten, 0 Reden, 0 Wörter
2025-09-20 19:49:13,606 - database_manager - INFO - Verarbeite Datei 1444/2945: debates2020-07-09a.xml
2025-09-20 19:49:13,606 - database_manager - INFO - Parse debates XML-Datei: debates2020-07-09a.xml
2025-09-20 19:49:13,607 - database_manager - INFO - Debates XML erfolgreich geparst: 0 Debatten, 0 Reden, 0 Wörter
2025-09-20 19:49:13,607 - database_manager - INFO - Verarbeite Datei 1445/2945: debates2013-11-08a.xml
2025-09-20 19:49:13,607 - database_manager - INFO - Parse debates XML-Datei: debates2013-11-08a.xml
2025-09-20 19:49:13,617 - database_manager - INFO - Debates XML erfolgreich geparst: 6 Debatten, 0 Reden, 0 Wörter
2025-09-20 19:49:13,617 - database_manager - INFO - Verarbeite Datei 1446/2945: debates2013-10-29b.xml
2025-09-20 19:49:13,617 - database_manager - INFO - Parse debates XML-Datei: debates2013-10-29b.xml
2025-09-20 19:49:13,635 - database_manager - INFO - Debates XML erfolgreich geparst: 43 Debatten, 0 Reden, 0 Wörter
2025-09-20 19:49:13,636 - database_manager - INFO - Verarbeite Datei 1447/2945: debates2015-11-10a.xml
2025-09-20 19:49:13,636 - database_manager - INFO - Parse debates XML-Datei: debates2015-11-10a.xml
2025-09-20 19:49:13,654 - database_manager - INFO - Debates XML erfolgreich geparst: 28 Debatten, 0 Reden, 0 Wörter
2025-09-20 19:49:13,655 - database_manager - INFO - Verarbeite Datei 1448/2945: debates2017-04-19a.xml
2025-09-20 19:49:13,655 - database_manager - INFO - Parse debates XML-Datei: debates2017-04-19a.xml
2025-09-20 19:49:13,665 - database_manager - INFO - Debates XML erfolgreich geparst: 12 Debatten, 0 Reden, 0 Wörter
2025-09-20 19:49:13,666 - database_manager - INFO - Verarbeite Datei 1449/2945: debates2018-11-06b.xml
2025-09-20 19:49:13,666 - database_manager - INFO - Parse debates XML-Datei: debates2018-11-06b.xml
2025-09-20 19:49:13,678 - database_manager - INFO - Debates XML erfolgreich geparst: 19 Debatten, 0 Reden, 0 Wörter
2025-09-20 19:49:13,678 - database_manager - INFO - Verarbeite Datei 1450/2945: debates2021-06-17c.xml
2025-09-20 19:49:13,678 - database_manager - INFO - Parse debates XML-Datei: debates2021-06-17c.xml
2025-09-20 19:49:13,693 - database_manager - INFO - Debates XML erfolgreich geparst: 25 Debatten, 0 Reden, 0 Wörter
2025-09-20 19:49:13,693 - database_manager - INFO - Verarbeite Datei 1451/2945: debates2021-02-23a.xml
2025-09-20 19:49:13,693 - database_manager - INFO - Parse debates XML-Datei: debates2021-02-23a.xml
2025-09-20 19:49:13,694 - database_manager - INFO - Debates XML erfolgreich geparst: 0 Debatten, 0 Reden, 0 Wörter
2025-09-20 19:49:13,694 - database_manager - INFO - Verarbeite Datei 1452/2945: debates2021-03-02b.xml
2025-09-20 19:49:13,694 - database_manager - INFO - Parse debates XML-Datei: debates2021-03-02b.xml
2025-09-20 19:49:13,694 - database_manager - INFO - Debates XML erfolgreich geparst: 0 Debatten, 0 Reden, 0 Wörter
2025-09-20 19:49:13,694 - database_manager - INFO - Verarbeite Datei 1453/2945: debates2016-02-23a.xml
2025-09-20 19:49:13,694 - database_manager - INFO - Parse debates XML-Datei: debates2016-02-23a.xml
2025-09-20 19:49:13,695 - database_manager - INFO - Debates XML erfolgreich geparst: 0 Debatten, 0 Reden, 0 Wörter
2025-09-20 19:49:13,695 - database_manager - INFO - Verarbeite Datei 1454/2945: debates2016-03-02b.xml
2025-09-20 19:49:13,695 - database_manager - INFO - Parse debates XML-Datei: debates2016-03-02b.xml
2025-09-20 19:49:13,711 - database_manager - INFO - Debates XML erfolgreich geparst: 31 Debatten, 0 Reden, 0 Wörter
2025-09-20 19:49:13,712 - database_manager - INFO - Verarbeite Datei 1455/2945: debates2019-05-01b.xml
2025-09-20 19:49:13,712 - database_manager - INFO - Parse debates XML-Datei: debates2019-05-01b.xml
2025-09-20 19:49:13,713 - database_manager - INFO - Debates XML erfolgreich geparst: 0 Debatten, 0 Reden, 0 Wörter
2025-09-20 19:49:13,713 - database_manager - INFO - Verarbeite Datei 1456/2945: debates2013-11-04b.xml
2025-09-20 19:49:13,713 - database_manager - INFO - Parse debates XML-Datei: debates2013-11-04b.xml
2025-09-20 19:49:13,724 - database_manager - INFO - Debates XML erfolgreich geparst: 31 Debatten, 0 Reden, 0 Wörter
2025-09-20 19:49:13,724 - database_manager - INFO - Verarbeite Datei 1457/2945: debates2013-10-25a.xml
2025-09-20 19:49:13,724 - database_manager - INFO - Parse debates XML-Datei: debates2013-10-25a.xml
2025-09-20 19:49:13,733 - database_manager - INFO - Debates XML erfolgreich geparst: 2 Debatten, 0 Reden, 0 Wörter
2025-09-20 19:49:13,733 - database_manager - INFO - Verarbeite Datei 1458/2945: debates2013-12-18a.xml
2025-09-20 19:49:13,733 - database_manager - INFO - Parse debates XML-Datei: debates2013-12-18a.xml
2025-09-20 19:49:13,734 - database_manager - INFO - Debates XML erfolgreich geparst: 0 Debatten, 0 Reden, 0 Wörter
2025-09-20 19:49:13,734 - database_manager - INFO - Verarbeite Datei 1459/2945: debates2020-06-24a.xml
2025-09-20 19:49:13,734 - database_manager - INFO - Parse debates XML-Datei: debates2020-06-24a.xml
2025-09-20 19:49:13,736 - database_manager - INFO - Debates XML erfolgreich geparst: 0 Debatten, 0 Reden, 0 Wörter
2025-09-20 19:49:13,736 - database_manager - INFO - Verarbeite Datei 1460/2945: debates2017-01-20a.xml
2025-09-20 19:49:13,736 - database_manager - INFO - Parse debates XML-Datei: debates2017-01-20a.xml
2025-09-20 19:49:13,738 - database_manager - INFO - Debates XML erfolgreich geparst: 2 Debatten, 0 Reden, 0 Wörter
2025-09-20 19:49:13,738 - database_manager - INFO - Verarbeite Datei 1461/2945: debates2012-03-26a.xml
2025-09-20 19:49:13,738 - database_manager - INFO - Parse debates XML-Datei: debates2012-03-26a.xml
2025-09-20 19:49:13,739 - database_manager - INFO - Debates XML erfolgreich geparst: 0 Debatten, 0 Reden, 0 Wörter
2025-09-20 19:49:13,739 - database_manager - INFO - Verarbeite Datei 1462/2945: debates2012-02-07b.xml
2025-09-20 19:49:13,739 - database_manager - INFO - Parse debates XML-Datei: debates2012-02-07b.xml
2025-09-20 19:49:13,755 - database_manager - INFO - Debates XML erfolgreich geparst: 27 Debatten, 0 Reden, 0 Wörter
2025-09-20 19:49:13,755 - database_manager - INFO - Verarbeite Datei 1463/2945: debates2017-11-20a.xml
2025-09-20 19:49:13,755 - database_manager - INFO - Parse debates XML-Datei: debates2017-11-20a.xml
2025-09-20 19:49:13,756 - database_manager - INFO - Debates XML erfolgreich geparst: 0 Debatten, 0 Reden, 0 Wörter
2025-09-20 19:49:13,756 - database_manager - INFO - Verarbeite Datei 1464/2945: debates2018-07-23a.xml
2025-09-20 19:49:13,756 - database_manager - INFO - Parse debates XML-Datei: debates2018-07-23a.xml
2025-09-20 19:49:13,772 - database_manager - INFO - Debates XML erfolgreich geparst: 24 Debatten, 0 Reden, 0 Wörter
2025-09-20 19:49:13,772 - database_manager - INFO - Verarbeite Datei 1465/2945: debates2021-05-27a.xml
2025-09-20 19:49:13,773 - database_manager - INFO - Parse debates XML-Datei: debates2021-05-27a.xml
2025-09-20 19:49:13,773 - database_manager - INFO - Debates XML erfolgreich geparst: 0 Debatten, 0 Reden, 0 Wörter
2025-09-20 19:49:13,773 - database_manager - INFO - Verarbeite Datei 1466/2945: debates2013-01-28c.xml
2025-09-20 19:49:13,773 - database_manager - INFO - Parse debates XML-Datei: debates2013-01-28c.xml
2025-09-20 19:49:13,786 - database_manager - INFO - Debates XML erfolgreich geparst: 23 Debatten, 0 Reden, 0 Wörter
2025-09-20 19:49:13,786 - database_manager - INFO - Verarbeite Datei 1467/2945: debates2020-10-01b.xml
2025-09-20 19:49:13,786 - database_manager - INFO - Parse debates XML-Datei: debates2020-10-01b.xml
2025-09-20 19:49:13,787 - database_manager - INFO - Debates XML erfolgreich geparst: 0 Debatten, 0 Reden, 0 Wörter
2025-09-20 19:49:13,787 - database_manager - INFO - Verarbeite Datei 1468/2945: debates2016-01-13c.xml
2025-09-20 19:49:13,787 - database_manager - INFO - Parse debates XML-Datei: debates2016-01-13c.xml
2025-09-20 19:49:13,801 - database_manager - INFO - Debates XML erfolgreich geparst: 9 Debatten, 0 Reden, 0 Wörter
2025-09-20 19:49:13,801 - database_manager - INFO - Verarbeite Datei 1469/2945: debates2019-02-05b.xml
2025-09-20 19:49:13,801 - database_manager - INFO - Parse debates XML-Datei: debates2019-02-05b.xml
2025-09-20 19:49:13,802 - database_manager - INFO - Debates XML erfolgreich geparst: 0 Debatten, 0 Reden, 0 Wörter
2025-09-20 19:49:13,803 - database_manager - INFO - Verarbeite Datei 1470/2945: debates2014-02-13a.xml
2025-09-20 19:49:13,803 - database_manager - INFO - Parse debates XML-Datei: debates2014-02-13a.xml
2025-09-20 19:49:13,816 - database_manager - INFO - Debates XML erfolgreich geparst: 22 Debatten, 0 Reden, 0 Wörter
2025-09-20 19:49:13,816 - database_manager - INFO - Verarbeite Datei 1471/2945: debates2019-07-10c.xml
2025-09-20 19:49:13,816 - database_manager - INFO - Parse debates XML-Datei: debates2019-07-10c.xml
2025-09-20 19:49:13,830 - database_manager - INFO - Debates XML erfolgreich geparst: 11 Debatten, 0 Reden, 0 Wörter
2025-09-20 19:49:13,830 - database_manager - INFO - Verarbeite Datei 1472/2945: debates2020-01-20a.xml
2025-09-20 19:49:13,830 - database_manager - INFO - Parse debates XML-Datei: debates2020-01-20a.xml
2025-09-20 19:49:13,830 - database_manager - INFO - Debates XML erfolgreich geparst: 0 Debatten, 0 Reden, 0 Wörter
2025-09-20 19:49:13,831 - database_manager - INFO - Verarbeite Datei 1473/2945: debates2021-09-08b.xml
2025-09-20 19:49:13,831 - database_manager - INFO - Parse debates XML-Datei: debates2021-09-08b.xml
2025-09-20 19:49:13,847 - database_manager - INFO - Debates XML erfolgreich geparst: 12 Debatten, 0 Reden, 0 Wörter
2025-09-20 19:49:13,847 - database_manager - INFO - Verarbeite Datei 1474/2945: debates2012-01-17b.xml
2025-09-20 19:49:13,847 - database_manager - INFO - Parse debates XML-Datei: debates2012-01-17b.xml
2025-09-20 19:49:13,861 - database_manager - INFO - Debates XML erfolgreich geparst: 19 Debatten, 0 Reden, 0 Wörter
2025-09-20 19:49:13,862 - database_manager - INFO - Verarbeite Datei 1475/2945: debates2015-11-30c.xml
2025-09-20 19:49:13,862 - database_manager - INFO - Parse debates XML-Datei: debates2015-11-30c.xml
2025-09-20 19:49:13,873 - database_manager - INFO - Debates XML erfolgreich geparst: 7 Debatten, 0 Reden, 0 Wörter
2025-09-20 19:49:13,873 - database_manager - INFO - Verarbeite Datei 1476/2945: debates2015-06-18b.xml
2025-09-20 19:49:13,873 - database_manager - INFO - Parse debates XML-Datei: debates2015-06-18b.xml
2025-09-20 19:49:13,890 - database_manager - INFO - Debates XML erfolgreich geparst: 26 Debatten, 0 Reden, 0 Wörter
2025-09-20 19:49:13,891 - database_manager - INFO - Verarbeite Datei 1477/2945: debates2012-05-22d.xml
2025-09-20 19:49:13,891 - database_manager - INFO - Parse debates XML-Datei: debates2012-05-22d.xml
2025-09-20 19:49:13,907 - database_manager - INFO - Debates XML erfolgreich geparst: 36 Debatten, 0 Reden, 0 Wörter
2025-09-20 19:49:13,907 - database_manager - INFO - Verarbeite Datei 1478/2945: debates2014-11-03a.xml
2025-09-20 19:49:13,907 - database_manager - INFO - Parse debates XML-Datei: debates2014-11-03a.xml
2025-09-20 19:49:13,921 - database_manager - INFO - Debates XML erfolgreich geparst: 30 Debatten, 0 Reden, 0 Wörter
2025-09-20 19:49:13,922 - database_manager - INFO - Verarbeite Datei 1479/2945: debates2020-12-30a.xml
2025-09-20 19:49:13,922 - database_manager - INFO - Parse debates XML-Datei: debates2020-12-30a.xml
2025-09-20 19:49:13,923 - database_manager - INFO - Debates XML erfolgreich geparst: 0 Debatten, 0 Reden, 0 Wörter
2025-09-20 19:49:13,923 - database_manager - INFO - Verarbeite Datei 1480/2945: debates2020-06-04c.xml
2025-09-20 19:49:13,923 - database_manager - INFO - Parse debates XML-Datei: debates2020-06-04c.xml
2025-09-20 19:49:13,936 - database_manager - INFO - Debates XML erfolgreich geparst: 15 Debatten, 0 Reden, 0 Wörter
2025-09-20 19:49:13,936 - database_manager - INFO - Verarbeite Datei 1481/2945: debates2019-03-28b.xml
2025-09-20 19:49:13,936 - database_manager - INFO - Parse debates XML-Datei: debates2019-03-28b.xml
2025-09-20 19:49:13,953 - database_manager - INFO - Debates XML erfolgreich geparst: 23 Debatten, 0 Reden, 0 Wörter
2025-09-20 19:49:13,954 - database_manager - INFO - Verarbeite Datei 1482/2945: debates2019-01-15b.xml
2025-09-20 19:49:13,954 - database_manager - INFO - Parse debates XML-Datei: debates2019-01-15b.xml
2025-09-20 19:49:13,970 - database_manager - INFO - Debates XML erfolgreich geparst: 21 Debatten, 0 Reden, 0 Wörter
2025-09-20 19:49:13,970 - database_manager - INFO - Verarbeite Datei 1483/2945: debates2020-03-11b.xml
2025-09-20 19:49:13,970 - database_manager - INFO - Parse debates XML-Datei: debates2020-03-11b.xml
2025-09-20 19:49:13,986 - database_manager - INFO - Debates XML erfolgreich geparst: 13 Debatten, 0 Reden, 0 Wörter
2025-09-20 19:49:13,987 - database_manager - INFO - Verarbeite Datei 1484/2945: debates2015-10-12a.xml
2025-09-20 19:49:13,987 - database_manager - INFO - Parse debates XML-Datei: debates2015-10-12a.xml
2025-09-20 19:49:13,988 - database_manager - INFO - Debates XML erfolgreich geparst: 0 Debatten, 0 Reden, 0 Wörter
2025-09-20 19:49:13,988 - database_manager - INFO - Verarbeite Datei 1485/2945: debates2012-09-03a.xml
2025-09-20 19:49:13,988 - database_manager - INFO - Parse debates XML-Datei: debates2012-09-03a.xml
2025-09-20 19:49:14,002 - database_manager - INFO - Debates XML erfolgreich geparst: 21 Debatten, 0 Reden, 0 Wörter
2025-09-20 19:49:14,002 - database_manager - INFO - Verarbeite Datei 1486/2945: debates2018-01-25a.xml
2025-09-20 19:49:14,002 - database_manager - INFO - Parse debates XML-Datei: debates2018-01-25a.xml
2025-09-20 19:49:14,004 - database_manager - INFO - Debates XML erfolgreich geparst: 0 Debatten, 0 Reden, 0 Wörter
2025-09-20 19:49:14,004 - database_manager - INFO - Verarbeite Datei 1487/2945: debates2014-10-21c.xml
2025-09-20 19:49:14,004 - database_manager - INFO - Parse debates XML-Datei: debates2014-10-21c.xml
2025-09-20 19:49:14,019 - database_manager - INFO - Debates XML erfolgreich geparst: 26 Debatten, 0 Reden, 0 Wörter
2025-09-20 19:49:14,019 - database_manager - INFO - Verarbeite Datei 1488/2945: debates2016-03-21a.xml
2025-09-20 19:49:14,019 - database_manager - INFO - Parse debates XML-Datei: debates2016-03-21a.xml
2025-09-20 19:49:14,036 - database_manager - INFO - Debates XML erfolgreich geparst: 16 Debatten, 0 Reden, 0 Wörter
2025-09-20 19:49:14,037 - database_manager - INFO - Verarbeite Datei 1489/2945: debates2019-01-16c.xml
2025-09-20 19:49:14,037 - database_manager - INFO - Parse debates XML-Datei: debates2019-01-16c.xml
2025-09-20 19:49:14,038 - database_manager - INFO - Debates XML erfolgreich geparst: 0 Debatten, 0 Reden, 0 Wörter
2025-09-20 19:49:14,038 - database_manager - INFO - Verarbeite Datei 1490/2945: debates2013-11-27a.xml
2025-09-20 19:49:14,038 - database_manager - INFO - Parse debates XML-Datei: debates2013-11-27a.xml
2025-09-20 19:49:14,054 - database_manager - INFO - Debates XML erfolgreich geparst: 14 Debatten, 0 Reden, 0 Wörter
2025-09-20 19:49:14,054 - database_manager - INFO - Verarbeite Datei 1491/2945: debates2019-04-03b.xml
2025-09-20 19:49:14,054 - database_manager - INFO - Parse debates XML-Datei: debates2019-04-03b.xml
2025-09-20 19:49:14,076 - database_manager - INFO - Debates XML erfolgreich geparst: 19 Debatten, 0 Reden, 0 Wörter
2025-09-20 19:49:14,077 - database_manager - INFO - Verarbeite Datei 1492/2945: debates2019-05-22a.xml
2025-09-20 19:49:14,077 - database_manager - INFO - Parse debates XML-Datei: debates2019-05-22a.xml
2025-09-20 19:49:14,078 - database_manager - INFO - Debates XML erfolgreich geparst: 0 Debatten, 0 Reden, 0 Wörter
2025-09-20 19:49:14,078 - database_manager - INFO - Verarbeite Datei 1493/2945: debates2018-11-29b.xml
2025-09-20 19:49:14,078 - database_manager - INFO - Parse debates XML-Datei: debates2018-11-29b.xml
2025-09-20 19:49:14,078 - database_manager - INFO - Debates XML erfolgreich geparst: 0 Debatten, 0 Reden, 0 Wörter
2025-09-20 19:49:14,078 - database_manager - INFO - Verarbeite Datei 1494/2945: debates2021-09-06d.xml
2025-09-20 19:49:14,079 - database_manager - INFO - Parse debates XML-Datei: debates2021-09-06d.xml
2025-09-20 19:49:14,092 - database_manager - INFO - Debates XML erfolgreich geparst: 21 Debatten, 0 Reden, 0 Wörter
2025-09-20 19:49:14,093 - database_manager - INFO - Verarbeite Datei 1495/2945: debates2015-03-02a.xml
2025-09-20 19:49:14,093 - database_manager - INFO - Parse debates XML-Datei: debates2015-03-02a.xml
2025-09-20 19:49:14,093 - database_manager - INFO - Debates XML erfolgreich geparst: 0 Debatten, 0 Reden, 0 Wörter
2025-09-20 19:49:14,094 - database_manager - INFO - Verarbeite Datei 1496/2945: debates2015-02-23b.xml
2025-09-20 19:49:14,094 - database_manager - INFO - Parse debates XML-Datei: debates2015-02-23b.xml
2025-09-20 19:49:14,095 - database_manager - INFO - Debates XML erfolgreich geparst: 0 Debatten, 0 Reden, 0 Wörter
2025-09-20 19:49:14,095 - database_manager - INFO - Verarbeite Datei 1497/2945: debates2018-01-29b.xml
2025-09-20 19:49:14,095 - database_manager - INFO - Parse debates XML-Datei: debates2018-01-29b.xml
2025-09-20 19:49:14,096 - database_manager - INFO - Debates XML erfolgreich geparst: 0 Debatten, 0 Reden, 0 Wörter
2025-09-20 19:49:14,096 - database_manager - INFO - Verarbeite Datei 1498/2945: debates2020-01-22d.xml
2025-09-20 19:49:14,096 - database_manager - INFO - Parse debates XML-Datei: debates2020-01-22d.xml
2025-09-20 19:49:14,107 - database_manager - INFO - Debates XML erfolgreich geparst: 18 Debatten, 0 Reden, 0 Wörter
2025-09-20 19:49:14,108 - database_manager - INFO - Verarbeite Datei 1499/2945: debates2016-10-31a.xml
2025-09-20 19:49:14,108 - database_manager - INFO - Parse debates XML-Datei: debates2016-10-31a.xml
2025-09-20 19:49:14,108 - database_manager - INFO - Debates XML erfolgreich geparst: 0 Debatten, 0 Reden, 0 Wörter
2025-09-20 19:49:14,109 - database_manager - INFO - Verarbeite Datei 1500/2945: debates2014-06-24b.xml
2025-09-20 19:49:14,109 - database_manager - INFO - Parse debates XML-Datei: debates2014-06-24b.xml
2025-09-20 19:49:14,123 - database_manager - INFO - Debates XML erfolgreich geparst: 27 Debatten, 0 Reden, 0 Wörter
2025-09-20 19:49:14,123 - database_manager - INFO - Verarbeite Datei 1501/2945: debates2012-02-28b.xml
2025-09-20 19:49:14,124 - database_manager - INFO - Parse debates XML-Datei: debates2012-02-28b.xml
2025-09-20 19:49:14,139 - database_manager - INFO - Debates XML erfolgreich geparst: 44 Debatten, 0 Reden, 0 Wörter
2025-09-20 19:49:14,139 - database_manager - INFO - Verarbeite Datei 1502/2945: debates2018-09-12a.xml
2025-09-20 19:49:14,139 - database_manager - INFO - Parse debates XML-Datei: debates2018-09-12a.xml
2025-09-20 19:49:14,150 - database_manager - INFO - Debates XML erfolgreich geparst: 15 Debatten, 0 Reden, 0 Wörter
2025-09-20 19:49:14,150 - database_manager - INFO - Verarbeite Datei 1503/2945: debates2012-10-15b.xml
2025-09-20 19:49:14,150 - database_manager - INFO - Parse debates XML-Datei: debates2012-10-15b.xml
2025-09-20 19:49:14,151 - database_manager - INFO - Debates XML erfolgreich geparst: 0 Debatten, 0 Reden, 0 Wörter
2025-09-20 19:49:14,152 - database_manager - INFO - Verarbeite Datei 1504/2945: debates2015-05-27b.xml
2025-09-20 19:49:14,152 - database_manager - INFO - Parse debates XML-Datei: debates2015-05-27b.xml
2025-09-20 19:49:14,165 - database_manager - INFO - Debates XML erfolgreich geparst: 4 Debatten, 0 Reden, 0 Wörter
2025-09-20 19:49:14,166 - database_manager - INFO - Verarbeite Datei 1505/2945: debates2017-12-13b.xml
2025-09-20 19:49:14,166 - database_manager - INFO - Parse debates XML-Datei: debates2017-12-13b.xml
2025-09-20 19:49:14,188 - database_manager - INFO - Debates XML erfolgreich geparst: 21 Debatten, 0 Reden, 0 Wörter
2025-09-20 19:49:14,188 - database_manager - INFO - Verarbeite Datei 1506/2945: debates2016-03-01c.xml
2025-09-20 19:49:14,189 - database_manager - INFO - Parse debates XML-Datei: debates2016-03-01c.xml
2025-09-20 19:49:14,200 - database_manager - INFO - Debates XML erfolgreich geparst: 2 Debatten, 0 Reden, 0 Wörter
2025-09-20 19:49:14,200 - database_manager - INFO - Verarbeite Datei 1507/2945: debates2013-01-07c.xml
2025-09-20 19:49:14,200 - database_manager - INFO - Parse debates XML-Datei: debates2013-01-07c.xml
2025-09-20 19:49:14,215 - database_manager - INFO - Debates XML erfolgreich geparst: 22 Debatten, 0 Reden, 0 Wörter
2025-09-20 19:49:14,215 - database_manager - INFO - Verarbeite Datei 1508/2945: debates2019-10-17b.xml
2025-09-20 19:49:14,215 - database_manager - INFO - Parse debates XML-Datei: debates2019-10-17b.xml
2025-09-20 19:49:14,216 - database_manager - INFO - Debates XML erfolgreich geparst: 0 Debatten, 0 Reden, 0 Wörter
2025-09-20 19:49:14,216 - database_manager - INFO - Verarbeite Datei 1509/2945: debates2014-11-20b.xml
2025-09-20 19:49:14,216 - database_manager - INFO - Parse debates XML-Datei: debates2014-11-20b.xml
2025-09-20 19:49:14,232 - database_manager - INFO - Debates XML erfolgreich geparst: 19 Debatten, 0 Reden, 0 Wörter
2025-09-20 19:49:14,232 - database_manager - INFO - Verarbeite Datei 1510/2945: debates2016-06-14b.xml
2025-09-20 19:49:14,232 - database_manager - INFO - Parse debates XML-Datei: debates2016-06-14b.xml
2025-09-20 19:49:14,245 - database_manager - INFO - Debates XML erfolgreich geparst: 20 Debatten, 0 Reden, 0 Wörter
2025-09-20 19:49:14,246 - database_manager - INFO - Verarbeite Datei 1511/2945: debates2020-02-13b.xml
2025-09-20 19:49:14,246 - database_manager - INFO - Parse debates XML-Datei: debates2020-02-13b.xml
2025-09-20 19:49:14,246 - database_manager - INFO - Debates XML erfolgreich geparst: 0 Debatten, 0 Reden, 0 Wörter
2025-09-20 19:49:14,246 - database_manager - INFO - Verarbeite Datei 1512/2945: debates2013-09-10a.xml
2025-09-20 19:49:14,247 - database_manager - INFO - Parse debates XML-Datei: debates2013-09-10a.xml
2025-09-20 19:49:14,248 - database_manager - INFO - Debates XML erfolgreich geparst: 0 Debatten, 0 Reden, 0 Wörter
2025-09-20 19:49:14,248 - database_manager - INFO - Verarbeite Datei 1513/2945: debates2020-07-06c.xml
2025-09-20 19:49:14,248 - database_manager - INFO - Parse debates XML-Datei: debates2020-07-06c.xml
2025-09-20 19:49:14,249 - database_manager - INFO - Debates XML erfolgreich geparst: 0 Debatten, 0 Reden, 0 Wörter
2025-09-20 19:49:14,249 - database_manager - INFO - Verarbeite Datei 1514/2945: debates2012-03-05b.xml
2025-09-20 19:49:14,249 - database_manager - INFO - Parse debates XML-Datei: debates2012-03-05b.xml
2025-09-20 19:49:14,265 - database_manager - INFO - Debates XML erfolgreich geparst: 19 Debatten, 0 Reden, 0 Wörter
2025-09-20 19:49:14,266 - database_manager - INFO - Verarbeite Datei 1515/2945: debates2015-09-08a.xml
2025-09-20 19:49:14,266 - database_manager - INFO - Parse debates XML-Datei: debates2015-09-08a.xml
2025-09-20 19:49:14,267 - database_manager - INFO - Debates XML erfolgreich geparst: 0 Debatten, 0 Reden, 0 Wörter
2025-09-20 19:49:14,267 - database_manager - INFO - Verarbeite Datei 1516/2945: debates2012-10-19a.xml
2025-09-20 19:49:14,267 - database_manager - INFO - Parse debates XML-Datei: debates2012-10-19a.xml
2025-09-20 19:49:14,268 - database_manager - INFO - Debates XML erfolgreich geparst: 0 Debatten, 0 Reden, 0 Wörter
2025-09-20 19:49:14,268 - database_manager - INFO - Verarbeite Datei 1517/2945: debates2015-07-16a.xml
2025-09-20 19:49:14,268 - database_manager - INFO - Parse debates XML-Datei: debates2015-07-16a.xml
2025-09-20 19:49:14,268 - database_manager - INFO - Debates XML erfolgreich geparst: 0 Debatten, 0 Reden, 0 Wörter
2025-09-20 19:49:14,268 - database_manager - INFO - Verarbeite Datei 1518/2945: debates2018-06-21a.xml
2025-09-20 19:49:14,268 - database_manager - INFO - Parse debates XML-Datei: debates2018-06-21a.xml
2025-09-20 19:49:14,269 - database_manager - INFO - Debates XML erfolgreich geparst: 0 Debatten, 0 Reden, 0 Wörter
2025-09-20 19:49:14,269 - database_manager - INFO - Verarbeite Datei 1519/2945: debates2015-12-02d.xml
2025-09-20 19:49:14,269 - database_manager - INFO - Parse debates XML-Datei: debates2015-12-02d.xml
2025-09-20 19:49:14,289 - database_manager - INFO - Debates XML erfolgreich geparst: 2 Debatten, 0 Reden, 0 Wörter
2025-09-20 19:49:14,290 - database_manager - INFO - Verarbeite Datei 1520/2945: debates2020-11-03b.xml
2025-09-20 19:49:14,290 - database_manager - INFO - Parse debates XML-Datei: debates2020-11-03b.xml
2025-09-20 19:49:14,290 - database_manager - INFO - Debates XML erfolgreich geparst: 0 Debatten, 0 Reden, 0 Wörter
2025-09-20 19:49:14,290 - database_manager - INFO - Verarbeite Datei 1521/2945: debates2020-10-22a.xml
2025-09-20 19:49:14,290 - database_manager - INFO - Parse debates XML-Datei: debates2020-10-22a.xml
2025-09-20 19:49:14,291 - database_manager - INFO - Debates XML erfolgreich geparst: 0 Debatten, 0 Reden, 0 Wörter
2025-09-20 19:49:14,291 - database_manager - INFO - Verarbeite Datei 1522/2945: debates2016-05-04b.xml
2025-09-20 19:49:14,291 - database_manager - INFO - Parse debates XML-Datei: debates2016-05-04b.xml
2025-09-20 19:49:14,305 - database_manager - INFO - Debates XML erfolgreich geparst: 16 Debatten, 0 Reden, 0 Wörter
2025-09-20 19:49:14,306 - database_manager - INFO - Verarbeite Datei 1523/2945: debates2016-04-25a.xml
2025-09-20 19:49:14,306 - database_manager - INFO - Parse debates XML-Datei: debates2016-04-25a.xml
2025-09-20 19:49:14,307 - database_manager - INFO - Debates XML erfolgreich geparst: 0 Debatten, 0 Reden, 0 Wörter
2025-09-20 19:49:14,307 - database_manager - INFO - Verarbeite Datei 1524/2945: debates2016-10-11c.xml
2025-09-20 19:49:14,307 - database_manager - INFO - Parse debates XML-Datei: debates2016-10-11c.xml
2025-09-20 19:49:14,308 - database_manager - INFO - Debates XML erfolgreich geparst: 0 Debatten, 0 Reden, 0 Wörter
2025-09-20 19:49:14,308 - database_manager - INFO - Verarbeite Datei 1525/2945: debates2019-06-12c.xml
2025-09-20 19:49:14,308 - database_manager - INFO - Parse debates XML-Datei: debates2019-06-12c.xml
2025-09-20 19:49:14,309 - database_manager - INFO - Debates XML erfolgreich geparst: 0 Debatten, 0 Reden, 0 Wörter
2025-09-20 19:49:14,309 - database_manager - INFO - Verarbeite Datei 1526/2945: debates2019-02-26a.xml
2025-09-20 19:49:14,309 - database_manager - INFO - Parse debates XML-Datei: debates2019-02-26a.xml
2025-09-20 19:49:14,309 - database_manager - INFO - Debates XML erfolgreich geparst: 0 Debatten, 0 Reden, 0 Wörter
2025-09-20 19:49:14,310 - database_manager - INFO - Verarbeite Datei 1527/2945: debates2019-03-07b.xml
2025-09-20 19:49:14,310 - database_manager - INFO - Parse debates XML-Datei: debates2019-03-07b.xml
2025-09-20 19:49:14,323 - database_manager - INFO - Debates XML erfolgreich geparst: 19 Debatten, 0 Reden, 0 Wörter
2025-09-20 19:49:14,324 - database_manager - INFO - Verarbeite Datei 1528/2945: debates2014-03-11a.xml
2025-09-20 19:49:14,324 - database_manager - INFO - Parse debates XML-Datei: debates2014-03-11a.xml
2025-09-20 19:49:14,340 - database_manager - INFO - Debates XML erfolgreich geparst: 32 Debatten, 0 Reden, 0 Wörter
2025-09-20 19:49:14,340 - database_manager - INFO - Verarbeite Datei 1529/2945: debates2017-12-05b.xml
2025-09-20 19:49:14,340 - database_manager - INFO - Parse debates XML-Datei: debates2017-12-05b.xml
2025-09-20 19:49:14,341 - database_manager - INFO - Debates XML erfolgreich geparst: 0 Debatten, 0 Reden, 0 Wörter
2025-09-20 19:49:14,341 - database_manager - INFO - Verarbeite Datei 1530/2945: debates2017-07-11g.xml
2025-09-20 19:49:14,341 - database_manager - INFO - Parse debates XML-Datei: debates2017-07-11g.xml
2025-09-20 19:49:14,356 - database_manager - INFO - Debates XML erfolgreich geparst: 21 Debatten, 0 Reden, 0 Wörter
2025-09-20 19:49:14,356 - database_manager - INFO - Verarbeite Datei 1531/2945: debates2012-11-22a.xml
2025-09-20 19:49:14,356 - database_manager - INFO - Parse debates XML-Datei: debates2012-11-22a.xml
2025-09-20 19:49:14,358 - database_manager - INFO - Debates XML erfolgreich geparst: 0 Debatten, 0 Reden, 0 Wörter
2025-09-20 19:49:14,358 - database_manager - INFO - Verarbeite Datei 1532/2945: debates2012-05-16c.xml
2025-09-20 19:49:14,358 - database_manager - INFO - Parse debates XML-Datei: debates2012-05-16c.xml
2025-09-20 19:49:14,359 - database_manager - INFO - Debates XML erfolgreich geparst: 0 Debatten, 0 Reden, 0 Wörter
2025-09-20 19:49:14,359 - database_manager - INFO - Verarbeite Datei 1533/2945: debates2018-09-04a.xml
2025-09-20 19:49:14,359 - database_manager - INFO - Parse debates XML-Datei: debates2018-09-04a.xml
2025-09-20 19:49:14,374 - database_manager - INFO - Debates XML erfolgreich geparst: 18 Debatten, 0 Reden, 0 Wörter
2025-09-20 19:49:14,374 - database_manager - INFO - Verarbeite Datei 1534/2945: debates2017-03-24a.xml
2025-09-20 19:49:14,375 - database_manager - INFO - Parse debates XML-Datei: debates2017-03-24a.xml
2025-09-20 19:49:14,384 - database_manager - INFO - Debates XML erfolgreich geparst: 5 Debatten, 0 Reden, 0 Wörter
2025-09-20 19:49:14,384 - database_manager - INFO - Verarbeite Datei 1535/2945: debates2017-01-19a.xml
2025-09-20 19:49:14,384 - database_manager - INFO - Parse debates XML-Datei: debates2017-01-19a.xml
2025-09-20 19:49:14,385 - database_manager - INFO - Debates XML erfolgreich geparst: 0 Debatten, 0 Reden, 0 Wörter
2025-09-20 19:49:14,385 - database_manager - INFO - Verarbeite Datei 1536/2945: debates2021-07-22e.xml
2025-09-20 19:49:14,385 - database_manager - INFO - Parse debates XML-Datei: debates2021-07-22e.xml
2025-09-20 19:49:14,386 - database_manager - INFO - Debates XML erfolgreich geparst: 0 Debatten, 0 Reden, 0 Wörter
2025-09-20 19:49:14,386 - database_manager - INFO - Verarbeite Datei 1537/2945: debates2013-09-06a.xml
2025-09-20 19:49:14,386 - database_manager - INFO - Parse debates XML-Datei: debates2013-09-06a.xml
2025-09-20 19:49:14,394 - database_manager - INFO - Debates XML erfolgreich geparst: 2 Debatten, 0 Reden, 0 Wörter
2025-09-20 19:49:14,394 - database_manager - INFO - Verarbeite Datei 1538/2945: debates2020-03-24a.xml
2025-09-20 19:49:14,394 - database_manager - INFO - Parse debates XML-Datei: debates2020-03-24a.xml
2025-09-20 19:49:14,395 - database_manager - INFO - Debates XML erfolgreich geparst: 0 Debatten, 0 Reden, 0 Wörter
2025-09-20 19:49:14,395 - database_manager - INFO - Verarbeite Datei 1539/2945: debates2020-02-05b.xml
2025-09-20 19:49:14,395 - database_manager - INFO - Parse debates XML-Datei: debates2020-02-05b.xml
2025-09-20 19:49:14,410 - database_manager - INFO - Debates XML erfolgreich geparst: 32 Debatten, 0 Reden, 0 Wörter
2025-09-20 19:49:14,410 - database_manager - INFO - Verarbeite Datei 1540/2945: debates2014-10-17a.xml
2025-09-20 19:49:14,410 - database_manager - INFO - Parse debates XML-Datei: debates2014-10-17a.xml
2025-09-20 19:49:14,420 - database_manager - INFO - Debates XML erfolgreich geparst: 3 Debatten, 0 Reden, 0 Wörter
2025-09-20 19:49:14,421 - database_manager - INFO - Verarbeite Datei 1541/2945: debates2013-07-18a.xml
2025-09-20 19:49:14,421 - database_manager - INFO - Parse debates XML-Datei: debates2013-07-18a.xml
2025-09-20 19:49:14,435 - database_manager - INFO - Debates XML erfolgreich geparst: 22 Debatten, 0 Reden, 0 Wörter
2025-09-20 19:49:14,435 - database_manager - INFO - Verarbeite Datei 1542/2945: debates2020-11-19a.xml
2025-09-20 19:49:14,435 - database_manager - INFO - Parse debates XML-Datei: debates2020-11-19a.xml
2025-09-20 19:49:14,436 - database_manager - INFO - Debates XML erfolgreich geparst: 0 Debatten, 0 Reden, 0 Wörter
2025-09-20 19:49:14,436 - database_manager - INFO - Verarbeite Datei 1543/2945: debates2020-06-30d.xml
2025-09-20 19:49:14,436 - database_manager - INFO - Parse debates XML-Datei: debates2020-06-30d.xml
2025-09-20 19:49:14,454 - database_manager - INFO - Debates XML erfolgreich geparst: 32 Debatten, 0 Reden, 0 Wörter
2025-09-20 19:49:14,454 - database_manager - INFO - Verarbeite Datei 1544/2945: debates2017-11-15b.xml
2025-09-20 19:49:14,454 - database_manager - INFO - Parse debates XML-Datei: debates2017-11-15b.xml
2025-09-20 19:49:14,455 - database_manager - INFO - Debates XML erfolgreich geparst: 0 Debatten, 0 Reden, 0 Wörter
2025-09-20 19:49:14,455 - database_manager - INFO - Verarbeite Datei 1545/2945: debates2021-05-12b.xml
2025-09-20 19:49:14,455 - database_manager - INFO - Parse debates XML-Datei: debates2021-05-12b.xml
2025-09-20 19:49:14,469 - database_manager - INFO - Debates XML erfolgreich geparst: 16 Debatten, 0 Reden, 0 Wörter
2025-09-20 19:49:14,470 - database_manager - INFO - Verarbeite Datei 1546/2945: debates2017-03-28b.xml
2025-09-20 19:49:14,470 - database_manager - INFO - Parse debates XML-Datei: debates2017-03-28b.xml
2025-09-20 19:49:14,471 - database_manager - INFO - Debates XML erfolgreich geparst: 0 Debatten, 0 Reden, 0 Wörter
2025-09-20 19:49:14,471 - database_manager - INFO - Verarbeite Datei 1547/2945: debates2017-02-09a.xml
2025-09-20 19:49:14,471 - database_manager - INFO - Parse debates XML-Datei: debates2017-02-09a.xml
2025-09-20 19:49:14,486 - database_manager - INFO - Debates XML erfolgreich geparst: 21 Debatten, 0 Reden, 0 Wörter
2025-09-20 19:49:14,486 - database_manager - INFO - Verarbeite Datei 1548/2945: debates2014-02-26b.xml
2025-09-20 19:49:14,486 - database_manager - INFO - Parse debates XML-Datei: debates2014-02-26b.xml
2025-09-20 19:49:14,502 - database_manager - INFO - Debates XML erfolgreich geparst: 17 Debatten, 0 Reden, 0 Wörter
2025-09-20 19:49:14,503 - database_manager - INFO - Verarbeite Datei 1549/2945: debates2016-01-27d.xml
2025-09-20 19:49:14,503 - database_manager - INFO - Parse debates XML-Datei: debates2016-01-27d.xml
2025-09-20 19:49:14,518 - database_manager - INFO - Debates XML erfolgreich geparst: 16 Debatten, 0 Reden, 0 Wörter
2025-09-20 19:49:14,518 - database_manager - INFO - Verarbeite Datei 1550/2945: debates2019-03-11b.xml
2025-09-20 19:49:14,519 - database_manager - INFO - Parse debates XML-Datei: debates2019-03-11b.xml
2025-09-20 19:49:14,520 - database_manager - INFO - Debates XML erfolgreich geparst: 0 Debatten, 0 Reden, 0 Wörter
2025-09-20 19:49:14,520 - database_manager - INFO - Verarbeite Datei 1551/2945: debates2020-01-15b.xml
2025-09-20 19:49:14,520 - database_manager - INFO - Parse debates XML-Datei: debates2020-01-15b.xml
2025-09-20 19:49:14,520 - database_manager - INFO - Debates XML erfolgreich geparst: 0 Debatten, 0 Reden, 0 Wörter
2025-09-20 19:49:14,520 - database_manager - INFO - Verarbeite Datei 1552/2945: debates2019-06-04c.xml
2025-09-20 19:49:14,520 - database_manager - INFO - Parse debates XML-Datei: debates2019-06-04c.xml
2025-09-20 19:49:14,533 - database_manager - INFO - Debates XML erfolgreich geparst: 21 Debatten, 0 Reden, 0 Wörter
2025-09-20 19:49:14,533 - database_manager - INFO - Verarbeite Datei 1553/2945: debates2020-12-09a.xml
2025-09-20 19:49:14,533 - database_manager - INFO - Parse debates XML-Datei: debates2020-12-09a.xml
2025-09-20 19:49:14,534 - database_manager - INFO - Debates XML erfolgreich geparst: 0 Debatten, 0 Reden, 0 Wörter
2025-09-20 19:49:14,535 - database_manager - INFO - Verarbeite Datei 1554/2945: debates2015-03-18b.xml
2025-09-20 19:49:14,535 - database_manager - INFO - Parse debates XML-Datei: debates2015-03-18b.xml
2025-09-20 19:49:14,549 - database_manager - INFO - Debates XML erfolgreich geparst: 31 Debatten, 0 Reden, 0 Wörter
2025-09-20 19:49:14,549 - database_manager - INFO - Verarbeite Datei 1555/2945: debates2021-12-16b.xml
2025-09-20 19:49:14,549 - database_manager - INFO - Parse debates XML-Datei: debates2021-12-16b.xml
2025-09-20 19:49:14,550 - database_manager - INFO - Debates XML erfolgreich geparst: 0 Debatten, 0 Reden, 0 Wörter
2025-09-20 19:49:14,550 - database_manager - INFO - Verarbeite Datei 1556/2945: debates2012-04-17b.xml
2025-09-20 19:49:14,550 - database_manager - INFO - Parse debates XML-Datei: debates2012-04-17b.xml
2025-09-20 19:49:14,552 - database_manager - INFO - Debates XML erfolgreich geparst: 0 Debatten, 0 Reden, 0 Wörter
2025-09-20 19:49:14,552 - database_manager - INFO - Verarbeite Datei 1557/2945: debates2020-03-04c.xml
2025-09-20 19:49:14,552 - database_manager - INFO - Parse debates XML-Datei: debates2020-03-04c.xml
2025-09-20 19:49:14,553 - database_manager - INFO - Debates XML erfolgreich geparst: 0 Debatten, 0 Reden, 0 Wörter
2025-09-20 19:49:14,553 - database_manager - INFO - Verarbeite Datei 1558/2945: debates2019-07-09a.xml
2025-09-20 19:49:14,553 - database_manager - INFO - Parse debates XML-Datei: debates2019-07-09a.xml
2025-09-20 19:49:14,554 - database_manager - INFO - Debates XML erfolgreich geparst: 0 Debatten, 0 Reden, 0 Wörter
2025-09-20 19:49:14,554 - database_manager - INFO - Verarbeite Datei 1559/2945: debates2014-04-03a.xml
2025-09-20 19:49:14,554 - database_manager - INFO - Parse debates XML-Datei: debates2014-04-03a.xml
2025-09-20 19:49:14,569 - database_manager - INFO - Debates XML erfolgreich geparst: 16 Debatten, 0 Reden, 0 Wörter
2025-09-20 19:49:14,569 - database_manager - INFO - Verarbeite Datei 1560/2945: debates2020-10-19d.xml
2025-09-20 19:49:14,569 - database_manager - INFO - Parse debates XML-Datei: debates2020-10-19d.xml
2025-09-20 19:49:14,584 - database_manager - INFO - Debates XML erfolgreich geparst: 25 Debatten, 0 Reden, 0 Wörter
2025-09-20 19:49:14,585 - database_manager - INFO - Verarbeite Datei 1561/2945: debates2020-06-11b.xml
2025-09-20 19:49:14,585 - database_manager - INFO - Parse debates XML-Datei: debates2020-06-11b.xml
2025-09-20 19:49:14,598 - database_manager - INFO - Debates XML erfolgreich geparst: 21 Debatten, 0 Reden, 0 Wörter
2025-09-20 19:49:14,598 - database_manager - INFO - Verarbeite Datei 1562/2945: debates2013-10-10b.xml
2025-09-20 19:49:14,598 - database_manager - INFO - Parse debates XML-Datei: debates2013-10-10b.xml
2025-09-20 19:49:14,613 - database_manager - INFO - Debates XML erfolgreich geparst: 17 Debatten, 0 Reden, 0 Wörter
2025-09-20 19:49:14,613 - database_manager - INFO - Verarbeite Datei 1563/2945: debates2013-01-31a.xml
2025-09-20 19:49:14,613 - database_manager - INFO - Parse debates XML-Datei: debates2013-01-31a.xml
2025-09-20 19:49:14,626 - database_manager - INFO - Debates XML erfolgreich geparst: 20 Debatten, 0 Reden, 0 Wörter
2025-09-20 19:49:14,627 - database_manager - INFO - Verarbeite Datei 1564/2945: debates2018-02-23a.xml
2025-09-20 19:49:14,627 - database_manager - INFO - Parse debates XML-Datei: debates2018-02-23a.xml
2025-09-20 19:49:14,635 - database_manager - INFO - Debates XML erfolgreich geparst: 1 Debatten, 0 Reden, 0 Wörter
2025-09-20 19:49:14,635 - database_manager - INFO - Verarbeite Datei 1565/2945: debates2021-04-13c.xml
2025-09-20 19:49:14,635 - database_manager - INFO - Parse debates XML-Datei: debates2021-04-13c.xml
2025-09-20 19:49:14,636 - database_manager - INFO - Debates XML erfolgreich geparst: 0 Debatten, 0 Reden, 0 Wörter
2025-09-20 19:49:14,636 - database_manager - INFO - Verarbeite Datei 1566/2945: debates2015-01-29a.xml
2025-09-20 19:49:14,636 - database_manager - INFO - Parse debates XML-Datei: debates2015-01-29a.xml
2025-09-20 19:49:15,052 - database_manager - INFO - Debates XML erfolgreich geparst: 25 Debatten, 0 Reden, 0 Wörter
2025-09-20 19:49:15,052 - database_manager - INFO - Verarbeite Datei 1567/2945: debates2015-07-20c.xml
2025-09-20 19:49:15,052 - database_manager - INFO - Parse debates XML-Datei: debates2015-07-20c.xml
2025-09-20 19:49:15,070 - database_manager - INFO - Debates XML erfolgreich geparst: 23 Debatten, 0 Reden, 0 Wörter
2025-09-20 19:49:15,071 - database_manager - INFO - Verarbeite Datei 1568/2945: debates2021-01-06b.xml
2025-09-20 19:49:15,071 - database_manager - INFO - Parse debates XML-Datei: debates2021-01-06b.xml
2025-09-20 19:49:15,071 - database_manager - INFO - Debates XML erfolgreich geparst: 0 Debatten, 0 Reden, 0 Wörter
2025-09-20 19:49:15,071 - database_manager - INFO - Verarbeite Datei 1569/2945: debates2017-04-20a.xml
2025-09-20 19:49:15,071 - database_manager - INFO - Parse debates XML-Datei: debates2017-04-20a.xml
2025-09-20 19:49:15,083 - database_manager - INFO - Debates XML erfolgreich geparst: 23 Debatten, 0 Reden, 0 Wörter
2025-09-20 19:49:15,083 - database_manager - INFO - Verarbeite Datei 1570/2945: debates2012-06-26a.xml
2025-09-20 19:49:15,083 - database_manager - INFO - Parse debates XML-Datei: debates2012-06-26a.xml
2025-09-20 19:49:15,084 - database_manager - INFO - Debates XML erfolgreich geparst: 0 Debatten, 0 Reden, 0 Wörter
2025-09-20 19:49:15,084 - database_manager - INFO - Verarbeite Datei 1571/2945: debates2021-10-27a.xml
2025-09-20 19:49:15,084 - database_manager - INFO - Parse debates XML-Datei: debates2021-10-27a.xml
2025-09-20 19:49:15,097 - database_manager - INFO - Debates XML erfolgreich geparst: 10 Debatten, 0 Reden, 0 Wörter
2025-09-20 19:49:15,098 - database_manager - INFO - Verarbeite Datei 1572/2945: debates2016-10-27a.xml
2025-09-20 19:49:15,098 - database_manager - INFO - Parse debates XML-Datei: debates2016-10-27a.xml
2025-09-20 19:49:15,111 - database_manager - INFO - Debates XML erfolgreich geparst: 23 Debatten, 0 Reden, 0 Wörter
2025-09-20 19:49:15,112 - database_manager - INFO - Verarbeite Datei 1573/2945: debates2019-06-24a.xml
2025-09-20 19:49:15,112 - database_manager - INFO - Parse debates XML-Datei: debates2019-06-24a.xml
2025-09-20 19:49:15,113 - database_manager - INFO - Debates XML erfolgreich geparst: 3 Debatten, 0 Reden, 0 Wörter
2025-09-20 19:49:15,113 - database_manager - INFO - Verarbeite Datei 1574/2945: debates2020-10-14c.xml
2025-09-20 19:49:15,113 - database_manager - INFO - Parse debates XML-Datei: debates2020-10-14c.xml
2025-09-20 19:49:15,128 - database_manager - INFO - Debates XML erfolgreich geparst: 15 Debatten, 0 Reden, 0 Wörter
2025-09-20 19:49:15,128 - database_manager - INFO - Verarbeite Datei 1575/2945: debates2016-01-06b.xml
2025-09-20 19:49:15,128 - database_manager - INFO - Parse debates XML-Datei: debates2016-01-06b.xml
2025-09-20 19:49:15,144 - database_manager - INFO - Debates XML erfolgreich geparst: 12 Debatten, 0 Reden, 0 Wörter
2025-09-20 19:49:15,145 - database_manager - INFO - Verarbeite Datei 1576/2945: debates2016-04-13c.xml
2025-09-20 19:49:15,145 - database_manager - INFO - Parse debates XML-Datei: debates2016-04-13c.xml
2025-09-20 19:49:15,161 - database_manager - INFO - Debates XML erfolgreich geparst: 14 Debatten, 0 Reden, 0 Wörter
2025-09-20 19:49:15,162 - database_manager - INFO - Verarbeite Datei 1577/2945: debates2020-10-14b.xml
2025-09-20 19:49:15,162 - database_manager - INFO - Parse debates XML-Datei: debates2020-10-14b.xml
2025-09-20 19:49:15,163 - database_manager - INFO - Debates XML erfolgreich geparst: 0 Debatten, 0 Reden, 0 Wörter
2025-09-20 19:49:15,163 - database_manager - INFO - Verarbeite Datei 1578/2945: debates2013-05-09a.xml
2025-09-20 19:49:15,163 - database_manager - INFO - Parse debates XML-Datei: debates2013-05-09a.xml
2025-09-20 19:49:15,177 - database_manager - INFO - Debates XML erfolgreich geparst: 14 Debatten, 0 Reden, 0 Wörter
2025-09-20 19:49:15,178 - database_manager - INFO - Verarbeite Datei 1579/2945: debates2016-04-13b.xml
2025-09-20 19:49:15,178 - database_manager - INFO - Parse debates XML-Datei: debates2016-04-13b.xml
2025-09-20 19:49:15,179 - database_manager - INFO - Debates XML erfolgreich geparst: 0 Debatten, 0 Reden, 0 Wörter
2025-09-20 19:49:15,179 - database_manager - INFO - Verarbeite Datei 1580/2945: debates2014-02-06a.xml
2025-09-20 19:49:15,179 - database_manager - INFO - Parse debates XML-Datei: debates2014-02-06a.xml
2025-09-20 19:49:15,180 - database_manager - INFO - Debates XML erfolgreich geparst: 0 Debatten, 0 Reden, 0 Wörter
2025-09-20 19:49:15,180 - database_manager - INFO - Verarbeite Datei 1581/2945: debates2017-03-08a.xml
2025-09-20 19:49:15,180 - database_manager - INFO - Parse debates XML-Datei: debates2017-03-08a.xml
2025-09-20 19:49:15,181 - database_manager - INFO - Debates XML erfolgreich geparst: 0 Debatten, 0 Reden, 0 Wörter
2025-09-20 19:49:15,181 - database_manager - INFO - Verarbeite Datei 1582/2945: debates2021-04-13b.xml
2025-09-20 19:49:15,181 - database_manager - INFO - Parse debates XML-Datei: debates2021-04-13b.xml
2025-09-20 19:49:15,182 - database_manager - INFO - Debates XML erfolgreich geparst: 0 Debatten, 0 Reden, 0 Wörter
2025-09-20 19:49:15,182 - database_manager - INFO - Verarbeite Datei 1583/2945: debates2021-01-06c.xml
2025-09-20 19:49:15,182 - database_manager - INFO - Parse debates XML-Datei: debates2021-01-06c.xml
2025-09-20 19:49:15,185 - database_manager - INFO - Debates XML erfolgreich geparst: 0 Debatten, 0 Reden, 0 Wörter
2025-09-20 19:49:15,185 - database_manager - INFO - Verarbeite Datei 1584/2945: debates2015-06-01a.xml
2025-09-20 19:49:15,185 - database_manager - INFO - Parse debates XML-Datei: debates2015-06-01a.xml
2025-09-20 19:49:15,185 - database_manager - INFO - Debates XML erfolgreich geparst: 0 Debatten, 0 Reden, 0 Wörter
2025-09-20 19:49:15,185 - database_manager - INFO - Verarbeite Datei 1585/2945: debates2015-07-20b.xml
2025-09-20 19:49:15,185 - database_manager - INFO - Parse debates XML-Datei: debates2015-07-20b.xml
2025-09-20 19:49:15,186 - database_manager - INFO - Debates XML erfolgreich geparst: 0 Debatten, 0 Reden, 0 Wörter
2025-09-20 19:49:15,186 - database_manager - INFO - Verarbeite Datei 1586/2945: debates2013-04-24a.xml
2025-09-20 19:49:15,187 - database_manager - INFO - Parse debates XML-Datei: debates2013-04-24a.xml
2025-09-20 19:49:15,200 - database_manager - INFO - Debates XML erfolgreich geparst: 21 Debatten, 0 Reden, 0 Wörter
2025-09-20 19:49:15,201 - database_manager - INFO - Verarbeite Datei 1587/2945: debates2013-06-19a.xml
2025-09-20 19:49:15,201 - database_manager - INFO - Parse debates XML-Datei: debates2013-06-19a.xml
2025-09-20 19:49:15,218 - database_manager - INFO - Debates XML erfolgreich geparst: 35 Debatten, 0 Reden, 0 Wörter
2025-09-20 19:49:15,219 - database_manager - INFO - Verarbeite Datei 1588/2945: debates2019-10-21a.xml
2025-09-20 19:49:15,219 - database_manager - INFO - Parse debates XML-Datei: debates2019-10-21a.xml
2025-09-20 19:49:15,220 - database_manager - INFO - Debates XML erfolgreich geparst: 0 Debatten, 0 Reden, 0 Wörter
2025-09-20 19:49:15,220 - database_manager - INFO - Verarbeite Datei 1589/2945: debates2020-03-04b.xml
2025-09-20 19:49:15,220 - database_manager - INFO - Parse debates XML-Datei: debates2020-03-04b.xml
2025-09-20 19:49:15,221 - database_manager - INFO - Debates XML erfolgreich geparst: 0 Debatten, 0 Reden, 0 Wörter
2025-09-20 19:49:15,221 - database_manager - INFO - Verarbeite Datei 1590/2945: debates2020-02-25a.xml
2025-09-20 19:49:15,221 - database_manager - INFO - Parse debates XML-Datei: debates2020-02-25a.xml
2025-09-20 19:49:15,221 - database_manager - INFO - Debates XML erfolgreich geparst: 0 Debatten, 0 Reden, 0 Wörter
2025-09-20 19:49:15,221 - database_manager - INFO - Verarbeite Datei 1591/2945: debates2014-01-16a.xml
2025-09-20 19:49:15,221 - database_manager - INFO - Parse debates XML-Datei: debates2014-01-16a.xml
2025-09-20 19:49:15,222 - database_manager - INFO - Debates XML erfolgreich geparst: 0 Debatten, 0 Reden, 0 Wörter
2025-09-20 19:49:15,222 - database_manager - INFO - Verarbeite Datei 1592/2945: debates2012-04-17c.xml
2025-09-20 19:49:15,222 - database_manager - INFO - Parse debates XML-Datei: debates2012-04-17c.xml
2025-09-20 19:49:15,239 - database_manager - INFO - Debates XML erfolgreich geparst: 27 Debatten, 0 Reden, 0 Wörter
2025-09-20 19:49:15,239 - database_manager - INFO - Verarbeite Datei 1593/2945: debates2021-12-16c.xml
2025-09-20 19:49:15,239 - database_manager - INFO - Parse debates XML-Datei: debates2021-12-16c.xml
2025-09-20 19:49:15,251 - database_manager - INFO - Debates XML erfolgreich geparst: 18 Debatten, 0 Reden, 0 Wörter
2025-09-20 19:49:15,252 - database_manager - INFO - Verarbeite Datei 1594/2945: debates2012-10-23a.xml
2025-09-20 19:49:15,252 - database_manager - INFO - Parse debates XML-Datei: debates2012-10-23a.xml
2025-09-20 19:49:15,253 - database_manager - INFO - Debates XML erfolgreich geparst: 0 Debatten, 0 Reden, 0 Wörter
2025-09-20 19:49:15,253 - database_manager - INFO - Verarbeite Datei 1595/2945: debates2021-06-22a.xml
2025-09-20 19:49:15,253 - database_manager - INFO - Parse debates XML-Datei: debates2021-06-22a.xml
2025-09-20 19:49:15,253 - database_manager - INFO - Debates XML erfolgreich geparst: 0 Debatten, 0 Reden, 0 Wörter
2025-09-20 19:49:15,253 - database_manager - INFO - Verarbeite Datei 1596/2945: debates2017-10-18a.xml
2025-09-20 19:49:15,253 - database_manager - INFO - Parse debates XML-Datei: debates2017-10-18a.xml
2025-09-20 19:49:15,269 - database_manager - INFO - Debates XML erfolgreich geparst: 12 Debatten, 0 Reden, 0 Wörter
2025-09-20 19:49:15,269 - database_manager - INFO - Verarbeite Datei 1597/2945: debates2018-04-26a.xml
2025-09-20 19:49:15,269 - database_manager - INFO - Parse debates XML-Datei: debates2018-04-26a.xml
2025-09-20 19:49:15,270 - database_manager - INFO - Debates XML erfolgreich geparst: 0 Debatten, 0 Reden, 0 Wörter
2025-09-20 19:49:15,270 - database_manager - INFO - Verarbeite Datei 1598/2945: debates2013-03-20a.xml
2025-09-20 19:49:15,270 - database_manager - INFO - Parse debates XML-Datei: debates2013-03-20a.xml
2025-09-20 19:49:15,271 - database_manager - INFO - Debates XML erfolgreich geparst: 0 Debatten, 0 Reden, 0 Wörter
2025-09-20 19:49:15,271 - database_manager - INFO - Verarbeite Datei 1599/2945: debates2020-09-02a.xml
2025-09-20 19:49:15,271 - database_manager - INFO - Parse debates XML-Datei: debates2020-09-02a.xml
2025-09-20 19:49:15,272 - database_manager - INFO - Debates XML erfolgreich geparst: 0 Debatten, 0 Reden, 0 Wörter
2025-09-20 19:49:15,272 - database_manager - INFO - Verarbeite Datei 1600/2945: debates2016-01-26a.xml
2025-09-20 19:49:15,272 - database_manager - INFO - Parse debates XML-Datei: debates2016-01-26a.xml
2025-09-20 19:49:15,273 - database_manager - INFO - Debates XML erfolgreich geparst: 3 Debatten, 0 Reden, 0 Wörter
2025-09-20 19:49:15,273 - database_manager - INFO - Verarbeite Datei 1601/2945: debates2019-03-11c.xml
2025-09-20 19:49:15,273 - database_manager - INFO - Parse debates XML-Datei: debates2019-03-11c.xml
2025-09-20 19:49:15,289 - database_manager - INFO - Debates XML erfolgreich geparst: 25 Debatten, 0 Reden, 0 Wörter
2025-09-20 19:49:15,290 - database_manager - INFO - Verarbeite Datei 1602/2945: debates2014-06-12a.xml
2025-09-20 19:49:15,290 - database_manager - INFO - Parse debates XML-Datei: debates2014-06-12a.xml
2025-09-20 19:49:15,291 - database_manager - INFO - Debates XML erfolgreich geparst: 0 Debatten, 0 Reden, 0 Wörter
2025-09-20 19:49:15,291 - database_manager - INFO - Verarbeite Datei 1603/2945: debates2019-07-25a.xml
2025-09-20 19:49:15,291 - database_manager - INFO - Parse debates XML-Datei: debates2019-07-25a.xml
2025-09-20 19:49:15,306 - database_manager - INFO - Debates XML erfolgreich geparst: 23 Debatten, 0 Reden, 0 Wörter
2025-09-20 19:49:15,306 - database_manager - INFO - Verarbeite Datei 1604/2945: debates2019-06-04b.xml
2025-09-20 19:49:15,306 - database_manager - INFO - Parse debates XML-Datei: debates2019-06-04b.xml
2025-09-20 19:49:15,307 - database_manager - INFO - Debates XML erfolgreich geparst: 0 Debatten, 0 Reden, 0 Wörter
2025-09-20 19:49:15,307 - database_manager - INFO - Verarbeite Datei 1605/2945: debates2020-01-15c.xml
2025-09-20 19:49:15,307 - database_manager - INFO - Parse debates XML-Datei: debates2020-01-15c.xml
2025-09-20 19:49:15,308 - database_manager - INFO - Debates XML erfolgreich geparst: 0 Debatten, 0 Reden, 0 Wörter
2025-09-20 19:49:15,308 - database_manager - INFO - Verarbeite Datei 1606/2945: debates2021-11-26a.xml
2025-09-20 19:49:15,308 - database_manager - INFO - Parse debates XML-Datei: debates2021-11-26a.xml
2025-09-20 19:49:15,309 - database_manager - INFO - Debates XML erfolgreich geparst: 0 Debatten, 0 Reden, 0 Wörter
2025-09-20 19:49:15,309 - database_manager - INFO - Verarbeite Datei 1607/2945: debates2017-03-28c.xml
2025-09-20 19:49:15,310 - database_manager - INFO - Parse debates XML-Datei: debates2017-03-28c.xml
2025-09-20 19:49:15,322 - database_manager - INFO - Debates XML erfolgreich geparst: 26 Debatten, 0 Reden, 0 Wörter
2025-09-20 19:49:15,322 - database_manager - INFO - Verarbeite Datei 1608/2945: debates2015-10-28a.xml
2025-09-20 19:49:15,322 - database_manager - INFO - Parse debates XML-Datei: debates2015-10-28a.xml
2025-09-20 19:49:15,339 - database_manager - INFO - Debates XML erfolgreich geparst: 18 Debatten, 0 Reden, 0 Wörter
2025-09-20 19:49:15,340 - database_manager - INFO - Verarbeite Datei 1609/2945: debates2015-12-15a.xml
2025-09-20 19:49:15,340 - database_manager - INFO - Parse debates XML-Datei: debates2015-12-15a.xml
2025-09-20 19:49:15,341 - database_manager - INFO - Debates XML erfolgreich geparst: 0 Debatten, 0 Reden, 0 Wörter
2025-09-20 19:49:15,341 - database_manager - INFO - Verarbeite Datei 1610/2945: debates2018-12-03b.xml
2025-09-20 19:49:15,341 - database_manager - INFO - Parse debates XML-Datei: debates2018-12-03b.xml
2025-09-20 19:49:15,355 - database_manager - INFO - Debates XML erfolgreich geparst: 19 Debatten, 0 Reden, 0 Wörter
2025-09-20 19:49:15,355 - database_manager - INFO - Verarbeite Datei 1611/2945: debates2017-11-15c.xml
2025-09-20 19:49:15,355 - database_manager - INFO - Parse debates XML-Datei: debates2017-11-15c.xml
2025-09-20 19:49:15,376 - database_manager - INFO - Debates XML erfolgreich geparst: 16 Debatten, 0 Reden, 0 Wörter
2025-09-20 19:49:15,377 - database_manager - INFO - Verarbeite Datei 1612/2945: debates2021-01-26a.xml
2025-09-20 19:49:15,377 - database_manager - INFO - Parse debates XML-Datei: debates2021-01-26a.xml
2025-09-20 19:49:15,378 - database_manager - INFO - Debates XML erfolgreich geparst: 0 Debatten, 0 Reden, 0 Wörter
2025-09-20 19:49:15,378 - database_manager - INFO - Verarbeite Datei 1613/2945: debates2018-03-22a.xml
2025-09-20 19:49:15,378 - database_manager - INFO - Parse debates XML-Datei: debates2018-03-22a.xml
2025-09-20 19:49:15,390 - database_manager - INFO - Debates XML erfolgreich geparst: 23 Debatten, 0 Reden, 0 Wörter
2025-09-20 19:49:15,390 - database_manager - INFO - Verarbeite Datei 1614/2945: debates2015-01-09b.xml
2025-09-20 19:49:15,390 - database_manager - INFO - Parse debates XML-Datei: debates2015-01-09b.xml
2025-09-20 19:49:15,399 - database_manager - INFO - Debates XML erfolgreich geparst: 10 Debatten, 0 Reden, 0 Wörter
2025-09-20 19:49:15,400 - database_manager - INFO - Verarbeite Datei 1615/2945: debates2013-10-30a.xml
2025-09-20 19:49:15,400 - database_manager - INFO - Parse debates XML-Datei: debates2013-10-30a.xml
2025-09-20 19:49:15,401 - database_manager - INFO - Debates XML erfolgreich geparst: 0 Debatten, 0 Reden, 0 Wörter
2025-09-20 19:49:15,401 - database_manager - INFO - Verarbeite Datei 1616/2945: debates2019-05-14b.xml
2025-09-20 19:49:15,401 - database_manager - INFO - Parse debates XML-Datei: debates2019-05-14b.xml
2025-09-20 19:49:15,415 - database_manager - INFO - Debates XML erfolgreich geparst: 17 Debatten, 0 Reden, 0 Wörter
2025-09-20 19:49:15,415 - database_manager - INFO - Verarbeite Datei 1617/2945: debates2021-07-22d.xml
2025-09-20 19:49:15,415 - database_manager - INFO - Parse debates XML-Datei: debates2021-07-22d.xml
2025-09-20 19:49:15,416 - database_manager - INFO - Debates XML erfolgreich geparst: 0 Debatten, 0 Reden, 0 Wörter
2025-09-20 19:49:15,416 - database_manager - INFO - Verarbeite Datei 1618/2945: debates2012-05-16b.xml
2025-09-20 19:49:15,416 - database_manager - INFO - Parse debates XML-Datei: debates2012-05-16b.xml
2025-09-20 19:49:15,417 - database_manager - INFO - Debates XML erfolgreich geparst: 0 Debatten, 0 Reden, 0 Wörter
2025-09-20 19:49:15,417 - database_manager - INFO - Verarbeite Datei 1619/2945: debates2018-11-13b.xml
2025-09-20 19:49:15,417 - database_manager - INFO - Parse debates XML-Datei: debates2018-11-13b.xml
2025-09-20 19:49:15,432 - database_manager - INFO - Debates XML erfolgreich geparst: 20 Debatten, 0 Reden, 0 Wörter
2025-09-20 19:49:15,432 - database_manager - INFO - Verarbeite Datei 1620/2945: debates2015-11-05a.xml
2025-09-20 19:49:15,432 - database_manager - INFO - Parse debates XML-Datei: debates2015-11-05a.xml
2025-09-20 19:49:15,433 - database_manager - INFO - Debates XML erfolgreich geparst: 0 Debatten, 0 Reden, 0 Wörter
2025-09-20 19:49:15,433 - database_manager - INFO - Verarbeite Datei 1621/2945: debates2017-07-11f.xml
2025-09-20 19:49:15,433 - database_manager - INFO - Parse debates XML-Datei: debates2017-07-11f.xml
2025-09-20 19:49:15,436 - database_manager - INFO - Debates XML erfolgreich geparst: 0 Debatten, 0 Reden, 0 Wörter
2025-09-20 19:49:15,436 - database_manager - INFO - Verarbeite Datei 1622/2945: debates2021-03-17b.xml
2025-09-20 19:49:15,436 - database_manager - INFO - Parse debates XML-Datei: debates2021-03-17b.xml
2025-09-20 19:49:15,451 - database_manager - INFO - Debates XML erfolgreich geparst: 13 Debatten, 0 Reden, 0 Wörter
2025-09-20 19:49:15,452 - database_manager - INFO - Verarbeite Datei 1623/2945: debates2017-12-05c.xml
2025-09-20 19:49:15,452 - database_manager - INFO - Parse debates XML-Datei: debates2017-12-05c.xml
2025-09-20 19:49:15,467 - database_manager - INFO - Debates XML erfolgreich geparst: 18 Debatten, 0 Reden, 0 Wörter
2025-09-20 19:49:15,467 - database_manager - INFO - Verarbeite Datei 1624/2945: debates2015-01-05a.xml
2025-09-20 19:49:15,467 - database_manager - INFO - Parse debates XML-Datei: debates2015-01-05a.xml
2025-09-20 19:49:15,468 - database_manager - INFO - Debates XML erfolgreich geparst: 0 Debatten, 0 Reden, 0 Wörter
2025-09-20 19:49:15,468 - database_manager - INFO - Verarbeite Datei 1625/2945: debates2019-06-12b.xml
2025-09-20 19:49:15,468 - database_manager - INFO - Parse debates XML-Datei: debates2019-06-12b.xml
2025-09-20 19:49:15,469 - database_manager - INFO - Debates XML erfolgreich geparst: 0 Debatten, 0 Reden, 0 Wörter
2025-09-20 19:49:15,469 - database_manager - INFO - Verarbeite Datei 1626/2945: debates2014-06-04a.xml
2025-09-20 19:49:15,469 - database_manager - INFO - Parse debates XML-Datei: debates2014-06-04a.xml
2025-09-20 19:49:15,481 - database_manager - INFO - Debates XML erfolgreich geparst: 3 Debatten, 0 Reden, 0 Wörter
2025-09-20 19:49:15,481 - database_manager - INFO - Verarbeite Datei 1627/2945: debates2016-10-11b.xml
2025-09-20 19:49:15,481 - database_manager - INFO - Parse debates XML-Datei: debates2016-10-11b.xml
2025-09-20 19:49:15,482 - database_manager - INFO - Debates XML erfolgreich geparst: 0 Debatten, 0 Reden, 0 Wörter
2025-09-20 19:49:15,482 - database_manager - INFO - Verarbeite Datei 1628/2945: debates2016-11-30a.xml
2025-09-20 19:49:15,482 - database_manager - INFO - Parse debates XML-Datei: debates2016-11-30a.xml
2025-09-20 19:49:15,483 - database_manager - INFO - Debates XML erfolgreich geparst: 0 Debatten, 0 Reden, 0 Wörter
2025-09-20 19:49:15,483 - database_manager - INFO - Verarbeite Datei 1629/2945: debates2013-12-17b.xml
2025-09-20 19:49:15,483 - database_manager - INFO - Parse debates XML-Datei: debates2013-12-17b.xml
2025-09-20 19:49:15,497 - database_manager - INFO - Debates XML erfolgreich geparst: 39 Debatten, 0 Reden, 0 Wörter
2025-09-20 19:49:15,497 - database_manager - INFO - Verarbeite Datei 1630/2945: debates2020-11-03c.xml
2025-09-20 19:49:15,497 - database_manager - INFO - Parse debates XML-Datei: debates2020-11-03c.xml
2025-09-20 19:49:15,500 - database_manager - INFO - Debates XML erfolgreich geparst: 0 Debatten, 0 Reden, 0 Wörter
2025-09-20 19:49:15,500 - database_manager - INFO - Verarbeite Datei 1631/2945: debates2020-09-14a.xml
2025-09-20 19:49:15,500 - database_manager - INFO - Parse debates XML-Datei: debates2020-09-14a.xml
2025-09-20 19:49:15,502 - database_manager - INFO - Debates XML erfolgreich geparst: 0 Debatten, 0 Reden, 0 Wörter
2025-09-20 19:49:15,502 - database_manager - INFO - Verarbeite Datei 1632/2945: debates2015-02-03a.xml
2025-09-20 19:49:15,502 - database_manager - INFO - Parse debates XML-Datei: debates2015-02-03a.xml
2025-09-20 19:49:15,503 - database_manager - INFO - Debates XML erfolgreich geparst: 0 Debatten, 0 Reden, 0 Wörter
2025-09-20 19:49:15,503 - database_manager - INFO - Verarbeite Datei 1633/2945: debates2017-09-14a.xml
2025-09-20 19:49:15,503 - database_manager - INFO - Parse debates XML-Datei: debates2017-09-14a.xml
2025-09-20 19:49:15,504 - database_manager - INFO - Debates XML erfolgreich geparst: 0 Debatten, 0 Reden, 0 Wörter
2025-09-20 19:49:15,504 - database_manager - INFO - Verarbeite Datei 1634/2945: debates2018-01-09a.xml
2025-09-20 19:49:15,504 - database_manager - INFO - Parse debates XML-Datei: debates2018-01-09a.xml
2025-09-20 19:49:15,521 - database_manager - INFO - Debates XML erfolgreich geparst: 14 Debatten, 0 Reden, 0 Wörter
2025-09-20 19:49:15,521 - database_manager - INFO - Verarbeite Datei 1635/2945: debates2015-12-03a.xml
2025-09-20 19:49:15,521 - database_manager - INFO - Parse debates XML-Datei: debates2015-12-03a.xml
2025-09-20 19:49:15,532 - database_manager - INFO - Debates XML erfolgreich geparst: 28 Debatten, 0 Reden, 0 Wörter
2025-09-20 19:49:15,533 - database_manager - INFO - Verarbeite Datei 1636/2945: debates2021-11-30a.xml
2025-09-20 19:49:15,533 - database_manager - INFO - Parse debates XML-Datei: debates2021-11-30a.xml
2025-09-20 19:49:15,535 - database_manager - INFO - Debates XML erfolgreich geparst: 0 Debatten, 0 Reden, 0 Wörter
2025-09-20 19:49:15,535 - database_manager - INFO - Verarbeite Datei 1637/2945: debates2016-12-20a.xml
2025-09-20 19:49:15,535 - database_manager - INFO - Parse debates XML-Datei: debates2016-12-20a.xml
2025-09-20 19:49:15,535 - database_manager - INFO - Debates XML erfolgreich geparst: 0 Debatten, 0 Reden, 0 Wörter
2025-09-20 19:49:15,535 - database_manager - INFO - Verarbeite Datei 1638/2945: debates2014-05-14a.xml
2025-09-20 19:49:15,536 - database_manager - INFO - Parse debates XML-Datei: debates2014-05-14a.xml
2025-09-20 19:49:15,536 - database_manager - INFO - Debates XML erfolgreich geparst: 0 Debatten, 0 Reden, 0 Wörter
2025-09-20 19:49:15,536 - database_manager - INFO - Verarbeite Datei 1639/2945: debates2019-04-23a.xml
2025-09-20 19:49:15,536 - database_manager - INFO - Parse debates XML-Datei: debates2019-04-23a.xml
2025-09-20 19:49:15,552 - database_manager - INFO - Debates XML erfolgreich geparst: 18 Debatten, 0 Reden, 0 Wörter
2025-09-20 19:49:15,552 - database_manager - INFO - Verarbeite Datei 1640/2945: debates2019-05-02b.xml
2025-09-20 19:49:15,552 - database_manager - INFO - Parse debates XML-Datei: debates2019-05-02b.xml
2025-09-20 19:49:15,562 - database_manager - INFO - Debates XML erfolgreich geparst: 16 Debatten, 0 Reden, 0 Wörter
2025-09-20 19:49:15,562 - database_manager - INFO - Verarbeite Datei 1641/2945: debates2020-02-13c.xml
2025-09-20 19:49:15,562 - database_manager - INFO - Parse debates XML-Datei: debates2020-02-13c.xml
2025-09-20 19:49:15,563 - database_manager - INFO - Debates XML erfolgreich geparst: 0 Debatten, 0 Reden, 0 Wörter
2025-09-20 19:49:15,563 - database_manager - INFO - Verarbeite Datei 1642/2945: debates2013-11-07b.xml
2025-09-20 19:49:15,563 - database_manager - INFO - Parse debates XML-Datei: debates2013-11-07b.xml
2025-09-20 19:49:15,578 - database_manager - INFO - Debates XML erfolgreich geparst: 22 Debatten, 0 Reden, 0 Wörter
2025-09-20 19:49:15,578 - database_manager - INFO - Verarbeite Datei 1643/2945: debates2020-07-06b.xml
2025-09-20 19:49:15,578 - database_manager - INFO - Parse debates XML-Datei: debates2020-07-06b.xml
2025-09-20 19:49:15,579 - database_manager - INFO - Debates XML erfolgreich geparst: 0 Debatten, 0 Reden, 0 Wörter
2025-09-20 19:49:15,579 - database_manager - INFO - Verarbeite Datei 1644/2945: debates2016-03-01b.xml
2025-09-20 19:49:15,579 - database_manager - INFO - Parse debates XML-Datei: debates2016-03-01b.xml
2025-09-20 19:49:15,580 - database_manager - INFO - Debates XML erfolgreich geparst: 0 Debatten, 0 Reden, 0 Wörter
2025-09-20 19:49:15,580 - database_manager - INFO - Verarbeite Datei 1645/2945: debates2019-10-17c.xml
2025-09-20 19:49:15,580 - database_manager - INFO - Parse debates XML-Datei: debates2019-10-17c.xml
2025-09-20 19:49:15,595 - database_manager - INFO - Debates XML erfolgreich geparst: 17 Debatten, 0 Reden, 0 Wörter
2025-09-20 19:49:15,595 - database_manager - INFO - Verarbeite Datei 1646/2945: debates2013-01-07b.xml
2025-09-20 19:49:15,595 - database_manager - INFO - Parse debates XML-Datei: debates2013-01-07b.xml
2025-09-20 19:49:15,596 - database_manager - INFO - Debates XML erfolgreich geparst: 0 Debatten, 0 Reden, 0 Wörter
2025-09-20 19:49:15,596 - database_manager - INFO - Verarbeite Datei 1647/2945: debates2012-10-15c.xml
2025-09-20 19:49:15,596 - database_manager - INFO - Parse debates XML-Datei: debates2012-10-15c.xml
2025-09-20 19:49:15,611 - database_manager - INFO - Debates XML erfolgreich geparst: 24 Debatten, 0 Reden, 0 Wörter
2025-09-20 19:49:15,612 - database_manager - INFO - Verarbeite Datei 1648/2945: debates2015-01-13a.xml
2025-09-20 19:49:15,612 - database_manager - INFO - Parse debates XML-Datei: debates2015-01-13a.xml
2025-09-20 19:49:15,613 - database_manager - INFO - Debates XML erfolgreich geparst: 0 Debatten, 0 Reden, 0 Wörter
2025-09-20 19:49:15,613 - database_manager - INFO - Verarbeite Datei 1649/2945: debates2021-03-01b.xml
2025-09-20 19:49:15,613 - database_manager - INFO - Parse debates XML-Datei: debates2021-03-01b.xml
2025-09-20 19:49:15,622 - database_manager - INFO - Debates XML erfolgreich geparst: 20 Debatten, 0 Reden, 0 Wörter
2025-09-20 19:49:15,622 - database_manager - INFO - Verarbeite Datei 1650/2945: debates2017-06-27a.xml
2025-09-20 19:49:15,622 - database_manager - INFO - Parse debates XML-Datei: debates2017-06-27a.xml
2025-09-20 19:49:15,637 - database_manager - INFO - Debates XML erfolgreich geparst: 19 Debatten, 0 Reden, 0 Wörter
2025-09-20 19:49:15,637 - database_manager - INFO - Verarbeite Datei 1651/2945: debates2017-07-06b.xml
2025-09-20 19:49:15,637 - database_manager - INFO - Parse debates XML-Datei: debates2017-07-06b.xml
2025-09-20 19:49:15,652 - database_manager - INFO - Debates XML erfolgreich geparst: 13 Debatten, 0 Reden, 0 Wörter
2025-09-20 19:49:15,652 - database_manager - INFO - Verarbeite Datei 1652/2945: debates2018-12-19a.xml
2025-09-20 19:49:15,652 - database_manager - INFO - Parse debates XML-Datei: debates2018-12-19a.xml
2025-09-20 19:49:15,654 - database_manager - INFO - Debates XML erfolgreich geparst: 0 Debatten, 0 Reden, 0 Wörter
2025-09-20 19:49:15,654 - database_manager - INFO - Verarbeite Datei 1653/2945: debates2018-10-24a.xml
2025-09-20 19:49:15,654 - database_manager - INFO - Parse debates XML-Datei: debates2018-10-24a.xml
2025-09-20 19:49:15,655 - database_manager - INFO - Debates XML erfolgreich geparst: 0 Debatten, 0 Reden, 0 Wörter
2025-09-20 19:49:15,655 - database_manager - INFO - Verarbeite Datei 1654/2945: debates2019-03-27a.xml
2025-09-20 19:49:15,655 - database_manager - INFO - Parse debates XML-Datei: debates2019-03-27a.xml
2025-09-20 19:49:15,657 - database_manager - INFO - Debates XML erfolgreich geparst: 0 Debatten, 0 Reden, 0 Wörter
2025-09-20 19:49:15,657 - database_manager - INFO - Verarbeite Datei 1655/2945: debates2016-09-07a.xml
2025-09-20 19:49:15,657 - database_manager - INFO - Parse debates XML-Datei: debates2016-09-07a.xml
2025-09-20 19:49:15,658 - database_manager - INFO - Debates XML erfolgreich geparst: 0 Debatten, 0 Reden, 0 Wörter
2025-09-20 19:49:15,658 - database_manager - INFO - Verarbeite Datei 1656/2945: debates2014-02-10a.xml
2025-09-20 19:49:15,658 - database_manager - INFO - Parse debates XML-Datei: debates2014-02-10a.xml
2025-09-20 19:49:15,659 - database_manager - INFO - Debates XML erfolgreich geparst: 0 Debatten, 0 Reden, 0 Wörter
2025-09-20 19:49:15,659 - database_manager - INFO - Verarbeite Datei 1657/2945: debates2020-01-23a.xml
2025-09-20 19:49:15,659 - database_manager - INFO - Parse debates XML-Datei: debates2020-01-23a.xml
2025-09-20 19:49:15,671 - database_manager - INFO - Debates XML erfolgreich geparst: 22 Debatten, 0 Reden, 0 Wörter
2025-09-20 19:49:15,671 - database_manager - INFO - Verarbeite Datei 1658/2945: debates2016-07-19a.xml
2025-09-20 19:49:15,671 - database_manager - INFO - Parse debates XML-Datei: debates2016-07-19a.xml
2025-09-20 19:49:15,672 - database_manager - INFO - Debates XML erfolgreich geparst: 0 Debatten, 0 Reden, 0 Wörter
2025-09-20 19:49:15,672 - database_manager - INFO - Verarbeite Datei 1659/2945: debates2016-05-24a.xml
2025-09-20 19:49:15,672 - database_manager - INFO - Parse debates XML-Datei: debates2016-05-24a.xml
2025-09-20 19:49:15,673 - database_manager - INFO - Debates XML erfolgreich geparst: 0 Debatten, 0 Reden, 0 Wörter
2025-09-20 19:49:15,673 - database_manager - INFO - Verarbeite Datei 1660/2945: debates2014-12-10a.xml
2025-09-20 19:49:15,673 - database_manager - INFO - Parse debates XML-Datei: debates2014-12-10a.xml
2025-09-20 19:49:15,685 - database_manager - INFO - Debates XML erfolgreich geparst: 18 Debatten, 0 Reden, 0 Wörter
2025-09-20 19:49:15,685 - database_manager - INFO - Verarbeite Datei 1661/2945: debates2013-06-03b.xml
2025-09-20 19:49:15,685 - database_manager - INFO - Parse debates XML-Datei: debates2013-06-03b.xml
2025-09-20 19:49:15,702 - database_manager - INFO - Debates XML erfolgreich geparst: 62 Debatten, 0 Reden, 0 Wörter
2025-09-20 19:49:15,703 - database_manager - INFO - Verarbeite Datei 1662/2945: debates2020-11-23a.xml
2025-09-20 19:49:15,703 - database_manager - INFO - Parse debates XML-Datei: debates2020-11-23a.xml
2025-09-20 19:49:15,704 - database_manager - INFO - Debates XML erfolgreich geparst: 0 Debatten, 0 Reden, 0 Wörter
2025-09-20 19:49:15,704 - database_manager - INFO - Verarbeite Datei 1663/2945: debates2017-11-23a.xml
2025-09-20 19:49:15,704 - database_manager - INFO - Parse debates XML-Datei: debates2017-11-23a.xml
2025-09-20 19:49:15,705 - database_manager - INFO - Debates XML erfolgreich geparst: 0 Debatten, 0 Reden, 0 Wörter
2025-09-20 19:49:15,705 - database_manager - INFO - Verarbeite Datei 1664/2945: debates2015-06-17a.xml
2025-09-20 19:49:15,705 - database_manager - INFO - Parse debates XML-Datei: debates2015-06-17a.xml
2025-09-20 19:49:15,706 - database_manager - INFO - Debates XML erfolgreich geparst: 0 Debatten, 0 Reden, 0 Wörter
2025-09-20 19:49:15,706 - database_manager - INFO - Verarbeite Datei 1665/2945: debates2018-01-29c.xml
2025-09-20 19:49:15,706 - database_manager - INFO - Parse debates XML-Datei: debates2018-01-29c.xml
2025-09-20 19:49:15,720 - database_manager - INFO - Debates XML erfolgreich geparst: 22 Debatten, 0 Reden, 0 Wörter
2025-09-20 19:49:15,720 - database_manager - INFO - Verarbeite Datei 1666/2945: debates2021-07-19a.xml
2025-09-20 19:49:15,720 - database_manager - INFO - Parse debates XML-Datei: debates2021-07-19a.xml
2025-09-20 19:49:15,721 - database_manager - INFO - Debates XML erfolgreich geparst: 0 Debatten, 0 Reden, 0 Wörter
2025-09-20 19:49:15,721 - database_manager - INFO - Verarbeite Datei 1667/2945: debates2021-05-24a.xml
2025-09-20 19:49:15,721 - database_manager - INFO - Parse debates XML-Datei: debates2021-05-24a.xml
2025-09-20 19:49:15,722 - database_manager - INFO - Debates XML erfolgreich geparst: 0 Debatten, 0 Reden, 0 Wörter
2025-09-20 19:49:15,722 - database_manager - INFO - Verarbeite Datei 1668/2945: debates2015-02-23c.xml
2025-09-20 19:49:15,722 - database_manager - INFO - Parse debates XML-Datei: debates2015-02-23c.xml
2025-09-20 19:49:15,723 - database_manager - INFO - Debates XML erfolgreich geparst: 0 Debatten, 0 Reden, 0 Wörter
2025-09-20 19:49:15,723 - database_manager - INFO - Verarbeite Datei 1669/2945: debates2017-01-23a.xml
2025-09-20 19:49:15,723 - database_manager - INFO - Parse debates XML-Datei: debates2017-01-23a.xml
2025-09-20 19:49:15,724 - database_manager - INFO - Debates XML erfolgreich geparst: 0 Debatten, 0 Reden, 0 Wörter
2025-09-20 19:49:15,724 - database_manager - INFO - Verarbeite Datei 1670/2945: debates2018-11-29c.xml
2025-09-20 19:49:15,724 - database_manager - INFO - Parse debates XML-Datei: debates2018-11-29c.xml
2025-09-20 19:49:15,726 - database_manager - INFO - Debates XML erfolgreich geparst: 1 Debatten, 0 Reden, 0 Wörter
2025-09-20 19:49:15,726 - database_manager - INFO - Verarbeite Datei 1671/2945: debates2012-01-18a.xml
2025-09-20 19:49:15,726 - database_manager - INFO - Parse debates XML-Datei: debates2012-01-18a.xml
2025-09-20 19:49:15,741 - database_manager - INFO - Debates XML erfolgreich geparst: 20 Debatten, 0 Reden, 0 Wörter
2025-09-20 19:49:15,742 - database_manager - INFO - Verarbeite Datei 1672/2945: debates2021-09-07a.xml
2025-09-20 19:49:15,742 - database_manager - INFO - Parse debates XML-Datei: debates2021-09-07a.xml
2025-09-20 19:49:15,743 - database_manager - INFO - Debates XML erfolgreich geparst: 0 Debatten, 0 Reden, 0 Wörter
2025-09-20 19:49:15,743 - database_manager - INFO - Verarbeite Datei 1673/2945: debates2019-01-16b.xml
2025-09-20 19:49:15,744 - database_manager - INFO - Parse debates XML-Datei: debates2019-01-16b.xml
2025-09-20 19:49:15,744 - database_manager - INFO - Debates XML erfolgreich geparst: 0 Debatten, 0 Reden, 0 Wörter
2025-09-20 19:49:15,744 - database_manager - INFO - Verarbeite Datei 1674/2945: debates2020-03-12b.xml
2025-09-20 19:49:15,744 - database_manager - INFO - Parse debates XML-Datei: debates2020-03-12b.xml
2025-09-20 19:49:15,759 - database_manager - INFO - Debates XML erfolgreich geparst: 23 Debatten, 0 Reden, 0 Wörter
2025-09-20 19:49:15,759 - database_manager - INFO - Verarbeite Datei 1675/2945: debates2014-10-21b.xml
2025-09-20 19:49:15,759 - database_manager - INFO - Parse debates XML-Datei: debates2014-10-21b.xml
2025-09-20 19:49:15,760 - database_manager - INFO - Debates XML erfolgreich geparst: 0 Debatten, 0 Reden, 0 Wörter
2025-09-20 19:49:15,760 - database_manager - INFO - Verarbeite Datei 1676/2945: debates2018-04-30a.xml
2025-09-20 19:49:15,760 - database_manager - INFO - Parse debates XML-Datei: debates2018-04-30a.xml
2025-09-20 19:49:15,761 - database_manager - INFO - Debates XML erfolgreich geparst: 0 Debatten, 0 Reden, 0 Wörter
2025-09-20 19:49:15,761 - database_manager - INFO - Verarbeite Datei 1677/2945: debates2021-07-15b.xml
2025-09-20 19:49:15,761 - database_manager - INFO - Parse debates XML-Datei: debates2021-07-15b.xml
2025-09-20 19:49:15,774 - database_manager - INFO - Debates XML erfolgreich geparst: 16 Debatten, 0 Reden, 0 Wörter
2025-09-20 19:49:15,775 - database_manager - INFO - Verarbeite Datei 1678/2945: debates2012-02-08a.xml
2025-09-20 19:49:15,775 - database_manager - INFO - Parse debates XML-Datei: debates2012-02-08a.xml
2025-09-20 19:49:15,778 - database_manager - INFO - Debates XML erfolgreich geparst: 0 Debatten, 0 Reden, 0 Wörter
2025-09-20 19:49:15,778 - database_manager - INFO - Verarbeite Datei 1679/2945: debates2018-01-25b.xml
2025-09-20 19:49:15,778 - database_manager - INFO - Parse debates XML-Datei: debates2018-01-25b.xml
2025-09-20 19:49:15,792 - database_manager - INFO - Debates XML erfolgreich geparst: 20 Debatten, 0 Reden, 0 Wörter
2025-09-20 19:49:15,793 - database_manager - INFO - Verarbeite Datei 1680/2945: debates2017-03-13d.xml
2025-09-20 19:49:15,793 - database_manager - INFO - Parse debates XML-Datei: debates2017-03-13d.xml
2025-09-20 19:49:15,794 - database_manager - INFO - Debates XML erfolgreich geparst: 0 Debatten, 0 Reden, 0 Wörter
2025-09-20 19:49:15,794 - database_manager - INFO - Verarbeite Datei 1681/2945: debates2015-10-12b.xml
2025-09-20 19:49:15,794 - database_manager - INFO - Parse debates XML-Datei: debates2015-10-12b.xml
2025-09-20 19:49:15,811 - database_manager - INFO - Debates XML erfolgreich geparst: 19 Debatten, 0 Reden, 0 Wörter
2025-09-20 19:49:15,811 - database_manager - INFO - Verarbeite Datei 1682/2945: debates2014-07-09a.xml
2025-09-20 19:49:15,811 - database_manager - INFO - Parse debates XML-Datei: debates2014-07-09a.xml
2025-09-20 19:49:15,827 - database_manager - INFO - Debates XML erfolgreich geparst: 26 Debatten, 0 Reden, 0 Wörter
2025-09-20 19:49:15,827 - database_manager - INFO - Verarbeite Datei 1683/2945: debates2019-04-03a.xml
2025-09-20 19:49:15,827 - database_manager - INFO - Parse debates XML-Datei: debates2019-04-03a.xml
2025-09-20 19:49:15,829 - database_manager - INFO - Debates XML erfolgreich geparst: 0 Debatten, 0 Reden, 0 Wörter
2025-09-20 19:49:15,829 - database_manager - INFO - Verarbeite Datei 1684/2945: debates2019-05-22b.xml
2025-09-20 19:49:15,829 - database_manager - INFO - Parse debates XML-Datei: debates2019-05-22b.xml
2025-09-20 19:49:15,838 - database_manager - INFO - Debates XML erfolgreich geparst: 10 Debatten, 0 Reden, 0 Wörter
2025-09-20 19:49:15,838 - database_manager - INFO - Verarbeite Datei 1685/2945: debates2015-03-02b.xml
2025-09-20 19:49:15,838 - database_manager - INFO - Parse debates XML-Datei: debates2015-03-02b.xml
2025-09-20 19:49:15,853 - database_manager - INFO - Debates XML erfolgreich geparst: 21 Debatten, 0 Reden, 0 Wörter
2025-09-20 19:49:15,853 - database_manager - INFO - Verarbeite Datei 1686/2945: debates2015-02-23a.xml
2025-09-20 19:49:15,853 - database_manager - INFO - Parse debates XML-Datei: debates2015-02-23a.xml
2025-09-20 19:49:15,855 - database_manager - INFO - Debates XML erfolgreich geparst: 0 Debatten, 0 Reden, 0 Wörter
2025-09-20 19:49:15,855 - database_manager - INFO - Verarbeite Datei 1687/2945: debates2021-07-19c.xml
2025-09-20 19:49:15,855 - database_manager - INFO - Parse debates XML-Datei: debates2021-07-19c.xml
2025-09-20 19:49:15,856 - database_manager - INFO - Debates XML erfolgreich geparst: 0 Debatten, 0 Reden, 0 Wörter
2025-09-20 19:49:15,856 - database_manager - INFO - Verarbeite Datei 1688/2945: debates2018-01-29a.xml
2025-09-20 19:49:15,856 - database_manager - INFO - Parse debates XML-Datei: debates2018-01-29a.xml
2025-09-20 19:49:15,857 - database_manager - INFO - Debates XML erfolgreich geparst: 0 Debatten, 0 Reden, 0 Wörter
2025-09-20 19:49:15,857 - database_manager - INFO - Verarbeite Datei 1689/2945: debates2018-03-14a.xml
2025-09-20 19:49:15,857 - database_manager - INFO - Parse debates XML-Datei: debates2018-03-14a.xml
2025-09-20 19:49:15,872 - database_manager - INFO - Debates XML erfolgreich geparst: 11 Debatten, 0 Reden, 0 Wörter
2025-09-20 19:49:15,872 - database_manager - INFO - Verarbeite Datei 1690/2945: debates2017-11-23c.xml
2025-09-20 19:49:15,872 - database_manager - INFO - Parse debates XML-Datei: debates2017-11-23c.xml
2025-09-20 19:49:15,886 - database_manager - INFO - Debates XML erfolgreich geparst: 16 Debatten, 0 Reden, 0 Wörter
2025-09-20 19:49:15,887 - database_manager - INFO - Verarbeite Datei 1691/2945: debates2021-09-07c.xml
2025-09-20 19:49:15,887 - database_manager - INFO - Parse debates XML-Datei: debates2021-09-07c.xml
2025-09-20 19:49:15,903 - database_manager - INFO - Debates XML erfolgreich geparst: 10 Debatten, 0 Reden, 0 Wörter
2025-09-20 19:49:15,903 - database_manager - INFO - Verarbeite Datei 1692/2945: debates2018-11-29a.xml
2025-09-20 19:49:15,903 - database_manager - INFO - Parse debates XML-Datei: debates2018-11-29a.xml
2025-09-20 19:49:15,904 - database_manager - INFO - Debates XML erfolgreich geparst: 0 Debatten, 0 Reden, 0 Wörter
2025-09-20 19:49:15,904 - database_manager - INFO - Verarbeite Datei 1693/2945: debates2017-01-23c.xml
2025-09-20 19:49:15,904 - database_manager - INFO - Parse debates XML-Datei: debates2017-01-23c.xml
2025-09-20 19:49:15,905 - database_manager - INFO - Debates XML erfolgreich geparst: 0 Debatten, 0 Reden, 0 Wörter
2025-09-20 19:49:15,905 - database_manager - INFO - Verarbeite Datei 1694/2945: debates2012-07-11a.xml
2025-09-20 19:49:15,905 - database_manager - INFO - Parse debates XML-Datei: debates2012-07-11a.xml
2025-09-20 19:49:15,920 - database_manager - INFO - Debates XML erfolgreich geparst: 24 Debatten, 0 Reden, 0 Wörter
2025-09-20 19:49:15,920 - database_manager - INFO - Verarbeite Datei 1695/2945: debates2016-10-31b.xml
2025-09-20 19:49:15,920 - database_manager - INFO - Parse debates XML-Datei: debates2016-10-31b.xml
2025-09-20 19:49:15,934 - database_manager - INFO - Debates XML erfolgreich geparst: 41 Debatten, 0 Reden, 0 Wörter
2025-09-20 19:49:15,935 - database_manager - INFO - Verarbeite Datei 1696/2945: debates2014-06-24a.xml
2025-09-20 19:49:15,935 - database_manager - INFO - Parse debates XML-Datei: debates2014-06-24a.xml
2025-09-20 19:49:15,936 - database_manager - INFO - Debates XML erfolgreich geparst: 0 Debatten, 0 Reden, 0 Wörter
2025-09-20 19:49:15,936 - database_manager - INFO - Verarbeite Datei 1697/2945: debates2020-11-23c.xml
2025-09-20 19:49:15,936 - database_manager - INFO - Parse debates XML-Datei: debates2020-11-23c.xml
2025-09-20 19:49:15,937 - database_manager - INFO - Debates XML erfolgreich geparst: 0 Debatten, 0 Reden, 0 Wörter
2025-09-20 19:49:15,937 - database_manager - INFO - Verarbeite Datei 1698/2945: debates2016-07-19c.xml
2025-09-20 19:49:15,937 - database_manager - INFO - Parse debates XML-Datei: debates2016-07-19c.xml
2025-09-20 19:49:15,951 - database_manager - INFO - Debates XML erfolgreich geparst: 17 Debatten, 0 Reden, 0 Wörter
2025-09-20 19:49:15,951 - database_manager - INFO - Verarbeite Datei 1699/2945: debates2016-05-24c.xml
2025-09-20 19:49:15,951 - database_manager - INFO - Parse debates XML-Datei: debates2016-05-24c.xml
2025-09-20 19:49:15,965 - database_manager - INFO - Debates XML erfolgreich geparst: 18 Debatten, 0 Reden, 0 Wörter
2025-09-20 19:49:15,966 - database_manager - INFO - Verarbeite Datei 1700/2945: debates2015-05-27a.xml
2025-09-20 19:49:15,966 - database_manager - INFO - Parse debates XML-Datei: debates2015-05-27a.xml
2025-09-20 19:49:15,966 - database_manager - INFO - Debates XML erfolgreich geparst: 0 Debatten, 0 Reden, 0 Wörter
2025-09-20 19:49:15,966 - database_manager - INFO - Verarbeite Datei 1701/2945: debates2017-12-13a.xml
2025-09-20 19:49:15,966 - database_manager - INFO - Parse debates XML-Datei: debates2017-12-13a.xml
2025-09-20 19:49:15,967 - database_manager - INFO - Debates XML erfolgreich geparst: 0 Debatten, 0 Reden, 0 Wörter
2025-09-20 19:49:15,967 - database_manager - INFO - Verarbeite Datei 1702/2945: debates2021-04-29a.xml
2025-09-20 19:49:15,967 - database_manager - INFO - Parse debates XML-Datei: debates2021-04-29a.xml
2025-09-20 19:49:15,971 - database_manager - INFO - Debates XML erfolgreich geparst: 19 Debatten, 0 Reden, 0 Wörter
2025-09-20 19:49:15,971 - database_manager - INFO - Verarbeite Datei 1703/2945: debates2021-06-14a.xml
2025-09-20 19:49:15,971 - database_manager - INFO - Parse debates XML-Datei: debates2021-06-14a.xml
2025-09-20 19:49:15,981 - database_manager - INFO - Debates XML erfolgreich geparst: 16 Debatten, 0 Reden, 0 Wörter
2025-09-20 19:49:15,982 - database_manager - INFO - Verarbeite Datei 1704/2945: debates2012-10-15a.xml
2025-09-20 19:49:15,982 - database_manager - INFO - Parse debates XML-Datei: debates2012-10-15a.xml
2025-09-20 19:49:15,983 - database_manager - INFO - Debates XML erfolgreich geparst: 0 Debatten, 0 Reden, 0 Wörter
2025-09-20 19:49:15,983 - database_manager - INFO - Verarbeite Datei 1705/2945: debates2012-02-28a.xml
2025-09-20 19:49:15,983 - database_manager - INFO - Parse debates XML-Datei: debates2012-02-28a.xml
2025-09-20 19:49:15,984 - database_manager - INFO - Debates XML erfolgreich geparst: 0 Debatten, 0 Reden, 0 Wörter
2025-09-20 19:49:15,984 - database_manager - INFO - Verarbeite Datei 1706/2945: debates2018-12-19c.xml
2025-09-20 19:49:15,984 - database_manager - INFO - Parse debates XML-Datei: debates2018-12-19c.xml
2025-09-20 19:49:15,985 - database_manager - INFO - Debates XML erfolgreich geparst: 1 Debatten, 0 Reden, 0 Wörter
2025-09-20 19:49:15,985 - database_manager - INFO - Verarbeite Datei 1707/2945: debates2014-01-20a.xml
2025-09-20 19:49:15,985 - database_manager - INFO - Parse debates XML-Datei: debates2014-01-20a.xml
2025-09-20 19:49:15,999 - database_manager - INFO - Debates XML erfolgreich geparst: 22 Debatten, 0 Reden, 0 Wörter
2025-09-20 19:49:16,000 - database_manager - INFO - Verarbeite Datei 1708/2945: debates2020-02-13a.xml
2025-09-20 19:49:16,000 - database_manager - INFO - Parse debates XML-Datei: debates2020-02-13a.xml
2025-09-20 19:49:16,000 - database_manager - INFO - Debates XML erfolgreich geparst: 0 Debatten, 0 Reden, 0 Wörter
2025-09-20 19:49:16,000 - database_manager - INFO - Verarbeite Datei 1709/2945: debates2013-09-10b.xml
2025-09-20 19:49:16,000 - database_manager - INFO - Parse debates XML-Datei: debates2013-09-10b.xml
2025-09-20 19:49:16,017 - database_manager - INFO - Debates XML erfolgreich geparst: 26 Debatten, 0 Reden, 0 Wörter
2025-09-20 19:49:16,017 - database_manager - INFO - Verarbeite Datei 1710/2945: debates2014-05-14c.xml
2025-09-20 19:49:16,018 - database_manager - INFO - Parse debates XML-Datei: debates2014-05-14c.xml
2025-09-20 19:49:16,018 - database_manager - INFO - Debates XML erfolgreich geparst: 0 Debatten, 0 Reden, 0 Wörter
2025-09-20 19:49:16,018 - database_manager - INFO - Verarbeite Datei 1711/2945: debates2019-10-17a.xml
2025-09-20 19:49:16,018 - database_manager - INFO - Parse debates XML-Datei: debates2019-10-17a.xml
2025-09-20 19:49:16,020 - database_manager - INFO - Debates XML erfolgreich geparst: 1 Debatten, 0 Reden, 0 Wörter
2025-09-20 19:49:16,020 - database_manager - INFO - Verarbeite Datei 1712/2945: debates2014-11-20a.xml
2025-09-20 19:49:16,020 - database_manager - INFO - Parse debates XML-Datei: debates2014-11-20a.xml
2025-09-20 19:49:16,021 - database_manager - INFO - Debates XML erfolgreich geparst: 0 Debatten, 0 Reden, 0 Wörter
2025-09-20 19:49:16,021 - database_manager - INFO - Verarbeite Datei 1713/2945: debates2016-06-14a.xml
2025-09-20 19:49:16,021 - database_manager - INFO - Parse debates XML-Datei: debates2016-06-14a.xml
2025-09-20 19:49:16,021 - database_manager - INFO - Debates XML erfolgreich geparst: 0 Debatten, 0 Reden, 0 Wörter
2025-09-20 19:49:16,021 - database_manager - INFO - Verarbeite Datei 1714/2945: debates2015-07-16b.xml
2025-09-20 19:49:16,021 - database_manager - INFO - Parse debates XML-Datei: debates2015-07-16b.xml
2025-09-20 19:49:16,037 - database_manager - INFO - Debates XML erfolgreich geparst: 20 Debatten, 0 Reden, 0 Wörter
2025-09-20 19:49:16,037 - database_manager - INFO - Verarbeite Datei 1715/2945: debates2017-11-03a.xml
2025-09-20 19:49:16,037 - database_manager - INFO - Parse debates XML-Datei: debates2017-11-03a.xml
2025-09-20 19:49:16,039 - database_manager - INFO - Debates XML erfolgreich geparst: 1 Debatten, 0 Reden, 0 Wörter
2025-09-20 19:49:16,039 - database_manager - INFO - Verarbeite Datei 1716/2945: debates2018-06-21b.xml
2025-09-20 19:49:16,039 - database_manager - INFO - Parse debates XML-Datei: debates2018-06-21b.xml
2025-09-20 19:49:16,040 - database_manager - INFO - Debates XML erfolgreich geparst: 0 Debatten, 0 Reden, 0 Wörter
2025-09-20 19:49:16,040 - database_manager - INFO - Verarbeite Datei 1717/2945: debates2012-10-19b.xml
2025-09-20 19:49:16,040 - database_manager - INFO - Parse debates XML-Datei: debates2012-10-19b.xml
2025-09-20 19:49:16,049 - database_manager - INFO - Debates XML erfolgreich geparst: 4 Debatten, 0 Reden, 0 Wörter
2025-09-20 19:49:16,049 - database_manager - INFO - Verarbeite Datei 1718/2945: debates2017-09-14c.xml
2025-09-20 19:49:16,049 - database_manager - INFO - Parse debates XML-Datei: debates2017-09-14c.xml
2025-09-20 19:49:16,063 - database_manager - INFO - Debates XML erfolgreich geparst: 23 Debatten, 0 Reden, 0 Wörter
2025-09-20 19:49:16,063 - database_manager - INFO - Verarbeite Datei 1719/2945: debates2015-02-03c.xml
2025-09-20 19:49:16,063 - database_manager - INFO - Parse debates XML-Datei: debates2015-02-03c.xml
2025-09-20 19:49:16,065 - database_manager - INFO - Debates XML erfolgreich geparst: 0 Debatten, 0 Reden, 0 Wörter
2025-09-20 19:49:16,065 - database_manager - INFO - Verarbeite Datei 1720/2945: debates2015-09-08b.xml
2025-09-20 19:49:16,065 - database_manager - INFO - Parse debates XML-Datei: debates2015-09-08b.xml
2025-09-20 19:49:16,066 - database_manager - INFO - Debates XML erfolgreich geparst: 0 Debatten, 0 Reden, 0 Wörter
2025-09-20 19:49:16,066 - database_manager - INFO - Verarbeite Datei 1721/2945: debates2012-03-05a.xml
2025-09-20 19:49:16,066 - database_manager - INFO - Parse debates XML-Datei: debates2012-03-05a.xml
2025-09-20 19:49:16,067 - database_manager - INFO - Debates XML erfolgreich geparst: 0 Debatten, 0 Reden, 0 Wörter
2025-09-20 19:49:16,067 - database_manager - INFO - Verarbeite Datei 1722/2945: debates2019-02-26b.xml
2025-09-20 19:49:16,067 - database_manager - INFO - Parse debates XML-Datei: debates2019-02-26b.xml
2025-09-20 19:49:16,084 - database_manager - INFO - Debates XML erfolgreich geparst: 22 Debatten, 0 Reden, 0 Wörter
2025-09-20 19:49:16,084 - database_manager - INFO - Verarbeite Datei 1723/2945: debates2019-03-07a.xml
2025-09-20 19:49:16,084 - database_manager - INFO - Parse debates XML-Datei: debates2019-03-07a.xml
2025-09-20 19:49:16,086 - database_manager - INFO - Debates XML erfolgreich geparst: 2 Debatten, 0 Reden, 0 Wörter
2025-09-20 19:49:16,086 - database_manager - INFO - Verarbeite Datei 1724/2945: debates2016-05-04a.xml
2025-09-20 19:49:16,086 - database_manager - INFO - Parse debates XML-Datei: debates2016-05-04a.xml
2025-09-20 19:49:16,086 - database_manager - INFO - Debates XML erfolgreich geparst: 0 Debatten, 0 Reden, 0 Wörter
2025-09-20 19:49:16,087 - database_manager - INFO - Verarbeite Datei 1725/2945: debates2016-04-25b.xml
2025-09-20 19:49:16,087 - database_manager - INFO - Parse debates XML-Datei: debates2016-04-25b.xml
2025-09-20 19:49:16,087 - database_manager - INFO - Debates XML erfolgreich geparst: 0 Debatten, 0 Reden, 0 Wörter
2025-09-20 19:49:16,087 - database_manager - INFO - Verarbeite Datei 1726/2945: debates2013-07-02a.xml
2025-09-20 19:49:16,087 - database_manager - INFO - Parse debates XML-Datei: debates2013-07-02a.xml
2025-09-20 19:49:16,107 - database_manager - INFO - Debates XML erfolgreich geparst: 34 Debatten, 0 Reden, 0 Wörter
2025-09-20 19:49:16,107 - database_manager - INFO - Verarbeite Datei 1727/2945: debates2020-11-03a.xml
2025-09-20 19:49:16,107 - database_manager - INFO - Parse debates XML-Datei: debates2020-11-03a.xml
2025-09-20 19:49:16,109 - database_manager - INFO - Debates XML erfolgreich geparst: 0 Debatten, 0 Reden, 0 Wörter
2025-09-20 19:49:16,109 - database_manager - INFO - Verarbeite Datei 1728/2945: debates2020-10-22b.xml
2025-09-20 19:49:16,109 - database_manager - INFO - Parse debates XML-Datei: debates2020-10-22b.xml
2025-09-20 19:49:16,110 - database_manager - INFO - Debates XML erfolgreich geparst: 0 Debatten, 0 Reden, 0 Wörter
2025-09-20 19:49:16,110 - database_manager - INFO - Verarbeite Datei 1729/2945: debates2015-11-05c.xml
2025-09-20 19:49:16,110 - database_manager - INFO - Parse debates XML-Datei: debates2015-11-05c.xml
2025-09-20 19:49:16,125 - database_manager - INFO - Debates XML erfolgreich geparst: 25 Debatten, 0 Reden, 0 Wörter
2025-09-20 19:49:16,125 - database_manager - INFO - Verarbeite Datei 1730/2945: debates2017-01-19b.xml
2025-09-20 19:49:16,125 - database_manager - INFO - Parse debates XML-Datei: debates2017-01-19b.xml
2025-09-20 19:49:16,138 - database_manager - INFO - Debates XML erfolgreich geparst: 21 Debatten, 0 Reden, 0 Wörter
2025-09-20 19:49:16,138 - database_manager - INFO - Verarbeite Datei 1731/2945: debates2021-07-22f.xml
2025-09-20 19:49:16,138 - database_manager - INFO - Parse debates XML-Datei: debates2021-07-22f.xml
2025-09-20 19:49:16,153 - database_manager - INFO - Debates XML erfolgreich geparst: 27 Debatten, 0 Reden, 0 Wörter
2025-09-20 19:49:16,153 - database_manager - INFO - Verarbeite Datei 1732/2945: debates2012-11-22b.xml
2025-09-20 19:49:16,153 - database_manager - INFO - Parse debates XML-Datei: debates2012-11-22b.xml
2025-09-20 19:49:16,169 - database_manager - INFO - Debates XML erfolgreich geparst: 27 Debatten, 0 Reden, 0 Wörter
2025-09-20 19:49:16,169 - database_manager - INFO - Verarbeite Datei 1733/2945: debates2015-01-05c.xml
2025-09-20 19:49:16,169 - database_manager - INFO - Parse debates XML-Datei: debates2015-01-05c.xml
2025-09-20 19:49:16,184 - database_manager - INFO - Debates XML erfolgreich geparst: 21 Debatten, 0 Reden, 0 Wörter
2025-09-20 19:49:16,184 - database_manager - INFO - Verarbeite Datei 1734/2945: debates2018-11-12d.xml
2025-09-20 19:49:16,184 - database_manager - INFO - Parse debates XML-Datei: debates2018-11-12d.xml
2025-09-20 19:49:16,201 - database_manager - INFO - Debates XML erfolgreich geparst: 23 Debatten, 0 Reden, 0 Wörter
2025-09-20 19:49:16,201 - database_manager - INFO - Verarbeite Datei 1735/2945: debates2017-12-05a.xml
2025-09-20 19:49:16,201 - database_manager - INFO - Parse debates XML-Datei: debates2017-12-05a.xml
2025-09-20 19:49:16,202 - database_manager - INFO - Debates XML erfolgreich geparst: 0 Debatten, 0 Reden, 0 Wörter
2025-09-20 19:49:16,202 - database_manager - INFO - Verarbeite Datei 1736/2945: debates2017-07-11d.xml
2025-09-20 19:49:16,202 - database_manager - INFO - Parse debates XML-Datei: debates2017-07-11d.xml
2025-09-20 19:49:16,203 - database_manager - INFO - Debates XML erfolgreich geparst: 0 Debatten, 0 Reden, 0 Wörter
2025-09-20 19:49:16,203 - database_manager - INFO - Verarbeite Datei 1737/2945: debates2020-11-19b.xml
2025-09-20 19:49:16,203 - database_manager - INFO - Parse debates XML-Datei: debates2020-11-19b.xml
2025-09-20 19:49:16,204 - database_manager - INFO - Debates XML erfolgreich geparst: 0 Debatten, 0 Reden, 0 Wörter
2025-09-20 19:49:16,204 - database_manager - INFO - Verarbeite Datei 1738/2945: debates2020-02-04e.xml
2025-09-20 19:49:16,204 - database_manager - INFO - Parse debates XML-Datei: debates2020-02-04e.xml
2025-09-20 19:49:16,219 - database_manager - INFO - Debates XML erfolgreich geparst: 23 Debatten, 0 Reden, 0 Wörter
2025-09-20 19:49:16,219 - database_manager - INFO - Verarbeite Datei 1739/2945: debates2019-10-01a.xml
2025-09-20 19:49:16,219 - database_manager - INFO - Parse debates XML-Datei: debates2019-10-01a.xml
2025-09-20 19:49:16,231 - database_manager - INFO - Debates XML erfolgreich geparst: 18 Debatten, 0 Reden, 0 Wörter
2025-09-20 19:49:16,231 - database_manager - INFO - Verarbeite Datei 1740/2945: debates2020-03-24b.xml
2025-09-20 19:49:16,231 - database_manager - INFO - Parse debates XML-Datei: debates2020-03-24b.xml
2025-09-20 19:49:16,245 - database_manager - INFO - Debates XML erfolgreich geparst: 18 Debatten, 0 Reden, 0 Wörter
2025-09-20 19:49:16,245 - database_manager - INFO - Verarbeite Datei 1741/2945: debates2020-02-05a.xml
2025-09-20 19:49:16,245 - database_manager - INFO - Parse debates XML-Datei: debates2020-02-05a.xml
2025-09-20 19:49:16,247 - database_manager - INFO - Debates XML erfolgreich geparst: 0 Debatten, 0 Reden, 0 Wörter
2025-09-20 19:49:16,247 - database_manager - INFO - Verarbeite Datei 1742/2945: debates2012-03-13a.xml
2025-09-20 19:49:16,247 - database_manager - INFO - Parse debates XML-Datei: debates2012-03-13a.xml
2025-09-20 19:49:16,260 - database_manager - INFO - Debates XML erfolgreich geparst: 34 Debatten, 0 Reden, 0 Wörter
2025-09-20 19:49:16,261 - database_manager - INFO - Verarbeite Datei 1743/2945: debates2017-03-28a.xml
2025-09-20 19:49:16,261 - database_manager - INFO - Parse debates XML-Datei: debates2017-03-28a.xml
2025-09-20 19:49:16,262 - database_manager - INFO - Debates XML erfolgreich geparst: 0 Debatten, 0 Reden, 0 Wörter
2025-09-20 19:49:16,262 - database_manager - INFO - Verarbeite Datei 1744/2945: debates2021-05-12a.xml
2025-09-20 19:49:16,262 - database_manager - INFO - Parse debates XML-Datei: debates2021-05-12a.xml
2025-09-20 19:49:16,262 - database_manager - INFO - Debates XML erfolgreich geparst: 0 Debatten, 0 Reden, 0 Wörter
2025-09-20 19:49:16,262 - database_manager - INFO - Verarbeite Datei 1745/2945: debates2018-07-16a.xml
2025-09-20 19:49:16,262 - database_manager - INFO - Parse debates XML-Datei: debates2018-07-16a.xml
2025-09-20 19:49:16,284 - database_manager - INFO - Debates XML erfolgreich geparst: 40 Debatten, 0 Reden, 0 Wörter
2025-09-20 19:49:16,285 - database_manager - INFO - Verarbeite Datei 1746/2945: debates2017-11-15a.xml
2025-09-20 19:49:16,285 - database_manager - INFO - Parse debates XML-Datei: debates2017-11-15a.xml
2025-09-20 19:49:16,286 - database_manager - INFO - Debates XML erfolgreich geparst: 0 Debatten, 0 Reden, 0 Wörter
2025-09-20 19:49:16,286 - database_manager - INFO - Verarbeite Datei 1747/2945: debates2020-12-09b.xml
2025-09-20 19:49:16,286 - database_manager - INFO - Parse debates XML-Datei: debates2020-12-09b.xml
2025-09-20 19:49:16,745 - database_manager - INFO - Debates XML erfolgreich geparst: 17 Debatten, 0 Reden, 0 Wörter
2025-09-20 19:49:16,745 - database_manager - INFO - Verarbeite Datei 1748/2945: debates2016-05-12a.xml
2025-09-20 19:49:16,745 - database_manager - INFO - Parse debates XML-Datei: debates2016-05-12a.xml
2025-09-20 19:49:16,754 - database_manager - INFO - Debates XML erfolgreich geparst: 19 Debatten, 0 Reden, 0 Wörter
2025-09-20 19:49:16,754 - database_manager - INFO - Verarbeite Datei 1749/2945: debates2020-01-15a.xml
2025-09-20 19:49:16,754 - database_manager - INFO - Parse debates XML-Datei: debates2020-01-15a.xml
2025-09-20 19:49:16,755 - database_manager - INFO - Debates XML erfolgreich geparst: 0 Debatten, 0 Reden, 0 Wörter
2025-09-20 19:49:16,755 - database_manager - INFO - Verarbeite Datei 1750/2945: debates2014-06-12c.xml
2025-09-20 19:49:16,755 - database_manager - INFO - Parse debates XML-Datei: debates2014-06-12c.xml
2025-09-20 19:49:16,771 - database_manager - INFO - Debates XML erfolgreich geparst: 25 Debatten, 0 Reden, 0 Wörter
2025-09-20 19:49:16,772 - database_manager - INFO - Verarbeite Datei 1751/2945: debates2014-02-26a.xml
2025-09-20 19:49:16,772 - database_manager - INFO - Parse debates XML-Datei: debates2014-02-26a.xml
2025-09-20 19:49:16,773 - database_manager - INFO - Debates XML erfolgreich geparst: 0 Debatten, 0 Reden, 0 Wörter
2025-09-20 19:49:16,773 - database_manager - INFO - Verarbeite Datei 1752/2945: debates2019-03-11a.xml
2025-09-20 19:49:16,773 - database_manager - INFO - Parse debates XML-Datei: debates2019-03-11a.xml
2025-09-20 19:49:16,774 - database_manager - INFO - Debates XML erfolgreich geparst: 0 Debatten, 0 Reden, 0 Wörter
2025-09-20 19:49:16,774 - database_manager - INFO - Verarbeite Datei 1753/2945: debates2021-12-16a.xml
2025-09-20 19:49:16,774 - database_manager - INFO - Parse debates XML-Datei: debates2021-12-16a.xml
2025-09-20 19:49:16,775 - database_manager - INFO - Debates XML erfolgreich geparst: 0 Debatten, 0 Reden, 0 Wörter
2025-09-20 19:49:16,775 - database_manager - INFO - Verarbeite Datei 1754/2945: debates2012-04-17a.xml
2025-09-20 19:49:16,775 - database_manager - INFO - Parse debates XML-Datei: debates2012-04-17a.xml
2025-09-20 19:49:16,776 - database_manager - INFO - Debates XML erfolgreich geparst: 0 Debatten, 0 Reden, 0 Wörter
2025-09-20 19:49:16,776 - database_manager - INFO - Verarbeite Datei 1755/2945: debates2015-11-25a.xml
2025-09-20 19:49:16,776 - database_manager - INFO - Parse debates XML-Datei: debates2015-11-25a.xml
2025-09-20 19:49:16,791 - database_manager - INFO - Debates XML erfolgreich geparst: 22 Debatten, 0 Reden, 0 Wörter
2025-09-20 19:49:16,792 - database_manager - INFO - Verarbeite Datei 1756/2945: debates2015-03-18a.xml
2025-09-20 19:49:16,792 - database_manager - INFO - Parse debates XML-Datei: debates2015-03-18a.xml
2025-09-20 19:49:16,793 - database_manager - INFO - Debates XML erfolgreich geparst: 0 Debatten, 0 Reden, 0 Wörter
2025-09-20 19:49:16,793 - database_manager - INFO - Verarbeite Datei 1757/2945: debates2012-10-23c.xml
2025-09-20 19:49:16,793 - database_manager - INFO - Parse debates XML-Datei: debates2012-10-23c.xml
2025-09-20 19:49:16,803 - database_manager - INFO - Debates XML erfolgreich geparst: 24 Debatten, 0 Reden, 0 Wörter
2025-09-20 19:49:16,803 - database_manager - INFO - Verarbeite Datei 1758/2945: debates2019-10-21c.xml
2025-09-20 19:49:16,803 - database_manager - INFO - Parse debates XML-Datei: debates2019-10-21c.xml
2025-09-20 19:49:16,804 - database_manager - INFO - Debates XML erfolgreich geparst: 1 Debatten, 0 Reden, 0 Wörter
2025-09-20 19:49:16,804 - database_manager - INFO - Verarbeite Datei 1759/2945: debates2014-09-01a.xml
2025-09-20 19:49:16,804 - database_manager - INFO - Parse debates XML-Datei: debates2014-09-01a.xml
2025-09-20 19:49:16,820 - database_manager - INFO - Debates XML erfolgreich geparst: 21 Debatten, 0 Reden, 0 Wörter
2025-09-20 19:49:16,821 - database_manager - INFO - Verarbeite Datei 1760/2945: debates2020-06-11a.xml
2025-09-20 19:49:16,821 - database_manager - INFO - Parse debates XML-Datei: debates2020-06-11a.xml
2025-09-20 19:49:16,822 - database_manager - INFO - Debates XML erfolgreich geparst: 0 Debatten, 0 Reden, 0 Wörter
2025-09-20 19:49:16,822 - database_manager - INFO - Verarbeite Datei 1761/2945: debates2013-10-10a.xml
2025-09-20 19:49:16,822 - database_manager - INFO - Parse debates XML-Datei: debates2013-10-10a.xml
2025-09-20 19:49:16,823 - database_manager - INFO - Debates XML erfolgreich geparst: 0 Debatten, 0 Reden, 0 Wörter
2025-09-20 19:49:16,823 - database_manager - INFO - Verarbeite Datei 1762/2945: debates2020-02-25c.xml
2025-09-20 19:49:16,823 - database_manager - INFO - Parse debates XML-Datei: debates2020-02-25c.xml
2025-09-20 19:49:16,823 - database_manager - INFO - Debates XML erfolgreich geparst: 0 Debatten, 0 Reden, 0 Wörter
2025-09-20 19:49:16,823 - database_manager - INFO - Verarbeite Datei 1763/2945: debates2019-07-09b.xml
2025-09-20 19:49:16,823 - database_manager - INFO - Parse debates XML-Datei: debates2019-07-09b.xml
2025-09-20 19:49:16,824 - database_manager - INFO - Debates XML erfolgreich geparst: 0 Debatten, 0 Reden, 0 Wörter
2025-09-20 19:49:16,824 - database_manager - INFO - Verarbeite Datei 1764/2945: debates2016-12-16a.xml
2025-09-20 19:49:16,824 - database_manager - INFO - Parse debates XML-Datei: debates2016-12-16a.xml
2025-09-20 19:49:16,826 - database_manager - INFO - Debates XML erfolgreich geparst: 1 Debatten, 0 Reden, 0 Wörter
2025-09-20 19:49:16,826 - database_manager - INFO - Verarbeite Datei 1765/2945: debates2012-06-26b.xml
2025-09-20 19:49:16,826 - database_manager - INFO - Parse debates XML-Datei: debates2012-06-26b.xml
2025-09-20 19:49:16,827 - database_manager - INFO - Debates XML erfolgreich geparst: 0 Debatten, 0 Reden, 0 Wörter
2025-09-20 19:49:16,828 - database_manager - INFO - Verarbeite Datei 1766/2945: debates2017-03-08c.xml
2025-09-20 19:49:16,828 - database_manager - INFO - Parse debates XML-Datei: debates2017-03-08c.xml
2025-09-20 19:49:16,841 - database_manager - INFO - Debates XML erfolgreich geparst: 13 Debatten, 0 Reden, 0 Wörter
2025-09-20 19:49:16,842 - database_manager - INFO - Verarbeite Datei 1767/2945: debates2021-01-06a.xml
2025-09-20 19:49:16,842 - database_manager - INFO - Parse debates XML-Datei: debates2021-01-06a.xml
2025-09-20 19:49:16,842 - database_manager - INFO - Debates XML erfolgreich geparst: 0 Debatten, 0 Reden, 0 Wörter
2025-09-20 19:49:16,843 - database_manager - INFO - Verarbeite Datei 1768/2945: debates2020-09-22a.xml
2025-09-20 19:49:16,843 - database_manager - INFO - Parse debates XML-Datei: debates2020-09-22a.xml
2025-09-20 19:49:16,858 - database_manager - INFO - Debates XML erfolgreich geparst: 37 Debatten, 0 Reden, 0 Wörter
2025-09-20 19:49:16,858 - database_manager - INFO - Verarbeite Datei 1769/2945: debates2016-01-06a.xml
2025-09-20 19:49:16,858 - database_manager - INFO - Parse debates XML-Datei: debates2016-01-06a.xml
2025-09-20 19:49:16,859 - database_manager - INFO - Debates XML erfolgreich geparst: 3 Debatten, 0 Reden, 0 Wörter
2025-09-20 19:49:16,859 - database_manager - INFO - Verarbeite Datei 1770/2945: debates2019-06-24b.xml
2025-09-20 19:49:16,859 - database_manager - INFO - Parse debates XML-Datei: debates2019-06-24b.xml
2025-09-20 19:49:16,869 - database_manager - INFO - Debates XML erfolgreich geparst: 16 Debatten, 0 Reden, 0 Wörter
2025-09-20 19:49:16,870 - database_manager - INFO - Verarbeite Datei 1771/2945: debates2014-03-27a.xml
2025-09-20 19:49:16,870 - database_manager - INFO - Parse debates XML-Datei: debates2014-03-27a.xml
2025-09-20 19:49:16,885 - database_manager - INFO - Debates XML erfolgreich geparst: 24 Debatten, 0 Reden, 0 Wörter
2025-09-20 19:49:16,885 - database_manager - INFO - Verarbeite Datei 1772/2945: debates2014-02-06b.xml
2025-09-20 19:49:16,885 - database_manager - INFO - Parse debates XML-Datei: debates2014-02-06b.xml
2025-09-20 19:49:16,900 - database_manager - INFO - Debates XML erfolgreich geparst: 23 Debatten, 0 Reden, 0 Wörter
2025-09-20 19:49:16,901 - database_manager - INFO - Verarbeite Datei 1773/2945: debates2016-04-13a.xml
2025-09-20 19:49:16,901 - database_manager - INFO - Parse debates XML-Datei: debates2016-04-13a.xml
2025-09-20 19:49:16,902 - database_manager - INFO - Debates XML erfolgreich geparst: 0 Debatten, 0 Reden, 0 Wörter
2025-09-20 19:49:16,902 - database_manager - INFO - Verarbeite Datei 1774/2945: debates2020-10-14a.xml
2025-09-20 19:49:16,902 - database_manager - INFO - Parse debates XML-Datei: debates2020-10-14a.xml
2025-09-20 19:49:16,904 - database_manager - INFO - Debates XML erfolgreich geparst: 0 Debatten, 0 Reden, 0 Wörter
2025-09-20 19:49:16,904 - database_manager - INFO - Verarbeite Datei 1775/2945: debates2015-06-01b.xml
2025-09-20 19:49:16,904 - database_manager - INFO - Parse debates XML-Datei: debates2015-06-01b.xml
2025-09-20 19:49:16,916 - database_manager - INFO - Debates XML erfolgreich geparst: 2 Debatten, 0 Reden, 0 Wörter
2025-09-20 19:49:16,917 - database_manager - INFO - Verarbeite Datei 1776/2945: debates2015-07-20a.xml
2025-09-20 19:49:16,917 - database_manager - INFO - Parse debates XML-Datei: debates2015-07-20a.xml
2025-09-20 19:49:16,918 - database_manager - INFO - Debates XML erfolgreich geparst: 0 Debatten, 0 Reden, 0 Wörter
2025-09-20 19:49:16,918 - database_manager - INFO - Verarbeite Datei 1777/2945: debates2021-04-13a.xml
2025-09-20 19:49:16,918 - database_manager - INFO - Parse debates XML-Datei: debates2021-04-13a.xml
2025-09-20 19:49:16,919 - database_manager - INFO - Debates XML erfolgreich geparst: 0 Debatten, 0 Reden, 0 Wörter
2025-09-20 19:49:16,919 - database_manager - INFO - Verarbeite Datei 1778/2945: debates2012-12-12a.xml
2025-09-20 19:49:16,919 - database_manager - INFO - Parse debates XML-Datei: debates2012-12-12a.xml
2025-09-20 19:49:16,935 - database_manager - INFO - Debates XML erfolgreich geparst: 23 Debatten, 0 Reden, 0 Wörter
2025-09-20 19:49:16,936 - database_manager - INFO - Verarbeite Datei 1779/2945: debates2017-03-08b.xml
2025-09-20 19:49:16,936 - database_manager - INFO - Parse debates XML-Datei: debates2017-03-08b.xml
2025-09-20 19:49:16,936 - database_manager - INFO - Debates XML erfolgreich geparst: 2 Debatten, 0 Reden, 0 Wörter
2025-09-20 19:49:16,936 - database_manager - INFO - Verarbeite Datei 1780/2945: debates2012-06-26c.xml
2025-09-20 19:49:16,936 - database_manager - INFO - Parse debates XML-Datei: debates2012-06-26c.xml
2025-09-20 19:49:16,953 - database_manager - INFO - Debates XML erfolgreich geparst: 32 Debatten, 0 Reden, 0 Wörter
2025-09-20 19:49:16,953 - database_manager - INFO - Verarbeite Datei 1781/2945: debates2014-01-16b.xml
2025-09-20 19:49:16,953 - database_manager - INFO - Parse debates XML-Datei: debates2014-01-16b.xml
2025-09-20 19:49:16,967 - database_manager - INFO - Debates XML erfolgreich geparst: 14 Debatten, 0 Reden, 0 Wörter
2025-09-20 19:49:16,967 - database_manager - INFO - Verarbeite Datei 1782/2945: debates2019-07-09c.xml
2025-09-20 19:49:16,967 - database_manager - INFO - Parse debates XML-Datei: debates2019-07-09c.xml
2025-09-20 19:49:16,984 - database_manager - INFO - Debates XML erfolgreich geparst: 32 Debatten, 0 Reden, 0 Wörter
2025-09-20 19:49:16,985 - database_manager - INFO - Verarbeite Datei 1783/2945: debates2020-03-04a.xml
2025-09-20 19:49:16,985 - database_manager - INFO - Parse debates XML-Datei: debates2020-03-04a.xml
2025-09-20 19:49:16,985 - database_manager - INFO - Debates XML erfolgreich geparst: 0 Debatten, 0 Reden, 0 Wörter
2025-09-20 19:49:16,985 - database_manager - INFO - Verarbeite Datei 1784/2945: debates2020-02-25b.xml
2025-09-20 19:49:16,985 - database_manager - INFO - Parse debates XML-Datei: debates2020-02-25b.xml
2025-09-20 19:49:16,986 - database_manager - INFO - Debates XML erfolgreich geparst: 0 Debatten, 0 Reden, 0 Wörter
2025-09-20 19:49:16,986 - database_manager - INFO - Verarbeite Datei 1785/2945: debates2019-10-21b.xml
2025-09-20 19:49:16,986 - database_manager - INFO - Parse debates XML-Datei: debates2019-10-21b.xml
2025-09-20 19:49:16,987 - database_manager - INFO - Debates XML erfolgreich geparst: 0 Debatten, 0 Reden, 0 Wörter
2025-09-20 19:49:16,987 - database_manager - INFO - Verarbeite Datei 1786/2945: debates2018-04-26b.xml
2025-09-20 19:49:16,987 - database_manager - INFO - Parse debates XML-Datei: debates2018-04-26b.xml
2025-09-20 19:49:17,003 - database_manager - INFO - Debates XML erfolgreich geparst: 21 Debatten, 0 Reden, 0 Wörter
2025-09-20 19:49:17,003 - database_manager - INFO - Verarbeite Datei 1787/2945: debates2012-10-23b.xml
2025-09-20 19:49:17,003 - database_manager - INFO - Parse debates XML-Datei: debates2012-10-23b.xml
2025-09-20 19:49:17,004 - database_manager - INFO - Debates XML erfolgreich geparst: 0 Debatten, 0 Reden, 0 Wörter
2025-09-20 19:49:17,004 - database_manager - INFO - Verarbeite Datei 1788/2945: debates2012-11-02a.xml
2025-09-20 19:49:17,004 - database_manager - INFO - Parse debates XML-Datei: debates2012-11-02a.xml
2025-09-20 19:49:17,012 - database_manager - INFO - Debates XML erfolgreich geparst: 6 Debatten, 0 Reden, 0 Wörter
2025-09-20 19:49:17,012 - database_manager - INFO - Verarbeite Datei 1789/2945: debates2021-06-22b.xml
2025-09-20 19:49:17,012 - database_manager - INFO - Parse debates XML-Datei: debates2021-06-22b.xml
2025-09-20 19:49:17,022 - database_manager - INFO - Debates XML erfolgreich geparst: 22 Debatten, 0 Reden, 0 Wörter
2025-09-20 19:49:17,022 - database_manager - INFO - Verarbeite Datei 1790/2945: debates2014-06-12b.xml
2025-09-20 19:49:17,022 - database_manager - INFO - Parse debates XML-Datei: debates2014-06-12b.xml
2025-09-20 19:49:17,023 - database_manager - INFO - Debates XML erfolgreich geparst: 0 Debatten, 0 Reden, 0 Wörter
2025-09-20 19:49:17,023 - database_manager - INFO - Verarbeite Datei 1791/2945: debates2019-06-04a.xml
2025-09-20 19:49:17,023 - database_manager - INFO - Parse debates XML-Datei: debates2019-06-04a.xml
2025-09-20 19:49:17,024 - database_manager - INFO - Debates XML erfolgreich geparst: 0 Debatten, 0 Reden, 0 Wörter
2025-09-20 19:49:17,024 - database_manager - INFO - Verarbeite Datei 1792/2945: debates2016-01-26b.xml
2025-09-20 19:49:17,024 - database_manager - INFO - Parse debates XML-Datei: debates2016-01-26b.xml
2025-09-20 19:49:17,037 - database_manager - INFO - Debates XML erfolgreich geparst: 24 Debatten, 0 Reden, 0 Wörter
2025-09-20 19:49:17,037 - database_manager - INFO - Verarbeite Datei 1793/2945: debates2013-02-01a.xml
2025-09-20 19:49:17,037 - database_manager - INFO - Parse debates XML-Datei: debates2013-02-01a.xml
2025-09-20 19:49:17,047 - database_manager - INFO - Debates XML erfolgreich geparst: 4 Debatten, 0 Reden, 0 Wörter
2025-09-20 19:49:17,047 - database_manager - INFO - Verarbeite Datei 1794/2945: debates2013-03-20b.xml
2025-09-20 19:49:17,047 - database_manager - INFO - Parse debates XML-Datei: debates2013-03-20b.xml
2025-09-20 19:49:17,061 - database_manager - INFO - Debates XML erfolgreich geparst: 17 Debatten, 0 Reden, 0 Wörter
2025-09-20 19:49:17,062 - database_manager - INFO - Verarbeite Datei 1795/2945: debates2020-09-02b.xml
2025-09-20 19:49:17,062 - database_manager - INFO - Parse debates XML-Datei: debates2020-09-02b.xml
2025-09-20 19:49:17,075 - database_manager - INFO - Debates XML erfolgreich geparst: 14 Debatten, 0 Reden, 0 Wörter
2025-09-20 19:49:17,076 - database_manager - INFO - Verarbeite Datei 1796/2945: debates2015-01-09a.xml
2025-09-20 19:49:17,076 - database_manager - INFO - Parse debates XML-Datei: debates2015-01-09a.xml
2025-09-20 19:49:17,076 - database_manager - INFO - Debates XML erfolgreich geparst: 0 Debatten, 0 Reden, 0 Wörter
2025-09-20 19:49:17,076 - database_manager - INFO - Verarbeite Datei 1797/2945: debates2021-01-26b.xml
2025-09-20 19:49:17,076 - database_manager - INFO - Parse debates XML-Datei: debates2021-01-26b.xml
2025-09-20 19:49:17,096 - database_manager - INFO - Debates XML erfolgreich geparst: 37 Debatten, 0 Reden, 0 Wörter
2025-09-20 19:49:17,096 - database_manager - INFO - Verarbeite Datei 1798/2945: debates2015-11-09a.xml
2025-09-20 19:49:17,096 - database_manager - INFO - Parse debates XML-Datei: debates2015-11-09a.xml
2025-09-20 19:49:17,118 - database_manager - INFO - Debates XML erfolgreich geparst: 63 Debatten, 0 Reden, 0 Wörter
2025-09-20 19:49:17,119 - database_manager - INFO - Verarbeite Datei 1799/2945: debates2015-12-15b.xml
2025-09-20 19:49:17,119 - database_manager - INFO - Parse debates XML-Datei: debates2015-12-15b.xml
2025-09-20 19:49:17,135 - database_manager - INFO - Debates XML erfolgreich geparst: 24 Debatten, 0 Reden, 0 Wörter
2025-09-20 19:49:17,135 - database_manager - INFO - Verarbeite Datei 1800/2945: debates2018-12-03a.xml
2025-09-20 19:49:17,135 - database_manager - INFO - Parse debates XML-Datei: debates2018-12-03a.xml
2025-09-20 19:49:17,136 - database_manager - INFO - Debates XML erfolgreich geparst: 0 Debatten, 0 Reden, 0 Wörter
2025-09-20 19:49:17,136 - database_manager - INFO - Verarbeite Datei 1801/2945: debates2019-05-14a.xml
2025-09-20 19:49:17,136 - database_manager - INFO - Parse debates XML-Datei: debates2019-05-14a.xml
2025-09-20 19:49:17,137 - database_manager - INFO - Debates XML erfolgreich geparst: 0 Debatten, 0 Reden, 0 Wörter
2025-09-20 19:49:17,137 - database_manager - INFO - Verarbeite Datei 1802/2945: debates2013-11-11a.xml
2025-09-20 19:49:17,137 - database_manager - INFO - Parse debates XML-Datei: debates2013-11-11a.xml
2025-09-20 19:49:17,155 - database_manager - INFO - Debates XML erfolgreich geparst: 25 Debatten, 0 Reden, 0 Wörter
2025-09-20 19:49:17,155 - database_manager - INFO - Verarbeite Datei 1803/2945: debates2013-10-30b.xml
2025-09-20 19:49:17,155 - database_manager - INFO - Parse debates XML-Datei: debates2013-10-30b.xml
2025-09-20 19:49:17,171 - database_manager - INFO - Debates XML erfolgreich geparst: 11 Debatten, 0 Reden, 0 Wörter
2025-09-20 19:49:17,172 - database_manager - INFO - Verarbeite Datei 1804/2945: debates2016-03-17a.xml
2025-09-20 19:49:17,172 - database_manager - INFO - Parse debates XML-Datei: debates2016-03-17a.xml
2025-09-20 19:49:17,188 - database_manager - INFO - Debates XML erfolgreich geparst: 20 Debatten, 0 Reden, 0 Wörter
2025-09-20 19:49:17,188 - database_manager - INFO - Verarbeite Datei 1805/2945: debates2020-11-19c.xml
2025-09-20 19:49:17,188 - database_manager - INFO - Parse debates XML-Datei: debates2020-11-19c.xml
2025-09-20 19:49:17,203 - database_manager - INFO - Debates XML erfolgreich geparst: 14 Debatten, 0 Reden, 0 Wörter
2025-09-20 19:49:17,203 - database_manager - INFO - Verarbeite Datei 1806/2945: debates2020-02-04d.xml
2025-09-20 19:49:17,203 - database_manager - INFO - Parse debates XML-Datei: debates2020-02-04d.xml
2025-09-20 19:49:17,204 - database_manager - INFO - Debates XML erfolgreich geparst: 0 Debatten, 0 Reden, 0 Wörter
2025-09-20 19:49:17,204 - database_manager - INFO - Verarbeite Datei 1807/2945: debates2015-01-05b.xml
2025-09-20 19:49:17,204 - database_manager - INFO - Parse debates XML-Datei: debates2015-01-05b.xml
2025-09-20 19:49:17,205 - database_manager - INFO - Debates XML erfolgreich geparst: 0 Debatten, 0 Reden, 0 Wörter
2025-09-20 19:49:17,205 - database_manager - INFO - Verarbeite Datei 1808/2945: debates2017-07-11e.xml
2025-09-20 19:49:17,205 - database_manager - INFO - Parse debates XML-Datei: debates2017-07-11e.xml
2025-09-20 19:49:17,206 - database_manager - INFO - Debates XML erfolgreich geparst: 0 Debatten, 0 Reden, 0 Wörter
2025-09-20 19:49:17,206 - database_manager - INFO - Verarbeite Datei 1809/2945: debates2021-03-17a.xml
2025-09-20 19:49:17,206 - database_manager - INFO - Parse debates XML-Datei: debates2021-03-17a.xml
2025-09-20 19:49:17,207 - database_manager - INFO - Debates XML erfolgreich geparst: 0 Debatten, 0 Reden, 0 Wörter
2025-09-20 19:49:17,208 - database_manager - INFO - Verarbeite Datei 1810/2945: debates2018-11-13a.xml
2025-09-20 19:49:17,208 - database_manager - INFO - Parse debates XML-Datei: debates2018-11-13a.xml
2025-09-20 19:49:17,208 - database_manager - INFO - Debates XML erfolgreich geparst: 0 Debatten, 0 Reden, 0 Wörter
2025-09-20 19:49:17,209 - database_manager - INFO - Verarbeite Datei 1811/2945: debates2015-11-05b.xml
2025-09-20 19:49:17,209 - database_manager - INFO - Parse debates XML-Datei: debates2015-11-05b.xml
2025-09-20 19:49:17,209 - database_manager - INFO - Debates XML erfolgreich geparst: 0 Debatten, 0 Reden, 0 Wörter
2025-09-20 19:49:17,210 - database_manager - INFO - Verarbeite Datei 1812/2945: debates2017-07-10a.xml
2025-09-20 19:49:17,210 - database_manager - INFO - Parse debates XML-Datei: debates2017-07-10a.xml
2025-09-20 19:49:17,224 - database_manager - INFO - Debates XML erfolgreich geparst: 18 Debatten, 0 Reden, 0 Wörter
2025-09-20 19:49:17,224 - database_manager - INFO - Verarbeite Datei 1813/2945: debates2012-05-16a.xml
2025-09-20 19:49:17,224 - database_manager - INFO - Parse debates XML-Datei: debates2012-05-16a.xml
2025-09-20 19:49:17,225 - database_manager - INFO - Debates XML erfolgreich geparst: 0 Debatten, 0 Reden, 0 Wörter
2025-09-20 19:49:17,225 - database_manager - INFO - Verarbeite Datei 1814/2945: debates2020-09-14b.xml
2025-09-20 19:49:17,225 - database_manager - INFO - Parse debates XML-Datei: debates2020-09-14b.xml
2025-09-20 19:49:17,241 - database_manager - INFO - Debates XML erfolgreich geparst: 24 Debatten, 0 Reden, 0 Wörter
2025-09-20 19:49:17,241 - database_manager - INFO - Verarbeite Datei 1815/2945: debates2016-04-25c.xml
2025-09-20 19:49:17,241 - database_manager - INFO - Parse debates XML-Datei: debates2016-04-25c.xml
2025-09-20 19:49:17,242 - database_manager - INFO - Debates XML erfolgreich geparst: 0 Debatten, 0 Reden, 0 Wörter
2025-09-20 19:49:17,242 - database_manager - INFO - Verarbeite Datei 1816/2945: debates2020-10-22c.xml
2025-09-20 19:49:17,242 - database_manager - INFO - Parse debates XML-Datei: debates2020-10-22c.xml
2025-09-20 19:49:17,257 - database_manager - INFO - Debates XML erfolgreich geparst: 26 Debatten, 0 Reden, 0 Wörter
2025-09-20 19:49:17,258 - database_manager - INFO - Verarbeite Datei 1817/2945: debates2013-12-17a.xml
2025-09-20 19:49:17,258 - database_manager - INFO - Parse debates XML-Datei: debates2013-12-17a.xml
2025-09-20 19:49:17,259 - database_manager - INFO - Debates XML erfolgreich geparst: 0 Debatten, 0 Reden, 0 Wörter
2025-09-20 19:49:17,259 - database_manager - INFO - Verarbeite Datei 1818/2945: debates2019-06-12a.xml
2025-09-20 19:49:17,259 - database_manager - INFO - Parse debates XML-Datei: debates2019-06-12a.xml
2025-09-20 19:49:17,260 - database_manager - INFO - Debates XML erfolgreich geparst: 0 Debatten, 0 Reden, 0 Wörter
2025-09-20 19:49:17,260 - database_manager - INFO - Verarbeite Datei 1819/2945: debates2016-10-11a.xml
2025-09-20 19:49:17,260 - database_manager - INFO - Parse debates XML-Datei: debates2016-10-11a.xml
2025-09-20 19:49:17,261 - database_manager - INFO - Debates XML erfolgreich geparst: 0 Debatten, 0 Reden, 0 Wörter
2025-09-20 19:49:17,261 - database_manager - INFO - Verarbeite Datei 1820/2945: debates2016-11-30b.xml
2025-09-20 19:49:17,261 - database_manager - INFO - Parse debates XML-Datei: debates2016-11-30b.xml
2025-09-20 19:49:17,276 - database_manager - INFO - Debates XML erfolgreich geparst: 8 Debatten, 0 Reden, 0 Wörter
2025-09-20 19:49:17,276 - database_manager - INFO - Verarbeite Datei 1821/2945: debates2015-09-08c.xml
2025-09-20 19:49:17,276 - database_manager - INFO - Parse debates XML-Datei: debates2015-09-08c.xml
2025-09-20 19:49:17,296 - database_manager - INFO - Debates XML erfolgreich geparst: 25 Debatten, 0 Reden, 0 Wörter
2025-09-20 19:49:17,297 - database_manager - INFO - Verarbeite Datei 1822/2945: debates2021-11-30b.xml
2025-09-20 19:49:17,297 - database_manager - INFO - Parse debates XML-Datei: debates2021-11-30b.xml
2025-09-20 19:49:17,312 - database_manager - INFO - Debates XML erfolgreich geparst: 15 Debatten, 0 Reden, 0 Wörter
2025-09-20 19:49:17,312 - database_manager - INFO - Verarbeite Datei 1823/2945: debates2018-06-21c.xml
2025-09-20 19:49:17,312 - database_manager - INFO - Parse debates XML-Datei: debates2018-06-21c.xml
2025-09-20 19:49:17,327 - database_manager - INFO - Debates XML erfolgreich geparst: 22 Debatten, 0 Reden, 0 Wörter
2025-09-20 19:49:17,328 - database_manager - INFO - Verarbeite Datei 1824/2945: debates2017-09-14b.xml
2025-09-20 19:49:17,328 - database_manager - INFO - Parse debates XML-Datei: debates2017-09-14b.xml
2025-09-20 19:49:17,329 - database_manager - INFO - Debates XML erfolgreich geparst: 0 Debatten, 0 Reden, 0 Wörter
2025-09-20 19:49:17,329 - database_manager - INFO - Verarbeite Datei 1825/2945: debates2015-02-03b.xml
2025-09-20 19:49:17,329 - database_manager - INFO - Parse debates XML-Datei: debates2015-02-03b.xml
2025-09-20 19:49:17,330 - database_manager - INFO - Debates XML erfolgreich geparst: 0 Debatten, 0 Reden, 0 Wörter
2025-09-20 19:49:17,330 - database_manager - INFO - Verarbeite Datei 1826/2945: debates2013-01-07a.xml
2025-09-20 19:49:17,330 - database_manager - INFO - Parse debates XML-Datei: debates2013-01-07a.xml
2025-09-20 19:49:17,331 - database_manager - INFO - Debates XML erfolgreich geparst: 0 Debatten, 0 Reden, 0 Wörter
2025-09-20 19:49:17,331 - database_manager - INFO - Verarbeite Datei 1827/2945: debates2016-03-01a.xml
2025-09-20 19:49:17,331 - database_manager - INFO - Parse debates XML-Datei: debates2016-03-01a.xml
2025-09-20 19:49:17,332 - database_manager - INFO - Debates XML erfolgreich geparst: 0 Debatten, 0 Reden, 0 Wörter
2025-09-20 19:49:17,332 - database_manager - INFO - Verarbeite Datei 1828/2945: debates2013-11-07a.xml
2025-09-20 19:49:17,332 - database_manager - INFO - Parse debates XML-Datei: debates2013-11-07a.xml
2025-09-20 19:49:17,333 - database_manager - INFO - Debates XML erfolgreich geparst: 0 Debatten, 0 Reden, 0 Wörter
2025-09-20 19:49:17,333 - database_manager - INFO - Verarbeite Datei 1829/2945: debates2020-07-06a.xml
2025-09-20 19:49:17,333 - database_manager - INFO - Parse debates XML-Datei: debates2020-07-06a.xml
2025-09-20 19:49:17,334 - database_manager - INFO - Debates XML erfolgreich geparst: 0 Debatten, 0 Reden, 0 Wörter
2025-09-20 19:49:17,335 - database_manager - INFO - Verarbeite Datei 1830/2945: debates2016-12-20b.xml
2025-09-20 19:49:17,335 - database_manager - INFO - Parse debates XML-Datei: debates2016-12-20b.xml
2025-09-20 19:49:17,348 - database_manager - INFO - Debates XML erfolgreich geparst: 16 Debatten, 0 Reden, 0 Wörter
2025-09-20 19:49:17,349 - database_manager - INFO - Verarbeite Datei 1831/2945: debates2014-05-14b.xml
2025-09-20 19:49:17,349 - database_manager - INFO - Parse debates XML-Datei: debates2014-05-14b.xml
2025-09-20 19:49:17,350 - database_manager - INFO - Debates XML erfolgreich geparst: 0 Debatten, 0 Reden, 0 Wörter
2025-09-20 19:49:17,350 - database_manager - INFO - Verarbeite Datei 1832/2945: debates2019-05-02a.xml
2025-09-20 19:49:17,350 - database_manager - INFO - Parse debates XML-Datei: debates2019-05-02a.xml
2025-09-20 19:49:17,350 - database_manager - INFO - Debates XML erfolgreich geparst: 0 Debatten, 0 Reden, 0 Wörter
2025-09-20 19:49:17,350 - database_manager - INFO - Verarbeite Datei 1833/2945: debates2021-06-15d.xml
2025-09-20 19:49:17,350 - database_manager - INFO - Parse debates XML-Datei: debates2021-06-15d.xml
2025-09-20 19:49:17,365 - database_manager - INFO - Debates XML erfolgreich geparst: 19 Debatten, 0 Reden, 0 Wörter
2025-09-20 19:49:17,366 - database_manager - INFO - Verarbeite Datei 1834/2945: debates2017-07-06a.xml
2025-09-20 19:49:17,366 - database_manager - INFO - Parse debates XML-Datei: debates2017-07-06a.xml
2025-09-20 19:49:17,367 - database_manager - INFO - Debates XML erfolgreich geparst: 0 Debatten, 0 Reden, 0 Wörter
2025-09-20 19:49:17,367 - database_manager - INFO - Verarbeite Datei 1835/2945: debates2018-10-24b.xml
2025-09-20 19:49:17,367 - database_manager - INFO - Parse debates XML-Datei: debates2018-10-24b.xml
2025-09-20 19:49:17,383 - database_manager - INFO - Debates XML erfolgreich geparst: 19 Debatten, 0 Reden, 0 Wörter
2025-09-20 19:49:17,383 - database_manager - INFO - Verarbeite Datei 1836/2945: debates2018-12-19b.xml
2025-09-20 19:49:17,383 - database_manager - INFO - Parse debates XML-Datei: debates2018-12-19b.xml
2025-09-20 19:49:17,384 - database_manager - INFO - Debates XML erfolgreich geparst: 0 Debatten, 0 Reden, 0 Wörter
2025-09-20 19:49:17,384 - database_manager - INFO - Verarbeite Datei 1837/2945: debates2018-11-05a.xml
2025-09-20 19:49:17,384 - database_manager - INFO - Parse debates XML-Datei: debates2018-11-05a.xml
2025-09-20 19:49:17,400 - database_manager - INFO - Debates XML erfolgreich geparst: 20 Debatten, 0 Reden, 0 Wörter
2025-09-20 19:49:17,400 - database_manager - INFO - Verarbeite Datei 1838/2945: debates2021-03-01a.xml
2025-09-20 19:49:17,400 - database_manager - INFO - Parse debates XML-Datei: debates2021-03-01a.xml
2025-09-20 19:49:17,401 - database_manager - INFO - Debates XML erfolgreich geparst: 0 Debatten, 0 Reden, 0 Wörter
2025-09-20 19:49:17,401 - database_manager - INFO - Verarbeite Datei 1839/2945: debates2015-01-13b.xml
2025-09-20 19:49:17,401 - database_manager - INFO - Parse debates XML-Datei: debates2015-01-13b.xml
2025-09-20 19:49:17,417 - database_manager - INFO - Debates XML erfolgreich geparst: 22 Debatten, 0 Reden, 0 Wörter
2025-09-20 19:49:17,417 - database_manager - INFO - Verarbeite Datei 1840/2945: debates2013-06-03a.xml
2025-09-20 19:49:17,417 - database_manager - INFO - Parse debates XML-Datei: debates2013-06-03a.xml
2025-09-20 19:49:17,419 - database_manager - INFO - Debates XML erfolgreich geparst: 0 Debatten, 0 Reden, 0 Wörter
2025-09-20 19:49:17,419 - database_manager - INFO - Verarbeite Datei 1841/2945: debates2020-11-23b.xml
2025-09-20 19:49:17,419 - database_manager - INFO - Parse debates XML-Datei: debates2020-11-23b.xml
2025-09-20 19:49:17,420 - database_manager - INFO - Debates XML erfolgreich geparst: 0 Debatten, 0 Reden, 0 Wörter
2025-09-20 19:49:17,420 - database_manager - INFO - Verarbeite Datei 1842/2945: debates2016-05-24b.xml
2025-09-20 19:49:17,420 - database_manager - INFO - Parse debates XML-Datei: debates2016-05-24b.xml
2025-09-20 19:49:17,420 - database_manager - INFO - Debates XML erfolgreich geparst: 0 Debatten, 0 Reden, 0 Wörter
2025-09-20 19:49:17,420 - database_manager - INFO - Verarbeite Datei 1843/2945: debates2016-07-19b.xml
2025-09-20 19:49:17,420 - database_manager - INFO - Parse debates XML-Datei: debates2016-07-19b.xml
2025-09-20 19:49:17,422 - database_manager - INFO - Debates XML erfolgreich geparst: 4 Debatten, 0 Reden, 0 Wörter
2025-09-20 19:49:17,422 - database_manager - INFO - Verarbeite Datei 1844/2945: debates2019-02-06a.xml
2025-09-20 19:49:17,422 - database_manager - INFO - Parse debates XML-Datei: debates2019-02-06a.xml
2025-09-20 19:49:17,430 - database_manager - INFO - Debates XML erfolgreich geparst: 18 Debatten, 0 Reden, 0 Wörter
2025-09-20 19:49:17,430 - database_manager - INFO - Verarbeite Datei 1845/2945: debates2019-03-27b.xml
2025-09-20 19:49:17,430 - database_manager - INFO - Parse debates XML-Datei: debates2019-03-27b.xml
2025-09-20 19:49:17,454 - database_manager - INFO - Debates XML erfolgreich geparst: 23 Debatten, 0 Reden, 0 Wörter
2025-09-20 19:49:17,455 - database_manager - INFO - Verarbeite Datei 1846/2945: debates2014-02-10b.xml
2025-09-20 19:49:17,455 - database_manager - INFO - Parse debates XML-Datei: debates2014-02-10b.xml
2025-09-20 19:49:17,471 - database_manager - INFO - Debates XML erfolgreich geparst: 27 Debatten, 0 Reden, 0 Wörter
2025-09-20 19:49:17,472 - database_manager - INFO - Verarbeite Datei 1847/2945: debates2016-09-07b.xml
2025-09-20 19:49:17,472 - database_manager - INFO - Parse debates XML-Datei: debates2016-09-07b.xml
2025-09-20 19:49:17,486 - database_manager - INFO - Debates XML erfolgreich geparst: 11 Debatten, 0 Reden, 0 Wörter
2025-09-20 19:49:17,486 - database_manager - INFO - Verarbeite Datei 1848/2945: debates2014-03-31a.xml
2025-09-20 19:49:17,486 - database_manager - INFO - Parse debates XML-Datei: debates2014-03-31a.xml
2025-09-20 19:49:17,501 - database_manager - INFO - Debates XML erfolgreich geparst: 25 Debatten, 0 Reden, 0 Wörter
2025-09-20 19:49:17,501 - database_manager - INFO - Verarbeite Datei 1849/2945: debates2021-09-07b.xml
2025-09-20 19:49:17,501 - database_manager - INFO - Parse debates XML-Datei: debates2021-09-07b.xml
2025-09-20 19:49:17,502 - database_manager - INFO - Debates XML erfolgreich geparst: 0 Debatten, 0 Reden, 0 Wörter
2025-09-20 19:49:17,502 - database_manager - INFO - Verarbeite Datei 1850/2945: debates2017-01-23b.xml
2025-09-20 19:49:17,502 - database_manager - INFO - Parse debates XML-Datei: debates2017-01-23b.xml
2025-09-20 19:49:17,503 - database_manager - INFO - Debates XML erfolgreich geparst: 0 Debatten, 0 Reden, 0 Wörter
2025-09-20 19:49:17,503 - database_manager - INFO - Verarbeite Datei 1851/2945: debates2012-12-04a.xml
2025-09-20 19:49:17,503 - database_manager - INFO - Parse debates XML-Datei: debates2012-12-04a.xml
2025-09-20 19:49:17,519 - database_manager - INFO - Debates XML erfolgreich geparst: 29 Debatten, 0 Reden, 0 Wörter
2025-09-20 19:49:17,519 - database_manager - INFO - Verarbeite Datei 1852/2945: debates2021-05-24b.xml
2025-09-20 19:49:17,519 - database_manager - INFO - Parse debates XML-Datei: debates2021-05-24b.xml
2025-09-20 19:49:17,542 - database_manager - INFO - Debates XML erfolgreich geparst: 59 Debatten, 0 Reden, 0 Wörter
2025-09-20 19:49:17,543 - database_manager - INFO - Verarbeite Datei 1853/2945: debates2021-07-19b.xml
2025-09-20 19:49:17,543 - database_manager - INFO - Parse debates XML-Datei: debates2021-07-19b.xml
2025-09-20 19:49:17,544 - database_manager - INFO - Debates XML erfolgreich geparst: 0 Debatten, 0 Reden, 0 Wörter
2025-09-20 19:49:17,544 - database_manager - INFO - Verarbeite Datei 1854/2945: debates2017-11-23b.xml
2025-09-20 19:49:17,544 - database_manager - INFO - Parse debates XML-Datei: debates2017-11-23b.xml
2025-09-20 19:49:17,545 - database_manager - INFO - Debates XML erfolgreich geparst: 0 Debatten, 0 Reden, 0 Wörter
2025-09-20 19:49:17,545 - database_manager - INFO - Verarbeite Datei 1855/2945: debates2015-06-17b.xml
2025-09-20 19:49:17,545 - database_manager - INFO - Parse debates XML-Datei: debates2015-06-17b.xml
2025-09-20 19:49:17,561 - database_manager - INFO - Debates XML erfolgreich geparst: 14 Debatten, 0 Reden, 0 Wörter
2025-09-20 19:49:17,561 - database_manager - INFO - Verarbeite Datei 1856/2945: debates2013-05-13a.xml
2025-09-20 19:49:17,561 - database_manager - INFO - Parse debates XML-Datei: debates2013-05-13a.xml
2025-09-20 19:49:17,575 - database_manager - INFO - Debates XML erfolgreich geparst: 2 Debatten, 0 Reden, 0 Wörter
2025-09-20 19:49:17,575 - database_manager - INFO - Verarbeite Datei 1857/2945: debates2014-10-21a.xml
2025-09-20 19:49:17,575 - database_manager - INFO - Parse debates XML-Datei: debates2014-10-21a.xml
2025-09-20 19:49:17,576 - database_manager - INFO - Debates XML erfolgreich geparst: 0 Debatten, 0 Reden, 0 Wörter
2025-09-20 19:49:17,576 - database_manager - INFO - Verarbeite Datei 1858/2945: debates2020-03-12a.xml
2025-09-20 19:49:17,576 - database_manager - INFO - Parse debates XML-Datei: debates2020-03-12a.xml
2025-09-20 19:49:17,577 - database_manager - INFO - Debates XML erfolgreich geparst: 0 Debatten, 0 Reden, 0 Wörter
2025-09-20 19:49:17,577 - database_manager - INFO - Verarbeite Datei 1859/2945: debates2019-01-16a.xml
2025-09-20 19:49:17,577 - database_manager - INFO - Parse debates XML-Datei: debates2019-01-16a.xml
2025-09-20 19:49:17,578 - database_manager - INFO - Debates XML erfolgreich geparst: 0 Debatten, 0 Reden, 0 Wörter
2025-09-20 19:49:17,578 - database_manager - INFO - Verarbeite Datei 1860/2945: debates2012-02-08b.xml
2025-09-20 19:49:17,578 - database_manager - INFO - Parse debates XML-Datei: debates2012-02-08b.xml
2025-09-20 19:49:17,597 - database_manager - INFO - Debates XML erfolgreich geparst: 17 Debatten, 0 Reden, 0 Wörter
2025-09-20 19:49:17,598 - database_manager - INFO - Verarbeite Datei 1861/2945: debates2021-07-15a.xml
2025-09-20 19:49:17,598 - database_manager - INFO - Parse debates XML-Datei: debates2021-07-15a.xml
2025-09-20 19:49:17,598 - database_manager - INFO - Debates XML erfolgreich geparst: 0 Debatten, 0 Reden, 0 Wörter
2025-09-20 19:49:17,598 - database_manager - INFO - Verarbeite Datei 1862/2945: debates2017-03-13e.xml
2025-09-20 19:49:17,598 - database_manager - INFO - Parse debates XML-Datei: debates2017-03-13e.xml
2025-09-20 19:49:17,614 - database_manager - INFO - Debates XML erfolgreich geparst: 22 Debatten, 0 Reden, 0 Wörter
2025-09-20 19:49:17,615 - database_manager - INFO - Verarbeite Datei 1863/2945: debates2018-05-11a.xml
2025-09-20 19:49:17,615 - database_manager - INFO - Parse debates XML-Datei: debates2018-05-11a.xml
2025-09-20 19:49:17,625 - database_manager - INFO - Debates XML erfolgreich geparst: 2 Debatten, 0 Reden, 0 Wörter
2025-09-20 19:49:17,625 - database_manager - INFO - Verarbeite Datei 1864/2945: debates2018-04-30b.xml
2025-09-20 19:49:17,625 - database_manager - INFO - Parse debates XML-Datei: debates2018-04-30b.xml
2025-09-20 19:49:17,639 - database_manager - INFO - Debates XML erfolgreich geparst: 17 Debatten, 0 Reden, 0 Wörter
2025-09-20 19:49:17,639 - database_manager - INFO - Verarbeite Datei 1865/2945: debates2016-07-14a.xml
2025-09-20 19:49:17,639 - database_manager - INFO - Parse debates XML-Datei: debates2016-07-14a.xml
2025-09-20 19:49:17,640 - database_manager - INFO - Debates XML erfolgreich geparst: 0 Debatten, 0 Reden, 0 Wörter
2025-09-20 19:49:17,640 - database_manager - INFO - Verarbeite Datei 1866/2945: debates2014-10-20a.xml
2025-09-20 19:49:17,640 - database_manager - INFO - Parse debates XML-Datei: debates2014-10-20a.xml
2025-09-20 19:49:17,640 - database_manager - INFO - Debates XML erfolgreich geparst: 0 Debatten, 0 Reden, 0 Wörter
2025-09-20 19:49:17,640 - database_manager - INFO - Verarbeite Datei 1867/2945: debates2020-03-13a.xml
2025-09-20 19:49:17,641 - database_manager - INFO - Parse debates XML-Datei: debates2020-03-13a.xml
2025-09-20 19:49:17,642 - database_manager - INFO - Debates XML erfolgreich geparst: 0 Debatten, 0 Reden, 0 Wörter
2025-09-20 19:49:17,642 - database_manager - INFO - Verarbeite Datei 1868/2945: debates2019-01-17a.xml
2025-09-20 19:49:17,642 - database_manager - INFO - Parse debates XML-Datei: debates2019-01-17a.xml
2025-09-20 19:49:17,656 - database_manager - INFO - Debates XML erfolgreich geparst: 18 Debatten, 0 Reden, 0 Wörter
2025-09-20 19:49:17,657 - database_manager - INFO - Verarbeite Datei 1869/2945: debates2017-03-13a.xml
2025-09-20 19:49:17,657 - database_manager - INFO - Parse debates XML-Datei: debates2017-03-13a.xml
2025-09-20 19:49:17,658 - database_manager - INFO - Debates XML erfolgreich geparst: 5 Debatten, 0 Reden, 0 Wörter
2025-09-20 19:49:17,658 - database_manager - INFO - Verarbeite Datei 1870/2945: debates2021-07-14a.xml
2025-09-20 19:49:17,658 - database_manager - INFO - Parse debates XML-Datei: debates2021-07-14a.xml
2025-09-20 19:49:17,659 - database_manager - INFO - Debates XML erfolgreich geparst: 0 Debatten, 0 Reden, 0 Wörter
2025-09-20 19:49:17,659 - database_manager - INFO - Verarbeite Datei 1871/2945: debates2018-05-10a.xml
2025-09-20 19:49:17,659 - database_manager - INFO - Parse debates XML-Datei: debates2018-05-10a.xml
2025-09-20 19:49:17,674 - database_manager - INFO - Debates XML erfolgreich geparst: 24 Debatten, 0 Reden, 0 Wörter
2025-09-20 19:49:17,674 - database_manager - INFO - Verarbeite Datei 1872/2945: debates2016-07-18b.xml
2025-09-20 19:49:17,675 - database_manager - INFO - Parse debates XML-Datei: debates2016-07-18b.xml
2025-09-20 19:49:17,676 - database_manager - INFO - Debates XML erfolgreich geparst: 0 Debatten, 0 Reden, 0 Wörter
2025-09-20 19:49:17,676 - database_manager - INFO - Verarbeite Datei 1873/2945: debates2016-05-25b.xml
2025-09-20 19:49:17,676 - database_manager - INFO - Parse debates XML-Datei: debates2016-05-25b.xml
2025-09-20 19:49:17,690 - database_manager - INFO - Debates XML erfolgreich geparst: 14 Debatten, 0 Reden, 0 Wörter
2025-09-20 19:49:17,691 - database_manager - INFO - Verarbeite Datei 1874/2945: debates2020-01-22b.xml
2025-09-20 19:49:17,691 - database_manager - INFO - Parse debates XML-Datei: debates2020-01-22b.xml
2025-09-20 19:49:17,694 - database_manager - INFO - Debates XML erfolgreich geparst: 0 Debatten, 0 Reden, 0 Wörter
2025-09-20 19:49:17,694 - database_manager - INFO - Verarbeite Datei 1875/2945: debates2019-02-07a.xml
2025-09-20 19:49:17,694 - database_manager - INFO - Parse debates XML-Datei: debates2019-02-07a.xml
2025-09-20 19:49:17,695 - database_manager - INFO - Debates XML erfolgreich geparst: 0 Debatten, 0 Reden, 0 Wörter
2025-09-20 19:49:17,695 - database_manager - INFO - Verarbeite Datei 1876/2945: debates2019-03-26b.xml
2025-09-20 19:49:17,695 - database_manager - INFO - Parse debates XML-Datei: debates2019-03-26b.xml
2025-09-20 19:49:17,695 - database_manager - INFO - Debates XML erfolgreich geparst: 0 Debatten, 0 Reden, 0 Wörter
2025-09-20 19:49:17,695 - database_manager - INFO - Verarbeite Datei 1877/2945: debates2021-09-06b.xml
2025-09-20 19:49:17,695 - database_manager - INFO - Parse debates XML-Datei: debates2021-09-06b.xml
2025-09-20 19:49:17,696 - database_manager - INFO - Debates XML erfolgreich geparst: 0 Debatten, 0 Reden, 0 Wörter
2025-09-20 19:49:17,696 - database_manager - INFO - Verarbeite Datei 1878/2945: debates2018-10-09c.xml
2025-09-20 19:49:17,696 - database_manager - INFO - Parse debates XML-Datei: debates2018-10-09c.xml
2025-09-20 19:49:17,709 - database_manager - INFO - Debates XML erfolgreich geparst: 18 Debatten, 0 Reden, 0 Wörter
2025-09-20 19:49:17,709 - database_manager - INFO - Verarbeite Datei 1879/2945: debates2015-02-23d.xml
2025-09-20 19:49:17,709 - database_manager - INFO - Parse debates XML-Datei: debates2015-02-23d.xml
2025-09-20 19:49:17,729 - database_manager - INFO - Debates XML erfolgreich geparst: 40 Debatten, 0 Reden, 0 Wörter
2025-09-20 19:49:17,730 - database_manager - INFO - Verarbeite Datei 1880/2945: debates2021-05-25b.xml
2025-09-20 19:49:17,730 - database_manager - INFO - Parse debates XML-Datei: debates2021-05-25b.xml
2025-09-20 19:49:17,743 - database_manager - INFO - Debates XML erfolgreich geparst: 29 Debatten, 0 Reden, 0 Wörter
2025-09-20 19:49:17,744 - database_manager - INFO - Verarbeite Datei 1881/2945: debates2012-12-05a.xml
2025-09-20 19:49:17,744 - database_manager - INFO - Parse debates XML-Datei: debates2012-12-05a.xml
2025-09-20 19:49:17,758 - database_manager - INFO - Debates XML erfolgreich geparst: 23 Debatten, 0 Reden, 0 Wörter
2025-09-20 19:49:17,759 - database_manager - INFO - Verarbeite Datei 1882/2945: debates2015-06-16b.xml
2025-09-20 19:49:17,759 - database_manager - INFO - Parse debates XML-Datei: debates2015-06-16b.xml
2025-09-20 19:49:17,760 - database_manager - INFO - Debates XML erfolgreich geparst: 0 Debatten, 0 Reden, 0 Wörter
2025-09-20 19:49:17,760 - database_manager - INFO - Verarbeite Datei 1883/2945: debates2018-11-29d.xml
2025-09-20 19:49:17,760 - database_manager - INFO - Parse debates XML-Datei: debates2018-11-29d.xml
2025-09-20 19:49:17,772 - database_manager - INFO - Debates XML erfolgreich geparst: 17 Debatten, 0 Reden, 0 Wörter
2025-09-20 19:49:17,773 - database_manager - INFO - Verarbeite Datei 1884/2945: debates2020-02-13d.xml
2025-09-20 19:49:17,773 - database_manager - INFO - Parse debates XML-Datei: debates2020-02-13d.xml
2025-09-20 19:49:17,773 - database_manager - INFO - Debates XML erfolgreich geparst: 0 Debatten, 0 Reden, 0 Wörter
2025-09-20 19:49:17,773 - database_manager - INFO - Verarbeite Datei 1885/2945: debates2020-07-06e.xml
2025-09-20 19:49:17,773 - database_manager - INFO - Parse debates XML-Datei: debates2020-07-06e.xml
2025-09-20 19:49:17,790 - database_manager - INFO - Debates XML erfolgreich geparst: 35 Debatten, 0 Reden, 0 Wörter
2025-09-20 19:49:17,790 - database_manager - INFO - Verarbeite Datei 1886/2945: debates2020-07-07a.xml
2025-09-20 19:49:17,791 - database_manager - INFO - Parse debates XML-Datei: debates2020-07-07a.xml
2025-09-20 19:49:17,791 - database_manager - INFO - Debates XML erfolgreich geparst: 0 Debatten, 0 Reden, 0 Wörter
2025-09-20 19:49:17,792 - database_manager - INFO - Verarbeite Datei 1887/2945: debates2013-11-06a.xml
2025-09-20 19:49:17,792 - database_manager - INFO - Parse debates XML-Datei: debates2013-11-06a.xml
2025-09-20 19:49:17,793 - database_manager - INFO - Debates XML erfolgreich geparst: 0 Debatten, 0 Reden, 0 Wörter
2025-09-20 19:49:17,793 - database_manager - INFO - Verarbeite Datei 1888/2945: debates2014-06-09a.xml
2025-09-20 19:49:17,793 - database_manager - INFO - Parse debates XML-Datei: debates2014-06-09a.xml
2025-09-20 19:49:17,809 - database_manager - INFO - Debates XML erfolgreich geparst: 6 Debatten, 0 Reden, 0 Wörter
2025-09-20 19:49:17,809 - database_manager - INFO - Verarbeite Datei 1889/2945: debates2012-05-01a.xml
2025-09-20 19:49:17,809 - database_manager - INFO - Parse debates XML-Datei: debates2012-05-01a.xml
2025-09-20 19:49:17,810 - database_manager - INFO - Debates XML erfolgreich geparst: 1 Debatten, 0 Reden, 0 Wörter
2025-09-20 19:49:17,810 - database_manager - INFO - Verarbeite Datei 1890/2945: debates2018-12-18b.xml
2025-09-20 19:49:17,810 - database_manager - INFO - Parse debates XML-Datei: debates2018-12-18b.xml
2025-09-20 19:49:17,811 - database_manager - INFO - Debates XML erfolgreich geparst: 0 Debatten, 0 Reden, 0 Wörter
2025-09-20 19:49:17,811 - database_manager - INFO - Verarbeite Datei 1891/2945: debates2015-01-12b.xml
2025-09-20 19:49:17,811 - database_manager - INFO - Parse debates XML-Datei: debates2015-01-12b.xml
2025-09-20 19:49:17,811 - database_manager - INFO - Debates XML erfolgreich geparst: 0 Debatten, 0 Reden, 0 Wörter
2025-09-20 19:49:17,811 - database_manager - INFO - Verarbeite Datei 1892/2945: debates2020-09-15b.xml
2025-09-20 19:49:17,811 - database_manager - INFO - Parse debates XML-Datei: debates2020-09-15b.xml
2025-09-20 19:49:17,812 - database_manager - INFO - Debates XML erfolgreich geparst: 0 Debatten, 0 Reden, 0 Wörter
2025-09-20 19:49:17,813 - database_manager - INFO - Verarbeite Datei 1893/2945: debates2019-06-12e.xml
2025-09-20 19:49:17,813 - database_manager - INFO - Parse debates XML-Datei: debates2019-06-12e.xml
2025-09-20 19:49:17,829 - database_manager - INFO - Debates XML erfolgreich geparst: 15 Debatten, 0 Reden, 0 Wörter
2025-09-20 19:49:17,830 - database_manager - INFO - Verarbeite Datei 1894/2945: debates2020-11-03d.xml
2025-09-20 19:49:17,830 - database_manager - INFO - Parse debates XML-Datei: debates2020-11-03d.xml
2025-09-20 19:49:17,846 - database_manager - INFO - Debates XML erfolgreich geparst: 21 Debatten, 0 Reden, 0 Wörter
2025-09-20 19:49:17,847 - database_manager - INFO - Verarbeite Datei 1895/2945: debates2013-12-16a.xml
2025-09-20 19:49:17,847 - database_manager - INFO - Parse debates XML-Datei: debates2013-12-16a.xml
2025-09-20 19:49:17,848 - database_manager - INFO - Debates XML erfolgreich geparst: 0 Debatten, 0 Reden, 0 Wörter
2025-09-20 19:49:17,848 - database_manager - INFO - Verarbeite Datei 1896/2945: debates2019-06-13a.xml
2025-09-20 19:49:17,848 - database_manager - INFO - Parse debates XML-Datei: debates2019-06-13a.xml
2025-09-20 19:49:17,848 - database_manager - INFO - Debates XML erfolgreich geparst: 0 Debatten, 0 Reden, 0 Wörter
2025-09-20 19:49:17,848 - database_manager - INFO - Verarbeite Datei 1897/2945: debates2016-10-10a.xml
2025-09-20 19:49:17,848 - database_manager - INFO - Parse debates XML-Datei: debates2016-10-10a.xml
2025-09-20 19:49:17,849 - database_manager - INFO - Debates XML erfolgreich geparst: 0 Debatten, 0 Reden, 0 Wörter
2025-09-20 19:49:17,849 - database_manager - INFO - Verarbeite Datei 1898/2945: debates2014-06-05b.xml
2025-09-20 19:49:17,849 - database_manager - INFO - Parse debates XML-Datei: debates2014-06-05b.xml
2025-09-20 19:49:17,850 - database_manager - INFO - Debates XML erfolgreich geparst: 0 Debatten, 0 Reden, 0 Wörter
2025-09-20 19:49:17,850 - database_manager - INFO - Verarbeite Datei 1899/2945: debates2012-06-11a.xml
2025-09-20 19:49:17,850 - database_manager - INFO - Parse debates XML-Datei: debates2012-06-11a.xml
2025-09-20 19:49:17,851 - database_manager - INFO - Debates XML erfolgreich geparst: 0 Debatten, 0 Reden, 0 Wörter
2025-09-20 19:49:17,851 - database_manager - INFO - Verarbeite Datei 1900/2945: debates2018-10-29a.xml
2025-09-20 19:49:17,851 - database_manager - INFO - Parse debates XML-Datei: debates2018-10-29a.xml
2025-09-20 19:49:17,864 - database_manager - INFO - Debates XML erfolgreich geparst: 16 Debatten, 0 Reden, 0 Wörter
2025-09-20 19:49:17,864 - database_manager - INFO - Verarbeite Datei 1901/2945: debates2015-12-02b.xml
2025-09-20 19:49:17,864 - database_manager - INFO - Parse debates XML-Datei: debates2015-12-02b.xml
2025-09-20 19:49:17,865 - database_manager - INFO - Debates XML erfolgreich geparst: 0 Debatten, 0 Reden, 0 Wörter
2025-09-20 19:49:17,865 - database_manager - INFO - Verarbeite Datei 1902/2945: debates2015-03-23a.xml
2025-09-20 19:49:17,865 - database_manager - INFO - Parse debates XML-Datei: debates2015-03-23a.xml
2025-09-20 19:49:17,866 - database_manager - INFO - Debates XML erfolgreich geparst: 0 Debatten, 0 Reden, 0 Wörter
2025-09-20 19:49:17,866 - database_manager - INFO - Verarbeite Datei 1903/2945: debates2018-01-08b.xml
2025-09-20 19:49:17,866 - database_manager - INFO - Parse debates XML-Datei: debates2018-01-08b.xml
2025-09-20 19:49:17,867 - database_manager - INFO - Debates XML erfolgreich geparst: 0 Debatten, 0 Reden, 0 Wörter
2025-09-20 19:49:17,867 - database_manager - INFO - Verarbeite Datei 1904/2945: debates2019-05-15a.xml
2025-09-20 19:49:17,867 - database_manager - INFO - Parse debates XML-Datei: debates2019-05-15a.xml
2025-09-20 19:49:17,868 - database_manager - INFO - Debates XML erfolgreich geparst: 0 Debatten, 0 Reden, 0 Wörter
2025-09-20 19:49:17,868 - database_manager - INFO - Verarbeite Datei 1905/2945: debates2020-06-30b.xml
2025-09-20 19:49:17,868 - database_manager - INFO - Parse debates XML-Datei: debates2020-06-30b.xml
2025-09-20 19:49:17,869 - database_manager - INFO - Debates XML erfolgreich geparst: 0 Debatten, 0 Reden, 0 Wörter
2025-09-20 19:49:17,869 - database_manager - INFO - Verarbeite Datei 1906/2945: debates2016-03-16a.xml
2025-09-20 19:49:17,869 - database_manager - INFO - Parse debates XML-Datei: debates2016-03-16a.xml
2025-09-20 19:49:17,869 - database_manager - INFO - Debates XML erfolgreich geparst: 0 Debatten, 0 Reden, 0 Wörter
2025-09-20 19:49:17,869 - database_manager - INFO - Verarbeite Datei 1907/2945: debates2013-01-10a.xml
2025-09-20 19:49:17,869 - database_manager - INFO - Parse debates XML-Datei: debates2013-01-10a.xml
2025-09-20 19:49:17,885 - database_manager - INFO - Debates XML erfolgreich geparst: 25 Debatten, 0 Reden, 0 Wörter
2025-09-20 19:49:17,885 - database_manager - INFO - Verarbeite Datei 1908/2945: debates2021-07-22c.xml
2025-09-20 19:49:17,885 - database_manager - INFO - Parse debates XML-Datei: debates2021-07-22c.xml
2025-09-20 19:49:17,886 - database_manager - INFO - Debates XML erfolgreich geparst: 0 Debatten, 0 Reden, 0 Wörter
2025-09-20 19:49:17,886 - database_manager - INFO - Verarbeite Datei 1909/2945: debates2021-03-16a.xml
2025-09-20 19:49:17,886 - database_manager - INFO - Parse debates XML-Datei: debates2021-03-16a.xml
2025-09-20 19:49:17,887 - database_manager - INFO - Debates XML erfolgreich geparst: 0 Debatten, 0 Reden, 0 Wörter
2025-09-20 19:49:17,887 - database_manager - INFO - Verarbeite Datei 1910/2945: debates2018-11-12a.xml
2025-09-20 19:49:17,888 - database_manager - INFO - Parse debates XML-Datei: debates2018-11-12a.xml
2025-09-20 19:49:17,889 - database_manager - INFO - Debates XML erfolgreich geparst: 0 Debatten, 0 Reden, 0 Wörter
2025-09-20 19:49:17,889 - database_manager - INFO - Verarbeite Datei 1911/2945: debates2017-07-11a.xml
2025-09-20 19:49:17,890 - database_manager - INFO - Parse debates XML-Datei: debates2017-07-11a.xml
2025-09-20 19:49:17,891 - database_manager - INFO - Debates XML erfolgreich geparst: 0 Debatten, 0 Reden, 0 Wörter
2025-09-20 19:49:17,891 - database_manager - INFO - Verarbeite Datei 1912/2945: debates2012-05-17a.xml
2025-09-20 19:49:17,891 - database_manager - INFO - Parse debates XML-Datei: debates2012-05-17a.xml
2025-09-20 19:49:17,892 - database_manager - INFO - Debates XML erfolgreich geparst: 0 Debatten, 0 Reden, 0 Wörter
2025-09-20 19:49:17,893 - database_manager - INFO - Verarbeite Datei 1913/2945: debates2019-07-24b.xml
2025-09-20 19:49:17,893 - database_manager - INFO - Parse debates XML-Datei: debates2019-07-24b.xml
2025-09-20 19:49:17,906 - database_manager - INFO - Debates XML erfolgreich geparst: 18 Debatten, 0 Reden, 0 Wörter
2025-09-20 19:49:17,907 - database_manager - INFO - Verarbeite Datei 1914/2945: debates2019-06-05a.xml
2025-09-20 19:49:17,907 - database_manager - INFO - Parse debates XML-Datei: debates2019-06-05a.xml
2025-09-20 19:49:17,919 - database_manager - INFO - Debates XML erfolgreich geparst: 15 Debatten, 0 Reden, 0 Wörter
2025-09-20 19:49:17,920 - database_manager - INFO - Verarbeite Datei 1915/2945: debates2016-01-27b.xml
2025-09-20 19:49:17,920 - database_manager - INFO - Parse debates XML-Datei: debates2016-01-27b.xml
2025-09-20 19:49:17,921 - database_manager - INFO - Debates XML erfolgreich geparst: 0 Debatten, 0 Reden, 0 Wörter
2025-09-20 19:49:17,921 - database_manager - INFO - Verarbeite Datei 1916/2945: debates2020-01-15d.xml
2025-09-20 19:49:17,921 - database_manager - INFO - Parse debates XML-Datei: debates2020-01-15d.xml
2025-09-20 19:49:17,933 - database_manager - INFO - Debates XML erfolgreich geparst: 13 Debatten, 0 Reden, 0 Wörter
2025-09-20 19:49:17,933 - database_manager - INFO - Verarbeite Datei 1917/2945: debates2020-09-03b.xml
2025-09-20 19:49:17,933 - database_manager - INFO - Parse debates XML-Datei: debates2020-09-03b.xml
2025-09-20 19:49:17,941 - database_manager - INFO - Debates XML erfolgreich geparst: 17 Debatten, 0 Reden, 0 Wörter
2025-09-20 19:49:17,941 - database_manager - INFO - Verarbeite Datei 1918/2945: debates2013-03-21b.xml
2025-09-20 19:49:17,942 - database_manager - INFO - Parse debates XML-Datei: debates2013-03-21b.xml
2025-09-20 19:49:17,957 - database_manager - INFO - Debates XML erfolgreich geparst: 23 Debatten, 0 Reden, 0 Wörter
2025-09-20 19:49:17,958 - database_manager - INFO - Verarbeite Datei 1919/2945: debates2018-02-02a.xml
2025-09-20 19:49:17,958 - database_manager - INFO - Parse debates XML-Datei: debates2018-02-02a.xml
2025-09-20 19:49:17,958 - database_manager - INFO - Debates XML erfolgreich geparst: 0 Debatten, 0 Reden, 0 Wörter
2025-09-20 19:49:17,958 - database_manager - INFO - Verarbeite Datei 1920/2945: debates2015-01-08a.xml
2025-09-20 19:49:17,958 - database_manager - INFO - Parse debates XML-Datei: debates2015-01-08a.xml
2025-09-20 19:49:17,959 - database_manager - INFO - Debates XML erfolgreich geparst: 0 Debatten, 0 Reden, 0 Wörter
2025-09-20 19:49:17,959 - database_manager - INFO - Verarbeite Datei 1921/2945: debates2014-04-02c.xml
2025-09-20 19:49:17,959 - database_manager - INFO - Parse debates XML-Datei: debates2014-04-02c.xml
2025-09-20 19:49:17,971 - database_manager - INFO - Debates XML erfolgreich geparst: 11 Debatten, 0 Reden, 0 Wörter
2025-09-20 19:49:17,971 - database_manager - INFO - Verarbeite Datei 1922/2945: debates2020-03-05a.xml
2025-09-20 19:49:17,971 - database_manager - INFO - Parse debates XML-Datei: debates2020-03-05a.xml
2025-09-20 19:49:17,972 - database_manager - INFO - Debates XML erfolgreich geparst: 0 Debatten, 0 Reden, 0 Wörter
2025-09-20 19:49:17,972 - database_manager - INFO - Verarbeite Datei 1923/2945: debates2020-02-24b.xml
2025-09-20 19:49:17,972 - database_manager - INFO - Parse debates XML-Datei: debates2020-02-24b.xml
2025-09-20 19:49:17,973 - database_manager - INFO - Debates XML erfolgreich geparst: 0 Debatten, 0 Reden, 0 Wörter
2025-09-20 19:49:17,973 - database_manager - INFO - Verarbeite Datei 1924/2945: debates2020-10-19b.xml
2025-09-20 19:49:17,973 - database_manager - INFO - Parse debates XML-Datei: debates2020-10-19b.xml
2025-09-20 19:49:17,974 - database_manager - INFO - Debates XML erfolgreich geparst: 0 Debatten, 0 Reden, 0 Wörter
2025-09-20 19:49:17,974 - database_manager - INFO - Verarbeite Datei 1925/2945: debates2013-04-25b.xml
2025-09-20 19:49:17,974 - database_manager - INFO - Parse debates XML-Datei: debates2013-04-25b.xml
2025-09-20 19:49:17,983 - database_manager - INFO - Debates XML erfolgreich geparst: 29 Debatten, 0 Reden, 0 Wörter
2025-09-20 19:49:17,983 - database_manager - INFO - Verarbeite Datei 1926/2945: debates2013-06-18b.xml
2025-09-20 19:49:17,983 - database_manager - INFO - Parse debates XML-Datei: debates2013-06-18b.xml
2025-09-20 19:49:17,984 - database_manager - INFO - Debates XML erfolgreich geparst: 0 Debatten, 0 Reden, 0 Wörter
2025-09-20 19:49:17,984 - database_manager - INFO - Verarbeite Datei 1927/2945: debates2017-10-19b.xml
2025-09-20 19:49:17,984 - database_manager - INFO - Parse debates XML-Datei: debates2017-10-19b.xml
2025-09-20 19:49:17,985 - database_manager - INFO - Debates XML erfolgreich geparst: 0 Debatten, 0 Reden, 0 Wörter
2025-09-20 19:49:17,985 - database_manager - INFO - Verarbeite Datei 1928/2945: debates2018-04-27b.xml
2025-09-20 19:49:17,985 - database_manager - INFO - Parse debates XML-Datei: debates2018-04-27b.xml
2025-09-20 19:49:17,994 - database_manager - INFO - Debates XML erfolgreich geparst: 7 Debatten, 0 Reden, 0 Wörter
2025-09-20 19:49:17,995 - database_manager - INFO - Verarbeite Datei 1929/2945: debates2021-06-23b.xml
2025-09-20 19:49:17,995 - database_manager - INFO - Parse debates XML-Datei: debates2021-06-23b.xml
2025-09-20 19:49:18,010 - database_manager - INFO - Debates XML erfolgreich geparst: 18 Debatten, 0 Reden, 0 Wörter
2025-09-20 19:49:18,011 - database_manager - INFO - Verarbeite Datei 1930/2945: debates2014-03-26a.xml
2025-09-20 19:49:18,011 - database_manager - INFO - Parse debates XML-Datei: debates2014-03-26a.xml
2025-09-20 19:49:18,024 - database_manager - INFO - Debates XML erfolgreich geparst: 23 Debatten, 0 Reden, 0 Wörter
2025-09-20 19:49:18,024 - database_manager - INFO - Verarbeite Datei 1931/2945: debates2019-02-11a.xml
2025-09-20 19:49:18,024 - database_manager - INFO - Parse debates XML-Datei: debates2019-02-11a.xml
2025-09-20 19:49:18,025 - database_manager - INFO - Debates XML erfolgreich geparst: 0 Debatten, 0 Reden, 0 Wörter
2025-09-20 19:49:18,025 - database_manager - INFO - Verarbeite Datei 1932/2945: debates2020-03-09b.xml
2025-09-20 19:49:18,025 - database_manager - INFO - Parse debates XML-Datei: debates2020-03-09b.xml
2025-09-20 19:49:18,026 - database_manager - INFO - Debates XML erfolgreich geparst: 0 Debatten, 0 Reden, 0 Wörter
2025-09-20 19:49:18,026 - database_manager - INFO - Verarbeite Datei 1933/2945: debates2016-04-12a.xml
2025-09-20 19:49:18,026 - database_manager - INFO - Parse debates XML-Datei: debates2016-04-12a.xml
2025-09-20 19:49:18,027 - database_manager - INFO - Debates XML erfolgreich geparst: 0 Debatten, 0 Reden, 0 Wörter
2025-09-20 19:49:18,027 - database_manager - INFO - Verarbeite Datei 1934/2945: debates2013-05-08b.xml
2025-09-20 19:49:18,027 - database_manager - INFO - Parse debates XML-Datei: debates2013-05-08b.xml
2025-09-20 19:49:18,041 - database_manager - INFO - Debates XML erfolgreich geparst: 2 Debatten, 0 Reden, 0 Wörter
2025-09-20 19:49:18,041 - database_manager - INFO - Verarbeite Datei 1935/2945: debates2020-10-15a.xml
2025-09-20 19:49:18,041 - database_manager - INFO - Parse debates XML-Datei: debates2020-10-15a.xml
2025-09-20 19:49:18,042 - database_manager - INFO - Debates XML erfolgreich geparst: 0 Debatten, 0 Reden, 0 Wörter
2025-09-20 19:49:18,042 - database_manager - INFO - Verarbeite Datei 1936/2945: debates2015-07-21a.xml
2025-09-20 19:49:18,042 - database_manager - INFO - Parse debates XML-Datei: debates2015-07-21a.xml
2025-09-20 19:49:18,058 - database_manager - INFO - Debates XML erfolgreich geparst: 30 Debatten, 0 Reden, 0 Wörter
2025-09-20 19:49:18,058 - database_manager - INFO - Verarbeite Datei 1937/2945: debates2012-12-13a.xml
2025-09-20 19:49:18,058 - database_manager - INFO - Parse debates XML-Datei: debates2012-12-13a.xml
2025-09-20 19:49:18,071 - database_manager - INFO - Debates XML erfolgreich geparst: 22 Debatten, 0 Reden, 0 Wörter
2025-09-20 19:49:18,071 - database_manager - INFO - Verarbeite Datei 1938/2945: debates2021-04-12a.xml
2025-09-20 19:49:18,071 - database_manager - INFO - Parse debates XML-Datei: debates2021-04-12a.xml
2025-09-20 19:49:18,073 - database_manager - INFO - Debates XML erfolgreich geparst: 0 Debatten, 0 Reden, 0 Wörter
2025-09-20 19:49:18,073 - database_manager - INFO - Verarbeite Datei 1939/2945: debates2017-03-09b.xml
2025-09-20 19:49:18,073 - database_manager - INFO - Parse debates XML-Datei: debates2017-03-09b.xml
2025-09-20 19:49:18,584 - database_manager - INFO - Debates XML erfolgreich geparst: 13 Debatten, 0 Reden, 0 Wörter
2025-09-20 19:49:18,585 - database_manager - INFO - Verarbeite Datei 1940/2945: debates2021-04-13e.xml
2025-09-20 19:49:18,585 - database_manager - INFO - Parse debates XML-Datei: debates2021-04-13e.xml
2025-09-20 19:49:18,602 - database_manager - INFO - Debates XML erfolgreich geparst: 19 Debatten, 0 Reden, 0 Wörter
2025-09-20 19:49:18,603 - database_manager - INFO - Verarbeite Datei 1941/2945: debates2017-02-28a.xml
2025-09-20 19:49:18,603 - database_manager - INFO - Parse debates XML-Datei: debates2017-02-28a.xml
2025-09-20 19:49:18,617 - database_manager - INFO - Debates XML erfolgreich geparst: 39 Debatten, 0 Reden, 0 Wörter
2025-09-20 19:49:18,618 - database_manager - INFO - Verarbeite Datei 1942/2945: debates2021-10-26c.xml
2025-09-20 19:49:18,618 - database_manager - INFO - Parse debates XML-Datei: debates2021-10-26c.xml
2025-09-20 19:49:18,631 - database_manager - INFO - Debates XML erfolgreich geparst: 18 Debatten, 0 Reden, 0 Wörter
2025-09-20 19:49:18,632 - database_manager - INFO - Verarbeite Datei 1943/2945: debates2021-10-26b.xml
2025-09-20 19:49:18,632 - database_manager - INFO - Parse debates XML-Datei: debates2021-10-26b.xml
2025-09-20 19:49:18,633 - database_manager - INFO - Debates XML erfolgreich geparst: 0 Debatten, 0 Reden, 0 Wörter
2025-09-20 19:49:18,633 - database_manager - INFO - Verarbeite Datei 1944/2945: debates2012-07-06a.xml
2025-09-20 19:49:18,633 - database_manager - INFO - Parse debates XML-Datei: debates2012-07-06a.xml
2025-09-20 19:49:18,642 - database_manager - INFO - Debates XML erfolgreich geparst: 3 Debatten, 0 Reden, 0 Wörter
2025-09-20 19:49:18,642 - database_manager - INFO - Verarbeite Datei 1945/2945: debates2021-04-13d.xml
2025-09-20 19:49:18,642 - database_manager - INFO - Parse debates XML-Datei: debates2021-04-13d.xml
2025-09-20 19:49:18,643 - database_manager - INFO - Debates XML erfolgreich geparst: 0 Debatten, 0 Reden, 0 Wörter
2025-09-20 19:49:18,643 - database_manager - INFO - Verarbeite Datei 1946/2945: debates2012-09-18a.xml
2025-09-20 19:49:18,643 - database_manager - INFO - Parse debates XML-Datei: debates2012-09-18a.xml
2025-09-20 19:49:18,658 - database_manager - INFO - Debates XML erfolgreich geparst: 21 Debatten, 0 Reden, 0 Wörter
2025-09-20 19:49:18,658 - database_manager - INFO - Verarbeite Datei 1947/2945: debates2015-01-28b.xml
2025-09-20 19:49:18,658 - database_manager - INFO - Parse debates XML-Datei: debates2015-01-28b.xml
2025-09-20 19:49:18,673 - database_manager - INFO - Debates XML erfolgreich geparst: 16 Debatten, 0 Reden, 0 Wörter
2025-09-20 19:49:18,674 - database_manager - INFO - Verarbeite Datei 1948/2945: debates2020-09-23a.xml
2025-09-20 19:49:18,674 - database_manager - INFO - Parse debates XML-Datei: debates2020-09-23a.xml
2025-09-20 19:49:18,675 - database_manager - INFO - Debates XML erfolgreich geparst: 0 Debatten, 0 Reden, 0 Wörter
2025-09-20 19:49:18,675 - database_manager - INFO - Verarbeite Datei 1949/2945: debates2013-03-01a.xml
2025-09-20 19:49:18,675 - database_manager - INFO - Parse debates XML-Datei: debates2013-03-01a.xml
2025-09-20 19:49:18,684 - database_manager - INFO - Debates XML erfolgreich geparst: 2 Debatten, 0 Reden, 0 Wörter
2025-09-20 19:49:18,684 - database_manager - INFO - Verarbeite Datei 1950/2945: debates2016-01-07a.xml
2025-09-20 19:49:18,684 - database_manager - INFO - Parse debates XML-Datei: debates2016-01-07a.xml
2025-09-20 19:49:18,685 - database_manager - INFO - Debates XML erfolgreich geparst: 1 Debatten, 0 Reden, 0 Wörter
2025-09-20 19:49:18,685 - database_manager - INFO - Verarbeite Datei 1951/2945: debates2016-11-07a.xml
2025-09-20 19:49:18,685 - database_manager - INFO - Parse debates XML-Datei: debates2016-11-07a.xml
2025-09-20 19:49:18,700 - database_manager - INFO - Debates XML erfolgreich geparst: 24 Debatten, 0 Reden, 0 Wörter
2025-09-20 19:49:18,700 - database_manager - INFO - Verarbeite Datei 1952/2945: debates2020-03-09c.xml
2025-09-20 19:49:18,700 - database_manager - INFO - Parse debates XML-Datei: debates2020-03-09c.xml
2025-09-20 19:49:18,714 - database_manager - INFO - Debates XML erfolgreich geparst: 22 Debatten, 0 Reden, 0 Wörter
2025-09-20 19:49:18,714 - database_manager - INFO - Verarbeite Datei 1953/2945: debates2019-07-04a.xml
2025-09-20 19:49:18,714 - database_manager - INFO - Parse debates XML-Datei: debates2019-07-04a.xml
2025-09-20 19:49:18,715 - database_manager - INFO - Debates XML erfolgreich geparst: 0 Debatten, 0 Reden, 0 Wörter
2025-09-20 19:49:18,715 - database_manager - INFO - Verarbeite Datei 1954/2945: debates2012-04-16a.xml
2025-09-20 19:49:18,715 - database_manager - INFO - Parse debates XML-Datei: debates2012-04-16a.xml
2025-09-20 19:49:18,717 - database_manager - INFO - Debates XML erfolgreich geparst: 0 Debatten, 0 Reden, 0 Wörter
2025-09-20 19:49:18,717 - database_manager - INFO - Verarbeite Datei 1955/2945: debates2015-11-24a.xml
2025-09-20 19:49:18,717 - database_manager - INFO - Parse debates XML-Datei: debates2015-11-24a.xml
2025-09-20 19:49:18,718 - database_manager - INFO - Debates XML erfolgreich geparst: 0 Debatten, 0 Reden, 0 Wörter
2025-09-20 19:49:18,718 - database_manager - INFO - Verarbeite Datei 1956/2945: debates2017-10-19c.xml
2025-09-20 19:49:18,718 - database_manager - INFO - Parse debates XML-Datei: debates2017-10-19c.xml
2025-09-20 19:49:18,732 - database_manager - INFO - Debates XML erfolgreich geparst: 21 Debatten, 0 Reden, 0 Wörter
2025-09-20 19:49:18,732 - database_manager - INFO - Verarbeite Datei 1957/2945: debates2015-03-19a.xml
2025-09-20 19:49:18,732 - database_manager - INFO - Parse debates XML-Datei: debates2015-03-19a.xml
2025-09-20 19:49:18,747 - database_manager - INFO - Debates XML erfolgreich geparst: 16 Debatten, 0 Reden, 0 Wörter
2025-09-20 19:49:18,747 - database_manager - INFO - Verarbeite Datei 1958/2945: debates2020-03-04d.xml
2025-09-20 19:49:18,747 - database_manager - INFO - Parse debates XML-Datei: debates2020-03-04d.xml
2025-09-20 19:49:18,761 - database_manager - INFO - Debates XML erfolgreich geparst: 10 Debatten, 0 Reden, 0 Wörter
2025-09-20 19:49:18,762 - database_manager - INFO - Verarbeite Datei 1959/2945: debates2013-06-18c.xml
2025-09-20 19:49:18,762 - database_manager - INFO - Parse debates XML-Datei: debates2013-06-18c.xml
2025-09-20 19:49:18,776 - database_manager - INFO - Debates XML erfolgreich geparst: 20 Debatten, 0 Reden, 0 Wörter
2025-09-20 19:49:18,776 - database_manager - INFO - Verarbeite Datei 1960/2945: debates2020-10-19c.xml
2025-09-20 19:49:18,776 - database_manager - INFO - Parse debates XML-Datei: debates2020-10-19c.xml
2025-09-20 19:49:18,777 - database_manager - INFO - Debates XML erfolgreich geparst: 0 Debatten, 0 Reden, 0 Wörter
2025-09-20 19:49:18,777 - database_manager - INFO - Verarbeite Datei 1961/2945: debates2020-06-10a.xml
2025-09-20 19:49:18,777 - database_manager - INFO - Parse debates XML-Datei: debates2020-06-10a.xml
2025-09-20 19:49:18,778 - database_manager - INFO - Debates XML erfolgreich geparst: 0 Debatten, 0 Reden, 0 Wörter
2025-09-20 19:49:18,778 - database_manager - INFO - Verarbeite Datei 1962/2945: debates2020-02-24c.xml
2025-09-20 19:49:18,778 - database_manager - INFO - Parse debates XML-Datei: debates2020-02-24c.xml
2025-09-20 19:49:18,795 - database_manager - INFO - Debates XML erfolgreich geparst: 18 Debatten, 0 Reden, 0 Wörter
2025-09-20 19:49:18,795 - database_manager - INFO - Verarbeite Datei 1963/2945: debates2014-04-02b.xml
2025-09-20 19:49:18,795 - database_manager - INFO - Parse debates XML-Datei: debates2014-04-02b.xml
2025-09-20 19:49:18,796 - database_manager - INFO - Debates XML erfolgreich geparst: 0 Debatten, 0 Reden, 0 Wörter
2025-09-20 19:49:18,796 - database_manager - INFO - Verarbeite Datei 1964/2945: debates2012-03-12a.xml
2025-09-20 19:49:18,796 - database_manager - INFO - Parse debates XML-Datei: debates2012-03-12a.xml
2025-09-20 19:49:18,809 - database_manager - INFO - Debates XML erfolgreich geparst: 26 Debatten, 0 Reden, 0 Wörter
2025-09-20 19:49:18,809 - database_manager - INFO - Verarbeite Datei 1965/2945: debates2017-03-29a.xml
2025-09-20 19:49:18,809 - database_manager - INFO - Parse debates XML-Datei: debates2017-03-29a.xml
2025-09-20 19:49:18,810 - database_manager - INFO - Debates XML erfolgreich geparst: 0 Debatten, 0 Reden, 0 Wörter
2025-09-20 19:49:18,810 - database_manager - INFO - Verarbeite Datei 1966/2945: debates2017-02-08b.xml
2025-09-20 19:49:18,810 - database_manager - INFO - Parse debates XML-Datei: debates2017-02-08b.xml
2025-09-20 19:49:18,832 - database_manager - INFO - Debates XML erfolgreich geparst: 28 Debatten, 0 Reden, 0 Wörter
2025-09-20 19:49:18,833 - database_manager - INFO - Verarbeite Datei 1967/2945: debates2021-05-13a.xml
2025-09-20 19:49:18,833 - database_manager - INFO - Parse debates XML-Datei: debates2021-05-13a.xml
2025-09-20 19:49:18,834 - database_manager - INFO - Debates XML erfolgreich geparst: 0 Debatten, 0 Reden, 0 Wörter
2025-09-20 19:49:18,834 - database_manager - INFO - Verarbeite Datei 1968/2945: debates2018-07-17a.xml
2025-09-20 19:49:18,834 - database_manager - INFO - Parse debates XML-Datei: debates2018-07-17a.xml
2025-09-20 19:49:18,835 - database_manager - INFO - Debates XML erfolgreich geparst: 0 Debatten, 0 Reden, 0 Wörter
2025-09-20 19:49:18,835 - database_manager - INFO - Verarbeite Datei 1969/2945: debates2017-11-14a.xml
2025-09-20 19:49:18,835 - database_manager - INFO - Parse debates XML-Datei: debates2017-11-14a.xml
2025-09-20 19:49:18,837 - database_manager - INFO - Debates XML erfolgreich geparst: 0 Debatten, 0 Reden, 0 Wörter
2025-09-20 19:49:18,837 - database_manager - INFO - Verarbeite Datei 1970/2945: debates2015-07-01b.xml
2025-09-20 19:49:18,837 - database_manager - INFO - Parse debates XML-Datei: debates2015-07-01b.xml
2025-09-20 19:49:18,853 - database_manager - INFO - Debates XML erfolgreich geparst: 14 Debatten, 0 Reden, 0 Wörter
2025-09-20 19:49:18,854 - database_manager - INFO - Verarbeite Datei 1971/2945: debates2016-01-27c.xml
2025-09-20 19:49:18,854 - database_manager - INFO - Parse debates XML-Datei: debates2016-01-27c.xml
2025-09-20 19:49:18,855 - database_manager - INFO - Debates XML erfolgreich geparst: 0 Debatten, 0 Reden, 0 Wörter
2025-09-20 19:49:18,855 - database_manager - INFO - Verarbeite Datei 1972/2945: debates2013-07-15a.xml
2025-09-20 19:49:18,855 - database_manager - INFO - Parse debates XML-Datei: debates2013-07-15a.xml
2025-09-20 19:49:18,872 - database_manager - INFO - Debates XML erfolgreich geparst: 25 Debatten, 0 Reden, 0 Wörter
2025-09-20 19:49:18,872 - database_manager - INFO - Verarbeite Datei 1973/2945: debates2020-12-08b.xml
2025-09-20 19:49:18,872 - database_manager - INFO - Parse debates XML-Datei: debates2020-12-08b.xml
2025-09-20 19:49:18,885 - database_manager - INFO - Debates XML erfolgreich geparst: 19 Debatten, 0 Reden, 0 Wörter
2025-09-20 19:49:18,886 - database_manager - INFO - Verarbeite Datei 1974/2945: debates2020-01-14a.xml
2025-09-20 19:49:18,886 - database_manager - INFO - Parse debates XML-Datei: debates2020-01-14a.xml
2025-09-20 19:49:18,887 - database_manager - INFO - Debates XML erfolgreich geparst: 0 Debatten, 0 Reden, 0 Wörter
2025-09-20 19:49:18,887 - database_manager - INFO - Verarbeite Datei 1975/2945: debates2014-03-06b.xml
2025-09-20 19:49:18,887 - database_manager - INFO - Parse debates XML-Datei: debates2014-03-06b.xml
2025-09-20 19:49:18,902 - database_manager - INFO - Debates XML erfolgreich geparst: 25 Debatten, 0 Reden, 0 Wörter
2025-09-20 19:49:18,902 - database_manager - INFO - Verarbeite Datei 1976/2945: debates2014-02-27a.xml
2025-09-20 19:49:18,902 - database_manager - INFO - Parse debates XML-Datei: debates2014-02-27a.xml
2025-09-20 19:49:18,903 - database_manager - INFO - Debates XML erfolgreich geparst: 0 Debatten, 0 Reden, 0 Wörter
2025-09-20 19:49:18,903 - database_manager - INFO - Verarbeite Datei 1977/2945: debates2012-01-23b.xml
2025-09-20 19:49:18,903 - database_manager - INFO - Parse debates XML-Datei: debates2012-01-23b.xml
2025-09-20 19:49:18,920 - database_manager - INFO - Debates XML erfolgreich geparst: 27 Debatten, 0 Reden, 0 Wörter
2025-09-20 19:49:18,920 - database_manager - INFO - Verarbeite Datei 1978/2945: debates2018-09-05b.xml
2025-09-20 19:49:18,920 - database_manager - INFO - Parse debates XML-Datei: debates2018-09-05b.xml
2025-09-20 19:49:18,936 - database_manager - INFO - Debates XML erfolgreich geparst: 26 Debatten, 0 Reden, 0 Wörter
2025-09-20 19:49:18,937 - database_manager - INFO - Verarbeite Datei 1979/2945: debates2021-07-22b.xml
2025-09-20 19:49:18,937 - database_manager - INFO - Parse debates XML-Datei: debates2021-07-22b.xml
2025-09-20 19:49:18,938 - database_manager - INFO - Debates XML erfolgreich geparst: 0 Debatten, 0 Reden, 0 Wörter
2025-09-20 19:49:18,938 - database_manager - INFO - Verarbeite Datei 1980/2945: debates2012-05-16d.xml
2025-09-20 19:49:18,938 - database_manager - INFO - Parse debates XML-Datei: debates2012-05-16d.xml
2025-09-20 19:49:18,954 - database_manager - INFO - Debates XML erfolgreich geparst: 11 Debatten, 0 Reden, 0 Wörter
2025-09-20 19:49:18,954 - database_manager - INFO - Verarbeite Datei 1981/2945: debates2017-12-04a.xml
2025-09-20 19:49:18,954 - database_manager - INFO - Parse debates XML-Datei: debates2017-12-04a.xml
2025-09-20 19:49:18,955 - database_manager - INFO - Debates XML erfolgreich geparst: 0 Debatten, 0 Reden, 0 Wörter
2025-09-20 19:49:18,955 - database_manager - INFO - Verarbeite Datei 1982/2945: debates2020-11-18b.xml
2025-09-20 19:49:18,955 - database_manager - INFO - Parse debates XML-Datei: debates2020-11-18b.xml
2025-09-20 19:49:18,970 - database_manager - INFO - Debates XML erfolgreich geparst: 14 Debatten, 0 Reden, 0 Wörter
2025-09-20 19:49:18,970 - database_manager - INFO - Verarbeite Datei 1983/2945: debates2020-03-25b.xml
2025-09-20 19:49:18,970 - database_manager - INFO - Parse debates XML-Datei: debates2020-03-25b.xml
2025-09-20 19:49:18,983 - database_manager - INFO - Debates XML erfolgreich geparst: 10 Debatten, 0 Reden, 0 Wörter
2025-09-20 19:49:18,983 - database_manager - INFO - Verarbeite Datei 1984/2945: debates2020-02-04a.xml
2025-09-20 19:49:18,983 - database_manager - INFO - Parse debates XML-Datei: debates2020-02-04a.xml
2025-09-20 19:49:18,985 - database_manager - INFO - Debates XML erfolgreich geparst: 0 Debatten, 0 Reden, 0 Wörter
2025-09-20 19:49:18,985 - database_manager - INFO - Verarbeite Datei 1985/2945: debates2020-06-30c.xml
2025-09-20 19:49:18,985 - database_manager - INFO - Parse debates XML-Datei: debates2020-06-30c.xml
2025-09-20 19:49:18,986 - database_manager - INFO - Debates XML erfolgreich geparst: 0 Debatten, 0 Reden, 0 Wörter
2025-09-20 19:49:18,986 - database_manager - INFO - Verarbeite Datei 1986/2945: debates2017-11-02a.xml
2025-09-20 19:49:18,986 - database_manager - INFO - Parse debates XML-Datei: debates2017-11-02a.xml
2025-09-20 19:49:18,987 - database_manager - INFO - Debates XML erfolgreich geparst: 0 Debatten, 0 Reden, 0 Wörter
2025-09-20 19:49:18,987 - database_manager - INFO - Verarbeite Datei 1987/2945: debates2018-01-08c.xml
2025-09-20 19:49:18,987 - database_manager - INFO - Parse debates XML-Datei: debates2018-01-08c.xml
2025-09-20 19:49:19,002 - database_manager - INFO - Debates XML erfolgreich geparst: 16 Debatten, 0 Reden, 0 Wörter
2025-09-20 19:49:19,003 - database_manager - INFO - Verarbeite Datei 1988/2945: debates2012-10-18b.xml
2025-09-20 19:49:19,003 - database_manager - INFO - Parse debates XML-Datei: debates2012-10-18b.xml
2025-09-20 19:49:19,017 - database_manager - INFO - Debates XML erfolgreich geparst: 25 Debatten, 0 Reden, 0 Wörter
2025-09-20 19:49:19,018 - database_manager - INFO - Verarbeite Datei 1989/2945: debates2015-12-02c.xml
2025-09-20 19:49:19,018 - database_manager - INFO - Parse debates XML-Datei: debates2015-12-02c.xml
2025-09-20 19:49:19,019 - database_manager - INFO - Debates XML erfolgreich geparst: 0 Debatten, 0 Reden, 0 Wörter
2025-09-20 19:49:19,019 - database_manager - INFO - Verarbeite Datei 1990/2945: debates2019-03-06a.xml
2025-09-20 19:49:19,019 - database_manager - INFO - Parse debates XML-Datei: debates2019-03-06a.xml
2025-09-20 19:49:19,021 - database_manager - INFO - Debates XML erfolgreich geparst: 0 Debatten, 0 Reden, 0 Wörter
2025-09-20 19:49:19,021 - database_manager - INFO - Verarbeite Datei 1991/2945: debates2014-06-05c.xml
2025-09-20 19:49:19,021 - database_manager - INFO - Parse debates XML-Datei: debates2014-06-05c.xml
2025-09-20 19:49:19,034 - database_manager - INFO - Debates XML erfolgreich geparst: 9 Debatten, 0 Reden, 0 Wörter
2025-09-20 19:49:19,035 - database_manager - INFO - Verarbeite Datei 1992/2945: debates2016-05-05a.xml
2025-09-20 19:49:19,035 - database_manager - INFO - Parse debates XML-Datei: debates2016-05-05a.xml
2025-09-20 19:49:19,035 - database_manager - INFO - Debates XML erfolgreich geparst: 0 Debatten, 0 Reden, 0 Wörter
2025-09-20 19:49:19,035 - database_manager - INFO - Verarbeite Datei 1993/2945: debates2019-06-12d.xml
2025-09-20 19:49:19,035 - database_manager - INFO - Parse debates XML-Datei: debates2019-06-12d.xml
2025-09-20 19:49:19,036 - database_manager - INFO - Debates XML erfolgreich geparst: 0 Debatten, 0 Reden, 0 Wörter
2025-09-20 19:49:19,036 - database_manager - INFO - Verarbeite Datei 1994/2945: debates2020-09-15c.xml
2025-09-20 19:49:19,036 - database_manager - INFO - Parse debates XML-Datei: debates2020-09-15c.xml
2025-09-20 19:49:19,051 - database_manager - INFO - Debates XML erfolgreich geparst: 23 Debatten, 0 Reden, 0 Wörter
2025-09-20 19:49:19,051 - database_manager - INFO - Verarbeite Datei 1995/2945: debates2016-10-11d.xml
2025-09-20 19:49:19,051 - database_manager - INFO - Parse debates XML-Datei: debates2016-10-11d.xml
2025-09-20 19:49:19,066 - database_manager - INFO - Debates XML erfolgreich geparst: 25 Debatten, 0 Reden, 0 Wörter
2025-09-20 19:49:19,066 - database_manager - INFO - Verarbeite Datei 1996/2945: debates2020-11-02a.xml
2025-09-20 19:49:19,066 - database_manager - INFO - Parse debates XML-Datei: debates2020-11-02a.xml
2025-09-20 19:49:19,067 - database_manager - INFO - Debates XML erfolgreich geparst: 0 Debatten, 0 Reden, 0 Wörter
2025-09-20 19:49:19,068 - database_manager - INFO - Verarbeite Datei 1997/2945: debates2020-10-23b.xml
2025-09-20 19:49:19,068 - database_manager - INFO - Parse debates XML-Datei: debates2020-10-23b.xml
2025-09-20 19:49:19,069 - database_manager - INFO - Debates XML erfolgreich geparst: 0 Debatten, 0 Reden, 0 Wörter
2025-09-20 19:49:19,069 - database_manager - INFO - Verarbeite Datei 1998/2945: debates2013-07-03a.xml
2025-09-20 19:49:19,069 - database_manager - INFO - Parse debates XML-Datei: debates2013-07-03a.xml
2025-09-20 19:49:19,084 - database_manager - INFO - Debates XML erfolgreich geparst: 24 Debatten, 0 Reden, 0 Wörter
2025-09-20 19:49:19,084 - database_manager - INFO - Verarbeite Datei 1999/2945: debates2015-05-26a.xml
2025-09-20 19:49:19,084 - database_manager - INFO - Parse debates XML-Datei: debates2015-05-26a.xml
2025-09-20 19:49:19,085 - database_manager - INFO - Debates XML erfolgreich geparst: 1 Debatten, 0 Reden, 0 Wörter
2025-09-20 19:49:19,085 - database_manager - INFO - Verarbeite Datei 2000/2945: debates2017-12-12a.xml
2025-09-20 19:49:19,085 - database_manager - INFO - Parse debates XML-Datei: debates2017-12-12a.xml
2025-09-20 19:49:19,086 - database_manager - INFO - Debates XML erfolgreich geparst: 0 Debatten, 0 Reden, 0 Wörter
2025-09-20 19:49:19,086 - database_manager - INFO - Verarbeite Datei 2001/2945: debates2015-01-12c.xml
2025-09-20 19:49:19,086 - database_manager - INFO - Parse debates XML-Datei: debates2015-01-12c.xml
2025-09-20 19:49:19,099 - database_manager - INFO - Debates XML erfolgreich geparst: 24 Debatten, 0 Reden, 0 Wörter
2025-09-20 19:49:19,100 - database_manager - INFO - Verarbeite Datei 2002/2945: debates2021-06-15a.xml
2025-09-20 19:49:19,100 - database_manager - INFO - Parse debates XML-Datei: debates2021-06-15a.xml
2025-09-20 19:49:19,100 - database_manager - INFO - Debates XML erfolgreich geparst: 0 Debatten, 0 Reden, 0 Wörter
2025-09-20 19:49:19,100 - database_manager - INFO - Verarbeite Datei 2003/2945: debates2021-04-28a.xml
2025-09-20 19:49:19,100 - database_manager - INFO - Parse debates XML-Datei: debates2021-04-28a.xml
2025-09-20 19:49:19,101 - database_manager - INFO - Debates XML erfolgreich geparst: 0 Debatten, 0 Reden, 0 Wörter
2025-09-20 19:49:19,101 - database_manager - INFO - Verarbeite Datei 2004/2945: debates2018-09-13b.xml
2025-09-20 19:49:19,101 - database_manager - INFO - Parse debates XML-Datei: debates2018-09-13b.xml
2025-09-20 19:49:19,114 - database_manager - INFO - Debates XML erfolgreich geparst: 21 Debatten, 0 Reden, 0 Wörter
2025-09-20 19:49:19,114 - database_manager - INFO - Verarbeite Datei 2005/2945: debates2012-02-29a.xml
2025-09-20 19:49:19,114 - database_manager - INFO - Parse debates XML-Datei: debates2012-02-29a.xml
2025-09-20 19:49:19,115 - database_manager - INFO - Debates XML erfolgreich geparst: 0 Debatten, 0 Reden, 0 Wörter
2025-09-20 19:49:19,115 - database_manager - INFO - Verarbeite Datei 2006/2945: debates2018-12-18c.xml
2025-09-20 19:49:19,115 - database_manager - INFO - Parse debates XML-Datei: debates2018-12-18c.xml
2025-09-20 19:49:19,132 - database_manager - INFO - Debates XML erfolgreich geparst: 29 Debatten, 0 Reden, 0 Wörter
2025-09-20 19:49:19,132 - database_manager - INFO - Verarbeite Datei 2007/2945: debates2014-01-21a.xml
2025-09-20 19:49:19,132 - database_manager - INFO - Parse debates XML-Datei: debates2014-01-21a.xml
2025-09-20 19:49:19,148 - database_manager - INFO - Debates XML erfolgreich geparst: 21 Debatten, 0 Reden, 0 Wörter
2025-09-20 19:49:19,148 - database_manager - INFO - Verarbeite Datei 2008/2945: debates2016-03-01d.xml
2025-09-20 19:49:19,148 - database_manager - INFO - Parse debates XML-Datei: debates2016-03-01d.xml
2025-09-20 19:49:19,162 - database_manager - INFO - Debates XML erfolgreich geparst: 23 Debatten, 0 Reden, 0 Wörter
2025-09-20 19:49:19,162 - database_manager - INFO - Verarbeite Datei 2009/2945: debates2020-02-12a.xml
2025-09-20 19:49:19,162 - database_manager - INFO - Parse debates XML-Datei: debates2020-02-12a.xml
2025-09-20 19:49:19,163 - database_manager - INFO - Debates XML erfolgreich geparst: 0 Debatten, 0 Reden, 0 Wörter
2025-09-20 19:49:19,163 - database_manager - INFO - Verarbeite Datei 2010/2945: debates2019-10-16a.xml
2025-09-20 19:49:19,163 - database_manager - INFO - Parse debates XML-Datei: debates2019-10-16a.xml
2025-09-20 19:49:19,164 - database_manager - INFO - Debates XML erfolgreich geparst: 0 Debatten, 0 Reden, 0 Wörter
2025-09-20 19:49:19,164 - database_manager - INFO - Verarbeite Datei 2011/2945: debates2014-11-21a.xml
2025-09-20 19:49:19,164 - database_manager - INFO - Parse debates XML-Datei: debates2014-11-21a.xml
2025-09-20 19:49:19,174 - database_manager - INFO - Debates XML erfolgreich geparst: 3 Debatten, 0 Reden, 0 Wörter
2025-09-20 19:49:19,174 - database_manager - INFO - Verarbeite Datei 2012/2945: debates2020-02-13e.xml
2025-09-20 19:49:19,174 - database_manager - INFO - Parse debates XML-Datei: debates2020-02-13e.xml
2025-09-20 19:49:19,175 - database_manager - INFO - Debates XML erfolgreich geparst: 0 Debatten, 0 Reden, 0 Wörter
2025-09-20 19:49:19,175 - database_manager - INFO - Verarbeite Datei 2013/2945: debates2016-05-09b.xml
2025-09-20 19:49:19,175 - database_manager - INFO - Parse debates XML-Datei: debates2016-05-09b.xml
2025-09-20 19:49:19,192 - database_manager - INFO - Debates XML erfolgreich geparst: 26 Debatten, 0 Reden, 0 Wörter
2025-09-20 19:49:19,192 - database_manager - INFO - Verarbeite Datei 2014/2945: debates2016-06-15a.xml
2025-09-20 19:49:19,192 - database_manager - INFO - Parse debates XML-Datei: debates2016-06-15a.xml
2025-09-20 19:49:19,193 - database_manager - INFO - Debates XML erfolgreich geparst: 0 Debatten, 0 Reden, 0 Wörter
2025-09-20 19:49:19,193 - database_manager - INFO - Verarbeite Datei 2015/2945: debates2016-04-28a.xml
2025-09-20 19:49:19,193 - database_manager - INFO - Parse debates XML-Datei: debates2016-04-28a.xml
2025-09-20 19:49:19,207 - database_manager - INFO - Debates XML erfolgreich geparst: 15 Debatten, 0 Reden, 0 Wörter
2025-09-20 19:49:19,208 - database_manager - INFO - Verarbeite Datei 2016/2945: debates2020-07-06d.xml
2025-09-20 19:49:19,208 - database_manager - INFO - Parse debates XML-Datei: debates2020-07-06d.xml
2025-09-20 19:49:19,209 - database_manager - INFO - Debates XML erfolgreich geparst: 0 Debatten, 0 Reden, 0 Wörter
2025-09-20 19:49:19,209 - database_manager - INFO - Verarbeite Datei 2017/2945: debates2015-03-03b.xml
2025-09-20 19:49:19,209 - database_manager - INFO - Parse debates XML-Datei: debates2015-03-03b.xml
2025-09-20 19:49:19,223 - database_manager - INFO - Debates XML erfolgreich geparst: 36 Debatten, 0 Reden, 0 Wörter
2025-09-20 19:49:19,224 - database_manager - INFO - Verarbeite Datei 2018/2945: debates2018-03-15a.xml
2025-09-20 19:49:19,224 - database_manager - INFO - Parse debates XML-Datei: debates2018-03-15a.xml
2025-09-20 19:49:19,225 - database_manager - INFO - Debates XML erfolgreich geparst: 0 Debatten, 0 Reden, 0 Wörter
2025-09-20 19:49:19,225 - database_manager - INFO - Verarbeite Datei 2019/2945: debates2021-01-11a.xml
2025-09-20 19:49:19,225 - database_manager - INFO - Parse debates XML-Datei: debates2021-01-11a.xml
2025-09-20 19:49:19,225 - database_manager - INFO - Debates XML erfolgreich geparst: 0 Debatten, 0 Reden, 0 Wörter
2025-09-20 19:49:19,225 - database_manager - INFO - Verarbeite Datei 2020/2945: debates2015-06-16c.xml
2025-09-20 19:49:19,225 - database_manager - INFO - Parse debates XML-Datei: debates2015-06-16c.xml
2025-09-20 19:49:19,241 - database_manager - INFO - Debates XML erfolgreich geparst: 18 Debatten, 0 Reden, 0 Wörter
2025-09-20 19:49:19,241 - database_manager - INFO - Verarbeite Datei 2021/2945: debates2018-10-09b.xml
2025-09-20 19:49:19,241 - database_manager - INFO - Parse debates XML-Datei: debates2018-10-09b.xml
2025-09-20 19:49:19,242 - database_manager - INFO - Debates XML erfolgreich geparst: 0 Debatten, 0 Reden, 0 Wörter
2025-09-20 19:49:19,242 - database_manager - INFO - Verarbeite Datei 2022/2945: debates2018-11-28a.xml
2025-09-20 19:49:19,242 - database_manager - INFO - Parse debates XML-Datei: debates2018-11-28a.xml
2025-09-20 19:49:19,286 - database_manager - INFO - Debates XML erfolgreich geparst: 28 Debatten, 0 Reden, 0 Wörter
2025-09-20 19:49:19,287 - database_manager - INFO - Verarbeite Datei 2023/2945: debates2021-09-06c.xml
2025-09-20 19:49:19,287 - database_manager - INFO - Parse debates XML-Datei: debates2021-09-06c.xml
2025-09-20 19:49:19,288 - database_manager - INFO - Debates XML erfolgreich geparst: 0 Debatten, 0 Reden, 0 Wörter
2025-09-20 19:49:19,288 - database_manager - INFO - Verarbeite Datei 2024/2945: debates2012-07-10a.xml
2025-09-20 19:49:19,288 - database_manager - INFO - Parse debates XML-Datei: debates2012-07-10a.xml
2025-09-20 19:49:19,309 - database_manager - INFO - Debates XML erfolgreich geparst: 26 Debatten, 0 Reden, 0 Wörter
2025-09-20 19:49:19,309 - database_manager - INFO - Verarbeite Datei 2025/2945: debates2020-01-22c.xml
2025-09-20 19:49:19,309 - database_manager - INFO - Parse debates XML-Datei: debates2020-01-22c.xml
2025-09-20 19:49:19,312 - database_manager - INFO - Debates XML erfolgreich geparst: 0 Debatten, 0 Reden, 0 Wörter
2025-09-20 19:49:19,313 - database_manager - INFO - Verarbeite Datei 2026/2945: debates2014-06-25a.xml
2025-09-20 19:49:19,313 - database_manager - INFO - Parse debates XML-Datei: debates2014-06-25a.xml
2025-09-20 19:49:19,329 - database_manager - INFO - Debates XML erfolgreich geparst: 16 Debatten, 0 Reden, 0 Wörter
2025-09-20 19:49:19,329 - database_manager - INFO - Verarbeite Datei 2027/2945: debates2019-03-26c.xml
2025-09-20 19:49:19,329 - database_manager - INFO - Parse debates XML-Datei: debates2019-03-26c.xml
2025-09-20 19:49:19,345 - database_manager - INFO - Debates XML erfolgreich geparst: 37 Debatten, 0 Reden, 0 Wörter
2025-09-20 19:49:19,345 - database_manager - INFO - Verarbeite Datei 2028/2945: debates2016-01-11a.xml
2025-09-20 19:49:19,345 - database_manager - INFO - Parse debates XML-Datei: debates2016-01-11a.xml
2025-09-20 19:49:19,346 - database_manager - INFO - Debates XML erfolgreich geparst: 0 Debatten, 0 Reden, 0 Wörter
2025-09-20 19:49:19,346 - database_manager - INFO - Verarbeite Datei 2029/2945: debates2016-07-18c.xml
2025-09-20 19:49:19,346 - database_manager - INFO - Parse debates XML-Datei: debates2016-07-18c.xml
2025-09-20 19:49:19,361 - database_manager - INFO - Debates XML erfolgreich geparst: 17 Debatten, 0 Reden, 0 Wörter
2025-09-20 19:49:19,361 - database_manager - INFO - Verarbeite Datei 2030/2945: debates2018-03-19b.xml
2025-09-20 19:49:19,361 - database_manager - INFO - Parse debates XML-Datei: debates2018-03-19b.xml
2025-09-20 19:49:19,376 - database_manager - INFO - Debates XML erfolgreich geparst: 16 Debatten, 0 Reden, 0 Wörter
2025-09-20 19:49:19,376 - database_manager - INFO - Verarbeite Datei 2031/2945: debates2021-02-01a.xml
2025-09-20 19:49:19,376 - database_manager - INFO - Parse debates XML-Datei: debates2021-02-01a.xml
2025-09-20 19:49:19,377 - database_manager - INFO - Debates XML erfolgreich geparst: 0 Debatten, 0 Reden, 0 Wörter
2025-09-20 19:49:19,377 - database_manager - INFO - Verarbeite Datei 2032/2945: debates2021-12-01a.xml
2025-09-20 19:49:19,377 - database_manager - INFO - Parse debates XML-Datei: debates2021-12-01a.xml
2025-09-20 19:49:19,379 - database_manager - INFO - Debates XML erfolgreich geparst: 0 Debatten, 0 Reden, 0 Wörter
2025-09-20 19:49:19,379 - database_manager - INFO - Verarbeite Datei 2033/2945: debates2012-05-21b.xml
2025-09-20 19:49:19,379 - database_manager - INFO - Parse debates XML-Datei: debates2012-05-21b.xml
2025-09-20 19:49:19,395 - database_manager - INFO - Debates XML erfolgreich geparst: 30 Debatten, 0 Reden, 0 Wörter
2025-09-20 19:49:19,396 - database_manager - INFO - Verarbeite Datei 2034/2945: debates2016-12-01a.xml
2025-09-20 19:49:19,396 - database_manager - INFO - Parse debates XML-Datei: debates2016-12-01a.xml
2025-09-20 19:49:19,396 - database_manager - INFO - Debates XML erfolgreich geparst: 0 Debatten, 0 Reden, 0 Wörter
2025-09-20 19:49:19,397 - database_manager - INFO - Verarbeite Datei 2035/2945: debates2014-07-08a.xml
2025-09-20 19:49:19,397 - database_manager - INFO - Parse debates XML-Datei: debates2014-07-08a.xml
2025-09-20 19:49:19,397 - database_manager - INFO - Debates XML erfolgreich geparst: 0 Debatten, 0 Reden, 0 Wörter
2025-09-20 19:49:19,397 - database_manager - INFO - Verarbeite Datei 2036/2945: debates2019-04-02a.xml
2025-09-20 19:49:19,397 - database_manager - INFO - Parse debates XML-Datei: debates2019-04-02a.xml
2025-09-20 19:49:19,398 - database_manager - INFO - Debates XML erfolgreich geparst: 0 Debatten, 0 Reden, 0 Wörter
2025-09-20 19:49:19,398 - database_manager - INFO - Verarbeite Datei 2037/2945: debates2013-11-26b.xml
2025-09-20 19:49:19,398 - database_manager - INFO - Parse debates XML-Datei: debates2013-11-26b.xml
2025-09-20 19:49:19,409 - database_manager - INFO - Debates XML erfolgreich geparst: 27 Debatten, 0 Reden, 0 Wörter
2025-09-20 19:49:19,409 - database_manager - INFO - Verarbeite Datei 2038/2945: debates2016-02-01a.xml
2025-09-20 19:49:19,409 - database_manager - INFO - Parse debates XML-Datei: debates2016-02-01a.xml
2025-09-20 19:49:19,410 - database_manager - INFO - Debates XML erfolgreich geparst: 0 Debatten, 0 Reden, 0 Wörter
2025-09-20 19:49:19,410 - database_manager - INFO - Verarbeite Datei 2039/2945: debates2019-01-16d.xml
2025-09-20 19:49:19,410 - database_manager - INFO - Parse debates XML-Datei: debates2019-01-16d.xml
2025-09-20 19:49:19,426 - database_manager - INFO - Debates XML erfolgreich geparst: 13 Debatten, 0 Reden, 0 Wörter
2025-09-20 19:49:19,427 - database_manager - INFO - Verarbeite Datei 2040/2945: debates2014-07-08c.xml
2025-09-20 19:49:19,427 - database_manager - INFO - Parse debates XML-Datei: debates2014-07-08c.xml
2025-09-20 19:49:19,441 - database_manager - INFO - Debates XML erfolgreich geparst: 25 Debatten, 0 Reden, 0 Wörter
2025-09-20 19:49:19,441 - database_manager - INFO - Verarbeite Datei 2041/2945: debates2016-12-01c.xml
2025-09-20 19:49:19,441 - database_manager - INFO - Parse debates XML-Datei: debates2016-12-01c.xml
2025-09-20 19:49:19,455 - database_manager - INFO - Debates XML erfolgreich geparst: 21 Debatten, 0 Reden, 0 Wörter
2025-09-20 19:49:19,455 - database_manager - INFO - Verarbeite Datei 2042/2945: debates2016-07-14b.xml
2025-09-20 19:49:19,455 - database_manager - INFO - Parse debates XML-Datei: debates2016-07-14b.xml
2025-09-20 19:49:19,458 - database_manager - INFO - Debates XML erfolgreich geparst: 1 Debatten, 0 Reden, 0 Wörter
2025-09-20 19:49:19,459 - database_manager - INFO - Verarbeite Datei 2043/2945: debates2014-10-20b.xml
2025-09-20 19:49:19,459 - database_manager - INFO - Parse debates XML-Datei: debates2014-10-20b.xml
2025-09-20 19:49:19,467 - database_manager - INFO - Debates XML erfolgreich geparst: 19 Debatten, 0 Reden, 0 Wörter
2025-09-20 19:49:19,467 - database_manager - INFO - Verarbeite Datei 2044/2945: debates2016-02-01c.xml
2025-09-20 19:49:19,468 - database_manager - INFO - Parse debates XML-Datei: debates2016-02-01c.xml
2025-09-20 19:49:19,483 - database_manager - INFO - Debates XML erfolgreich geparst: 20 Debatten, 0 Reden, 0 Wörter
2025-09-20 19:49:19,483 - database_manager - INFO - Verarbeite Datei 2045/2945: debates2021-07-14b.xml
2025-09-20 19:49:19,483 - database_manager - INFO - Parse debates XML-Datei: debates2021-07-14b.xml
2025-09-20 19:49:19,484 - database_manager - INFO - Debates XML erfolgreich geparst: 0 Debatten, 0 Reden, 0 Wörter
2025-09-20 19:49:19,484 - database_manager - INFO - Verarbeite Datei 2046/2945: debates2017-03-13b.xml
2025-09-20 19:49:19,484 - database_manager - INFO - Parse debates XML-Datei: debates2017-03-13b.xml
2025-09-20 19:49:19,485 - database_manager - INFO - Debates XML erfolgreich geparst: 0 Debatten, 0 Reden, 0 Wörter
2025-09-20 19:49:19,485 - database_manager - INFO - Verarbeite Datei 2047/2945: debates2021-12-01c.xml
2025-09-20 19:49:19,485 - database_manager - INFO - Parse debates XML-Datei: debates2021-12-01c.xml
2025-09-20 19:49:19,499 - database_manager - INFO - Debates XML erfolgreich geparst: 20 Debatten, 0 Reden, 0 Wörter
2025-09-20 19:49:19,499 - database_manager - INFO - Verarbeite Datei 2048/2945: debates2012-02-09a.xml
2025-09-20 19:49:19,499 - database_manager - INFO - Parse debates XML-Datei: debates2012-02-09a.xml
2025-09-20 19:49:19,514 - database_manager - INFO - Debates XML erfolgreich geparst: 23 Debatten, 0 Reden, 0 Wörter
2025-09-20 19:49:19,514 - database_manager - INFO - Verarbeite Datei 2049/2945: debates2019-02-07b.xml
2025-09-20 19:49:19,514 - database_manager - INFO - Parse debates XML-Datei: debates2019-02-07b.xml
2025-09-20 19:49:19,527 - database_manager - INFO - Debates XML erfolgreich geparst: 19 Debatten, 0 Reden, 0 Wörter
2025-09-20 19:49:19,527 - database_manager - INFO - Verarbeite Datei 2050/2945: debates2019-03-26a.xml
2025-09-20 19:49:19,527 - database_manager - INFO - Parse debates XML-Datei: debates2019-03-26a.xml
2025-09-20 19:49:19,528 - database_manager - INFO - Debates XML erfolgreich geparst: 0 Debatten, 0 Reden, 0 Wörter
2025-09-20 19:49:19,529 - database_manager - INFO - Verarbeite Datei 2051/2945: debates2016-09-06a.xml
2025-09-20 19:49:19,529 - database_manager - INFO - Parse debates XML-Datei: debates2016-09-06a.xml
2025-09-20 19:49:19,542 - database_manager - INFO - Debates XML erfolgreich geparst: 37 Debatten, 0 Reden, 0 Wörter
2025-09-20 19:49:19,543 - database_manager - INFO - Verarbeite Datei 2052/2945: debates2020-11-23e.xml
2025-09-20 19:49:19,543 - database_manager - INFO - Parse debates XML-Datei: debates2020-11-23e.xml
2025-09-20 19:49:19,552 - database_manager - INFO - Debates XML erfolgreich geparst: 25 Debatten, 0 Reden, 0 Wörter
2025-09-20 19:49:19,553 - database_manager - INFO - Verarbeite Datei 2053/2945: debates2014-02-11a.xml
2025-09-20 19:49:19,553 - database_manager - INFO - Parse debates XML-Datei: debates2014-02-11a.xml
2025-09-20 19:49:19,568 - database_manager - INFO - Debates XML erfolgreich geparst: 20 Debatten, 0 Reden, 0 Wörter
2025-09-20 19:49:19,569 - database_manager - INFO - Verarbeite Datei 2054/2945: debates2020-01-22a.xml
2025-09-20 19:49:19,569 - database_manager - INFO - Parse debates XML-Datei: debates2020-01-22a.xml
2025-09-20 19:49:19,570 - database_manager - INFO - Debates XML erfolgreich geparst: 0 Debatten, 0 Reden, 0 Wörter
2025-09-20 19:49:19,570 - database_manager - INFO - Verarbeite Datei 2055/2945: debates2016-05-25a.xml
2025-09-20 19:49:19,570 - database_manager - INFO - Parse debates XML-Datei: debates2016-05-25a.xml
2025-09-20 19:49:19,571 - database_manager - INFO - Debates XML erfolgreich geparst: 0 Debatten, 0 Reden, 0 Wörter
2025-09-20 19:49:19,571 - database_manager - INFO - Verarbeite Datei 2056/2945: debates2016-07-18a.xml
2025-09-20 19:49:19,571 - database_manager - INFO - Parse debates XML-Datei: debates2016-07-18a.xml
2025-09-20 19:49:19,571 - database_manager - INFO - Debates XML erfolgreich geparst: 0 Debatten, 0 Reden, 0 Wörter
2025-09-20 19:49:19,572 - database_manager - INFO - Verarbeite Datei 2057/2945: debates2014-12-11a.xml
2025-09-20 19:49:19,572 - database_manager - INFO - Parse debates XML-Datei: debates2014-12-11a.xml
2025-09-20 19:49:19,585 - database_manager - INFO - Debates XML erfolgreich geparst: 24 Debatten, 0 Reden, 0 Wörter
2025-09-20 19:49:19,585 - database_manager - INFO - Verarbeite Datei 2058/2945: debates2016-01-11c.xml
2025-09-20 19:49:19,585 - database_manager - INFO - Parse debates XML-Datei: debates2016-01-11c.xml
2025-09-20 19:49:19,599 - database_manager - INFO - Debates XML erfolgreich geparst: 23 Debatten, 0 Reden, 0 Wörter
2025-09-20 19:49:19,600 - database_manager - INFO - Verarbeite Datei 2059/2945: debates2017-11-22a.xml
2025-09-20 19:49:19,600 - database_manager - INFO - Parse debates XML-Datei: debates2017-11-22a.xml
2025-09-20 19:49:19,613 - database_manager - INFO - Debates XML erfolgreich geparst: 12 Debatten, 0 Reden, 0 Wörter
2025-09-20 19:49:19,614 - database_manager - INFO - Verarbeite Datei 2060/2945: debates2015-06-16a.xml
2025-09-20 19:49:19,614 - database_manager - INFO - Parse debates XML-Datei: debates2015-06-16a.xml
2025-09-20 19:49:19,615 - database_manager - INFO - Debates XML erfolgreich geparst: 0 Debatten, 0 Reden, 0 Wörter
2025-09-20 19:49:19,615 - database_manager - INFO - Verarbeite Datei 2061/2945: debates2021-01-11c.xml
2025-09-20 19:49:19,615 - database_manager - INFO - Parse debates XML-Datei: debates2021-01-11c.xml
2025-09-20 19:49:19,628 - database_manager - INFO - Debates XML erfolgreich geparst: 16 Debatten, 0 Reden, 0 Wörter
2025-09-20 19:49:19,629 - database_manager - INFO - Verarbeite Datei 2062/2945: debates2021-05-25a.xml
2025-09-20 19:49:19,629 - database_manager - INFO - Parse debates XML-Datei: debates2021-05-25a.xml
2025-09-20 19:49:19,631 - database_manager - INFO - Debates XML erfolgreich geparst: 0 Debatten, 0 Reden, 0 Wörter
2025-09-20 19:49:19,631 - database_manager - INFO - Verarbeite Datei 2063/2945: debates2012-11-19a.xml
2025-09-20 19:49:19,631 - database_manager - INFO - Parse debates XML-Datei: debates2012-11-19a.xml
2025-09-20 19:49:19,644 - database_manager - INFO - Debates XML erfolgreich geparst: 21 Debatten, 0 Reden, 0 Wörter
2025-09-20 19:49:19,644 - database_manager - INFO - Verarbeite Datei 2064/2945: debates2021-09-06a.xml
2025-09-20 19:49:19,644 - database_manager - INFO - Parse debates XML-Datei: debates2021-09-06a.xml
2025-09-20 19:49:19,646 - database_manager - INFO - Debates XML erfolgreich geparst: 0 Debatten, 0 Reden, 0 Wörter
2025-09-20 19:49:19,646 - database_manager - INFO - Verarbeite Datei 2065/2945: debates2012-01-19a.xml
2025-09-20 19:49:19,646 - database_manager - INFO - Parse debates XML-Datei: debates2012-01-19a.xml
2025-09-20 19:49:19,657 - database_manager - INFO - Debates XML erfolgreich geparst: 23 Debatten, 0 Reden, 0 Wörter
2025-09-20 19:49:19,657 - database_manager - INFO - Verarbeite Datei 2066/2945: debates2020-02-12c.xml
2025-09-20 19:49:19,657 - database_manager - INFO - Parse debates XML-Datei: debates2020-02-12c.xml
2025-09-20 19:49:19,669 - database_manager - INFO - Debates XML erfolgreich geparst: 13 Debatten, 0 Reden, 0 Wörter
2025-09-20 19:49:19,670 - database_manager - INFO - Verarbeite Datei 2067/2945: debates2020-07-07b.xml
2025-09-20 19:49:19,670 - database_manager - INFO - Parse debates XML-Datei: debates2020-07-07b.xml
2025-09-20 19:49:19,671 - database_manager - INFO - Debates XML erfolgreich geparst: 1 Debatten, 0 Reden, 0 Wörter
2025-09-20 19:49:19,671 - database_manager - INFO - Verarbeite Datei 2068/2945: debates2013-11-06b.xml
2025-09-20 19:49:19,671 - database_manager - INFO - Parse debates XML-Datei: debates2013-11-06b.xml
2025-09-20 19:49:19,672 - database_manager - INFO - Debates XML erfolgreich geparst: 0 Debatten, 0 Reden, 0 Wörter
2025-09-20 19:49:19,672 - database_manager - INFO - Verarbeite Datei 2069/2945: debates2021-06-15c.xml
2025-09-20 19:49:19,672 - database_manager - INFO - Parse debates XML-Datei: debates2021-06-15c.xml
2025-09-20 19:49:19,673 - database_manager - INFO - Debates XML erfolgreich geparst: 0 Debatten, 0 Reden, 0 Wörter
2025-09-20 19:49:19,673 - database_manager - INFO - Verarbeite Datei 2070/2945: debates2021-04-28c.xml
2025-09-20 19:49:19,673 - database_manager - INFO - Parse debates XML-Datei: debates2021-04-28c.xml
2025-09-20 19:49:19,685 - database_manager - INFO - Debates XML erfolgreich geparst: 14 Debatten, 0 Reden, 0 Wörter
2025-09-20 19:49:19,686 - database_manager - INFO - Verarbeite Datei 2071/2945: debates2015-01-12a.xml
2025-09-20 19:49:19,686 - database_manager - INFO - Parse debates XML-Datei: debates2015-01-12a.xml
2025-09-20 19:49:19,687 - database_manager - INFO - Debates XML erfolgreich geparst: 0 Debatten, 0 Reden, 0 Wörter
2025-09-20 19:49:19,687 - database_manager - INFO - Verarbeite Datei 2072/2945: debates2018-12-19e.xml
2025-09-20 19:49:19,687 - database_manager - INFO - Parse debates XML-Datei: debates2018-12-19e.xml
2025-09-20 19:49:19,707 - database_manager - INFO - Debates XML erfolgreich geparst: 12 Debatten, 0 Reden, 0 Wörter
2025-09-20 19:49:19,707 - database_manager - INFO - Verarbeite Datei 2073/2945: debates2017-06-26a.xml
2025-09-20 19:49:19,707 - database_manager - INFO - Parse debates XML-Datei: debates2017-06-26a.xml
2025-09-20 19:49:19,716 - database_manager - INFO - Debates XML erfolgreich geparst: 4 Debatten, 0 Reden, 0 Wörter
2025-09-20 19:49:19,716 - database_manager - INFO - Verarbeite Datei 2074/2945: debates2018-10-25a.xml
2025-09-20 19:49:19,716 - database_manager - INFO - Parse debates XML-Datei: debates2018-10-25a.xml
2025-09-20 19:49:19,728 - database_manager - INFO - Debates XML erfolgreich geparst: 20 Debatten, 0 Reden, 0 Wörter
2025-09-20 19:49:19,729 - database_manager - INFO - Verarbeite Datei 2075/2945: debates2018-12-18a.xml
2025-09-20 19:49:19,729 - database_manager - INFO - Parse debates XML-Datei: debates2018-12-18a.xml
2025-09-20 19:49:19,730 - database_manager - INFO - Debates XML erfolgreich geparst: 0 Debatten, 0 Reden, 0 Wörter
2025-09-20 19:49:19,730 - database_manager - INFO - Verarbeite Datei 2076/2945: debates2019-06-13b.xml
2025-09-20 19:49:19,730 - database_manager - INFO - Parse debates XML-Datei: debates2019-06-13b.xml
2025-09-20 19:49:19,744 - database_manager - INFO - Debates XML erfolgreich geparst: 18 Debatten, 0 Reden, 0 Wörter
2025-09-20 19:49:19,744 - database_manager - INFO - Verarbeite Datei 2077/2945: debates2016-04-25d.xml
2025-09-20 19:49:19,744 - database_manager - INFO - Parse debates XML-Datei: debates2016-04-25d.xml
2025-09-20 19:49:19,761 - database_manager - INFO - Debates XML erfolgreich geparst: 23 Debatten, 0 Reden, 0 Wörter
2025-09-20 19:49:19,761 - database_manager - INFO - Verarbeite Datei 2078/2945: debates2016-10-10b.xml
2025-09-20 19:49:19,761 - database_manager - INFO - Parse debates XML-Datei: debates2016-10-10b.xml
2025-09-20 19:49:19,763 - database_manager - INFO - Debates XML erfolgreich geparst: 6 Debatten, 0 Reden, 0 Wörter
2025-09-20 19:49:19,763 - database_manager - INFO - Verarbeite Datei 2079/2945: debates2014-06-05a.xml
2025-09-20 19:49:19,763 - database_manager - INFO - Parse debates XML-Datei: debates2014-06-05a.xml
2025-09-20 19:49:19,764 - database_manager - INFO - Debates XML erfolgreich geparst: 0 Debatten, 0 Reden, 0 Wörter
2025-09-20 19:49:19,764 - database_manager - INFO - Verarbeite Datei 2080/2945: debates2019-03-06c.xml
2025-09-20 19:49:19,764 - database_manager - INFO - Parse debates XML-Datei: debates2019-03-06c.xml
2025-09-20 19:49:19,779 - database_manager - INFO - Debates XML erfolgreich geparst: 28 Debatten, 0 Reden, 0 Wörter
2025-09-20 19:49:19,779 - database_manager - INFO - Verarbeite Datei 2081/2945: debates2013-12-16b.xml
2025-09-20 19:49:19,779 - database_manager - INFO - Parse debates XML-Datei: debates2013-12-16b.xml
2025-09-20 19:49:19,795 - database_manager - INFO - Debates XML erfolgreich geparst: 20 Debatten, 0 Reden, 0 Wörter
2025-09-20 19:49:19,795 - database_manager - INFO - Verarbeite Datei 2082/2945: debates2020-11-02c.xml
2025-09-20 19:49:19,795 - database_manager - INFO - Parse debates XML-Datei: debates2020-11-02c.xml
2025-09-20 19:49:19,810 - database_manager - INFO - Debates XML erfolgreich geparst: 18 Debatten, 0 Reden, 0 Wörter
2025-09-20 19:49:19,810 - database_manager - INFO - Verarbeite Datei 2083/2945: debates2020-09-15a.xml
2025-09-20 19:49:19,810 - database_manager - INFO - Parse debates XML-Datei: debates2020-09-15a.xml
2025-09-20 19:49:19,811 - database_manager - INFO - Debates XML erfolgreich geparst: 0 Debatten, 0 Reden, 0 Wörter
2025-09-20 19:49:19,811 - database_manager - INFO - Verarbeite Datei 2084/2945: debates2015-03-23b.xml
2025-09-20 19:49:19,811 - database_manager - INFO - Parse debates XML-Datei: debates2015-03-23b.xml
2025-09-20 19:49:19,830 - database_manager - INFO - Debates XML erfolgreich geparst: 69 Debatten, 0 Reden, 0 Wörter
2025-09-20 19:49:19,830 - database_manager - INFO - Verarbeite Datei 2085/2945: debates2015-02-02a.xml
2025-09-20 19:49:19,830 - database_manager - INFO - Parse debates XML-Datei: debates2015-02-02a.xml
2025-09-20 19:49:19,842 - database_manager - INFO - Debates XML erfolgreich geparst: 32 Debatten, 0 Reden, 0 Wörter
2025-09-20 19:49:19,843 - database_manager - INFO - Verarbeite Datei 2086/2945: debates2018-01-08a.xml
2025-09-20 19:49:19,843 - database_manager - INFO - Parse debates XML-Datei: debates2018-01-08a.xml
2025-09-20 19:49:19,844 - database_manager - INFO - Debates XML erfolgreich geparst: 0 Debatten, 0 Reden, 0 Wörter
2025-09-20 19:49:19,844 - database_manager - INFO - Verarbeite Datei 2087/2945: debates2017-11-02c.xml
2025-09-20 19:49:19,844 - database_manager - INFO - Parse debates XML-Datei: debates2017-11-02c.xml
2025-09-20 19:49:19,858 - database_manager - INFO - Debates XML erfolgreich geparst: 14 Debatten, 0 Reden, 0 Wörter
2025-09-20 19:49:19,859 - database_manager - INFO - Verarbeite Datei 2088/2945: debates2015-12-02a.xml
2025-09-20 19:49:19,859 - database_manager - INFO - Parse debates XML-Datei: debates2015-12-02a.xml
2025-09-20 19:49:19,860 - database_manager - INFO - Debates XML erfolgreich geparst: 0 Debatten, 0 Reden, 0 Wörter
2025-09-20 19:49:19,860 - database_manager - INFO - Verarbeite Datei 2089/2945: debates2012-06-11b.xml
2025-09-20 19:49:19,860 - database_manager - INFO - Parse debates XML-Datei: debates2012-06-11b.xml
2025-09-20 19:49:19,876 - database_manager - INFO - Debates XML erfolgreich geparst: 27 Debatten, 0 Reden, 0 Wörter
2025-09-20 19:49:19,876 - database_manager - INFO - Verarbeite Datei 2090/2945: debates2015-02-03e.xml
2025-09-20 19:49:19,876 - database_manager - INFO - Parse debates XML-Datei: debates2015-02-03e.xml
2025-09-20 19:49:19,892 - database_manager - INFO - Debates XML erfolgreich geparst: 40 Debatten, 0 Reden, 0 Wörter
2025-09-20 19:49:19,892 - database_manager - INFO - Verarbeite Datei 2091/2945: debates2016-03-16b.xml
2025-09-20 19:49:19,892 - database_manager - INFO - Parse debates XML-Datei: debates2016-03-16b.xml
2025-09-20 19:49:19,907 - database_manager - INFO - Debates XML erfolgreich geparst: 22 Debatten, 0 Reden, 0 Wörter
2025-09-20 19:49:19,908 - database_manager - INFO - Verarbeite Datei 2092/2945: debates2013-10-31a.xml
2025-09-20 19:49:19,908 - database_manager - INFO - Parse debates XML-Datei: debates2013-10-31a.xml
2025-09-20 19:49:19,925 - database_manager - INFO - Debates XML erfolgreich geparst: 26 Debatten, 0 Reden, 0 Wörter
2025-09-20 19:49:19,925 - database_manager - INFO - Verarbeite Datei 2093/2945: debates2020-06-30a.xml
2025-09-20 19:49:19,925 - database_manager - INFO - Parse debates XML-Datei: debates2020-06-30a.xml
2025-09-20 19:49:19,927 - database_manager - INFO - Debates XML erfolgreich geparst: 0 Debatten, 0 Reden, 0 Wörter
2025-09-20 19:49:19,927 - database_manager - INFO - Verarbeite Datei 2094/2945: debates2019-05-15b.xml
2025-09-20 19:49:19,927 - database_manager - INFO - Parse debates XML-Datei: debates2019-05-15b.xml
2025-09-20 19:49:19,928 - database_manager - INFO - Debates XML erfolgreich geparst: 0 Debatten, 0 Reden, 0 Wörter
2025-09-20 19:49:19,928 - database_manager - INFO - Verarbeite Datei 2095/2945: debates2020-02-04c.xml
2025-09-20 19:49:19,928 - database_manager - INFO - Parse debates XML-Datei: debates2020-02-04c.xml
2025-09-20 19:49:19,929 - database_manager - INFO - Debates XML erfolgreich geparst: 0 Debatten, 0 Reden, 0 Wörter
2025-09-20 19:49:19,929 - database_manager - INFO - Verarbeite Datei 2096/2945: debates2012-05-17b.xml
2025-09-20 19:49:19,929 - database_manager - INFO - Parse debates XML-Datei: debates2012-05-17b.xml
2025-09-20 19:49:19,945 - database_manager - INFO - Debates XML erfolgreich geparst: 19 Debatten, 0 Reden, 0 Wörter
2025-09-20 19:49:19,945 - database_manager - INFO - Verarbeite Datei 2097/2945: debates2018-11-12b.xml
2025-09-20 19:49:19,945 - database_manager - INFO - Parse debates XML-Datei: debates2018-11-12b.xml
2025-09-20 19:49:19,946 - database_manager - INFO - Debates XML erfolgreich geparst: 0 Debatten, 0 Reden, 0 Wörter
2025-09-20 19:49:19,947 - database_manager - INFO - Verarbeite Datei 2098/2945: debates2017-07-11b.xml
2025-09-20 19:49:19,947 - database_manager - INFO - Parse debates XML-Datei: debates2017-07-11b.xml
2025-09-20 19:49:19,949 - database_manager - INFO - Debates XML erfolgreich geparst: 0 Debatten, 0 Reden, 0 Wörter
2025-09-20 19:49:19,949 - database_manager - INFO - Verarbeite Datei 2099/2945: debates2015-11-04a.xml
2025-09-20 19:49:19,949 - database_manager - INFO - Parse debates XML-Datei: debates2015-11-04a.xml
2025-09-20 19:49:19,964 - database_manager - INFO - Debates XML erfolgreich geparst: 17 Debatten, 0 Reden, 0 Wörter
2025-09-20 19:49:19,964 - database_manager - INFO - Verarbeite Datei 2100/2945: debates2021-03-16b.xml
2025-09-20 19:49:19,964 - database_manager - INFO - Parse debates XML-Datei: debates2021-03-16b.xml
2025-09-20 19:49:19,980 - database_manager - INFO - Debates XML erfolgreich geparst: 15 Debatten, 0 Reden, 0 Wörter
2025-09-20 19:49:19,980 - database_manager - INFO - Verarbeite Datei 2101/2945: debates2020-09-03a.xml
2025-09-20 19:49:19,981 - database_manager - INFO - Parse debates XML-Datei: debates2020-09-03a.xml
2025-09-20 19:49:19,981 - database_manager - INFO - Debates XML erfolgreich geparst: 0 Debatten, 0 Reden, 0 Wörter
2025-09-20 19:49:19,981 - database_manager - INFO - Verarbeite Datei 2102/2945: debates2013-03-21a.xml
2025-09-20 19:49:19,981 - database_manager - INFO - Parse debates XML-Datei: debates2013-03-21a.xml
2025-09-20 19:49:19,982 - database_manager - INFO - Debates XML erfolgreich geparst: 0 Debatten, 0 Reden, 0 Wörter
2025-09-20 19:49:19,982 - database_manager - INFO - Verarbeite Datei 2103/2945: debates2016-01-27a.xml
2025-09-20 19:49:19,982 - database_manager - INFO - Parse debates XML-Datei: debates2016-01-27a.xml
2025-09-20 19:49:19,983 - database_manager - INFO - Debates XML erfolgreich geparst: 2 Debatten, 0 Reden, 0 Wörter
2025-09-20 19:49:19,983 - database_manager - INFO - Verarbeite Datei 2104/2945: debates2020-05-20a.xml
2025-09-20 19:49:19,983 - database_manager - INFO - Parse debates XML-Datei: debates2020-05-20a.xml
2025-09-20 19:49:20,536 - database_manager - INFO - Debates XML erfolgreich geparst: 14 Debatten, 0 Reden, 0 Wörter
2025-09-20 19:49:20,536 - database_manager - INFO - Verarbeite Datei 2105/2945: debates2020-01-14c.xml
2025-09-20 19:49:20,536 - database_manager - INFO - Parse debates XML-Datei: debates2020-01-14c.xml
2025-09-20 19:49:20,550 - database_manager - INFO - Debates XML erfolgreich geparst: 13 Debatten, 0 Reden, 0 Wörter
2025-09-20 19:49:20,551 - database_manager - INFO - Verarbeite Datei 2106/2945: debates2019-07-24a.xml
2025-09-20 19:49:20,551 - database_manager - INFO - Parse debates XML-Datei: debates2019-07-24a.xml
2025-09-20 19:49:20,552 - database_manager - INFO - Debates XML erfolgreich geparst: 0 Debatten, 0 Reden, 0 Wörter
2025-09-20 19:49:20,552 - database_manager - INFO - Verarbeite Datei 2107/2945: debates2017-03-29c.xml
2025-09-20 19:49:20,552 - database_manager - INFO - Parse debates XML-Datei: debates2017-03-29c.xml
2025-09-20 19:49:20,568 - database_manager - INFO - Debates XML erfolgreich geparst: 18 Debatten, 0 Reden, 0 Wörter
2025-09-20 19:49:20,568 - database_manager - INFO - Verarbeite Datei 2108/2945: debates2015-12-14a.xml
2025-09-20 19:49:20,568 - database_manager - INFO - Parse debates XML-Datei: debates2015-12-14a.xml
2025-09-20 19:49:20,582 - database_manager - INFO - Debates XML erfolgreich geparst: 26 Debatten, 0 Reden, 0 Wörter
2025-09-20 19:49:20,583 - database_manager - INFO - Verarbeite Datei 2109/2945: debates2015-10-29a.xml
2025-09-20 19:49:20,583 - database_manager - INFO - Parse debates XML-Datei: debates2015-10-29a.xml
2025-09-20 19:49:20,598 - database_manager - INFO - Debates XML erfolgreich geparst: 18 Debatten, 0 Reden, 0 Wörter
2025-09-20 19:49:20,598 - database_manager - INFO - Verarbeite Datei 2110/2945: debates2021-01-27a.xml
2025-09-20 19:49:20,598 - database_manager - INFO - Parse debates XML-Datei: debates2021-01-27a.xml
2025-09-20 19:49:20,615 - database_manager - INFO - Debates XML erfolgreich geparst: 16 Debatten, 0 Reden, 0 Wörter
2025-09-20 19:49:20,616 - database_manager - INFO - Verarbeite Datei 2111/2945: debates2018-02-02b.xml
2025-09-20 19:49:20,616 - database_manager - INFO - Parse debates XML-Datei: debates2018-02-02b.xml
2025-09-20 19:49:20,618 - database_manager - INFO - Debates XML erfolgreich geparst: 0 Debatten, 0 Reden, 0 Wörter
2025-09-20 19:49:20,618 - database_manager - INFO - Verarbeite Datei 2112/2945: debates2015-01-08b.xml
2025-09-20 19:49:20,618 - database_manager - INFO - Parse debates XML-Datei: debates2015-01-08b.xml
2025-09-20 19:49:20,618 - database_manager - INFO - Debates XML erfolgreich geparst: 0 Debatten, 0 Reden, 0 Wörter
2025-09-20 19:49:20,618 - database_manager - INFO - Verarbeite Datei 2113/2945: debates2020-10-19a.xml
2025-09-20 19:49:20,618 - database_manager - INFO - Parse debates XML-Datei: debates2020-10-19a.xml
2025-09-20 19:49:20,620 - database_manager - INFO - Debates XML erfolgreich geparst: 0 Debatten, 0 Reden, 0 Wörter
2025-09-20 19:49:20,620 - database_manager - INFO - Verarbeite Datei 2114/2945: debates2013-06-18a.xml
2025-09-20 19:49:20,620 - database_manager - INFO - Parse debates XML-Datei: debates2013-06-18a.xml
2025-09-20 19:49:20,621 - database_manager - INFO - Debates XML erfolgreich geparst: 0 Debatten, 0 Reden, 0 Wörter
2025-09-20 19:49:20,621 - database_manager - INFO - Verarbeite Datei 2115/2945: debates2013-04-25a.xml
2025-09-20 19:49:20,621 - database_manager - INFO - Parse debates XML-Datei: debates2013-04-25a.xml
2025-09-20 19:49:20,621 - database_manager - INFO - Debates XML erfolgreich geparst: 0 Debatten, 0 Reden, 0 Wörter
2025-09-20 19:49:20,622 - database_manager - INFO - Verarbeite Datei 2116/2945: debates2014-11-17a.xml
2025-09-20 19:49:20,622 - database_manager - INFO - Parse debates XML-Datei: debates2014-11-17a.xml
2025-09-20 19:49:20,635 - database_manager - INFO - Debates XML erfolgreich geparst: 23 Debatten, 0 Reden, 0 Wörter
2025-09-20 19:49:20,635 - database_manager - INFO - Verarbeite Datei 2117/2945: debates2019-10-21e.xml
2025-09-20 19:49:20,635 - database_manager - INFO - Parse debates XML-Datei: debates2019-10-21e.xml
2025-09-20 19:49:20,648 - database_manager - INFO - Debates XML erfolgreich geparst: 13 Debatten, 0 Reden, 0 Wörter
2025-09-20 19:49:20,648 - database_manager - INFO - Verarbeite Datei 2118/2945: debates2020-03-05b.xml
2025-09-20 19:49:20,648 - database_manager - INFO - Parse debates XML-Datei: debates2020-03-05b.xml
2025-09-20 19:49:20,650 - database_manager - INFO - Debates XML erfolgreich geparst: 0 Debatten, 0 Reden, 0 Wörter
2025-09-20 19:49:20,650 - database_manager - INFO - Verarbeite Datei 2119/2945: debates2020-02-24a.xml
2025-09-20 19:49:20,650 - database_manager - INFO - Parse debates XML-Datei: debates2020-02-24a.xml
2025-09-20 19:49:20,651 - database_manager - INFO - Debates XML erfolgreich geparst: 0 Debatten, 0 Reden, 0 Wörter
2025-09-20 19:49:20,651 - database_manager - INFO - Verarbeite Datei 2120/2945: debates2020-06-10c.xml
2025-09-20 19:49:20,651 - database_manager - INFO - Parse debates XML-Datei: debates2020-06-10c.xml
2025-09-20 19:49:20,662 - database_manager - INFO - Debates XML erfolgreich geparst: 12 Debatten, 0 Reden, 0 Wörter
2025-09-20 19:49:20,662 - database_manager - INFO - Verarbeite Datei 2121/2945: debates2014-01-17a.xml
2025-09-20 19:49:20,662 - database_manager - INFO - Parse debates XML-Datei: debates2014-01-17a.xml
2025-09-20 19:49:20,670 - database_manager - INFO - Debates XML erfolgreich geparst: 6 Debatten, 0 Reden, 0 Wörter
2025-09-20 19:49:20,671 - database_manager - INFO - Verarbeite Datei 2122/2945: debates2017-02-24a.xml
2025-09-20 19:49:20,671 - database_manager - INFO - Parse debates XML-Datei: debates2017-02-24a.xml
2025-09-20 19:49:20,679 - database_manager - INFO - Debates XML erfolgreich geparst: 7 Debatten, 0 Reden, 0 Wörter
2025-09-20 19:49:20,679 - database_manager - INFO - Verarbeite Datei 2123/2945: debates2021-06-23a.xml
2025-09-20 19:49:20,679 - database_manager - INFO - Parse debates XML-Datei: debates2021-06-23a.xml
2025-09-20 19:49:20,681 - database_manager - INFO - Debates XML erfolgreich geparst: 0 Debatten, 0 Reden, 0 Wörter
2025-09-20 19:49:20,681 - database_manager - INFO - Verarbeite Datei 2124/2945: debates2012-10-22a.xml
2025-09-20 19:49:20,681 - database_manager - INFO - Parse debates XML-Datei: debates2012-10-22a.xml
2025-09-20 19:49:20,695 - database_manager - INFO - Debates XML erfolgreich geparst: 16 Debatten, 0 Reden, 0 Wörter
2025-09-20 19:49:20,696 - database_manager - INFO - Verarbeite Datei 2125/2945: debates2017-10-19a.xml
2025-09-20 19:49:20,696 - database_manager - INFO - Parse debates XML-Datei: debates2017-10-19a.xml
2025-09-20 19:49:20,697 - database_manager - INFO - Debates XML erfolgreich geparst: 0 Debatten, 0 Reden, 0 Wörter
2025-09-20 19:49:20,697 - database_manager - INFO - Verarbeite Datei 2126/2945: debates2018-04-27a.xml
2025-09-20 19:49:20,697 - database_manager - INFO - Parse debates XML-Datei: debates2018-04-27a.xml
2025-09-20 19:49:20,697 - database_manager - INFO - Debates XML erfolgreich geparst: 0 Debatten, 0 Reden, 0 Wörter
2025-09-20 19:49:20,697 - database_manager - INFO - Verarbeite Datei 2127/2945: debates2013-05-08a.xml
2025-09-20 19:49:20,697 - database_manager - INFO - Parse debates XML-Datei: debates2013-05-08a.xml
2025-09-20 19:49:20,698 - database_manager - INFO - Debates XML erfolgreich geparst: 0 Debatten, 0 Reden, 0 Wörter
2025-09-20 19:49:20,698 - database_manager - INFO - Verarbeite Datei 2128/2945: debates2020-10-15b.xml
2025-09-20 19:49:20,698 - database_manager - INFO - Parse debates XML-Datei: debates2020-10-15b.xml
2025-09-20 19:49:20,713 - database_manager - INFO - Debates XML erfolgreich geparst: 32 Debatten, 0 Reden, 0 Wörter
2025-09-20 19:49:20,714 - database_manager - INFO - Verarbeite Datei 2129/2945: debates2020-09-23c.xml
2025-09-20 19:49:20,714 - database_manager - INFO - Parse debates XML-Datei: debates2020-09-23c.xml
2025-09-20 19:49:20,732 - database_manager - INFO - Debates XML erfolgreich geparst: 20 Debatten, 0 Reden, 0 Wörter
2025-09-20 19:49:20,733 - database_manager - INFO - Verarbeite Datei 2130/2945: debates2016-04-12b.xml
2025-09-20 19:49:20,733 - database_manager - INFO - Parse debates XML-Datei: debates2016-04-12b.xml
2025-09-20 19:49:20,750 - database_manager - INFO - Debates XML erfolgreich geparst: 15 Debatten, 0 Reden, 0 Wörter
2025-09-20 19:49:20,750 - database_manager - INFO - Verarbeite Datei 2131/2945: debates2020-03-09a.xml
2025-09-20 19:49:20,750 - database_manager - INFO - Parse debates XML-Datei: debates2020-03-09a.xml
2025-09-20 19:49:20,751 - database_manager - INFO - Debates XML erfolgreich geparst: 0 Debatten, 0 Reden, 0 Wörter
2025-09-20 19:49:20,751 - database_manager - INFO - Verarbeite Datei 2132/2945: debates2019-02-11b.xml
2025-09-20 19:49:20,751 - database_manager - INFO - Parse debates XML-Datei: debates2019-02-11b.xml
2025-09-20 19:49:20,763 - database_manager - INFO - Debates XML erfolgreich geparst: 20 Debatten, 0 Reden, 0 Wörter
2025-09-20 19:49:20,764 - database_manager - INFO - Verarbeite Datei 2133/2945: debates2021-09-10a.xml
2025-09-20 19:49:20,764 - database_manager - INFO - Parse debates XML-Datei: debates2021-09-10a.xml
2025-09-20 19:49:20,765 - database_manager - INFO - Debates XML erfolgreich geparst: 0 Debatten, 0 Reden, 0 Wörter
2025-09-20 19:49:20,765 - database_manager - INFO - Verarbeite Datei 2134/2945: debates2017-03-09a.xml
2025-09-20 19:49:20,765 - database_manager - INFO - Parse debates XML-Datei: debates2017-03-09a.xml
2025-09-20 19:49:20,766 - database_manager - INFO - Debates XML erfolgreich geparst: 0 Debatten, 0 Reden, 0 Wörter
2025-09-20 19:49:20,766 - database_manager - INFO - Verarbeite Datei 2135/2945: debates2021-04-12b.xml
2025-09-20 19:49:20,766 - database_manager - INFO - Parse debates XML-Datei: debates2021-04-12b.xml
2025-09-20 19:49:20,768 - database_manager - INFO - Debates XML erfolgreich geparst: 0 Debatten, 0 Reden, 0 Wörter
2025-09-20 19:49:20,768 - database_manager - INFO - Verarbeite Datei 2136/2945: debates2018-02-22a.xml
2025-09-20 19:49:20,768 - database_manager - INFO - Parse debates XML-Datei: debates2018-02-22a.xml
2025-09-20 19:49:20,782 - database_manager - INFO - Debates XML erfolgreich geparst: 21 Debatten, 0 Reden, 0 Wörter
2025-09-20 19:49:20,783 - database_manager - INFO - Verarbeite Datei 2137/2945: debates2015-01-28a.xml
2025-09-20 19:49:20,783 - database_manager - INFO - Parse debates XML-Datei: debates2015-01-28a.xml
2025-09-20 19:49:20,784 - database_manager - INFO - Debates XML erfolgreich geparst: 0 Debatten, 0 Reden, 0 Wörter
2025-09-20 19:49:20,784 - database_manager - INFO - Verarbeite Datei 2138/2945: debates2021-10-26a.xml
2025-09-20 19:49:20,784 - database_manager - INFO - Parse debates XML-Datei: debates2021-10-26a.xml
2025-09-20 19:49:20,785 - database_manager - INFO - Debates XML erfolgreich geparst: 0 Debatten, 0 Reden, 0 Wörter
2025-09-20 19:49:20,785 - database_manager - INFO - Verarbeite Datei 2139/2945: debates2012-06-27a.xml
2025-09-20 19:49:20,785 - database_manager - INFO - Parse debates XML-Datei: debates2012-06-27a.xml
2025-09-20 19:49:20,802 - database_manager - INFO - Debates XML erfolgreich geparst: 37 Debatten, 0 Reden, 0 Wörter
2025-09-20 19:49:20,802 - database_manager - INFO - Verarbeite Datei 2140/2945: debates2016-10-26a.xml
2025-09-20 19:49:20,802 - database_manager - INFO - Parse debates XML-Datei: debates2016-10-26a.xml
2025-09-20 19:49:20,817 - database_manager - INFO - Debates XML erfolgreich geparst: 11 Debatten, 0 Reden, 0 Wörter
2025-09-20 19:49:20,818 - database_manager - INFO - Verarbeite Datei 2141/2945: debates2019-07-04b.xml
2025-09-20 19:49:20,818 - database_manager - INFO - Parse debates XML-Datei: debates2019-07-04b.xml
2025-09-20 19:49:20,831 - database_manager - INFO - Debates XML erfolgreich geparst: 20 Debatten, 0 Reden, 0 Wörter
2025-09-20 19:49:20,832 - database_manager - INFO - Verarbeite Datei 2142/2945: debates2019-06-25a.xml
2025-09-20 19:49:20,832 - database_manager - INFO - Parse debates XML-Datei: debates2019-06-25a.xml
2025-09-20 19:49:20,841 - database_manager - INFO - Debates XML erfolgreich geparst: 17 Debatten, 0 Reden, 0 Wörter
2025-09-20 19:49:20,841 - database_manager - INFO - Verarbeite Datei 2143/2945: debates2020-04-21a.xml
2025-09-20 19:49:20,841 - database_manager - INFO - Parse debates XML-Datei: debates2020-04-21a.xml
2025-09-20 19:49:20,845 - database_manager - INFO - Debates XML erfolgreich geparst: 1 Debatten, 0 Reden, 0 Wörter
2025-09-20 19:49:20,845 - database_manager - INFO - Verarbeite Datei 2144/2945: debates2016-01-07b.xml
2025-09-20 19:49:20,845 - database_manager - INFO - Parse debates XML-Datei: debates2016-01-07b.xml
2025-09-20 19:49:20,860 - database_manager - INFO - Debates XML erfolgreich geparst: 16 Debatten, 0 Reden, 0 Wörter
2025-09-20 19:49:20,861 - database_manager - INFO - Verarbeite Datei 2145/2945: debates2020-09-23b.xml
2025-09-20 19:49:20,861 - database_manager - INFO - Parse debates XML-Datei: debates2020-09-23b.xml
2025-09-20 19:49:20,862 - database_manager - INFO - Debates XML erfolgreich geparst: 0 Debatten, 0 Reden, 0 Wörter
2025-09-20 19:49:20,862 - database_manager - INFO - Verarbeite Datei 2146/2945: debates2012-09-14a.xml
2025-09-20 19:49:20,862 - database_manager - INFO - Parse debates XML-Datei: debates2012-09-14a.xml
2025-09-20 19:49:20,871 - database_manager - INFO - Debates XML erfolgreich geparst: 5 Debatten, 0 Reden, 0 Wörter
2025-09-20 19:49:20,871 - database_manager - INFO - Verarbeite Datei 2147/2945: debates2015-11-24b.xml
2025-09-20 19:49:20,871 - database_manager - INFO - Parse debates XML-Datei: debates2015-11-24b.xml
2025-09-20 19:49:20,890 - database_manager - INFO - Debates XML erfolgreich geparst: 21 Debatten, 0 Reden, 0 Wörter
2025-09-20 19:49:20,891 - database_manager - INFO - Verarbeite Datei 2148/2945: debates2012-04-16b.xml
2025-09-20 19:49:20,891 - database_manager - INFO - Parse debates XML-Datei: debates2012-04-16b.xml
2025-09-20 19:49:20,908 - database_manager - INFO - Debates XML erfolgreich geparst: 23 Debatten, 0 Reden, 0 Wörter
2025-09-20 19:49:20,909 - database_manager - INFO - Verarbeite Datei 2149/2945: debates2019-07-08a.xml
2025-09-20 19:49:20,909 - database_manager - INFO - Parse debates XML-Datei: debates2019-07-08a.xml
2025-09-20 19:49:20,924 - database_manager - INFO - Debates XML erfolgreich geparst: 16 Debatten, 0 Reden, 0 Wörter
2025-09-20 19:49:20,924 - database_manager - INFO - Verarbeite Datei 2150/2945: debates2020-03-05c.xml
2025-09-20 19:49:20,924 - database_manager - INFO - Parse debates XML-Datei: debates2020-03-05c.xml
2025-09-20 19:49:20,936 - database_manager - INFO - Debates XML erfolgreich geparst: 16 Debatten, 0 Reden, 0 Wörter
2025-09-20 19:49:20,937 - database_manager - INFO - Verarbeite Datei 2151/2945: debates2019-10-21d.xml
2025-09-20 19:49:20,937 - database_manager - INFO - Parse debates XML-Datei: debates2019-10-21d.xml
2025-09-20 19:49:20,939 - database_manager - INFO - Debates XML erfolgreich geparst: 0 Debatten, 0 Reden, 0 Wörter
2025-09-20 19:49:20,939 - database_manager - INFO - Verarbeite Datei 2152/2945: debates2014-04-02a.xml
2025-09-20 19:49:20,939 - database_manager - INFO - Parse debates XML-Datei: debates2014-04-02a.xml
2025-09-20 19:49:20,939 - database_manager - INFO - Debates XML erfolgreich geparst: 0 Debatten, 0 Reden, 0 Wörter
2025-09-20 19:49:20,940 - database_manager - INFO - Verarbeite Datei 2153/2945: debates2020-06-10b.xml
2025-09-20 19:49:20,940 - database_manager - INFO - Parse debates XML-Datei: debates2020-06-10b.xml
2025-09-20 19:49:20,940 - database_manager - INFO - Debates XML erfolgreich geparst: 0 Debatten, 0 Reden, 0 Wörter
2025-09-20 19:49:20,941 - database_manager - INFO - Verarbeite Datei 2154/2945: debates2013-01-30a.xml
2025-09-20 19:49:20,941 - database_manager - INFO - Parse debates XML-Datei: debates2013-01-30a.xml
2025-09-20 19:49:20,956 - database_manager - INFO - Debates XML erfolgreich geparst: 14 Debatten, 0 Reden, 0 Wörter
2025-09-20 19:49:20,957 - database_manager - INFO - Verarbeite Datei 2155/2945: debates2020-02-25d.xml
2025-09-20 19:49:20,957 - database_manager - INFO - Parse debates XML-Datei: debates2020-02-25d.xml
2025-09-20 19:49:20,971 - database_manager - INFO - Debates XML erfolgreich geparst: 19 Debatten, 0 Reden, 0 Wörter
2025-09-20 19:49:20,972 - database_manager - INFO - Verarbeite Datei 2156/2945: debates2018-07-17b.xml
2025-09-20 19:49:20,972 - database_manager - INFO - Parse debates XML-Datei: debates2018-07-17b.xml
2025-09-20 19:49:20,992 - database_manager - INFO - Debates XML erfolgreich geparst: 50 Debatten, 0 Reden, 0 Wörter
2025-09-20 19:49:20,993 - database_manager - INFO - Verarbeite Datei 2157/2945: debates2017-11-14b.xml
2025-09-20 19:49:20,993 - database_manager - INFO - Parse debates XML-Datei: debates2017-11-14b.xml
2025-09-20 19:49:21,015 - database_manager - INFO - Debates XML erfolgreich geparst: 24 Debatten, 0 Reden, 0 Wörter
2025-09-20 19:49:21,016 - database_manager - INFO - Verarbeite Datei 2158/2945: debates2015-07-01a.xml
2025-09-20 19:49:21,016 - database_manager - INFO - Parse debates XML-Datei: debates2015-07-01a.xml
2025-09-20 19:49:21,017 - database_manager - INFO - Debates XML erfolgreich geparst: 0 Debatten, 0 Reden, 0 Wörter
2025-09-20 19:49:21,017 - database_manager - INFO - Verarbeite Datei 2159/2945: debates2015-01-08c.xml
2025-09-20 19:49:21,017 - database_manager - INFO - Parse debates XML-Datei: debates2015-01-08c.xml
2025-09-20 19:49:21,030 - database_manager - INFO - Debates XML erfolgreich geparst: 20 Debatten, 0 Reden, 0 Wörter
2025-09-20 19:49:21,031 - database_manager - INFO - Verarbeite Datei 2160/2945: debates2021-05-13b.xml
2025-09-20 19:49:21,031 - database_manager - INFO - Parse debates XML-Datei: debates2021-05-13b.xml
2025-09-20 19:49:21,043 - database_manager - INFO - Debates XML erfolgreich geparst: 3 Debatten, 0 Reden, 0 Wörter
2025-09-20 19:49:21,044 - database_manager - INFO - Verarbeite Datei 2161/2945: debates2017-03-29b.xml
2025-09-20 19:49:21,044 - database_manager - INFO - Parse debates XML-Datei: debates2017-03-29b.xml
2025-09-20 19:49:21,045 - database_manager - INFO - Debates XML erfolgreich geparst: 0 Debatten, 0 Reden, 0 Wörter
2025-09-20 19:49:21,045 - database_manager - INFO - Verarbeite Datei 2162/2945: debates2017-02-08a.xml
2025-09-20 19:49:21,045 - database_manager - INFO - Parse debates XML-Datei: debates2017-02-08a.xml
2025-09-20 19:49:21,046 - database_manager - INFO - Debates XML erfolgreich geparst: 0 Debatten, 0 Reden, 0 Wörter
2025-09-20 19:49:21,046 - database_manager - INFO - Verarbeite Datei 2163/2945: debates2014-03-06a.xml
2025-09-20 19:49:21,046 - database_manager - INFO - Parse debates XML-Datei: debates2014-03-06a.xml
2025-09-20 19:49:21,047 - database_manager - INFO - Debates XML erfolgreich geparst: 0 Debatten, 0 Reden, 0 Wörter
2025-09-20 19:49:21,047 - database_manager - INFO - Verarbeite Datei 2164/2945: debates2014-02-27b.xml
2025-09-20 19:49:21,047 - database_manager - INFO - Parse debates XML-Datei: debates2014-02-27b.xml
2025-09-20 19:49:21,062 - database_manager - INFO - Debates XML erfolgreich geparst: 19 Debatten, 0 Reden, 0 Wörter
2025-09-20 19:49:21,062 - database_manager - INFO - Verarbeite Datei 2165/2945: debates2020-01-14b.xml
2025-09-20 19:49:21,062 - database_manager - INFO - Parse debates XML-Datei: debates2020-01-14b.xml
2025-09-20 19:49:21,064 - database_manager - INFO - Debates XML erfolgreich geparst: 0 Debatten, 0 Reden, 0 Wörter
2025-09-20 19:49:21,064 - database_manager - INFO - Verarbeite Datei 2166/2945: debates2020-12-08a.xml
2025-09-20 19:49:21,064 - database_manager - INFO - Parse debates XML-Datei: debates2020-12-08a.xml
2025-09-20 19:49:21,065 - database_manager - INFO - Debates XML erfolgreich geparst: 0 Debatten, 0 Reden, 0 Wörter
2025-09-20 19:49:21,065 - database_manager - INFO - Verarbeite Datei 2167/2945: debates2017-12-04b.xml
2025-09-20 19:49:21,065 - database_manager - INFO - Parse debates XML-Datei: debates2017-12-04b.xml
2025-09-20 19:49:21,087 - database_manager - INFO - Debates XML erfolgreich geparst: 30 Debatten, 0 Reden, 0 Wörter
2025-09-20 19:49:21,088 - database_manager - INFO - Verarbeite Datei 2168/2945: debates2021-07-22a.xml
2025-09-20 19:49:21,088 - database_manager - INFO - Parse debates XML-Datei: debates2021-07-22a.xml
2025-09-20 19:49:21,089 - database_manager - INFO - Debates XML erfolgreich geparst: 0 Debatten, 0 Reden, 0 Wörter
2025-09-20 19:49:21,089 - database_manager - INFO - Verarbeite Datei 2169/2945: debates2018-09-05a.xml
2025-09-20 19:49:21,089 - database_manager - INFO - Parse debates XML-Datei: debates2018-09-05a.xml
2025-09-20 19:49:21,089 - database_manager - INFO - Debates XML erfolgreich geparst: 0 Debatten, 0 Reden, 0 Wörter
2025-09-20 19:49:21,089 - database_manager - INFO - Verarbeite Datei 2170/2945: debates2017-01-18a.xml
2025-09-20 19:49:21,089 - database_manager - INFO - Parse debates XML-Datei: debates2017-01-18a.xml
2025-09-20 19:49:21,102 - database_manager - INFO - Debates XML erfolgreich geparst: 13 Debatten, 0 Reden, 0 Wörter
2025-09-20 19:49:21,103 - database_manager - INFO - Verarbeite Datei 2171/2945: debates2017-07-11c.xml
2025-09-20 19:49:21,103 - database_manager - INFO - Parse debates XML-Datei: debates2017-07-11c.xml
2025-09-20 19:49:21,105 - database_manager - INFO - Debates XML erfolgreich geparst: 0 Debatten, 0 Reden, 0 Wörter
2025-09-20 19:49:21,105 - database_manager - INFO - Verarbeite Datei 2172/2945: debates2012-01-23a.xml
2025-09-20 19:49:21,105 - database_manager - INFO - Parse debates XML-Datei: debates2012-01-23a.xml
2025-09-20 19:49:21,107 - database_manager - INFO - Debates XML erfolgreich geparst: 0 Debatten, 0 Reden, 0 Wörter
2025-09-20 19:49:21,107 - database_manager - INFO - Verarbeite Datei 2173/2945: debates2018-11-12c.xml
2025-09-20 19:49:21,107 - database_manager - INFO - Parse debates XML-Datei: debates2018-11-12c.xml
2025-09-20 19:49:21,108 - database_manager - INFO - Debates XML erfolgreich geparst: 0 Debatten, 0 Reden, 0 Wörter
2025-09-20 19:49:21,108 - database_manager - INFO - Verarbeite Datei 2174/2945: debates2019-01-21a.xml
2025-09-20 19:49:21,108 - database_manager - INFO - Parse debates XML-Datei: debates2019-01-21a.xml
2025-09-20 19:49:21,121 - database_manager - INFO - Debates XML erfolgreich geparst: 31 Debatten, 0 Reden, 0 Wörter
2025-09-20 19:49:21,121 - database_manager - INFO - Verarbeite Datei 2175/2945: debates2020-03-25a.xml
2025-09-20 19:49:21,122 - database_manager - INFO - Parse debates XML-Datei: debates2020-03-25a.xml
2025-09-20 19:49:21,122 - database_manager - INFO - Debates XML erfolgreich geparst: 0 Debatten, 0 Reden, 0 Wörter
2025-09-20 19:49:21,122 - database_manager - INFO - Verarbeite Datei 2176/2945: debates2020-02-04b.xml
2025-09-20 19:49:21,122 - database_manager - INFO - Parse debates XML-Datei: debates2020-02-04b.xml
2025-09-20 19:49:21,124 - database_manager - INFO - Debates XML erfolgreich geparst: 0 Debatten, 0 Reden, 0 Wörter
2025-09-20 19:49:21,125 - database_manager - INFO - Verarbeite Datei 2177/2945: debates2019-05-15c.xml
2025-09-20 19:49:21,125 - database_manager - INFO - Parse debates XML-Datei: debates2019-05-15c.xml
2025-09-20 19:49:21,138 - database_manager - INFO - Debates XML erfolgreich geparst: 17 Debatten, 0 Reden, 0 Wörter
2025-09-20 19:49:21,139 - database_manager - INFO - Verarbeite Datei 2178/2945: debates2014-10-16a.xml
2025-09-20 19:49:21,139 - database_manager - INFO - Parse debates XML-Datei: debates2014-10-16a.xml
2025-09-20 19:49:21,155 - database_manager - INFO - Debates XML erfolgreich geparst: 21 Debatten, 0 Reden, 0 Wörter
2025-09-20 19:49:21,155 - database_manager - INFO - Verarbeite Datei 2179/2945: debates2020-11-18a.xml
2025-09-20 19:49:21,155 - database_manager - INFO - Parse debates XML-Datei: debates2020-11-18a.xml
2025-09-20 19:49:21,156 - database_manager - INFO - Debates XML erfolgreich geparst: 0 Debatten, 0 Reden, 0 Wörter
2025-09-20 19:49:21,156 - database_manager - INFO - Verarbeite Datei 2180/2945: debates2015-02-03d.xml
2025-09-20 19:49:21,156 - database_manager - INFO - Parse debates XML-Datei: debates2015-02-03d.xml
2025-09-20 19:49:21,157 - database_manager - INFO - Debates XML erfolgreich geparst: 0 Debatten, 0 Reden, 0 Wörter
2025-09-20 19:49:21,158 - database_manager - INFO - Verarbeite Datei 2181/2945: debates2015-09-09a.xml
2025-09-20 19:49:21,158 - database_manager - INFO - Parse debates XML-Datei: debates2015-09-09a.xml
2025-09-20 19:49:21,173 - database_manager - INFO - Debates XML erfolgreich geparst: 6 Debatten, 0 Reden, 0 Wörter
2025-09-20 19:49:21,173 - database_manager - INFO - Verarbeite Datei 2182/2945: debates2012-10-18a.xml
2025-09-20 19:49:21,173 - database_manager - INFO - Parse debates XML-Datei: debates2012-10-18a.xml
2025-09-20 19:49:21,179 - database_manager - INFO - Debates XML erfolgreich geparst: 0 Debatten, 0 Reden, 0 Wörter
2025-09-20 19:49:21,179 - database_manager - INFO - Verarbeite Datei 2183/2945: debates2017-11-02b.xml
2025-09-20 19:49:21,179 - database_manager - INFO - Parse debates XML-Datei: debates2017-11-02b.xml
2025-09-20 19:49:21,183 - database_manager - INFO - Debates XML erfolgreich geparst: 0 Debatten, 0 Reden, 0 Wörter
2025-09-20 19:49:21,183 - database_manager - INFO - Verarbeite Datei 2184/2945: debates2017-10-23a.xml
2025-09-20 19:49:21,183 - database_manager - INFO - Parse debates XML-Datei: debates2017-10-23a.xml
2025-09-20 19:49:21,199 - database_manager - INFO - Debates XML erfolgreich geparst: 23 Debatten, 0 Reden, 0 Wörter
2025-09-20 19:49:21,200 - database_manager - INFO - Verarbeite Datei 2185/2945: debates2018-06-20a.xml
2025-09-20 19:49:21,200 - database_manager - INFO - Parse debates XML-Datei: debates2018-06-20a.xml
2025-09-20 19:49:21,218 - database_manager - INFO - Debates XML erfolgreich geparst: 17 Debatten, 0 Reden, 0 Wörter
2025-09-20 19:49:21,218 - database_manager - INFO - Verarbeite Datei 2186/2945: debates2020-11-02b.xml
2025-09-20 19:49:21,218 - database_manager - INFO - Parse debates XML-Datei: debates2020-11-02b.xml
2025-09-20 19:49:21,219 - database_manager - INFO - Debates XML erfolgreich geparst: 0 Debatten, 0 Reden, 0 Wörter
2025-09-20 19:49:21,219 - database_manager - INFO - Verarbeite Datei 2187/2945: debates2020-10-23a.xml
2025-09-20 19:49:21,219 - database_manager - INFO - Parse debates XML-Datei: debates2020-10-23a.xml
2025-09-20 19:49:21,220 - database_manager - INFO - Debates XML erfolgreich geparst: 0 Debatten, 0 Reden, 0 Wörter
2025-09-20 19:49:21,220 - database_manager - INFO - Verarbeite Datei 2188/2945: debates2016-05-05b.xml
2025-09-20 19:49:21,220 - database_manager - INFO - Parse debates XML-Datei: debates2016-05-05b.xml
2025-09-20 19:49:21,227 - database_manager - INFO - Debates XML erfolgreich geparst: 23 Debatten, 0 Reden, 0 Wörter
2025-09-20 19:49:21,227 - database_manager - INFO - Verarbeite Datei 2189/2945: debates2016-10-10c.xml
2025-09-20 19:49:21,227 - database_manager - INFO - Parse debates XML-Datei: debates2016-10-10c.xml
2025-09-20 19:49:21,242 - database_manager - INFO - Debates XML erfolgreich geparst: 20 Debatten, 0 Reden, 0 Wörter
2025-09-20 19:49:21,242 - database_manager - INFO - Verarbeite Datei 2190/2945: debates2019-02-27a.xml
2025-09-20 19:49:21,242 - database_manager - INFO - Parse debates XML-Datei: debates2019-02-27a.xml
2025-09-20 19:49:21,261 - database_manager - INFO - Debates XML erfolgreich geparst: 17 Debatten, 0 Reden, 0 Wörter
2025-09-20 19:49:21,261 - database_manager - INFO - Verarbeite Datei 2191/2945: debates2019-03-06b.xml
2025-09-20 19:49:21,261 - database_manager - INFO - Parse debates XML-Datei: debates2019-03-06b.xml
2025-09-20 19:49:21,262 - database_manager - INFO - Debates XML erfolgreich geparst: 0 Debatten, 0 Reden, 0 Wörter
2025-09-20 19:49:21,262 - database_manager - INFO - Verarbeite Datei 2192/2945: debates2014-03-10a.xml
2025-09-20 19:49:21,262 - database_manager - INFO - Parse debates XML-Datei: debates2014-03-10a.xml
2025-09-20 19:49:21,279 - database_manager - INFO - Debates XML erfolgreich geparst: 39 Debatten, 0 Reden, 0 Wörter
2025-09-20 19:49:21,280 - database_manager - INFO - Verarbeite Datei 2193/2945: debates2012-02-29b.xml
2025-09-20 19:49:21,280 - database_manager - INFO - Parse debates XML-Datei: debates2012-02-29b.xml
2025-09-20 19:49:21,295 - database_manager - INFO - Debates XML erfolgreich geparst: 19 Debatten, 0 Reden, 0 Wörter
2025-09-20 19:49:21,295 - database_manager - INFO - Verarbeite Datei 2194/2945: debates2012-03-08a.xml
2025-09-20 19:49:21,295 - database_manager - INFO - Parse debates XML-Datei: debates2012-03-08a.xml
2025-09-20 19:49:21,311 - database_manager - INFO - Debates XML erfolgreich geparst: 22 Debatten, 0 Reden, 0 Wörter
2025-09-20 19:49:21,311 - database_manager - INFO - Verarbeite Datei 2195/2945: debates2018-09-13a.xml
2025-09-20 19:49:21,311 - database_manager - INFO - Parse debates XML-Datei: debates2018-09-13a.xml
2025-09-20 19:49:21,312 - database_manager - INFO - Debates XML erfolgreich geparst: 0 Debatten, 0 Reden, 0 Wörter
2025-09-20 19:49:21,312 - database_manager - INFO - Verarbeite Datei 2196/2945: debates2021-04-28b.xml
2025-09-20 19:49:21,312 - database_manager - INFO - Parse debates XML-Datei: debates2021-04-28b.xml
2025-09-20 19:49:21,313 - database_manager - INFO - Debates XML erfolgreich geparst: 0 Debatten, 0 Reden, 0 Wörter
2025-09-20 19:49:21,313 - database_manager - INFO - Verarbeite Datei 2197/2945: debates2021-06-15b.xml
2025-09-20 19:49:21,313 - database_manager - INFO - Parse debates XML-Datei: debates2021-06-15b.xml
2025-09-20 19:49:21,313 - database_manager - INFO - Debates XML erfolgreich geparst: 0 Debatten, 0 Reden, 0 Wörter
2025-09-20 19:49:21,313 - database_manager - INFO - Verarbeite Datei 2198/2945: debates2018-12-19d.xml
2025-09-20 19:49:21,313 - database_manager - INFO - Parse debates XML-Datei: debates2018-12-19d.xml
2025-09-20 19:49:21,319 - database_manager - INFO - Debates XML erfolgreich geparst: 3 Debatten, 0 Reden, 0 Wörter
2025-09-20 19:49:21,320 - database_manager - INFO - Verarbeite Datei 2199/2945: debates2017-12-12b.xml
2025-09-20 19:49:21,320 - database_manager - INFO - Parse debates XML-Datei: debates2017-12-12b.xml
2025-09-20 19:49:21,342 - database_manager - INFO - Debates XML erfolgreich geparst: 21 Debatten, 0 Reden, 0 Wörter
2025-09-20 19:49:21,343 - database_manager - INFO - Verarbeite Datei 2200/2945: debates2019-10-16b.xml
2025-09-20 19:49:21,343 - database_manager - INFO - Parse debates XML-Datei: debates2019-10-16b.xml
2025-09-20 19:49:21,359 - database_manager - INFO - Debates XML erfolgreich geparst: 4 Debatten, 0 Reden, 0 Wörter
2025-09-20 19:49:21,359 - database_manager - INFO - Verarbeite Datei 2201/2945: debates2014-05-14d.xml
2025-09-20 19:49:21,359 - database_manager - INFO - Parse debates XML-Datei: debates2014-05-14d.xml
2025-09-20 19:49:21,374 - database_manager - INFO - Debates XML erfolgreich geparst: 38 Debatten, 0 Reden, 0 Wörter
2025-09-20 19:49:21,374 - database_manager - INFO - Verarbeite Datei 2202/2945: debates2016-05-09a.xml
2025-09-20 19:49:21,374 - database_manager - INFO - Parse debates XML-Datei: debates2016-05-09a.xml
2025-09-20 19:49:21,376 - database_manager - INFO - Debates XML erfolgreich geparst: 0 Debatten, 0 Reden, 0 Wörter
2025-09-20 19:49:21,376 - database_manager - INFO - Verarbeite Datei 2203/2945: debates2020-02-13f.xml
2025-09-20 19:49:21,377 - database_manager - INFO - Parse debates XML-Datei: debates2020-02-13f.xml
2025-09-20 19:49:21,388 - database_manager - INFO - Debates XML erfolgreich geparst: 19 Debatten, 0 Reden, 0 Wörter
2025-09-20 19:49:21,388 - database_manager - INFO - Verarbeite Datei 2204/2945: debates2016-06-15b.xml
2025-09-20 19:49:21,388 - database_manager - INFO - Parse debates XML-Datei: debates2016-06-15b.xml
2025-09-20 19:49:21,403 - database_manager - INFO - Debates XML erfolgreich geparst: 15 Debatten, 0 Reden, 0 Wörter
2025-09-20 19:49:21,404 - database_manager - INFO - Verarbeite Datei 2205/2945: debates2013-09-11a.xml
2025-09-20 19:49:21,404 - database_manager - INFO - Parse debates XML-Datei: debates2013-09-11a.xml
2025-09-20 19:49:21,423 - database_manager - INFO - Debates XML erfolgreich geparst: 25 Debatten, 0 Reden, 0 Wörter
2025-09-20 19:49:21,424 - database_manager - INFO - Verarbeite Datei 2206/2945: debates2020-02-12b.xml
2025-09-20 19:49:21,424 - database_manager - INFO - Parse debates XML-Datei: debates2020-02-12b.xml
2025-09-20 19:49:21,427 - database_manager - INFO - Debates XML erfolgreich geparst: 1 Debatten, 0 Reden, 0 Wörter
2025-09-20 19:49:21,427 - database_manager - INFO - Verarbeite Datei 2207/2945: debates2013-11-06c.xml
2025-09-20 19:49:21,427 - database_manager - INFO - Parse debates XML-Datei: debates2013-11-06c.xml
2025-09-20 19:49:21,445 - database_manager - INFO - Debates XML erfolgreich geparst: 14 Debatten, 0 Reden, 0 Wörter
2025-09-20 19:49:21,445 - database_manager - INFO - Verarbeite Datei 2208/2945: debates2020-07-07c.xml
2025-09-20 19:49:21,445 - database_manager - INFO - Parse debates XML-Datei: debates2020-07-07c.xml
2025-09-20 19:49:21,460 - database_manager - INFO - Debates XML erfolgreich geparst: 23 Debatten, 0 Reden, 0 Wörter
2025-09-20 19:49:21,460 - database_manager - INFO - Verarbeite Datei 2209/2945: debates2021-07-19d.xml
2025-09-20 19:49:21,460 - database_manager - INFO - Parse debates XML-Datei: debates2021-07-19d.xml
2025-09-20 19:49:21,475 - database_manager - INFO - Debates XML erfolgreich geparst: 19 Debatten, 0 Reden, 0 Wörter
2025-09-20 19:49:21,476 - database_manager - INFO - Verarbeite Datei 2210/2945: debates2018-10-09a.xml
2025-09-20 19:49:21,476 - database_manager - INFO - Parse debates XML-Datei: debates2018-10-09a.xml
2025-09-20 19:49:21,477 - database_manager - INFO - Debates XML erfolgreich geparst: 0 Debatten, 0 Reden, 0 Wörter
2025-09-20 19:49:21,477 - database_manager - INFO - Verarbeite Datei 2211/2945: debates2021-01-11b.xml
2025-09-20 19:49:21,477 - database_manager - INFO - Parse debates XML-Datei: debates2021-01-11b.xml
2025-09-20 19:49:21,477 - database_manager - INFO - Debates XML erfolgreich geparst: 0 Debatten, 0 Reden, 0 Wörter
2025-09-20 19:49:21,477 - database_manager - INFO - Verarbeite Datei 2212/2945: debates2015-03-03a.xml
2025-09-20 19:49:21,477 - database_manager - INFO - Parse debates XML-Datei: debates2015-03-03a.xml
2025-09-20 19:49:21,478 - database_manager - INFO - Debates XML erfolgreich geparst: 0 Debatten, 0 Reden, 0 Wörter
2025-09-20 19:49:21,478 - database_manager - INFO - Verarbeite Datei 2213/2945: debates2018-03-15b.xml
2025-09-20 19:49:21,478 - database_manager - INFO - Parse debates XML-Datei: debates2018-03-15b.xml
2025-09-20 19:49:21,493 - database_manager - INFO - Debates XML erfolgreich geparst: 17 Debatten, 0 Reden, 0 Wörter
2025-09-20 19:49:21,493 - database_manager - INFO - Verarbeite Datei 2214/2945: debates2017-01-23d.xml
2025-09-20 19:49:21,493 - database_manager - INFO - Parse debates XML-Datei: debates2017-01-23d.xml
2025-09-20 19:49:21,508 - database_manager - INFO - Debates XML erfolgreich geparst: 24 Debatten, 0 Reden, 0 Wörter
2025-09-20 19:49:21,508 - database_manager - INFO - Verarbeite Datei 2215/2945: debates2016-01-11b.xml
2025-09-20 19:49:21,508 - database_manager - INFO - Parse debates XML-Datei: debates2016-01-11b.xml
2025-09-20 19:49:21,509 - database_manager - INFO - Debates XML erfolgreich geparst: 4 Debatten, 0 Reden, 0 Wörter
2025-09-20 19:49:21,509 - database_manager - INFO - Verarbeite Datei 2216/2945: debates2020-11-23d.xml
2025-09-20 19:49:21,509 - database_manager - INFO - Parse debates XML-Datei: debates2020-11-23d.xml
2025-09-20 19:49:21,510 - database_manager - INFO - Debates XML erfolgreich geparst: 0 Debatten, 0 Reden, 0 Wörter
2025-09-20 19:49:21,510 - database_manager - INFO - Verarbeite Datei 2217/2945: debates2021-12-01b.xml
2025-09-20 19:49:21,510 - database_manager - INFO - Parse debates XML-Datei: debates2021-12-01b.xml
2025-09-20 19:49:21,510 - database_manager - INFO - Debates XML erfolgreich geparst: 0 Debatten, 0 Reden, 0 Wörter
2025-09-20 19:49:21,510 - database_manager - INFO - Verarbeite Datei 2218/2945: debates2012-05-21a.xml
2025-09-20 19:49:21,510 - database_manager - INFO - Parse debates XML-Datei: debates2012-05-21a.xml
2025-09-20 19:49:21,512 - database_manager - INFO - Debates XML erfolgreich geparst: 0 Debatten, 0 Reden, 0 Wörter
2025-09-20 19:49:21,512 - database_manager - INFO - Verarbeite Datei 2219/2945: debates2017-03-13c.xml
2025-09-20 19:49:21,512 - database_manager - INFO - Parse debates XML-Datei: debates2017-03-13c.xml
2025-09-20 19:49:21,513 - database_manager - INFO - Debates XML erfolgreich geparst: 0 Debatten, 0 Reden, 0 Wörter
2025-09-20 19:49:21,513 - database_manager - INFO - Verarbeite Datei 2220/2945: debates2015-10-13a.xml
2025-09-20 19:49:21,513 - database_manager - INFO - Parse debates XML-Datei: debates2015-10-13a.xml
2025-09-20 19:49:21,530 - database_manager - INFO - Debates XML erfolgreich geparst: 27 Debatten, 0 Reden, 0 Wörter
2025-09-20 19:49:21,531 - database_manager - INFO - Verarbeite Datei 2221/2945: debates2021-02-01b.xml
2025-09-20 19:49:21,531 - database_manager - INFO - Parse debates XML-Datei: debates2021-02-01b.xml
2025-09-20 19:49:21,545 - database_manager - INFO - Debates XML erfolgreich geparst: 17 Debatten, 0 Reden, 0 Wörter
2025-09-20 19:49:21,545 - database_manager - INFO - Verarbeite Datei 2222/2945: debates2021-07-14c.xml
2025-09-20 19:49:21,545 - database_manager - INFO - Parse debates XML-Datei: debates2021-07-14c.xml
2025-09-20 19:49:21,561 - database_manager - INFO - Debates XML erfolgreich geparst: 15 Debatten, 0 Reden, 0 Wörter
2025-09-20 19:49:21,562 - database_manager - INFO - Verarbeite Datei 2223/2945: debates2018-01-24a.xml
2025-09-20 19:49:21,562 - database_manager - INFO - Parse debates XML-Datei: debates2018-01-24a.xml
2025-09-20 19:49:21,577 - database_manager - INFO - Debates XML erfolgreich geparst: 13 Debatten, 0 Reden, 0 Wörter
2025-09-20 19:49:21,577 - database_manager - INFO - Verarbeite Datei 2224/2945: debates2018-03-19a.xml
2025-09-20 19:49:21,577 - database_manager - INFO - Parse debates XML-Datei: debates2018-03-19a.xml
2025-09-20 19:49:21,578 - database_manager - INFO - Debates XML erfolgreich geparst: 0 Debatten, 0 Reden, 0 Wörter
2025-09-20 19:49:21,578 - database_manager - INFO - Verarbeite Datei 2225/2945: debates2016-07-14c.xml
2025-09-20 19:49:21,578 - database_manager - INFO - Parse debates XML-Datei: debates2016-07-14c.xml
2025-09-20 19:49:21,591 - database_manager - INFO - Debates XML erfolgreich geparst: 18 Debatten, 0 Reden, 0 Wörter
2025-09-20 19:49:21,591 - database_manager - INFO - Verarbeite Datei 2226/2945: debates2016-02-01b.xml
2025-09-20 19:49:21,591 - database_manager - INFO - Parse debates XML-Datei: debates2016-02-01b.xml
2025-09-20 19:49:21,592 - database_manager - INFO - Debates XML erfolgreich geparst: 0 Debatten, 0 Reden, 0 Wörter
2025-09-20 19:49:21,592 - database_manager - INFO - Verarbeite Datei 2227/2945: debates2013-11-26a.xml
2025-09-20 19:49:21,592 - database_manager - INFO - Parse debates XML-Datei: debates2013-11-26a.xml
2025-09-20 19:49:21,592 - database_manager - INFO - Debates XML erfolgreich geparst: 0 Debatten, 0 Reden, 0 Wörter
2025-09-20 19:49:21,592 - database_manager - INFO - Verarbeite Datei 2228/2945: debates2016-12-01b.xml
2025-09-20 19:49:21,593 - database_manager - INFO - Parse debates XML-Datei: debates2016-12-01b.xml
2025-09-20 19:49:21,593 - database_manager - INFO - Debates XML erfolgreich geparst: 0 Debatten, 0 Reden, 0 Wörter
2025-09-20 19:49:21,593 - database_manager - INFO - Verarbeite Datei 2229/2945: debates2014-07-08b.xml
2025-09-20 19:49:21,593 - database_manager - INFO - Parse debates XML-Datei: debates2014-07-08b.xml
2025-09-20 19:49:21,594 - database_manager - INFO - Debates XML erfolgreich geparst: 0 Debatten, 0 Reden, 0 Wörter
2025-09-20 19:49:21,594 - database_manager - INFO - Verarbeite Datei 2230/2945: debates2019-04-02b.xml
2025-09-20 19:49:21,594 - database_manager - INFO - Parse debates XML-Datei: debates2019-04-02b.xml
2025-09-20 19:49:21,605 - database_manager - INFO - Debates XML erfolgreich geparst: 22 Debatten, 0 Reden, 0 Wörter
2025-09-20 19:49:21,605 - database_manager - INFO - Verarbeite Datei 2231/2945: debates2019-05-23a.xml
2025-09-20 19:49:21,605 - database_manager - INFO - Parse debates XML-Datei: debates2019-05-23a.xml
2025-09-20 19:49:21,617 - database_manager - INFO - Debates XML erfolgreich geparst: 21 Debatten, 0 Reden, 0 Wörter
2025-09-20 19:49:21,617 - database_manager - INFO - Verarbeite Datei 2232/2945: debates2018-11-23b.xml
2025-09-20 19:49:21,617 - database_manager - INFO - Parse debates XML-Datei: debates2018-11-23b.xml
2025-09-20 19:49:21,627 - database_manager - INFO - Debates XML erfolgreich geparst: 9 Debatten, 0 Reden, 0 Wörter
2025-09-20 19:49:21,627 - database_manager - INFO - Verarbeite Datei 2233/2945: debates2017-07-20b.xml
2025-09-20 19:49:21,627 - database_manager - INFO - Parse debates XML-Datei: debates2017-07-20b.xml
2025-09-20 19:49:21,628 - database_manager - INFO - Debates XML erfolgreich geparst: 0 Debatten, 0 Reden, 0 Wörter
2025-09-20 19:49:21,628 - database_manager - INFO - Verarbeite Datei 2234/2945: debates2021-12-06a.xml
2025-09-20 19:49:21,628 - database_manager - INFO - Parse debates XML-Datei: debates2021-12-06a.xml
2025-09-20 19:49:21,629 - database_manager - INFO - Debates XML erfolgreich geparst: 0 Debatten, 0 Reden, 0 Wörter
2025-09-20 19:49:21,629 - database_manager - INFO - Verarbeite Datei 2235/2945: debates2012-09-05b.xml
2025-09-20 19:49:21,629 - database_manager - INFO - Parse debates XML-Datei: debates2012-09-05b.xml
2025-09-20 19:49:21,644 - database_manager - INFO - Debates XML erfolgreich geparst: 16 Debatten, 0 Reden, 0 Wörter
2025-09-20 19:49:21,645 - database_manager - INFO - Verarbeite Datei 2236/2945: debates2014-09-11a.xml
2025-09-20 19:49:21,645 - database_manager - INFO - Parse debates XML-Datei: debates2014-09-11a.xml
2025-09-20 19:49:21,656 - database_manager - INFO - Debates XML erfolgreich geparst: 16 Debatten, 0 Reden, 0 Wörter
2025-09-20 19:49:21,656 - database_manager - INFO - Verarbeite Datei 2237/2945: debates2020-10-08c.xml
2025-09-20 19:49:21,656 - database_manager - INFO - Parse debates XML-Datei: debates2020-10-08c.xml
2025-09-20 19:49:21,657 - database_manager - INFO - Debates XML erfolgreich geparst: 0 Debatten, 0 Reden, 0 Wörter
2025-09-20 19:49:21,657 - database_manager - INFO - Verarbeite Datei 2238/2945: debates2016-12-06a.xml
2025-09-20 19:49:21,657 - database_manager - INFO - Parse debates XML-Datei: debates2016-12-06a.xml
2025-09-20 19:49:21,658 - database_manager - INFO - Debates XML erfolgreich geparst: 0 Debatten, 0 Reden, 0 Wörter
2025-09-20 19:49:21,658 - database_manager - INFO - Verarbeite Datei 2239/2945: debates2020-07-20b.xml
2025-09-20 19:49:21,658 - database_manager - INFO - Parse debates XML-Datei: debates2020-07-20b.xml
2025-09-20 19:49:21,659 - database_manager - INFO - Debates XML erfolgreich geparst: 0 Debatten, 0 Reden, 0 Wörter
2025-09-20 19:49:21,659 - database_manager - INFO - Verarbeite Datei 2240/2945: debates2021-11-16a.xml
2025-09-20 19:49:21,659 - database_manager - INFO - Parse debates XML-Datei: debates2021-11-16a.xml
2025-09-20 19:49:21,660 - database_manager - INFO - Debates XML erfolgreich geparst: 0 Debatten, 0 Reden, 0 Wörter
2025-09-20 19:49:21,660 - database_manager - INFO - Verarbeite Datei 2241/2945: debates2012-07-17a.xml
2025-09-20 19:49:21,660 - database_manager - INFO - Parse debates XML-Datei: debates2012-07-17a.xml
2025-09-20 19:49:21,661 - database_manager - INFO - Debates XML erfolgreich geparst: 0 Debatten, 0 Reden, 0 Wörter
2025-09-20 19:49:21,661 - database_manager - INFO - Verarbeite Datei 2242/2945: debates2017-01-25c.xml
2025-09-20 19:49:21,661 - database_manager - INFO - Parse debates XML-Datei: debates2017-01-25c.xml
2025-09-20 19:49:21,675 - database_manager - INFO - Debates XML erfolgreich geparst: 16 Debatten, 0 Reden, 0 Wörter
2025-09-20 19:49:21,675 - database_manager - INFO - Verarbeite Datei 2243/2945: debates2018-03-12a.xml
2025-09-20 19:49:21,675 - database_manager - INFO - Parse debates XML-Datei: debates2018-03-12a.xml
2025-09-20 19:49:21,677 - database_manager - INFO - Debates XML erfolgreich geparst: 0 Debatten, 0 Reden, 0 Wörter
2025-09-20 19:49:21,677 - database_manager - INFO - Verarbeite Datei 2244/2945: debates2015-03-04b.xml
2025-09-20 19:49:21,677 - database_manager - INFO - Parse debates XML-Datei: debates2015-03-04b.xml
2025-09-20 19:49:21,691 - database_manager - INFO - Debates XML erfolgreich geparst: 25 Debatten, 0 Reden, 0 Wörter
2025-09-20 19:49:21,692 - database_manager - INFO - Verarbeite Datei 2245/2945: debates2015-02-25a.xml
2025-09-20 19:49:21,692 - database_manager - INFO - Parse debates XML-Datei: debates2015-02-25a.xml
2025-09-20 19:49:21,708 - database_manager - INFO - Debates XML erfolgreich geparst: 22 Debatten, 0 Reden, 0 Wörter
2025-09-20 19:49:21,708 - database_manager - INFO - Verarbeite Datei 2246/2945: debates2015-06-11c.xml
2025-09-20 19:49:21,708 - database_manager - INFO - Parse debates XML-Datei: debates2015-06-11c.xml
2025-09-20 19:49:21,723 - database_manager - INFO - Debates XML erfolgreich geparst: 15 Debatten, 0 Reden, 0 Wörter
2025-09-20 19:49:21,723 - database_manager - INFO - Verarbeite Datei 2247/2945: debates2020-11-25c.xml
2025-09-20 19:49:21,723 - database_manager - INFO - Parse debates XML-Datei: debates2020-11-25c.xml
2025-09-20 19:49:21,739 - database_manager - INFO - Debates XML erfolgreich geparst: 16 Debatten, 0 Reden, 0 Wörter
2025-09-20 19:49:21,739 - database_manager - INFO - Verarbeite Datei 2248/2945: debates2016-11-16a.xml
2025-09-20 19:49:21,739 - database_manager - INFO - Parse debates XML-Datei: debates2016-11-16a.xml
2025-09-20 19:49:21,754 - database_manager - INFO - Debates XML erfolgreich geparst: 19 Debatten, 0 Reden, 0 Wörter
2025-09-20 19:49:21,755 - database_manager - INFO - Verarbeite Datei 2249/2945: debates2019-04-09b.xml
2025-09-20 19:49:21,755 - database_manager - INFO - Parse debates XML-Datei: debates2019-04-09b.xml
2025-09-20 19:49:21,756 - database_manager - INFO - Debates XML erfolgreich geparst: 0 Debatten, 0 Reden, 0 Wörter
2025-09-20 19:49:21,756 - database_manager - INFO - Verarbeite Datei 2250/2945: debates2019-07-15a.xml
2025-09-20 19:49:21,756 - database_manager - INFO - Parse debates XML-Datei: debates2019-07-15a.xml
2025-09-20 19:49:21,757 - database_manager - INFO - Debates XML erfolgreich geparst: 0 Debatten, 0 Reden, 0 Wörter
2025-09-20 19:49:21,757 - database_manager - INFO - Verarbeite Datei 2251/2945: debates2020-05-11a.xml
2025-09-20 19:49:21,757 - database_manager - INFO - Parse debates XML-Datei: debates2020-05-11a.xml
2025-09-20 19:49:21,757 - database_manager - INFO - Debates XML erfolgreich geparst: 0 Debatten, 0 Reden, 0 Wörter
2025-09-20 19:49:21,757 - database_manager - INFO - Verarbeite Datei 2252/2945: debates2017-01-09b.xml
2025-09-20 19:49:21,757 - database_manager - INFO - Parse debates XML-Datei: debates2017-01-09b.xml
2025-09-20 19:49:21,772 - database_manager - INFO - Debates XML erfolgreich geparst: 21 Debatten, 0 Reden, 0 Wörter
2025-09-20 19:49:21,772 - database_manager - INFO - Verarbeite Datei 2253/2945: debates2015-05-21a.xml
2025-09-20 19:49:21,772 - database_manager - INFO - Parse debates XML-Datei: debates2015-05-21a.xml
2025-09-20 19:49:21,772 - database_manager - INFO - Debates XML erfolgreich geparst: 1 Debatten, 0 Reden, 0 Wörter
2025-09-20 19:49:21,772 - database_manager - INFO - Verarbeite Datei 2254/2945: debates2018-04-16a.xml
2025-09-20 19:49:21,772 - database_manager - INFO - Parse debates XML-Datei: debates2018-04-16a.xml
2025-09-20 19:49:21,774 - database_manager - INFO - Debates XML erfolgreich geparst: 0 Debatten, 0 Reden, 0 Wörter
2025-09-20 19:49:21,774 - database_manager - INFO - Verarbeite Datei 2255/2945: debates2014-11-26a.xml
2025-09-20 19:49:21,774 - database_manager - INFO - Parse debates XML-Datei: debates2014-11-26a.xml
2025-09-20 19:49:21,790 - database_manager - INFO - Debates XML erfolgreich geparst: 15 Debatten, 0 Reden, 0 Wörter
2025-09-20 19:49:21,791 - database_manager - INFO - Verarbeite Datei 2256/2945: debates2020-11-09b.xml
2025-09-20 19:49:21,791 - database_manager - INFO - Parse debates XML-Datei: debates2020-11-09b.xml
2025-09-20 19:49:21,804 - database_manager - INFO - Debates XML erfolgreich geparst: 22 Debatten, 0 Reden, 0 Wörter
2025-09-20 19:49:21,804 - database_manager - INFO - Verarbeite Datei 2257/2945: debates2020-12-15a.xml
2025-09-20 19:49:21,804 - database_manager - INFO - Parse debates XML-Datei: debates2020-12-15a.xml
2025-09-20 19:49:21,817 - database_manager - INFO - Debates XML erfolgreich geparst: 28 Debatten, 0 Reden, 0 Wörter
2025-09-20 19:49:21,818 - database_manager - INFO - Verarbeite Datei 2258/2945: debates2013-07-08b.xml
2025-09-20 19:49:21,818 - database_manager - INFO - Parse debates XML-Datei: debates2013-07-08b.xml
2025-09-20 19:49:21,819 - database_manager - INFO - Debates XML erfolgreich geparst: 0 Debatten, 0 Reden, 0 Wörter
2025-09-20 19:49:21,819 - database_manager - INFO - Verarbeite Datei 2259/2945: debates2020-07-01d.xml
2025-09-20 19:49:21,819 - database_manager - INFO - Parse debates XML-Datei: debates2020-07-01d.xml
2025-09-20 19:49:21,837 - database_manager - INFO - Debates XML erfolgreich geparst: 16 Debatten, 0 Reden, 0 Wörter
2025-09-20 19:49:21,838 - database_manager - INFO - Verarbeite Datei 2260/2945: debates2014-05-12c.xml
2025-09-20 19:49:21,838 - database_manager - INFO - Parse debates XML-Datei: debates2014-05-12c.xml
2025-09-20 19:49:21,855 - database_manager - INFO - Debates XML erfolgreich geparst: 36 Debatten, 0 Reden, 0 Wörter
2025-09-20 19:49:21,855 - database_manager - INFO - Verarbeite Datei 2261/2945: debates2020-01-09b.xml
2025-09-20 19:49:21,855 - database_manager - INFO - Parse debates XML-Datei: debates2020-01-09b.xml
2025-09-20 19:49:21,857 - database_manager - INFO - Debates XML erfolgreich geparst: 0 Debatten, 0 Reden, 0 Wörter
2025-09-20 19:49:21,857 - database_manager - INFO - Verarbeite Datei 2262/2945: debates2019-06-18c.xml
2025-09-20 19:49:21,857 - database_manager - INFO - Parse debates XML-Datei: debates2019-06-18c.xml
2025-09-20 19:49:21,870 - database_manager - INFO - Debates XML erfolgreich geparst: 17 Debatten, 0 Reden, 0 Wörter
2025-09-20 19:49:21,870 - database_manager - INFO - Verarbeite Datei 2263/2945: debates2019-04-25c.xml
2025-09-20 19:49:21,870 - database_manager - INFO - Parse debates XML-Datei: debates2019-04-25c.xml
2025-09-20 19:49:21,885 - database_manager - INFO - Debates XML erfolgreich geparst: 19 Debatten, 0 Reden, 0 Wörter
2025-09-20 19:49:21,885 - database_manager - INFO - Verarbeite Datei 2264/2945: debates2012-02-22b.xml
2025-09-20 19:49:21,885 - database_manager - INFO - Parse debates XML-Datei: debates2012-02-22b.xml
2025-09-20 19:49:21,901 - database_manager - INFO - Debates XML erfolgreich geparst: 18 Debatten, 0 Reden, 0 Wörter
2025-09-20 19:49:21,902 - database_manager - INFO - Verarbeite Datei 2265/2945: debates2021-09-21a.xml
2025-09-20 19:49:21,902 - database_manager - INFO - Parse debates XML-Datei: debates2021-09-21a.xml
2025-09-20 19:49:21,903 - database_manager - INFO - Debates XML erfolgreich geparst: 0 Debatten, 0 Reden, 0 Wörter
2025-09-20 19:49:21,903 - database_manager - INFO - Verarbeite Datei 2266/2945: debates2018-07-06a.xml
2025-09-20 19:49:21,903 - database_manager - INFO - Parse debates XML-Datei: debates2018-07-06a.xml
2025-09-20 19:49:21,906 - database_manager - INFO - Debates XML erfolgreich geparst: 1 Debatten, 0 Reden, 0 Wörter
2025-09-20 19:49:21,906 - database_manager - INFO - Verarbeite Datei 2267/2945: debates2017-12-19b.xml
2025-09-20 19:49:21,906 - database_manager - INFO - Parse debates XML-Datei: debates2017-12-19b.xml
2025-09-20 19:49:21,922 - database_manager - INFO - Debates XML erfolgreich geparst: 28 Debatten, 0 Reden, 0 Wörter
2025-09-20 19:49:21,922 - database_manager - INFO - Verarbeite Datei 2268/2945: debates2013-07-04a.xml
2025-09-20 19:49:21,922 - database_manager - INFO - Parse debates XML-Datei: debates2013-07-04a.xml
2025-09-20 19:49:21,923 - database_manager - INFO - Debates XML erfolgreich geparst: 0 Debatten, 0 Reden, 0 Wörter
2025-09-20 19:49:21,923 - database_manager - INFO - Verarbeite Datei 2269/2945: debates2013-04-18b.xml
2025-09-20 19:49:21,923 - database_manager - INFO - Parse debates XML-Datei: debates2013-04-18b.xml
2025-09-20 19:49:21,941 - database_manager - INFO - Debates XML erfolgreich geparst: 26 Debatten, 0 Reden, 0 Wörter
2025-09-20 19:49:21,941 - database_manager - INFO - Verarbeite Datei 2270/2945: debates2020-11-05a.xml
2025-09-20 19:49:21,941 - database_manager - INFO - Parse debates XML-Datei: debates2020-11-05a.xml
2025-09-20 19:49:21,942 - database_manager - INFO - Debates XML erfolgreich geparst: 0 Debatten, 0 Reden, 0 Wörter
2025-09-20 19:49:21,942 - database_manager - INFO - Verarbeite Datei 2271/2945: debates2020-11-04e.xml
2025-09-20 19:49:21,942 - database_manager - INFO - Parse debates XML-Datei: debates2020-11-04e.xml
2025-09-20 19:49:21,956 - database_manager - INFO - Debates XML erfolgreich geparst: 12 Debatten, 0 Reden, 0 Wörter
2025-09-20 19:49:21,957 - database_manager - INFO - Verarbeite Datei 2272/2945: debates2014-03-17b.xml
2025-09-20 19:49:21,957 - database_manager - INFO - Parse debates XML-Datei: debates2014-03-17b.xml
2025-09-20 19:49:21,966 - database_manager - INFO - Debates XML erfolgreich geparst: 23 Debatten, 0 Reden, 0 Wörter
2025-09-20 19:49:21,967 - database_manager - INFO - Verarbeite Datei 2273/2945: debates2019-02-20b.xml
2025-09-20 19:49:21,967 - database_manager - INFO - Parse debates XML-Datei: debates2019-02-20b.xml
2025-09-20 19:49:21,968 - database_manager - INFO - Debates XML erfolgreich geparst: 0 Debatten, 0 Reden, 0 Wörter
2025-09-20 19:49:21,969 - database_manager - INFO - Verarbeite Datei 2274/2945: debates2016-05-03e.xml
2025-09-20 19:49:21,969 - database_manager - INFO - Parse debates XML-Datei: debates2016-05-03e.xml
2025-09-20 19:49:21,969 - database_manager - INFO - Debates XML erfolgreich geparst: 0 Debatten, 0 Reden, 0 Wörter
2025-09-20 19:49:21,969 - database_manager - INFO - Verarbeite Datei 2275/2945: debates2021-05-18b.xml
2025-09-20 19:49:21,969 - database_manager - INFO - Parse debates XML-Datei: debates2021-05-18b.xml
2025-09-20 19:49:21,984 - database_manager - INFO - Debates XML erfolgreich geparst: 24 Debatten, 0 Reden, 0 Wörter
2025-09-20 19:49:21,985 - database_manager - INFO - Verarbeite Datei 2276/2945: debates2017-07-17d.xml
2025-09-20 19:49:21,985 - database_manager - INFO - Parse debates XML-Datei: debates2017-07-17d.xml
2025-09-20 19:49:21,987 - database_manager - INFO - Debates XML erfolgreich geparst: 0 Debatten, 0 Reden, 0 Wörter
2025-09-20 19:49:21,987 - database_manager - INFO - Verarbeite Datei 2277/2945: debates2018-11-14d.xml
2025-09-20 19:49:21,987 - database_manager - INFO - Parse debates XML-Datei: debates2018-11-14d.xml
2025-09-20 19:49:21,999 - database_manager - INFO - Debates XML erfolgreich geparst: 16 Debatten, 0 Reden, 0 Wörter
2025-09-20 19:49:21,999 - database_manager - INFO - Verarbeite Datei 2278/2945: debates2012-01-24b.xml
2025-09-20 19:49:21,999 - database_manager - INFO - Parse debates XML-Datei: debates2012-01-24b.xml
2025-09-20 19:49:22,015 - database_manager - INFO - Debates XML erfolgreich geparst: 28 Debatten, 0 Reden, 0 Wörter
2025-09-20 19:49:22,015 - database_manager - INFO - Verarbeite Datei 2279/2945: debates2017-03-22b.xml
2025-09-20 19:49:22,015 - database_manager - INFO - Parse debates XML-Datei: debates2017-03-22b.xml
2025-09-20 19:49:22,022 - database_manager - INFO - Debates XML erfolgreich geparst: 14 Debatten, 0 Reden, 0 Wörter
2025-09-20 19:49:22,022 - database_manager - INFO - Verarbeite Datei 2280/2945: debates2017-02-03a.xml
2025-09-20 19:49:22,022 - database_manager - INFO - Parse debates XML-Datei: debates2017-02-03a.xml
2025-09-20 19:49:22,026 - database_manager - INFO - Debates XML erfolgreich geparst: 2 Debatten, 0 Reden, 0 Wörter
2025-09-20 19:49:22,027 - database_manager - INFO - Verarbeite Datei 2281/2945: debates2015-09-14a.xml
2025-09-20 19:49:22,027 - database_manager - INFO - Parse debates XML-Datei: debates2015-09-14a.xml
2025-09-20 19:49:22,028 - database_manager - INFO - Debates XML erfolgreich geparst: 0 Debatten, 0 Reden, 0 Wörter
2025-09-20 19:49:22,028 - database_manager - INFO - Verarbeite Datei 2282/2945: debates2020-02-03a.xml
2025-09-20 19:49:22,028 - database_manager - INFO - Parse debates XML-Datei: debates2020-02-03a.xml
2025-09-20 19:49:22,029 - database_manager - INFO - Debates XML erfolgreich geparst: 0 Debatten, 0 Reden, 0 Wörter
2025-09-20 19:49:22,029 - database_manager - INFO - Verarbeite Datei 2283/2945: debates2020-09-09d.xml
2025-09-20 19:49:22,029 - database_manager - INFO - Parse debates XML-Datei: debates2020-09-09d.xml
2025-09-20 19:49:22,030 - database_manager - INFO - Debates XML erfolgreich geparst: 0 Debatten, 0 Reden, 0 Wörter
2025-09-20 19:49:22,031 - database_manager - INFO - Verarbeite Datei 2284/2945: debates2014-01-30a.xml
2025-09-20 19:49:22,031 - database_manager - INFO - Parse debates XML-Datei: debates2014-01-30a.xml
2025-09-20 19:49:22,032 - database_manager - INFO - Debates XML erfolgreich geparst: 0 Debatten, 0 Reden, 0 Wörter
2025-09-20 19:49:22,032 - database_manager - INFO - Verarbeite Datei 2285/2945: debates2020-12-03a.xml
2025-09-20 19:49:22,032 - database_manager - INFO - Parse debates XML-Datei: debates2020-12-03a.xml
2025-09-20 19:49:22,032 - database_manager - INFO - Debates XML erfolgreich geparst: 0 Debatten, 0 Reden, 0 Wörter
2025-09-20 19:49:22,032 - database_manager - INFO - Verarbeite Datei 2286/2945: debates2019-10-07a.xml
2025-09-20 19:49:22,032 - database_manager - INFO - Parse debates XML-Datei: debates2019-10-07a.xml
2025-09-20 19:49:22,033 - database_manager - INFO - Debates XML erfolgreich geparst: 0 Debatten, 0 Reden, 0 Wörter
2025-09-20 19:49:22,033 - database_manager - INFO - Verarbeite Datei 2287/2945: debates2012-11-28a.xml
2025-09-20 19:49:22,033 - database_manager - INFO - Parse debates XML-Datei: debates2012-11-28a.xml
2025-09-20 19:49:22,034 - database_manager - INFO - Debates XML erfolgreich geparst: 0 Debatten, 0 Reden, 0 Wörter
2025-09-20 19:49:22,034 - database_manager - INFO - Verarbeite Datei 2288/2945: debates2015-07-06b.xml
2025-09-20 19:49:22,034 - database_manager - INFO - Parse debates XML-Datei: debates2015-07-06b.xml
2025-09-20 19:49:22,647 - database_manager - INFO - Debates XML erfolgreich geparst: 39 Debatten, 0 Reden, 0 Wörter
2025-09-20 19:49:22,648 - database_manager - INFO - Verarbeite Datei 2289/2945: debates2017-11-13a.xml
2025-09-20 19:49:22,648 - database_manager - INFO - Parse debates XML-Datei: debates2017-11-13a.xml
2025-09-20 19:49:22,649 - database_manager - INFO - Debates XML erfolgreich geparst: 0 Debatten, 0 Reden, 0 Wörter
2025-09-20 19:49:22,649 - database_manager - INFO - Verarbeite Datei 2290/2945: debates2018-12-04d.xml
2025-09-20 19:49:22,649 - database_manager - INFO - Parse debates XML-Datei: debates2018-12-04d.xml
2025-09-20 19:49:22,651 - database_manager - INFO - Debates XML erfolgreich geparst: 0 Debatten, 0 Reden, 0 Wörter
2025-09-20 19:49:22,651 - database_manager - INFO - Verarbeite Datei 2291/2945: debates2018-07-10a.xml
2025-09-20 19:49:22,651 - database_manager - INFO - Parse debates XML-Datei: debates2018-07-10a.xml
2025-09-20 19:49:22,652 - database_manager - INFO - Debates XML erfolgreich geparst: 0 Debatten, 0 Reden, 0 Wörter
2025-09-20 19:49:22,652 - database_manager - INFO - Verarbeite Datei 2292/2945: debates2012-03-15a.xml
2025-09-20 19:49:22,652 - database_manager - INFO - Parse debates XML-Datei: debates2012-03-15a.xml
2025-09-20 19:49:22,667 - database_manager - INFO - Debates XML erfolgreich geparst: 20 Debatten, 0 Reden, 0 Wörter
2025-09-20 19:49:22,667 - database_manager - INFO - Verarbeite Datei 2293/2945: debates2018-11-19c.xml
2025-09-20 19:49:22,667 - database_manager - INFO - Parse debates XML-Datei: debates2018-11-19c.xml
2025-09-20 19:49:22,683 - database_manager - INFO - Debates XML erfolgreich geparst: 26 Debatten, 0 Reden, 0 Wörter
2025-09-20 19:49:22,684 - database_manager - INFO - Verarbeite Datei 2294/2945: debates2017-01-13a.xml
2025-09-20 19:49:22,684 - database_manager - INFO - Parse debates XML-Datei: debates2017-01-13a.xml
2025-09-20 19:49:22,684 - database_manager - INFO - Debates XML erfolgreich geparst: 0 Debatten, 0 Reden, 0 Wörter
2025-09-20 19:49:22,684 - database_manager - INFO - Verarbeite Datei 2295/2945: debates2020-01-13a.xml
2025-09-20 19:49:22,685 - database_manager - INFO - Parse debates XML-Datei: debates2020-01-13a.xml
2025-09-20 19:49:22,685 - database_manager - INFO - Debates XML erfolgreich geparst: 0 Debatten, 0 Reden, 0 Wörter
2025-09-20 19:49:22,685 - database_manager - INFO - Verarbeite Datei 2296/2945: debates2013-07-12a.xml
2025-09-20 19:49:22,685 - database_manager - INFO - Parse debates XML-Datei: debates2013-07-12a.xml
2025-09-20 19:49:22,695 - database_manager - INFO - Debates XML erfolgreich geparst: 4 Debatten, 0 Reden, 0 Wörter
2025-09-20 19:49:22,695 - database_manager - INFO - Verarbeite Datei 2297/2945: debates2021-02-10a.xml
2025-09-20 19:49:22,695 - database_manager - INFO - Parse debates XML-Datei: debates2021-02-10a.xml
2025-09-20 19:49:22,697 - database_manager - INFO - Debates XML erfolgreich geparst: 0 Debatten, 0 Reden, 0 Wörter
2025-09-20 19:49:22,697 - database_manager - INFO - Verarbeite Datei 2298/2945: debates2021-04-19c.xml
2025-09-20 19:49:22,697 - database_manager - INFO - Parse debates XML-Datei: debates2021-04-19c.xml
2025-09-20 19:49:22,698 - database_manager - INFO - Debates XML erfolgreich geparst: 0 Debatten, 0 Reden, 0 Wörter
2025-09-20 19:49:22,698 - database_manager - INFO - Verarbeite Datei 2299/2945: debates2018-03-08b.xml
2025-09-20 19:49:22,698 - database_manager - INFO - Parse debates XML-Datei: debates2018-03-08b.xml
2025-09-20 19:49:22,711 - database_manager - INFO - Debates XML erfolgreich geparst: 20 Debatten, 0 Reden, 0 Wörter
2025-09-20 19:49:22,711 - database_manager - INFO - Verarbeite Datei 2300/2945: debates2015-01-23a.xml
2025-09-20 19:49:22,711 - database_manager - INFO - Parse debates XML-Datei: debates2015-01-23a.xml
2025-09-20 19:49:22,720 - database_manager - INFO - Debates XML erfolgreich geparst: 8 Debatten, 0 Reden, 0 Wörter
2025-09-20 19:49:22,720 - database_manager - INFO - Verarbeite Datei 2301/2945: debates2021-12-10a.xml
2025-09-20 19:49:22,720 - database_manager - INFO - Parse debates XML-Datei: debates2021-12-10a.xml
2025-09-20 19:49:22,722 - database_manager - INFO - Debates XML erfolgreich geparst: 0 Debatten, 0 Reden, 0 Wörter
2025-09-20 19:49:22,722 - database_manager - INFO - Verarbeite Datei 2302/2945: debates2015-11-23a.xml
2025-09-20 19:49:22,722 - database_manager - INFO - Parse debates XML-Datei: debates2015-11-23a.xml
2025-09-20 19:49:22,739 - database_manager - INFO - Debates XML erfolgreich geparst: 29 Debatten, 0 Reden, 0 Wörter
2025-09-20 19:49:22,739 - database_manager - INFO - Verarbeite Datei 2303/2945: debates2020-06-17a.xml
2025-09-20 19:49:22,739 - database_manager - INFO - Parse debates XML-Datei: debates2020-06-17a.xml
2025-09-20 19:49:22,740 - database_manager - INFO - Debates XML erfolgreich geparst: 0 Debatten, 0 Reden, 0 Wörter
2025-09-20 19:49:22,740 - database_manager - INFO - Verarbeite Datei 2304/2945: debates2013-10-16a.xml
2025-09-20 19:49:22,740 - database_manager - INFO - Parse debates XML-Datei: debates2013-10-16a.xml
2025-09-20 19:49:22,741 - database_manager - INFO - Debates XML erfolgreich geparst: 0 Debatten, 0 Reden, 0 Wörter
2025-09-20 19:49:22,742 - database_manager - INFO - Verarbeite Datei 2305/2945: debates2020-03-03d.xml
2025-09-20 19:49:22,742 - database_manager - INFO - Parse debates XML-Datei: debates2020-03-03d.xml
2025-09-20 19:49:22,751 - database_manager - INFO - Debates XML erfolgreich geparst: 23 Debatten, 0 Reden, 0 Wörter
2025-09-20 19:49:22,751 - database_manager - INFO - Verarbeite Datei 2306/2945: debates2016-04-19c.xml
2025-09-20 19:49:22,751 - database_manager - INFO - Parse debates XML-Datei: debates2016-04-19c.xml
2025-09-20 19:49:22,756 - database_manager - INFO - Debates XML erfolgreich geparst: 9 Debatten, 0 Reden, 0 Wörter
2025-09-20 19:49:22,757 - database_manager - INFO - Verarbeite Datei 2307/2945: debates2020-09-28b.xml
2025-09-20 19:49:22,757 - database_manager - INFO - Parse debates XML-Datei: debates2020-09-28b.xml
2025-09-20 19:49:22,757 - database_manager - INFO - Debates XML erfolgreich geparst: 0 Debatten, 0 Reden, 0 Wörter
2025-09-20 19:49:22,757 - database_manager - INFO - Verarbeite Datei 2308/2945: debates2016-02-10a.xml
2025-09-20 19:49:22,757 - database_manager - INFO - Parse debates XML-Datei: debates2016-02-10a.xml
2025-09-20 19:49:22,775 - database_manager - INFO - Debates XML erfolgreich geparst: 19 Debatten, 0 Reden, 0 Wörter
2025-09-20 19:49:22,775 - database_manager - INFO - Verarbeite Datei 2309/2945: debates2015-03-12b.xml
2025-09-20 19:49:22,775 - database_manager - INFO - Parse debates XML-Datei: debates2015-03-12b.xml
2025-09-20 19:49:22,790 - database_manager - INFO - Debates XML erfolgreich geparst: 23 Debatten, 0 Reden, 0 Wörter
2025-09-20 19:49:22,790 - database_manager - INFO - Verarbeite Datei 2310/2945: debates2018-10-18b.xml
2025-09-20 19:49:22,790 - database_manager - INFO - Parse debates XML-Datei: debates2018-10-18b.xml
2025-09-20 19:49:22,802 - database_manager - INFO - Debates XML erfolgreich geparst: 21 Debatten, 0 Reden, 0 Wörter
2025-09-20 19:49:22,802 - database_manager - INFO - Verarbeite Datei 2311/2945: debates2019-07-03a.xml
2025-09-20 19:49:22,802 - database_manager - INFO - Parse debates XML-Datei: debates2019-07-03a.xml
2025-09-20 19:49:22,803 - database_manager - INFO - Debates XML erfolgreich geparst: 0 Debatten, 0 Reden, 0 Wörter
2025-09-20 19:49:22,803 - database_manager - INFO - Verarbeite Datei 2312/2945: debates2016-06-29d.xml
2025-09-20 19:49:22,803 - database_manager - INFO - Parse debates XML-Datei: debates2016-06-29d.xml
2025-09-20 19:49:22,820 - database_manager - INFO - Debates XML erfolgreich geparst: 31 Debatten, 0 Reden, 0 Wörter
2025-09-20 19:49:22,821 - database_manager - INFO - Verarbeite Datei 2313/2945: debates2016-10-21b.xml
2025-09-20 19:49:22,821 - database_manager - INFO - Parse debates XML-Datei: debates2016-10-21b.xml
2025-09-20 19:49:22,823 - database_manager - INFO - Debates XML erfolgreich geparst: 1 Debatten, 0 Reden, 0 Wörter
2025-09-20 19:49:22,823 - database_manager - INFO - Verarbeite Datei 2314/2945: debates2014-04-09a.xml
2025-09-20 19:49:22,823 - database_manager - INFO - Parse debates XML-Datei: debates2014-04-09a.xml
2025-09-20 19:49:22,824 - database_manager - INFO - Debates XML erfolgreich geparst: 0 Debatten, 0 Reden, 0 Wörter
2025-09-20 19:49:22,824 - database_manager - INFO - Verarbeite Datei 2315/2945: debates2013-02-27b.xml
2025-09-20 19:49:22,824 - database_manager - INFO - Parse debates XML-Datei: debates2013-02-27b.xml
2025-09-20 19:49:22,841 - database_manager - INFO - Debates XML erfolgreich geparst: 17 Debatten, 0 Reden, 0 Wörter
2025-09-20 19:49:22,841 - database_manager - INFO - Verarbeite Datei 2316/2945: debates2013-03-06a.xml
2025-09-20 19:49:22,841 - database_manager - INFO - Parse debates XML-Datei: debates2013-03-06a.xml
2025-09-20 19:49:22,858 - database_manager - INFO - Debates XML erfolgreich geparst: 22 Debatten, 0 Reden, 0 Wörter
2025-09-20 19:49:22,859 - database_manager - INFO - Verarbeite Datei 2317/2945: debates2020-09-24a.xml
2025-09-20 19:49:22,859 - database_manager - INFO - Parse debates XML-Datei: debates2020-09-24a.xml
2025-09-20 19:49:22,860 - database_manager - INFO - Debates XML erfolgreich geparst: 0 Debatten, 0 Reden, 0 Wörter
2025-09-20 19:49:22,860 - database_manager - INFO - Verarbeite Datei 2318/2945: debates2016-06-28a.xml
2025-09-20 19:49:22,860 - database_manager - INFO - Parse debates XML-Datei: debates2016-06-28a.xml
2025-09-20 19:49:22,860 - database_manager - INFO - Debates XML erfolgreich geparst: 0 Debatten, 0 Reden, 0 Wörter
2025-09-20 19:49:22,860 - database_manager - INFO - Verarbeite Datei 2319/2945: debates2020-10-12a.xml
2025-09-20 19:49:22,860 - database_manager - INFO - Parse debates XML-Datei: debates2020-10-12a.xml
2025-09-20 19:49:22,862 - database_manager - INFO - Debates XML erfolgreich geparst: 0 Debatten, 0 Reden, 0 Wörter
2025-09-20 19:49:22,862 - database_manager - INFO - Verarbeite Datei 2320/2945: debates2013-06-13a.xml
2025-09-20 19:49:22,862 - database_manager - INFO - Parse debates XML-Datei: debates2013-06-13a.xml
2025-09-20 19:49:22,863 - database_manager - INFO - Debates XML erfolgreich geparst: 0 Debatten, 0 Reden, 0 Wörter
2025-09-20 19:49:22,863 - database_manager - INFO - Verarbeite Datei 2321/2945: debates2017-10-12a.xml
2025-09-20 19:49:22,863 - database_manager - INFO - Parse debates XML-Datei: debates2017-10-12a.xml
2025-09-20 19:49:22,864 - database_manager - INFO - Debates XML erfolgreich geparst: 0 Debatten, 0 Reden, 0 Wörter
2025-09-20 19:49:22,864 - database_manager - INFO - Verarbeite Datei 2322/2945: debates2018-06-11a.xml
2025-09-20 19:49:22,864 - database_manager - INFO - Parse debates XML-Datei: debates2018-06-11a.xml
2025-09-20 19:49:22,877 - database_manager - INFO - Debates XML erfolgreich geparst: 17 Debatten, 0 Reden, 0 Wörter
2025-09-20 19:49:22,878 - database_manager - INFO - Verarbeite Datei 2323/2945: debates2021-04-15a.xml
2025-09-20 19:49:22,878 - database_manager - INFO - Parse debates XML-Datei: debates2021-04-15a.xml
2025-09-20 19:49:22,880 - database_manager - INFO - Debates XML erfolgreich geparst: 0 Debatten, 0 Reden, 0 Wörter
2025-09-20 19:49:22,880 - database_manager - INFO - Verarbeite Datei 2324/2945: debates2021-06-28a.xml
2025-09-20 19:49:22,880 - database_manager - INFO - Parse debates XML-Datei: debates2021-06-28a.xml
2025-09-20 19:49:22,890 - database_manager - INFO - Debates XML erfolgreich geparst: 19 Debatten, 0 Reden, 0 Wörter
2025-09-20 19:49:22,891 - database_manager - INFO - Verarbeite Datei 2325/2945: debates2012-10-29a.xml
2025-09-20 19:49:22,891 - database_manager - INFO - Parse debates XML-Datei: debates2012-10-29a.xml
2025-09-20 19:49:22,907 - database_manager - INFO - Debates XML erfolgreich geparst: 30 Debatten, 0 Reden, 0 Wörter
2025-09-20 19:49:22,907 - database_manager - INFO - Verarbeite Datei 2326/2945: debates2020-09-28c.xml
2025-09-20 19:49:22,907 - database_manager - INFO - Parse debates XML-Datei: debates2020-09-28c.xml
2025-09-20 19:49:22,920 - database_manager - INFO - Debates XML erfolgreich geparst: 15 Debatten, 0 Reden, 0 Wörter
2025-09-20 19:49:22,921 - database_manager - INFO - Verarbeite Datei 2327/2945: debates2016-04-19b.xml
2025-09-20 19:49:22,921 - database_manager - INFO - Parse debates XML-Datei: debates2016-04-19b.xml
2025-09-20 19:49:22,922 - database_manager - INFO - Debates XML erfolgreich geparst: 0 Debatten, 0 Reden, 0 Wörter
2025-09-20 19:49:22,922 - database_manager - INFO - Verarbeite Datei 2328/2945: debates2014-11-10b.xml
2025-09-20 19:49:22,922 - database_manager - INFO - Parse debates XML-Datei: debates2014-11-10b.xml
2025-09-20 19:49:22,936 - database_manager - INFO - Debates XML erfolgreich geparst: 29 Debatten, 0 Reden, 0 Wörter
2025-09-20 19:49:22,936 - database_manager - INFO - Verarbeite Datei 2329/2945: debates2016-07-05a.xml
2025-09-20 19:49:22,936 - database_manager - INFO - Parse debates XML-Datei: debates2016-07-05a.xml
2025-09-20 19:49:22,951 - database_manager - INFO - Debates XML erfolgreich geparst: 28 Debatten, 0 Reden, 0 Wörter
2025-09-20 19:49:22,951 - database_manager - INFO - Verarbeite Datei 2330/2945: debates2020-06-16d.xml
2025-09-20 19:49:22,951 - database_manager - INFO - Parse debates XML-Datei: debates2020-06-16d.xml
2025-09-20 19:49:22,968 - database_manager - INFO - Debates XML erfolgreich geparst: 17 Debatten, 0 Reden, 0 Wörter
2025-09-20 19:49:22,969 - database_manager - INFO - Verarbeite Datei 2331/2945: debates2020-03-02a.xml
2025-09-20 19:49:22,969 - database_manager - INFO - Parse debates XML-Datei: debates2020-03-02a.xml
2025-09-20 19:49:22,970 - database_manager - INFO - Debates XML erfolgreich geparst: 0 Debatten, 0 Reden, 0 Wörter
2025-09-20 19:49:22,970 - database_manager - INFO - Verarbeite Datei 2332/2945: debates2017-03-02a.xml
2025-09-20 19:49:22,970 - database_manager - INFO - Parse debates XML-Datei: debates2017-03-02a.xml
2025-09-20 19:49:22,983 - database_manager - INFO - Debates XML erfolgreich geparst: 22 Debatten, 0 Reden, 0 Wörter
2025-09-20 19:49:22,983 - database_manager - INFO - Verarbeite Datei 2333/2945: debates2017-02-23b.xml
2025-09-20 19:49:22,983 - database_manager - INFO - Parse debates XML-Datei: debates2017-02-23b.xml
2025-09-20 19:49:23,000 - database_manager - INFO - Debates XML erfolgreich geparst: 17 Debatten, 0 Reden, 0 Wörter
2025-09-20 19:49:23,000 - database_manager - INFO - Verarbeite Datei 2334/2945: debates2018-05-01a.xml
2025-09-20 19:49:23,000 - database_manager - INFO - Parse debates XML-Datei: debates2018-05-01a.xml
2025-09-20 19:49:23,001 - database_manager - INFO - Debates XML erfolgreich geparst: 0 Debatten, 0 Reden, 0 Wörter
2025-09-20 19:49:23,001 - database_manager - INFO - Verarbeite Datei 2335/2945: debates2012-12-18b.xml
2025-09-20 19:49:23,001 - database_manager - INFO - Parse debates XML-Datei: debates2012-12-18b.xml
2025-09-20 19:49:23,017 - database_manager - INFO - Debates XML erfolgreich geparst: 21 Debatten, 0 Reden, 0 Wörter
2025-09-20 19:49:23,018 - database_manager - INFO - Verarbeite Datei 2336/2945: debates2021-04-19b.xml
2025-09-20 19:49:23,018 - database_manager - INFO - Parse debates XML-Datei: debates2021-04-19b.xml
2025-09-20 19:49:23,019 - database_manager - INFO - Debates XML erfolgreich geparst: 0 Debatten, 0 Reden, 0 Wörter
2025-09-20 19:49:23,019 - database_manager - INFO - Verarbeite Datei 2337/2945: debates2021-06-24b.xml
2025-09-20 19:49:23,019 - database_manager - INFO - Parse debates XML-Datei: debates2021-06-24b.xml
2025-09-20 19:49:23,032 - database_manager - INFO - Debates XML erfolgreich geparst: 22 Debatten, 0 Reden, 0 Wörter
2025-09-20 19:49:23,032 - database_manager - INFO - Verarbeite Datei 2338/2945: debates2021-07-05a.xml
2025-09-20 19:49:23,032 - database_manager - INFO - Parse debates XML-Datei: debates2021-07-05a.xml
2025-09-20 19:49:23,034 - database_manager - INFO - Debates XML erfolgreich geparst: 0 Debatten, 0 Reden, 0 Wörter
2025-09-20 19:49:23,034 - database_manager - INFO - Verarbeite Datei 2339/2945: debates2016-01-20b.xml
2025-09-20 19:49:23,034 - database_manager - INFO - Parse debates XML-Datei: debates2016-01-20b.xml
2025-09-20 19:49:23,048 - database_manager - INFO - Debates XML erfolgreich geparst: 22 Debatten, 0 Reden, 0 Wörter
2025-09-20 19:49:23,049 - database_manager - INFO - Verarbeite Datei 2340/2945: debates2013-02-07a.xml
2025-09-20 19:49:23,049 - database_manager - INFO - Parse debates XML-Datei: debates2013-02-07a.xml
2025-09-20 19:49:23,064 - database_manager - INFO - Debates XML erfolgreich geparst: 18 Debatten, 0 Reden, 0 Wörter
2025-09-20 19:49:23,065 - database_manager - INFO - Verarbeite Datei 2341/2945: debates2013-03-26b.xml
2025-09-20 19:49:23,065 - database_manager - INFO - Parse debates XML-Datei: debates2013-03-26b.xml
2025-09-20 19:49:23,082 - database_manager - INFO - Debates XML erfolgreich geparst: 24 Debatten, 0 Reden, 0 Wörter
2025-09-20 19:49:23,083 - database_manager - INFO - Verarbeite Datei 2342/2945: debates2014-05-08a.xml
2025-09-20 19:49:23,083 - database_manager - INFO - Parse debates XML-Datei: debates2014-05-08a.xml
2025-09-20 19:49:23,097 - database_manager - INFO - Debates XML erfolgreich geparst: 28 Debatten, 0 Reden, 0 Wörter
2025-09-20 19:49:23,098 - database_manager - INFO - Verarbeite Datei 2343/2945: debates2014-04-29b.xml
2025-09-20 19:49:23,098 - database_manager - INFO - Parse debates XML-Datei: debates2014-04-29b.xml
2025-09-20 19:49:23,112 - database_manager - INFO - Debates XML erfolgreich geparst: 25 Debatten, 0 Reden, 0 Wörter
2025-09-20 19:49:23,112 - database_manager - INFO - Verarbeite Datei 2344/2945: debates2018-11-19b.xml
2025-09-20 19:49:23,112 - database_manager - INFO - Parse debates XML-Datei: debates2018-11-19b.xml
2025-09-20 19:49:23,113 - database_manager - INFO - Debates XML erfolgreich geparst: 0 Debatten, 0 Reden, 0 Wörter
2025-09-20 19:49:23,113 - database_manager - INFO - Verarbeite Datei 2345/2945: debates2018-12-05a.xml
2025-09-20 19:49:23,113 - database_manager - INFO - Parse debates XML-Datei: debates2018-12-05a.xml
2025-09-20 19:49:23,114 - database_manager - INFO - Debates XML erfolgreich geparst: 0 Debatten, 0 Reden, 0 Wörter
2025-09-20 19:49:23,114 - database_manager - INFO - Verarbeite Datei 2346/2945: debates2018-02-05a.xml
2025-09-20 19:49:23,114 - database_manager - INFO - Parse debates XML-Datei: debates2018-02-05a.xml
2025-09-20 19:49:23,115 - database_manager - INFO - Debates XML erfolgreich geparst: 0 Debatten, 0 Reden, 0 Wörter
2025-09-20 19:49:23,115 - database_manager - INFO - Verarbeite Datei 2347/2945: debates2021-01-20b.xml
2025-09-20 19:49:23,115 - database_manager - INFO - Parse debates XML-Datei: debates2021-01-20b.xml
2025-09-20 19:49:23,129 - database_manager - INFO - Debates XML erfolgreich geparst: 14 Debatten, 0 Reden, 0 Wörter
2025-09-20 19:49:23,129 - database_manager - INFO - Verarbeite Datei 2348/2945: debates2018-12-04e.xml
2025-09-20 19:49:23,130 - database_manager - INFO - Parse debates XML-Datei: debates2018-12-04e.xml
2025-09-20 19:49:23,153 - database_manager - INFO - Debates XML erfolgreich geparst: 19 Debatten, 0 Reden, 0 Wörter
2025-09-20 19:49:23,153 - database_manager - INFO - Verarbeite Datei 2349/2945: debates2016-03-11a.xml
2025-09-20 19:49:23,153 - database_manager - INFO - Parse debates XML-Datei: debates2016-03-11a.xml
2025-09-20 19:49:23,154 - database_manager - INFO - Debates XML erfolgreich geparst: 0 Debatten, 0 Reden, 0 Wörter
2025-09-20 19:49:23,154 - database_manager - INFO - Verarbeite Datei 2350/2945: debates2020-09-08a.xml
2025-09-20 19:49:23,154 - database_manager - INFO - Parse debates XML-Datei: debates2020-09-08a.xml
2025-09-20 19:49:23,156 - database_manager - INFO - Debates XML erfolgreich geparst: 0 Debatten, 0 Reden, 0 Wörter
2025-09-20 19:49:23,156 - database_manager - INFO - Verarbeite Datei 2351/2945: debates2013-01-17a.xml
2025-09-20 19:49:23,156 - database_manager - INFO - Parse debates XML-Datei: debates2013-01-17a.xml
2025-09-20 19:49:23,171 - database_manager - INFO - Debates XML erfolgreich geparst: 27 Debatten, 0 Reden, 0 Wörter
2025-09-20 19:49:23,171 - database_manager - INFO - Verarbeite Datei 2352/2945: debates2020-09-09e.xml
2025-09-20 19:49:23,171 - database_manager - INFO - Parse debates XML-Datei: debates2020-09-09e.xml
2025-09-20 19:49:23,172 - database_manager - INFO - Debates XML erfolgreich geparst: 0 Debatten, 0 Reden, 0 Wörter
2025-09-20 19:49:23,172 - database_manager - INFO - Verarbeite Datei 2353/2945: debates2014-06-18a.xml
2025-09-20 19:49:23,173 - database_manager - INFO - Parse debates XML-Datei: debates2014-06-18a.xml
2025-09-20 19:49:23,174 - database_manager - INFO - Debates XML erfolgreich geparst: 0 Debatten, 0 Reden, 0 Wörter
2025-09-20 19:49:23,174 - database_manager - INFO - Verarbeite Datei 2354/2945: debates2020-07-16a.xml
2025-09-20 19:49:23,174 - database_manager - INFO - Parse debates XML-Datei: debates2020-07-16a.xml
2025-09-20 19:49:23,174 - database_manager - INFO - Debates XML erfolgreich geparst: 0 Debatten, 0 Reden, 0 Wörter
2025-09-20 19:49:23,174 - database_manager - INFO - Verarbeite Datei 2355/2945: debates2015-11-03b.xml
2025-09-20 19:49:23,174 - database_manager - INFO - Parse debates XML-Datei: debates2015-11-03b.xml
2025-09-20 19:49:23,185 - database_manager - INFO - Debates XML erfolgreich geparst: 27 Debatten, 0 Reden, 0 Wörter
2025-09-20 19:49:23,185 - database_manager - INFO - Verarbeite Datei 2356/2945: debates2015-10-22a.xml
2025-09-20 19:49:23,185 - database_manager - INFO - Parse debates XML-Datei: debates2015-10-22a.xml
2025-09-20 19:49:23,186 - database_manager - INFO - Debates XML erfolgreich geparst: 0 Debatten, 0 Reden, 0 Wörter
2025-09-20 19:49:23,186 - database_manager - INFO - Verarbeite Datei 2357/2945: debates2018-11-15a.xml
2025-09-20 19:49:23,186 - database_manager - INFO - Parse debates XML-Datei: debates2018-11-15a.xml
2025-09-20 19:49:23,201 - database_manager - INFO - Debates XML erfolgreich geparst: 23 Debatten, 0 Reden, 0 Wörter
2025-09-20 19:49:23,201 - database_manager - INFO - Verarbeite Datei 2358/2945: debates2012-05-10a.xml
2025-09-20 19:49:23,201 - database_manager - INFO - Parse debates XML-Datei: debates2012-05-10a.xml
2025-09-20 19:49:23,202 - database_manager - INFO - Debates XML erfolgreich geparst: 0 Debatten, 0 Reden, 0 Wörter
2025-09-20 19:49:23,202 - database_manager - INFO - Verarbeite Datei 2359/2945: debates2018-01-15a.xml
2025-09-20 19:49:23,202 - database_manager - INFO - Parse debates XML-Datei: debates2018-01-15a.xml
2025-09-20 19:49:23,203 - database_manager - INFO - Debates XML erfolgreich geparst: 0 Debatten, 0 Reden, 0 Wörter
2025-09-20 19:49:23,203 - database_manager - INFO - Verarbeite Datei 2360/2945: debates2018-03-28a.xml
2025-09-20 19:49:23,203 - database_manager - INFO - Parse debates XML-Datei: debates2018-03-28a.xml
2025-09-20 19:49:23,204 - database_manager - INFO - Debates XML erfolgreich geparst: 0 Debatten, 0 Reden, 0 Wörter
2025-09-20 19:49:23,204 - database_manager - INFO - Verarbeite Datei 2361/2945: debates2017-07-17e.xml
2025-09-20 19:49:23,204 - database_manager - INFO - Parse debates XML-Datei: debates2017-07-17e.xml
2025-09-20 19:49:23,221 - database_manager - INFO - Debates XML erfolgreich geparst: 23 Debatten, 0 Reden, 0 Wörter
2025-09-20 19:49:23,222 - database_manager - INFO - Verarbeite Datei 2362/2945: debates2021-03-11a.xml
2025-09-20 19:49:23,222 - database_manager - INFO - Parse debates XML-Datei: debates2021-03-11a.xml
2025-09-20 19:49:23,222 - database_manager - INFO - Debates XML erfolgreich geparst: 0 Debatten, 0 Reden, 0 Wörter
2025-09-20 19:49:23,222 - database_manager - INFO - Verarbeite Datei 2363/2945: debates2013-12-11a.xml
2025-09-20 19:49:23,223 - database_manager - INFO - Parse debates XML-Datei: debates2013-12-11a.xml
2025-09-20 19:49:23,234 - database_manager - INFO - Debates XML erfolgreich geparst: 22 Debatten, 0 Reden, 0 Wörter
2025-09-20 19:49:23,235 - database_manager - INFO - Verarbeite Datei 2364/2945: debates2019-02-20c.xml
2025-09-20 19:49:23,235 - database_manager - INFO - Parse debates XML-Datei: debates2019-02-20c.xml
2025-09-20 19:49:23,248 - database_manager - INFO - Debates XML erfolgreich geparst: 31 Debatten, 0 Reden, 0 Wörter
2025-09-20 19:49:23,249 - database_manager - INFO - Verarbeite Datei 2365/2945: debates2020-11-04d.xml
2025-09-20 19:49:23,249 - database_manager - INFO - Parse debates XML-Datei: debates2020-11-04d.xml
2025-09-20 19:49:23,250 - database_manager - INFO - Debates XML erfolgreich geparst: 0 Debatten, 0 Reden, 0 Wörter
2025-09-20 19:49:23,251 - database_manager - INFO - Verarbeite Datei 2366/2945: debates2016-10-17a.xml
2025-09-20 19:49:23,251 - database_manager - INFO - Parse debates XML-Datei: debates2016-10-17a.xml
2025-09-20 19:49:23,261 - database_manager - INFO - Debates XML erfolgreich geparst: 22 Debatten, 0 Reden, 0 Wörter
2025-09-20 19:49:23,261 - database_manager - INFO - Verarbeite Datei 2367/2945: debates2016-05-03d.xml
2025-09-20 19:49:23,261 - database_manager - INFO - Parse debates XML-Datei: debates2016-05-03d.xml
2025-09-20 19:49:23,262 - database_manager - INFO - Debates XML erfolgreich geparst: 0 Debatten, 0 Reden, 0 Wörter
2025-09-20 19:49:23,262 - database_manager - INFO - Verarbeite Datei 2368/2945: debates2019-04-29a.xml
2025-09-20 19:49:23,262 - database_manager - INFO - Parse debates XML-Datei: debates2019-04-29a.xml
2025-09-20 19:49:23,263 - database_manager - INFO - Debates XML erfolgreich geparst: 0 Debatten, 0 Reden, 0 Wörter
2025-09-20 19:49:23,263 - database_manager - INFO - Verarbeite Datei 2369/2945: debates2013-02-11a.xml
2025-09-20 19:49:23,263 - database_manager - INFO - Parse debates XML-Datei: debates2013-02-11a.xml
2025-09-20 19:49:23,264 - database_manager - INFO - Debates XML erfolgreich geparst: 0 Debatten, 0 Reden, 0 Wörter
2025-09-20 19:49:23,264 - database_manager - INFO - Verarbeite Datei 2370/2945: debates2015-03-24a.xml
2025-09-20 19:49:23,264 - database_manager - INFO - Parse debates XML-Datei: debates2015-03-24a.xml
2025-09-20 19:49:23,279 - database_manager - INFO - Debates XML erfolgreich geparst: 39 Debatten, 0 Reden, 0 Wörter
2025-09-20 19:49:23,279 - database_manager - INFO - Verarbeite Datei 2371/2945: debates2015-01-19a.xml
2025-09-20 19:49:23,279 - database_manager - INFO - Parse debates XML-Datei: debates2015-01-19a.xml
2025-09-20 19:49:23,286 - database_manager - INFO - Debates XML erfolgreich geparst: 24 Debatten, 0 Reden, 0 Wörter
2025-09-20 19:49:23,286 - database_manager - INFO - Verarbeite Datei 2372/2945: debates2015-11-19a.xml
2025-09-20 19:49:23,286 - database_manager - INFO - Parse debates XML-Datei: debates2015-11-19a.xml
2025-09-20 19:49:23,301 - database_manager - INFO - Debates XML erfolgreich geparst: 18 Debatten, 0 Reden, 0 Wörter
2025-09-20 19:49:23,301 - database_manager - INFO - Verarbeite Datei 2373/2945: debates2018-12-13a.xml
2025-09-20 19:49:23,301 - database_manager - INFO - Parse debates XML-Datei: debates2018-12-13a.xml
2025-09-20 19:49:23,316 - database_manager - INFO - Debates XML erfolgreich geparst: 20 Debatten, 0 Reden, 0 Wörter
2025-09-20 19:49:23,316 - database_manager - INFO - Verarbeite Datei 2374/2945: debates2013-11-01a.xml
2025-09-20 19:49:23,316 - database_manager - INFO - Parse debates XML-Datei: debates2013-11-01a.xml
2025-09-20 19:49:23,325 - database_manager - INFO - Debates XML erfolgreich geparst: 1 Debatten, 0 Reden, 0 Wörter
2025-09-20 19:49:23,325 - database_manager - INFO - Verarbeite Datei 2375/2945: debates2019-04-25b.xml
2025-09-20 19:49:23,325 - database_manager - INFO - Parse debates XML-Datei: debates2019-04-25b.xml
2025-09-20 19:49:23,326 - database_manager - INFO - Debates XML erfolgreich geparst: 0 Debatten, 0 Reden, 0 Wörter
2025-09-20 19:49:23,326 - database_manager - INFO - Verarbeite Datei 2376/2945: debates2019-06-18b.xml
2025-09-20 19:49:23,326 - database_manager - INFO - Parse debates XML-Datei: debates2019-06-18b.xml
2025-09-20 19:49:23,327 - database_manager - INFO - Debates XML erfolgreich geparst: 0 Debatten, 0 Reden, 0 Wörter
2025-09-20 19:49:23,327 - database_manager - INFO - Verarbeite Datei 2377/2945: debates2020-01-09c.xml
2025-09-20 19:49:23,327 - database_manager - INFO - Parse debates XML-Datei: debates2020-01-09c.xml
2025-09-20 19:49:23,341 - database_manager - INFO - Debates XML erfolgreich geparst: 11 Debatten, 0 Reden, 0 Wörter
2025-09-20 19:49:23,341 - database_manager - INFO - Verarbeite Datei 2378/2945: debates2014-05-12b.xml
2025-09-20 19:49:23,342 - database_manager - INFO - Parse debates XML-Datei: debates2014-05-12b.xml
2025-09-20 19:49:23,342 - database_manager - INFO - Debates XML erfolgreich geparst: 0 Debatten, 0 Reden, 0 Wörter
2025-09-20 19:49:23,342 - database_manager - INFO - Verarbeite Datei 2379/2945: debates2016-03-07a.xml
2025-09-20 19:49:23,343 - database_manager - INFO - Parse debates XML-Datei: debates2016-03-07a.xml
2025-09-20 19:49:23,343 - database_manager - INFO - Debates XML erfolgreich geparst: 0 Debatten, 0 Reden, 0 Wörter
2025-09-20 19:49:23,343 - database_manager - INFO - Verarbeite Datei 2380/2945: debates2013-07-08c.xml
2025-09-20 19:49:23,343 - database_manager - INFO - Parse debates XML-Datei: debates2013-07-08c.xml
2025-09-20 19:49:23,361 - database_manager - INFO - Debates XML erfolgreich geparst: 35 Debatten, 0 Reden, 0 Wörter
2025-09-20 19:49:23,361 - database_manager - INFO - Verarbeite Datei 2381/2945: debates2015-01-15b.xml
2025-09-20 19:49:23,361 - database_manager - INFO - Parse debates XML-Datei: debates2015-01-15b.xml
2025-09-20 19:49:23,376 - database_manager - INFO - Debates XML erfolgreich geparst: 25 Debatten, 0 Reden, 0 Wörter
2025-09-20 19:49:23,376 - database_manager - INFO - Verarbeite Datei 2382/2945: debates2015-02-09a.xml
2025-09-20 19:49:23,376 - database_manager - INFO - Parse debates XML-Datei: debates2015-02-09a.xml
2025-09-20 19:49:23,377 - database_manager - INFO - Debates XML erfolgreich geparst: 0 Debatten, 0 Reden, 0 Wörter
2025-09-20 19:49:23,377 - database_manager - INFO - Verarbeite Datei 2383/2945: debates2018-10-22b.xml
2025-09-20 19:49:23,377 - database_manager - INFO - Parse debates XML-Datei: debates2018-10-22b.xml
2025-09-20 19:49:23,389 - database_manager - INFO - Debates XML erfolgreich geparst: 24 Debatten, 0 Reden, 0 Wörter
2025-09-20 19:49:23,389 - database_manager - INFO - Verarbeite Datei 2384/2945: debates2015-12-09a.xml
2025-09-20 19:49:23,390 - database_manager - INFO - Parse debates XML-Datei: debates2015-12-09a.xml
2025-09-20 19:49:23,391 - database_manager - INFO - Debates XML erfolgreich geparst: 0 Debatten, 0 Reden, 0 Wörter
2025-09-20 19:49:23,391 - database_manager - INFO - Verarbeite Datei 2385/2945: debates2019-04-09c.xml
2025-09-20 19:49:23,391 - database_manager - INFO - Parse debates XML-Datei: debates2019-04-09c.xml
2025-09-20 19:49:23,405 - database_manager - INFO - Debates XML erfolgreich geparst: 21 Debatten, 0 Reden, 0 Wörter
2025-09-20 19:49:23,405 - database_manager - INFO - Verarbeite Datei 2386/2945: debates2013-06-05a.xml
2025-09-20 19:49:23,406 - database_manager - INFO - Parse debates XML-Datei: debates2013-06-05a.xml
2025-09-20 19:49:23,407 - database_manager - INFO - Debates XML erfolgreich geparst: 0 Debatten, 0 Reden, 0 Wörter
2025-09-20 19:49:23,407 - database_manager - INFO - Verarbeite Datei 2387/2945: debates2020-11-25b.xml
2025-09-20 19:49:23,407 - database_manager - INFO - Parse debates XML-Datei: debates2020-11-25b.xml
2025-09-20 19:49:23,408 - database_manager - INFO - Debates XML erfolgreich geparst: 0 Debatten, 0 Reden, 0 Wörter
2025-09-20 19:49:23,408 - database_manager - INFO - Verarbeite Datei 2388/2945: debates2012-07-16d.xml
2025-09-20 19:49:23,408 - database_manager - INFO - Parse debates XML-Datei: debates2012-07-16d.xml
2025-09-20 19:49:23,427 - database_manager - INFO - Debates XML erfolgreich geparst: 27 Debatten, 0 Reden, 0 Wörter
2025-09-20 19:49:23,427 - database_manager - INFO - Verarbeite Datei 2389/2945: debates2021-11-17d.xml
2025-09-20 19:49:23,427 - database_manager - INFO - Parse debates XML-Datei: debates2021-11-17d.xml
2025-09-20 19:49:23,442 - database_manager - INFO - Debates XML erfolgreich geparst: 15 Debatten, 0 Reden, 0 Wörter
2025-09-20 19:49:23,443 - database_manager - INFO - Verarbeite Datei 2390/2945: debates2018-06-07a.xml
2025-09-20 19:49:23,443 - database_manager - INFO - Parse debates XML-Datei: debates2018-06-07a.xml
2025-09-20 19:49:23,444 - database_manager - INFO - Debates XML erfolgreich geparst: 0 Debatten, 0 Reden, 0 Wörter
2025-09-20 19:49:23,444 - database_manager - INFO - Verarbeite Datei 2391/2945: debates2015-06-11b.xml
2025-09-20 19:49:23,444 - database_manager - INFO - Parse debates XML-Datei: debates2015-06-11b.xml
2025-09-20 19:49:23,445 - database_manager - INFO - Debates XML erfolgreich geparst: 0 Debatten, 0 Reden, 0 Wörter
2025-09-20 19:49:23,445 - database_manager - INFO - Verarbeite Datei 2392/2945: debates2012-02-02a.xml
2025-09-20 19:49:23,445 - database_manager - INFO - Parse debates XML-Datei: debates2012-02-02a.xml
2025-09-20 19:49:23,459 - database_manager - INFO - Debates XML erfolgreich geparst: 18 Debatten, 0 Reden, 0 Wörter
2025-09-20 19:49:23,460 - database_manager - INFO - Verarbeite Datei 2393/2945: debates2012-03-23b.xml
2025-09-20 19:49:23,460 - database_manager - INFO - Parse debates XML-Datei: debates2012-03-23b.xml
2025-09-20 19:49:23,470 - database_manager - INFO - Debates XML erfolgreich geparst: 3 Debatten, 0 Reden, 0 Wörter
2025-09-20 19:49:23,470 - database_manager - INFO - Verarbeite Datei 2394/2945: debates2017-01-25b.xml
2025-09-20 19:49:23,470 - database_manager - INFO - Parse debates XML-Datei: debates2017-01-25b.xml
2025-09-20 19:49:23,471 - database_manager - INFO - Debates XML erfolgreich geparst: 0 Debatten, 0 Reden, 0 Wörter
2025-09-20 19:49:23,471 - database_manager - INFO - Verarbeite Datei 2395/2945: debates2020-01-29a.xml
2025-09-20 19:49:23,471 - database_manager - INFO - Parse debates XML-Datei: debates2020-01-29a.xml
2025-09-20 19:49:23,472 - database_manager - INFO - Debates XML erfolgreich geparst: 0 Debatten, 0 Reden, 0 Wörter
2025-09-20 19:49:23,472 - database_manager - INFO - Verarbeite Datei 2396/2945: debates2020-07-20c.xml
2025-09-20 19:49:23,472 - database_manager - INFO - Parse debates XML-Datei: debates2020-07-20c.xml
2025-09-20 19:49:23,489 - database_manager - INFO - Debates XML erfolgreich geparst: 22 Debatten, 0 Reden, 0 Wörter
2025-09-20 19:49:23,490 - database_manager - INFO - Verarbeite Datei 2397/2945: debates2019-01-10a.xml
2025-09-20 19:49:23,490 - database_manager - INFO - Parse debates XML-Datei: debates2019-01-10a.xml
2025-09-20 19:49:23,491 - database_manager - INFO - Debates XML erfolgreich geparst: 0 Debatten, 0 Reden, 0 Wörter
2025-09-20 19:49:23,491 - database_manager - INFO - Verarbeite Datei 2398/2945: debates2020-10-08b.xml
2025-09-20 19:49:23,491 - database_manager - INFO - Parse debates XML-Datei: debates2020-10-08b.xml
2025-09-20 19:49:23,492 - database_manager - INFO - Debates XML erfolgreich geparst: 0 Debatten, 0 Reden, 0 Wörter
2025-09-20 19:49:23,492 - database_manager - INFO - Verarbeite Datei 2399/2945: debates2013-05-15a.xml
2025-09-20 19:49:23,492 - database_manager - INFO - Parse debates XML-Datei: debates2013-05-15a.xml
2025-09-20 19:49:23,493 - database_manager - INFO - Debates XML erfolgreich geparst: 0 Debatten, 0 Reden, 0 Wörter
2025-09-20 19:49:23,493 - database_manager - INFO - Verarbeite Datei 2400/2945: debates2014-11-06b.xml
2025-09-20 19:49:23,493 - database_manager - INFO - Parse debates XML-Datei: debates2014-11-06b.xml
2025-09-20 19:49:23,507 - database_manager - INFO - Debates XML erfolgreich geparst: 18 Debatten, 0 Reden, 0 Wörter
2025-09-20 19:49:23,507 - database_manager - INFO - Verarbeite Datei 2401/2945: debates2016-07-13a.xml
2025-09-20 19:49:23,507 - database_manager - INFO - Parse debates XML-Datei: debates2016-07-13a.xml
2025-09-20 19:49:23,512 - database_manager - INFO - Debates XML erfolgreich geparst: 2 Debatten, 0 Reden, 0 Wörter
2025-09-20 19:49:23,512 - database_manager - INFO - Verarbeite Datei 2402/2945: debates2014-10-27a.xml
2025-09-20 19:49:23,513 - database_manager - INFO - Parse debates XML-Datei: debates2014-10-27a.xml
2025-09-20 19:49:23,514 - database_manager - INFO - Debates XML erfolgreich geparst: 0 Debatten, 0 Reden, 0 Wörter
2025-09-20 19:49:23,514 - database_manager - INFO - Verarbeite Datei 2403/2945: debates2021-07-13a.xml
2025-09-20 19:49:23,514 - database_manager - INFO - Parse debates XML-Datei: debates2021-07-13a.xml
2025-09-20 19:49:23,515 - database_manager - INFO - Debates XML erfolgreich geparst: 0 Debatten, 0 Reden, 0 Wörter
2025-09-20 19:49:23,515 - database_manager - INFO - Verarbeite Datei 2404/2945: debates2012-11-12a.xml
2025-09-20 19:49:23,515 - database_manager - INFO - Parse debates XML-Datei: debates2012-11-12a.xml
2025-09-20 19:49:23,532 - database_manager - INFO - Debates XML erfolgreich geparst: 22 Debatten, 0 Reden, 0 Wörter
2025-09-20 19:49:23,532 - database_manager - INFO - Verarbeite Datei 2405/2945: debates2017-11-29a.xml
2025-09-20 19:49:23,532 - database_manager - INFO - Parse debates XML-Datei: debates2017-11-29a.xml
2025-09-20 19:49:23,533 - database_manager - INFO - Debates XML erfolgreich geparst: 0 Debatten, 0 Reden, 0 Wörter
2025-09-20 19:49:23,533 - database_manager - INFO - Verarbeite Datei 2406/2945: debates2018-05-17a.xml
2025-09-20 19:49:23,533 - database_manager - INFO - Parse debates XML-Datei: debates2018-05-17a.xml
2025-09-20 19:49:23,547 - database_manager - INFO - Debates XML erfolgreich geparst: 23 Debatten, 0 Reden, 0 Wörter
2025-09-20 19:49:23,548 - database_manager - INFO - Verarbeite Datei 2407/2945: debates2017-07-20c.xml
2025-09-20 19:49:23,548 - database_manager - INFO - Parse debates XML-Datei: debates2017-07-20c.xml
2025-09-20 19:49:23,548 - database_manager - INFO - Debates XML erfolgreich geparst: 0 Debatten, 0 Reden, 0 Wörter
2025-09-20 19:49:23,548 - database_manager - INFO - Verarbeite Datei 2408/2945: debates2012-01-12a.xml
2025-09-20 19:49:23,548 - database_manager - INFO - Parse debates XML-Datei: debates2012-01-12a.xml
2025-09-20 19:49:23,549 - database_manager - INFO - Debates XML erfolgreich geparst: 0 Debatten, 0 Reden, 0 Wörter
2025-09-20 19:49:23,550 - database_manager - INFO - Verarbeite Datei 2409/2945: debates2017-03-14a.xml
2025-09-20 19:49:23,550 - database_manager - INFO - Parse debates XML-Datei: debates2017-03-14a.xml
2025-09-20 19:49:23,550 - database_manager - INFO - Debates XML erfolgreich geparst: 0 Debatten, 0 Reden, 0 Wörter
2025-09-20 19:49:23,551 - database_manager - INFO - Verarbeite Datei 2410/2945: debates2012-09-05a.xml
2025-09-20 19:49:23,551 - database_manager - INFO - Parse debates XML-Datei: debates2012-09-05a.xml
2025-09-20 19:49:23,551 - database_manager - INFO - Debates XML erfolgreich geparst: 0 Debatten, 0 Reden, 0 Wörter
2025-09-20 19:49:23,551 - database_manager - INFO - Verarbeite Datei 2411/2945: debates2017-11-29c.xml
2025-09-20 19:49:23,551 - database_manager - INFO - Parse debates XML-Datei: debates2017-11-29c.xml
2025-09-20 19:49:23,566 - database_manager - INFO - Debates XML erfolgreich geparst: 10 Debatten, 0 Reden, 0 Wörter
2025-09-20 19:49:23,567 - database_manager - INFO - Verarbeite Datei 2412/2945: debates2018-01-23a.xml
2025-09-20 19:49:23,567 - database_manager - INFO - Parse debates XML-Datei: debates2018-01-23a.xml
2025-09-20 19:49:23,580 - database_manager - INFO - Debates XML erfolgreich geparst: 22 Debatten, 0 Reden, 0 Wörter
2025-09-20 19:49:23,580 - database_manager - INFO - Verarbeite Datei 2413/2945: debates2021-07-13c.xml
2025-09-20 19:49:23,580 - database_manager - INFO - Parse debates XML-Datei: debates2021-07-13c.xml
2025-09-20 19:49:23,600 - database_manager - INFO - Debates XML erfolgreich geparst: 22 Debatten, 0 Reden, 0 Wörter
2025-09-20 19:49:23,601 - database_manager - INFO - Verarbeite Datei 2414/2945: debates2021-12-06b.xml
2025-09-20 19:49:23,601 - database_manager - INFO - Parse debates XML-Datei: debates2021-12-06b.xml
2025-09-20 19:49:23,602 - database_manager - INFO - Debates XML erfolgreich geparst: 0 Debatten, 0 Reden, 0 Wörter
2025-09-20 19:49:23,602 - database_manager - INFO - Verarbeite Datei 2415/2945: debates2018-11-23a.xml
2025-09-20 19:49:23,602 - database_manager - INFO - Parse debates XML-Datei: debates2018-11-23a.xml
2025-09-20 19:49:23,603 - database_manager - INFO - Debates XML erfolgreich geparst: 0 Debatten, 0 Reden, 0 Wörter
2025-09-20 19:49:23,603 - database_manager - INFO - Verarbeite Datei 2416/2945: debates2015-10-14a.xml
2025-09-20 19:49:23,603 - database_manager - INFO - Parse debates XML-Datei: debates2015-10-14a.xml
2025-09-20 19:49:23,622 - database_manager - INFO - Debates XML erfolgreich geparst: 11 Debatten, 0 Reden, 0 Wörter
2025-09-20 19:49:23,622 - database_manager - INFO - Verarbeite Datei 2417/2945: debates2017-07-20a.xml
2025-09-20 19:49:23,622 - database_manager - INFO - Parse debates XML-Datei: debates2017-07-20a.xml
2025-09-20 19:49:23,623 - database_manager - INFO - Debates XML erfolgreich geparst: 0 Debatten, 0 Reden, 0 Wörter
2025-09-20 19:49:23,623 - database_manager - INFO - Verarbeite Datei 2418/2945: debates2019-01-10c.xml
2025-09-20 19:49:23,623 - database_manager - INFO - Parse debates XML-Datei: debates2019-01-10c.xml
2025-09-20 19:49:23,624 - database_manager - INFO - Debates XML erfolgreich geparst: 0 Debatten, 0 Reden, 0 Wörter
2025-09-20 19:49:23,624 - database_manager - INFO - Verarbeite Datei 2419/2945: debates2013-11-21a.xml
2025-09-20 19:49:23,624 - database_manager - INFO - Parse debates XML-Datei: debates2013-11-21a.xml
2025-09-20 19:49:23,638 - database_manager - INFO - Debates XML erfolgreich geparst: 20 Debatten, 0 Reden, 0 Wörter
2025-09-20 19:49:23,638 - database_manager - INFO - Verarbeite Datei 2420/2945: debates2020-07-20a.xml
2025-09-20 19:49:23,638 - database_manager - INFO - Parse debates XML-Datei: debates2020-07-20a.xml
2025-09-20 19:49:23,641 - database_manager - INFO - Debates XML erfolgreich geparst: 0 Debatten, 0 Reden, 0 Wörter
2025-09-20 19:49:23,641 - database_manager - INFO - Verarbeite Datei 2421/2945: debates2020-01-29c.xml
2025-09-20 19:49:23,641 - database_manager - INFO - Parse debates XML-Datei: debates2020-01-29c.xml
2025-09-20 19:49:23,643 - database_manager - INFO - Debates XML erfolgreich geparst: 0 Debatten, 0 Reden, 0 Wörter
2025-09-20 19:49:23,643 - database_manager - INFO - Verarbeite Datei 2422/2945: debates2016-12-06b.xml
2025-09-20 19:49:23,643 - database_manager - INFO - Parse debates XML-Datei: debates2016-12-06b.xml
2025-09-20 19:49:23,654 - database_manager - INFO - Debates XML erfolgreich geparst: 24 Debatten, 0 Reden, 0 Wörter
2025-09-20 19:49:23,654 - database_manager - INFO - Verarbeite Datei 2423/2945: debates2013-01-21a.xml
2025-09-20 19:49:23,654 - database_manager - INFO - Parse debates XML-Datei: debates2013-01-21a.xml
2025-09-20 19:49:23,671 - database_manager - INFO - Debates XML erfolgreich geparst: 23 Debatten, 0 Reden, 0 Wörter
2025-09-20 19:49:23,672 - database_manager - INFO - Verarbeite Datei 2424/2945: debates2020-07-21e.xml
2025-09-20 19:49:23,672 - database_manager - INFO - Parse debates XML-Datei: debates2020-07-21e.xml
2025-09-20 19:49:23,687 - database_manager - INFO - Debates XML erfolgreich geparst: 32 Debatten, 0 Reden, 0 Wörter
2025-09-20 19:49:23,688 - database_manager - INFO - Verarbeite Datei 2425/2945: debates2018-06-07c.xml
2025-09-20 19:49:23,688 - database_manager - INFO - Parse debates XML-Datei: debates2018-06-07c.xml
2025-09-20 19:49:23,702 - database_manager - INFO - Debates XML erfolgreich geparst: 25 Debatten, 0 Reden, 0 Wörter
2025-09-20 19:49:23,703 - database_manager - INFO - Verarbeite Datei 2426/2945: debates2018-03-12b.xml
2025-09-20 19:49:23,703 - database_manager - INFO - Parse debates XML-Datei: debates2018-03-12b.xml
2025-09-20 19:49:23,704 - database_manager - INFO - Debates XML erfolgreich geparst: 0 Debatten, 0 Reden, 0 Wörter
2025-09-20 19:49:23,704 - database_manager - INFO - Verarbeite Datei 2427/2945: debates2015-03-04a.xml
2025-09-20 19:49:23,704 - database_manager - INFO - Parse debates XML-Datei: debates2015-03-04a.xml
2025-09-20 19:49:23,705 - database_manager - INFO - Debates XML erfolgreich geparst: 0 Debatten, 0 Reden, 0 Wörter
2025-09-20 19:49:23,705 - database_manager - INFO - Verarbeite Datei 2428/2945: debates2021-11-16b.xml
2025-09-20 19:49:23,705 - database_manager - INFO - Parse debates XML-Datei: debates2021-11-16b.xml
2025-09-20 19:49:23,707 - database_manager - INFO - Debates XML erfolgreich geparst: 0 Debatten, 0 Reden, 0 Wörter
2025-09-20 19:49:23,707 - database_manager - INFO - Verarbeite Datei 2429/2945: debates2012-07-17b.xml
2025-09-20 19:49:23,707 - database_manager - INFO - Parse debates XML-Datei: debates2012-07-17b.xml
2025-09-20 19:49:23,721 - database_manager - INFO - Debates XML erfolgreich geparst: 19 Debatten, 0 Reden, 0 Wörter
2025-09-20 19:49:23,721 - database_manager - INFO - Verarbeite Datei 2430/2945: debates2020-05-11b.xml
2025-09-20 19:49:23,721 - database_manager - INFO - Parse debates XML-Datei: debates2020-05-11b.xml
2025-09-20 19:49:23,732 - database_manager - INFO - Debates XML erfolgreich geparst: 34 Debatten, 0 Reden, 0 Wörter
2025-09-20 19:49:23,732 - database_manager - INFO - Verarbeite Datei 2431/2945: debates2014-07-03a.xml
2025-09-20 19:49:23,732 - database_manager - INFO - Parse debates XML-Datei: debates2014-07-03a.xml
2025-09-20 19:49:23,746 - database_manager - INFO - Debates XML erfolgreich geparst: 21 Debatten, 0 Reden, 0 Wörter
2025-09-20 19:49:23,747 - database_manager - INFO - Verarbeite Datei 2432/2945: debates2019-04-09a.xml
2025-09-20 19:49:23,747 - database_manager - INFO - Parse debates XML-Datei: debates2019-04-09a.xml
2025-09-20 19:49:23,748 - database_manager - INFO - Debates XML erfolgreich geparst: 0 Debatten, 0 Reden, 0 Wörter
2025-09-20 19:49:23,748 - database_manager - INFO - Verarbeite Datei 2433/2945: debates2019-07-15b.xml
2025-09-20 19:49:23,748 - database_manager - INFO - Parse debates XML-Datei: debates2019-07-15b.xml
2025-09-20 19:49:23,760 - database_manager - INFO - Debates XML erfolgreich geparst: 25 Debatten, 0 Reden, 0 Wörter
2025-09-20 19:49:23,761 - database_manager - INFO - Verarbeite Datei 2434/2945: debates2015-02-09c.xml
2025-09-20 19:49:23,761 - database_manager - INFO - Parse debates XML-Datei: debates2015-02-09c.xml
2025-09-20 19:49:23,768 - database_manager - INFO - Debates XML erfolgreich geparst: 29 Debatten, 0 Reden, 0 Wörter
2025-09-20 19:49:23,768 - database_manager - INFO - Verarbeite Datei 2435/2945: debates2018-04-16b.xml
2025-09-20 19:49:23,768 - database_manager - INFO - Parse debates XML-Datei: debates2018-04-16b.xml
2025-09-20 19:49:23,786 - database_manager - INFO - Debates XML erfolgreich geparst: 17 Debatten, 0 Reden, 0 Wörter
2025-09-20 19:49:23,786 - database_manager - INFO - Verarbeite Datei 2436/2945: debates2017-01-09a.xml
2025-09-20 19:49:23,786 - database_manager - INFO - Parse debates XML-Datei: debates2017-01-09a.xml
2025-09-20 19:49:23,787 - database_manager - INFO - Debates XML erfolgreich geparst: 0 Debatten, 0 Reden, 0 Wörter
2025-09-20 19:49:23,787 - database_manager - INFO - Verarbeite Datei 2437/2945: debates2020-01-09a.xml
2025-09-20 19:49:23,787 - database_manager - INFO - Parse debates XML-Datei: debates2020-01-09a.xml
2025-09-20 19:49:23,788 - database_manager - INFO - Debates XML erfolgreich geparst: 0 Debatten, 0 Reden, 0 Wörter
2025-09-20 19:49:23,788 - database_manager - INFO - Verarbeite Datei 2438/2945: debates2019-01-30a.xml
2025-09-20 19:49:23,788 - database_manager - INFO - Parse debates XML-Datei: debates2019-01-30a.xml
2025-09-20 19:49:23,802 - database_manager - INFO - Debates XML erfolgreich geparst: 37 Debatten, 0 Reden, 0 Wörter
2025-09-20 19:49:23,803 - database_manager - INFO - Verarbeite Datei 2439/2945: debates2020-11-09a.xml
2025-09-20 19:49:23,803 - database_manager - INFO - Parse debates XML-Datei: debates2020-11-09a.xml
2025-09-20 19:49:23,804 - database_manager - INFO - Debates XML erfolgreich geparst: 0 Debatten, 0 Reden, 0 Wörter
2025-09-20 19:49:23,804 - database_manager - INFO - Verarbeite Datei 2440/2945: debates2013-07-08a.xml
2025-09-20 19:49:23,804 - database_manager - INFO - Parse debates XML-Datei: debates2013-07-08a.xml
2025-09-20 19:49:23,804 - database_manager - INFO - Debates XML erfolgreich geparst: 0 Debatten, 0 Reden, 0 Wörter
2025-09-20 19:49:23,805 - database_manager - INFO - Verarbeite Datei 2441/2945: debates2018-06-27a.xml
2025-09-20 19:49:23,805 - database_manager - INFO - Parse debates XML-Datei: debates2018-06-27a.xml
2025-09-20 19:49:23,819 - database_manager - INFO - Debates XML erfolgreich geparst: 15 Debatten, 0 Reden, 0 Wörter
2025-09-20 19:49:23,819 - database_manager - INFO - Verarbeite Datei 2442/2945: debates2017-12-19a.xml
2025-09-20 19:49:23,819 - database_manager - INFO - Parse debates XML-Datei: debates2017-12-19a.xml
2025-09-20 19:49:23,821 - database_manager - INFO - Debates XML erfolgreich geparst: 0 Debatten, 0 Reden, 0 Wörter
2025-09-20 19:49:23,821 - database_manager - INFO - Verarbeite Datei 2443/2945: debates2017-10-24a.xml
2025-09-20 19:49:23,821 - database_manager - INFO - Parse debates XML-Datei: debates2017-10-24a.xml
2025-09-20 19:49:23,836 - database_manager - INFO - Debates XML erfolgreich geparst: 17 Debatten, 0 Reden, 0 Wörter
2025-09-20 19:49:23,836 - database_manager - INFO - Verarbeite Datei 2444/2945: debates2012-02-22a.xml
2025-09-20 19:49:23,836 - database_manager - INFO - Parse debates XML-Datei: debates2012-02-22a.xml
2025-09-20 19:49:23,837 - database_manager - INFO - Debates XML erfolgreich geparst: 0 Debatten, 0 Reden, 0 Wörter
2025-09-20 19:49:23,837 - database_manager - INFO - Verarbeite Datei 2445/2945: debates2021-09-21b.xml
2025-09-20 19:49:23,837 - database_manager - INFO - Parse debates XML-Datei: debates2021-09-21b.xml
2025-09-20 19:49:23,838 - database_manager - INFO - Debates XML erfolgreich geparst: 0 Debatten, 0 Reden, 0 Wörter
2025-09-20 19:49:23,838 - database_manager - INFO - Verarbeite Datei 2446/2945: debates2019-04-29c.xml
2025-09-20 19:49:23,838 - database_manager - INFO - Parse debates XML-Datei: debates2019-04-29c.xml
2025-09-20 19:49:23,848 - database_manager - INFO - Debates XML erfolgreich geparst: 15 Debatten, 0 Reden, 0 Wörter
2025-09-20 19:49:23,849 - database_manager - INFO - Verarbeite Datei 2447/2945: debates2016-05-03f.xml
2025-09-20 19:49:23,849 - database_manager - INFO - Parse debates XML-Datei: debates2016-05-03f.xml
2025-09-20 19:49:23,864 - database_manager - INFO - Debates XML erfolgreich geparst: 26 Debatten, 0 Reden, 0 Wörter
2025-09-20 19:49:23,865 - database_manager - INFO - Verarbeite Datei 2448/2945: debates2014-03-17a.xml
2025-09-20 19:49:23,865 - database_manager - INFO - Parse debates XML-Datei: debates2014-03-17a.xml
2025-09-20 19:49:23,866 - database_manager - INFO - Debates XML erfolgreich geparst: 0 Debatten, 0 Reden, 0 Wörter
2025-09-20 19:49:23,866 - database_manager - INFO - Verarbeite Datei 2449/2945: debates2019-02-20a.xml
2025-09-20 19:49:23,866 - database_manager - INFO - Parse debates XML-Datei: debates2019-02-20a.xml
2025-09-20 19:49:23,867 - database_manager - INFO - Debates XML erfolgreich geparst: 0 Debatten, 0 Reden, 0 Wörter
2025-09-20 19:49:23,867 - database_manager - INFO - Verarbeite Datei 2450/2945: debates2013-07-04b.xml
2025-09-20 19:49:23,867 - database_manager - INFO - Parse debates XML-Datei: debates2013-07-04b.xml
2025-09-20 19:49:23,881 - database_manager - INFO - Debates XML erfolgreich geparst: 20 Debatten, 0 Reden, 0 Wörter
2025-09-20 19:49:23,881 - database_manager - INFO - Verarbeite Datei 2451/2945: debates2013-04-18a.xml
2025-09-20 19:49:23,881 - database_manager - INFO - Parse debates XML-Datei: debates2013-04-18a.xml
2025-09-20 19:49:23,883 - database_manager - INFO - Debates XML erfolgreich geparst: 0 Debatten, 0 Reden, 0 Wörter
2025-09-20 19:49:23,883 - database_manager - INFO - Verarbeite Datei 2452/2945: debates2013-06-25a.xml
2025-09-20 19:49:23,883 - database_manager - INFO - Parse debates XML-Datei: debates2013-06-25a.xml
2025-09-20 19:49:23,898 - database_manager - INFO - Debates XML erfolgreich geparst: 19 Debatten, 0 Reden, 0 Wörter
2025-09-20 19:49:23,898 - database_manager - INFO - Verarbeite Datei 2453/2945: debates2020-11-05b.xml
2025-09-20 19:49:23,898 - database_manager - INFO - Parse debates XML-Datei: debates2020-11-05b.xml
2025-09-20 19:49:23,899 - database_manager - INFO - Debates XML erfolgreich geparst: 0 Debatten, 0 Reden, 0 Wörter
2025-09-20 19:49:23,899 - database_manager - INFO - Verarbeite Datei 2454/2945: debates2019-12-20a.xml
2025-09-20 19:49:23,899 - database_manager - INFO - Parse debates XML-Datei: debates2019-12-20a.xml
2025-09-20 19:49:23,908 - database_manager - INFO - Debates XML erfolgreich geparst: 1 Debatten, 0 Reden, 0 Wörter
2025-09-20 19:49:23,908 - database_manager - INFO - Verarbeite Datei 2455/2945: debates2017-03-22a.xml
2025-09-20 19:49:23,908 - database_manager - INFO - Parse debates XML-Datei: debates2017-03-22a.xml
2025-09-20 19:49:23,909 - database_manager - INFO - Debates XML erfolgreich geparst: 0 Debatten, 0 Reden, 0 Wörter
2025-09-20 19:49:23,909 - database_manager - INFO - Verarbeite Datei 2456/2945: debates2015-09-14b.xml
2025-09-20 19:49:23,909 - database_manager - INFO - Parse debates XML-Datei: debates2015-09-14b.xml
2025-09-20 19:49:23,926 - database_manager - INFO - Debates XML erfolgreich geparst: 21 Debatten, 0 Reden, 0 Wörter
2025-09-20 19:49:23,926 - database_manager - INFO - Verarbeite Datei 2457/2945: debates2012-01-24a.xml
2025-09-20 19:49:23,926 - database_manager - INFO - Parse debates XML-Datei: debates2012-01-24a.xml
2025-09-20 19:49:23,928 - database_manager - INFO - Debates XML erfolgreich geparst: 0 Debatten, 0 Reden, 0 Wörter
2025-09-20 19:49:23,928 - database_manager - INFO - Verarbeite Datei 2458/2945: debates2012-03-19a.xml
2025-09-20 19:49:23,928 - database_manager - INFO - Parse debates XML-Datei: debates2012-03-19a.xml
2025-09-20 19:49:23,942 - database_manager - INFO - Debates XML erfolgreich geparst: 26 Debatten, 0 Reden, 0 Wörter
2025-09-20 19:49:23,942 - database_manager - INFO - Verarbeite Datei 2459/2945: debates2018-05-21a.xml
2025-09-20 19:49:23,942 - database_manager - INFO - Parse debates XML-Datei: debates2018-05-21a.xml
2025-09-20 19:49:23,957 - database_manager - INFO - Debates XML erfolgreich geparst: 29 Debatten, 0 Reden, 0 Wörter
2025-09-20 19:49:23,958 - database_manager - INFO - Verarbeite Datei 2460/2945: debates2018-03-28c.xml
2025-09-20 19:49:23,958 - database_manager - INFO - Parse debates XML-Datei: debates2018-03-28c.xml
2025-09-20 19:49:23,976 - database_manager - INFO - Debates XML erfolgreich geparst: 24 Debatten, 0 Reden, 0 Wörter
2025-09-20 19:49:23,976 - database_manager - INFO - Verarbeite Datei 2461/2945: debates2021-05-18a.xml
2025-09-20 19:49:23,976 - database_manager - INFO - Parse debates XML-Datei: debates2021-05-18a.xml
2025-09-20 19:49:23,978 - database_manager - INFO - Debates XML erfolgreich geparst: 0 Debatten, 0 Reden, 0 Wörter
2025-09-20 19:49:23,978 - database_manager - INFO - Verarbeite Datei 2462/2945: debates2019-10-07b.xml
2025-09-20 19:49:23,978 - database_manager - INFO - Parse debates XML-Datei: debates2019-10-07b.xml
2025-09-20 19:49:23,979 - database_manager - INFO - Debates XML erfolgreich geparst: 0 Debatten, 0 Reden, 0 Wörter
2025-09-20 19:49:23,979 - database_manager - INFO - Verarbeite Datei 2463/2945: debates2020-09-08c.xml
2025-09-20 19:49:23,979 - database_manager - INFO - Parse debates XML-Datei: debates2020-09-08c.xml
2025-09-20 19:49:23,980 - database_manager - INFO - Debates XML erfolgreich geparst: 0 Debatten, 0 Reden, 0 Wörter
2025-09-20 19:49:23,980 - database_manager - INFO - Verarbeite Datei 2464/2945: debates2016-05-18a.xml
2025-09-20 19:49:23,980 - database_manager - INFO - Parse debates XML-Datei: debates2016-05-18a.xml
2025-09-20 19:49:23,991 - database_manager - INFO - Debates XML erfolgreich geparst: 3 Debatten, 0 Reden, 0 Wörter
2025-09-20 19:49:23,991 - database_manager - INFO - Verarbeite Datei 2465/2945: debates2020-12-03b.xml
2025-09-20 19:49:23,992 - database_manager - INFO - Parse debates XML-Datei: debates2020-12-03b.xml
2025-09-20 19:49:23,992 - database_manager - INFO - Debates XML erfolgreich geparst: 0 Debatten, 0 Reden, 0 Wörter
2025-09-20 19:49:23,992 - database_manager - INFO - Verarbeite Datei 2466/2945: debates2014-01-30b.xml
2025-09-20 19:49:23,993 - database_manager - INFO - Parse debates XML-Datei: debates2014-01-30b.xml
2025-09-20 19:49:24,010 - database_manager - INFO - Debates XML erfolgreich geparst: 34 Debatten, 0 Reden, 0 Wörter
2025-09-20 19:49:24,010 - database_manager - INFO - Verarbeite Datei 2467/2945: debates2020-07-16c.xml
2025-09-20 19:49:24,010 - database_manager - INFO - Parse debates XML-Datei: debates2020-07-16c.xml
2025-09-20 19:49:24,026 - database_manager - INFO - Debates XML erfolgreich geparst: 17 Debatten, 0 Reden, 0 Wörter
2025-09-20 19:49:24,027 - database_manager - INFO - Verarbeite Datei 2468/2945: debates2020-02-03b.xml
2025-09-20 19:49:24,027 - database_manager - INFO - Parse debates XML-Datei: debates2020-02-03b.xml
2025-09-20 19:49:24,028 - database_manager - INFO - Debates XML erfolgreich geparst: 0 Debatten, 0 Reden, 0 Wörter
2025-09-20 19:49:24,028 - database_manager - INFO - Verarbeite Datei 2469/2945: debates2017-01-13b.xml
2025-09-20 19:49:24,028 - database_manager - INFO - Parse debates XML-Datei: debates2017-01-13b.xml
2025-09-20 19:49:24,029 - database_manager - INFO - Debates XML erfolgreich geparst: 0 Debatten, 0 Reden, 0 Wörter
2025-09-20 19:49:24,029 - database_manager - INFO - Verarbeite Datei 2470/2945: debates2021-01-21d.xml
2025-09-20 19:49:24,029 - database_manager - INFO - Parse debates XML-Datei: debates2021-01-21d.xml
2025-09-20 19:49:24,042 - database_manager - INFO - Debates XML erfolgreich geparst: 25 Debatten, 0 Reden, 0 Wörter
2025-09-20 19:49:24,043 - database_manager - INFO - Verarbeite Datei 2471/2945: debates2015-07-06a.xml
2025-09-20 19:49:24,043 - database_manager - INFO - Parse debates XML-Datei: debates2015-07-06a.xml
2025-09-20 19:49:24,044 - database_manager - INFO - Debates XML erfolgreich geparst: 0 Debatten, 0 Reden, 0 Wörter
2025-09-20 19:49:24,044 - database_manager - INFO - Verarbeite Datei 2472/2945: debates2017-11-13b.xml
2025-09-20 19:49:24,044 - database_manager - INFO - Parse debates XML-Datei: debates2017-11-13b.xml
2025-09-20 19:49:24,057 - database_manager - INFO - Debates XML erfolgreich geparst: 21 Debatten, 0 Reden, 0 Wörter
2025-09-20 19:49:24,058 - database_manager - INFO - Verarbeite Datei 2473/2945: debates2018-07-10b.xml
2025-09-20 19:49:24,058 - database_manager - INFO - Parse debates XML-Datei: debates2018-07-10b.xml
2025-09-20 19:49:24,071 - database_manager - INFO - Debates XML erfolgreich geparst: 22 Debatten, 0 Reden, 0 Wörter
2025-09-20 19:49:24,071 - database_manager - INFO - Verarbeite Datei 2474/2945: debates2021-06-08a.xml
2025-09-20 19:49:24,071 - database_manager - INFO - Parse debates XML-Datei: debates2021-06-08a.xml
2025-09-20 19:49:24,085 - database_manager - INFO - Debates XML erfolgreich geparst: 15 Debatten, 0 Reden, 0 Wörter
2025-09-20 19:49:24,085 - database_manager - INFO - Verarbeite Datei 2475/2945: debates2012-11-28b.xml
2025-09-20 19:49:24,085 - database_manager - INFO - Parse debates XML-Datei: debates2012-11-28b.xml
2025-09-20 19:49:24,102 - database_manager - INFO - Debates XML erfolgreich geparst: 22 Debatten, 0 Reden, 0 Wörter
2025-09-20 19:49:24,102 - database_manager - INFO - Verarbeite Datei 2476/2945: debates2018-02-05c.xml
2025-09-20 19:49:24,102 - database_manager - INFO - Parse debates XML-Datei: debates2018-02-05c.xml
2025-09-20 19:49:24,118 - database_manager - INFO - Debates XML erfolgreich geparst: 30 Debatten, 0 Reden, 0 Wörter
2025-09-20 19:49:24,118 - database_manager - INFO - Verarbeite Datei 2477/2945: debates2016-06-08a.xml
2025-09-20 19:49:24,118 - database_manager - INFO - Parse debates XML-Datei: debates2016-06-08a.xml
2025-09-20 19:49:24,133 - database_manager - INFO - Debates XML erfolgreich geparst: 13 Debatten, 0 Reden, 0 Wörter
2025-09-20 19:49:24,134 - database_manager - INFO - Verarbeite Datei 2478/2945: debates2019-07-22d.xml
2025-09-20 19:49:24,134 - database_manager - INFO - Parse debates XML-Datei: debates2019-07-22d.xml
2025-09-20 19:49:24,146 - database_manager - INFO - Debates XML erfolgreich geparst: 16 Debatten, 0 Reden, 0 Wörter
2025-09-20 19:49:24,146 - database_manager - INFO - Verarbeite Datei 2479/2945: debates2020-01-13b.xml
2025-09-20 19:49:24,146 - database_manager - INFO - Parse debates XML-Datei: debates2020-01-13b.xml
2025-09-20 19:49:24,159 - database_manager - INFO - Debates XML erfolgreich geparst: 10 Debatten, 0 Reden, 0 Wörter
2025-09-20 19:49:24,160 - database_manager - INFO - Verarbeite Datei 2480/2945: debates2021-07-05c.xml
2025-09-20 19:49:24,160 - database_manager - INFO - Parse debates XML-Datei: debates2021-07-05c.xml
2025-09-20 19:49:24,183 - database_manager - INFO - Debates XML erfolgreich geparst: 34 Debatten, 0 Reden, 0 Wörter
2025-09-20 19:49:24,183 - database_manager - INFO - Verarbeite Datei 2481/2945: debates2018-03-08a.xml
2025-09-20 19:49:24,183 - database_manager - INFO - Parse debates XML-Datei: debates2018-03-08a.xml
2025-09-20 19:49:24,184 - database_manager - INFO - Debates XML erfolgreich geparst: 0 Debatten, 0 Reden, 0 Wörter
2025-09-20 19:49:24,184 - database_manager - INFO - Verarbeite Datei 2482/2945: debates2021-02-10b.xml
2025-09-20 19:49:24,184 - database_manager - INFO - Parse debates XML-Datei: debates2021-02-10b.xml
2025-09-20 19:49:24,185 - database_manager - INFO - Debates XML erfolgreich geparst: 0 Debatten, 0 Reden, 0 Wörter
2025-09-20 19:49:24,185 - database_manager - INFO - Verarbeite Datei 2483/2945: debates2012-09-13a.xml
2025-09-20 19:49:24,185 - database_manager - INFO - Parse debates XML-Datei: debates2012-09-13a.xml
2025-09-20 19:49:24,200 - database_manager - INFO - Debates XML erfolgreich geparst: 21 Debatten, 0 Reden, 0 Wörter
2025-09-20 19:49:24,200 - database_manager - INFO - Verarbeite Datei 2484/2945: debates2020-09-28a.xml
2025-09-20 19:49:24,200 - database_manager - INFO - Parse debates XML-Datei: debates2020-09-28a.xml
2025-09-20 19:49:24,201 - database_manager - INFO - Debates XML erfolgreich geparst: 0 Debatten, 0 Reden, 0 Wörter
2025-09-20 19:49:24,201 - database_manager - INFO - Verarbeite Datei 2485/2945: debates2016-04-18d.xml
2025-09-20 19:49:24,201 - database_manager - INFO - Parse debates XML-Datei: debates2016-04-18d.xml
2025-09-20 19:49:24,214 - database_manager - INFO - Debates XML erfolgreich geparst: 16 Debatten, 0 Reden, 0 Wörter
2025-09-20 19:49:24,215 - database_manager - INFO - Verarbeite Datei 2486/2945: debates2020-03-02c.xml
2025-09-20 19:49:24,215 - database_manager - INFO - Parse debates XML-Datei: debates2020-03-02c.xml
2025-09-20 19:49:24,216 - database_manager - INFO - Debates XML erfolgreich geparst: 0 Debatten, 0 Reden, 0 Wörter
2025-09-20 19:49:24,216 - database_manager - INFO - Verarbeite Datei 2487/2945: debates2020-06-17b.xml
2025-09-20 19:49:24,216 - database_manager - INFO - Parse debates XML-Datei: debates2020-06-17b.xml
2025-09-20 19:49:24,217 - database_manager - INFO - Debates XML erfolgreich geparst: 0 Debatten, 0 Reden, 0 Wörter
2025-09-20 19:49:24,217 - database_manager - INFO - Verarbeite Datei 2488/2945: debates2013-10-16b.xml
2025-09-20 19:49:24,217 - database_manager - INFO - Parse debates XML-Datei: debates2013-10-16b.xml
2025-09-20 19:49:24,233 - database_manager - INFO - Debates XML erfolgreich geparst: 13 Debatten, 0 Reden, 0 Wörter
2025-09-20 19:49:24,233 - database_manager - INFO - Verarbeite Datei 2489/2945: debates2018-10-18a.xml
2025-09-20 19:49:24,233 - database_manager - INFO - Parse debates XML-Datei: debates2018-10-18a.xml
2025-09-20 19:49:24,234 - database_manager - INFO - Debates XML erfolgreich geparst: 0 Debatten, 0 Reden, 0 Wörter
2025-09-20 19:49:24,234 - database_manager - INFO - Verarbeite Datei 2490/2945: debates2017-04-26a.xml
2025-09-20 19:49:24,234 - database_manager - INFO - Parse debates XML-Datei: debates2017-04-26a.xml
2025-09-20 19:49:24,245 - database_manager - INFO - Debates XML erfolgreich geparst: 14 Debatten, 0 Reden, 0 Wörter
2025-09-20 19:49:24,245 - database_manager - INFO - Verarbeite Datei 2491/2945: debates2012-06-20a.xml
2025-09-20 19:49:24,245 - database_manager - INFO - Parse debates XML-Datei: debates2012-06-20a.xml
2025-09-20 19:49:24,263 - database_manager - INFO - Debates XML erfolgreich geparst: 42 Debatten, 0 Reden, 0 Wörter
2025-09-20 19:49:24,263 - database_manager - INFO - Verarbeite Datei 2492/2945: debates2021-10-21a.xml
2025-09-20 19:49:24,263 - database_manager - INFO - Parse debates XML-Datei: debates2021-10-21a.xml
2025-09-20 19:49:24,277 - database_manager - INFO - Debates XML erfolgreich geparst: 13 Debatten, 0 Reden, 0 Wörter
2025-09-20 19:49:24,278 - database_manager - INFO - Verarbeite Datei 2493/2945: debates2015-03-12a.xml
2025-09-20 19:49:24,278 - database_manager - INFO - Parse debates XML-Datei: debates2015-03-12a.xml
2025-09-20 19:49:24,279 - database_manager - INFO - Debates XML erfolgreich geparst: 0 Debatten, 0 Reden, 0 Wörter
2025-09-20 19:49:24,279 - database_manager - INFO - Verarbeite Datei 2494/2945: debates2021-04-15c.xml
2025-09-20 19:49:24,279 - database_manager - INFO - Parse debates XML-Datei: debates2021-04-15c.xml
2025-09-20 19:49:24,279 - database_manager - INFO - Debates XML erfolgreich geparst: 0 Debatten, 0 Reden, 0 Wörter
2025-09-20 19:49:24,279 - database_manager - INFO - Verarbeite Datei 2495/2945: debates2020-10-12c.xml
2025-09-20 19:49:24,279 - database_manager - INFO - Parse debates XML-Datei: debates2020-10-12c.xml
2025-09-20 19:49:24,280 - database_manager - INFO - Debates XML erfolgreich geparst: 0 Debatten, 0 Reden, 0 Wörter
2025-09-20 19:49:24,280 - database_manager - INFO - Verarbeite Datei 2496/2945: debates2013-02-27a.xml
2025-09-20 19:49:24,280 - database_manager - INFO - Parse debates XML-Datei: debates2013-02-27a.xml
2025-09-20 19:49:24,281 - database_manager - INFO - Debates XML erfolgreich geparst: 0 Debatten, 0 Reden, 0 Wörter
2025-09-20 19:49:24,281 - database_manager - INFO - Verarbeite Datei 2497/2945: debates2020-09-24b.xml
2025-09-20 19:49:24,281 - database_manager - INFO - Parse debates XML-Datei: debates2020-09-24b.xml
2025-09-20 19:49:24,282 - database_manager - INFO - Debates XML erfolgreich geparst: 0 Debatten, 0 Reden, 0 Wörter
2025-09-20 19:49:24,282 - database_manager - INFO - Verarbeite Datei 2498/2945: debates2019-07-03b.xml
2025-09-20 19:49:24,282 - database_manager - INFO - Parse debates XML-Datei: debates2019-07-03b.xml
2025-09-20 19:49:24,296 - database_manager - INFO - Debates XML erfolgreich geparst: 11 Debatten, 0 Reden, 0 Wörter
2025-09-20 19:49:24,297 - database_manager - INFO - Verarbeite Datei 2499/2945: debates2014-07-15a.xml
2025-09-20 19:49:24,297 - database_manager - INFO - Parse debates XML-Datei: debates2014-07-15a.xml
2025-09-20 19:49:24,317 - database_manager - INFO - Debates XML erfolgreich geparst: 50 Debatten, 0 Reden, 0 Wörter
2025-09-20 19:49:24,317 - database_manager - INFO - Verarbeite Datei 2500/2945: debates2014-04-09b.xml
2025-09-20 19:49:24,317 - database_manager - INFO - Parse debates XML-Datei: debates2014-04-09b.xml
2025-09-20 19:49:24,318 - database_manager - INFO - Debates XML erfolgreich geparst: 0 Debatten, 0 Reden, 0 Wörter
2025-09-20 19:49:24,318 - database_manager - INFO - Verarbeite Datei 2501/2945: debates2016-10-21a.xml
2025-09-20 19:49:24,318 - database_manager - INFO - Parse debates XML-Datei: debates2016-10-21a.xml
2025-09-20 19:49:24,319 - database_manager - INFO - Debates XML erfolgreich geparst: 0 Debatten, 0 Reden, 0 Wörter
2025-09-20 19:49:24,319 - database_manager - INFO - Verarbeite Datei 2502/2945: debates2014-04-09c.xml
2025-09-20 19:49:24,319 - database_manager - INFO - Parse debates XML-Datei: debates2014-04-09c.xml
2025-09-20 19:49:24,320 - database_manager - INFO - Debates XML erfolgreich geparst: 0 Debatten, 0 Reden, 0 Wörter
2025-09-20 19:49:24,320 - database_manager - INFO - Verarbeite Datei 2503/2945: debates2020-10-12b.xml
2025-09-20 19:49:24,320 - database_manager - INFO - Parse debates XML-Datei: debates2020-10-12b.xml
2025-09-20 19:49:24,322 - database_manager - INFO - Debates XML erfolgreich geparst: 0 Debatten, 0 Reden, 0 Wörter
2025-09-20 19:49:24,322 - database_manager - INFO - Verarbeite Datei 2504/2945: debates2013-06-13b.xml
2025-09-20 19:49:24,322 - database_manager - INFO - Parse debates XML-Datei: debates2013-06-13b.xml
2025-09-20 19:49:24,336 - database_manager - INFO - Debates XML erfolgreich geparst: 20 Debatten, 0 Reden, 0 Wörter
2025-09-20 19:49:24,336 - database_manager - INFO - Verarbeite Datei 2505/2945: debates2016-06-28b.xml
2025-09-20 19:49:24,336 - database_manager - INFO - Parse debates XML-Datei: debates2016-06-28b.xml
2025-09-20 19:49:24,353 - database_manager - INFO - Debates XML erfolgreich geparst: 47 Debatten, 0 Reden, 0 Wörter
2025-09-20 19:49:24,354 - database_manager - INFO - Verarbeite Datei 2506/2945: debates2020-09-24c.xml
2025-09-20 19:49:24,354 - database_manager - INFO - Parse debates XML-Datei: debates2020-09-24c.xml
2025-09-20 19:49:24,355 - database_manager - INFO - Debates XML erfolgreich geparst: 0 Debatten, 0 Reden, 0 Wörter
2025-09-20 19:49:24,355 - database_manager - INFO - Verarbeite Datei 2507/2945: debates2021-04-15b.xml
2025-09-20 19:49:24,355 - database_manager - INFO - Parse debates XML-Datei: debates2021-04-15b.xml
2025-09-20 19:49:24,359 - database_manager - INFO - Debates XML erfolgreich geparst: 0 Debatten, 0 Reden, 0 Wörter
2025-09-20 19:49:24,360 - database_manager - INFO - Verarbeite Datei 2508/2945: debates2012-11-08a.xml
2025-09-20 19:49:24,360 - database_manager - INFO - Parse debates XML-Datei: debates2012-11-08a.xml
2025-09-20 19:49:25,039 - database_manager - INFO - Debates XML erfolgreich geparst: 22 Debatten, 0 Reden, 0 Wörter
2025-09-20 19:49:25,039 - database_manager - INFO - Verarbeite Datei 2509/2945: debates2017-10-12b.xml
2025-09-20 19:49:25,039 - database_manager - INFO - Parse debates XML-Datei: debates2017-10-12b.xml
2025-09-20 19:49:25,054 - database_manager - INFO - Debates XML erfolgreich geparst: 18 Debatten, 0 Reden, 0 Wörter
2025-09-20 19:49:25,054 - database_manager - INFO - Verarbeite Datei 2510/2945: debates2020-03-02b.xml
2025-09-20 19:49:25,054 - database_manager - INFO - Parse debates XML-Datei: debates2020-03-02b.xml
2025-09-20 19:49:25,055 - database_manager - INFO - Debates XML erfolgreich geparst: 0 Debatten, 0 Reden, 0 Wörter
2025-09-20 19:49:25,055 - database_manager - INFO - Verarbeite Datei 2511/2945: debates2020-09-29d.xml
2025-09-20 19:49:25,055 - database_manager - INFO - Parse debates XML-Datei: debates2020-09-29d.xml
2025-09-20 19:49:25,074 - database_manager - INFO - Debates XML erfolgreich geparst: 47 Debatten, 0 Reden, 0 Wörter
2025-09-20 19:49:25,075 - database_manager - INFO - Verarbeite Datei 2512/2945: debates2020-06-17c.xml
2025-09-20 19:49:25,075 - database_manager - INFO - Parse debates XML-Datei: debates2020-06-17c.xml
2025-09-20 19:49:25,077 - database_manager - INFO - Debates XML erfolgreich geparst: 0 Debatten, 0 Reden, 0 Wörter
2025-09-20 19:49:25,077 - database_manager - INFO - Verarbeite Datei 2513/2945: debates2013-04-22a.xml
2025-09-20 19:49:25,077 - database_manager - INFO - Parse debates XML-Datei: debates2013-04-22a.xml
2025-09-20 19:49:25,090 - database_manager - INFO - Debates XML erfolgreich geparst: 24 Debatten, 0 Reden, 0 Wörter
2025-09-20 19:49:25,090 - database_manager - INFO - Verarbeite Datei 2514/2945: debates2016-04-19a.xml
2025-09-20 19:49:25,091 - database_manager - INFO - Parse debates XML-Datei: debates2016-04-19a.xml
2025-09-20 19:49:25,092 - database_manager - INFO - Debates XML erfolgreich geparst: 0 Debatten, 0 Reden, 0 Wörter
2025-09-20 19:49:25,092 - database_manager - INFO - Verarbeite Datei 2515/2945: debates2014-11-10a.xml
2025-09-20 19:49:25,092 - database_manager - INFO - Parse debates XML-Datei: debates2014-11-10a.xml
2025-09-20 19:49:25,093 - database_manager - INFO - Debates XML erfolgreich geparst: 0 Debatten, 0 Reden, 0 Wörter
2025-09-20 19:49:25,093 - database_manager - INFO - Verarbeite Datei 2516/2945: debates2012-10-25a.xml
2025-09-20 19:49:25,093 - database_manager - INFO - Parse debates XML-Datei: debates2012-10-25a.xml
2025-09-20 19:49:25,108 - database_manager - INFO - Debates XML erfolgreich geparst: 21 Debatten, 0 Reden, 0 Wörter
2025-09-20 19:49:25,109 - database_manager - INFO - Verarbeite Datei 2517/2945: debates2012-12-18a.xml
2025-09-20 19:49:25,109 - database_manager - INFO - Parse debates XML-Datei: debates2012-12-18a.xml
2025-09-20 19:49:25,110 - database_manager - INFO - Debates XML erfolgreich geparst: 0 Debatten, 0 Reden, 0 Wörter
2025-09-20 19:49:25,110 - database_manager - INFO - Verarbeite Datei 2518/2945: debates2021-06-24a.xml
2025-09-20 19:49:25,110 - database_manager - INFO - Parse debates XML-Datei: debates2021-06-24a.xml
2025-09-20 19:49:25,110 - database_manager - INFO - Debates XML erfolgreich geparst: 0 Debatten, 0 Reden, 0 Wörter
2025-09-20 19:49:25,110 - database_manager - INFO - Verarbeite Datei 2519/2945: debates2021-04-19a.xml
2025-09-20 19:49:25,110 - database_manager - INFO - Parse debates XML-Datei: debates2021-04-19a.xml
2025-09-20 19:49:25,112 - database_manager - INFO - Debates XML erfolgreich geparst: 0 Debatten, 0 Reden, 0 Wörter
2025-09-20 19:49:25,112 - database_manager - INFO - Verarbeite Datei 2520/2945: debates2021-07-05b.xml
2025-09-20 19:49:25,112 - database_manager - INFO - Parse debates XML-Datei: debates2021-07-05b.xml
2025-09-20 19:49:25,112 - database_manager - INFO - Debates XML erfolgreich geparst: 0 Debatten, 0 Reden, 0 Wörter
2025-09-20 19:49:25,112 - database_manager - INFO - Verarbeite Datei 2521/2945: debates2018-05-01b.xml
2025-09-20 19:49:25,112 - database_manager - INFO - Parse debates XML-Datei: debates2018-05-01b.xml
2025-09-20 19:49:25,129 - database_manager - INFO - Debates XML erfolgreich geparst: 50 Debatten, 0 Reden, 0 Wörter
2025-09-20 19:49:25,130 - database_manager - INFO - Verarbeite Datei 2522/2945: debates2021-02-10c.xml
2025-09-20 19:49:25,130 - database_manager - INFO - Parse debates XML-Datei: debates2021-02-10c.xml
2025-09-20 19:49:25,144 - database_manager - INFO - Debates XML erfolgreich geparst: 15 Debatten, 0 Reden, 0 Wörter
2025-09-20 19:49:25,145 - database_manager - INFO - Verarbeite Datei 2523/2945: debates2017-02-23a.xml
2025-09-20 19:49:25,145 - database_manager - INFO - Parse debates XML-Datei: debates2017-02-23a.xml
2025-09-20 19:49:25,146 - database_manager - INFO - Debates XML erfolgreich geparst: 0 Debatten, 0 Reden, 0 Wörter
2025-09-20 19:49:25,146 - database_manager - INFO - Verarbeite Datei 2524/2945: debates2019-07-23a.xml
2025-09-20 19:49:25,146 - database_manager - INFO - Parse debates XML-Datei: debates2019-07-23a.xml
2025-09-20 19:49:25,155 - database_manager - INFO - Debates XML erfolgreich geparst: 23 Debatten, 0 Reden, 0 Wörter
2025-09-20 19:49:25,155 - database_manager - INFO - Verarbeite Datei 2525/2945: debates2014-04-29a.xml
2025-09-20 19:49:25,155 - database_manager - INFO - Parse debates XML-Datei: debates2014-04-29a.xml
2025-09-20 19:49:25,156 - database_manager - INFO - Debates XML erfolgreich geparst: 0 Debatten, 0 Reden, 0 Wörter
2025-09-20 19:49:25,156 - database_manager - INFO - Verarbeite Datei 2526/2945: debates2013-03-26a.xml
2025-09-20 19:49:25,156 - database_manager - INFO - Parse debates XML-Datei: debates2013-03-26a.xml
2025-09-20 19:49:25,157 - database_manager - INFO - Debates XML erfolgreich geparst: 0 Debatten, 0 Reden, 0 Wörter
2025-09-20 19:49:25,157 - database_manager - INFO - Verarbeite Datei 2527/2945: debates2016-01-20a.xml
2025-09-20 19:49:25,157 - database_manager - INFO - Parse debates XML-Datei: debates2016-01-20a.xml
2025-09-20 19:49:25,158 - database_manager - INFO - Debates XML erfolgreich geparst: 5 Debatten, 0 Reden, 0 Wörter
2025-09-20 19:49:25,158 - database_manager - INFO - Verarbeite Datei 2528/2945: debates2021-01-20a.xml
2025-09-20 19:49:25,158 - database_manager - INFO - Parse debates XML-Datei: debates2021-01-20a.xml
2025-09-20 19:49:25,160 - database_manager - INFO - Debates XML erfolgreich geparst: 0 Debatten, 0 Reden, 0 Wörter
2025-09-20 19:49:25,160 - database_manager - INFO - Verarbeite Datei 2529/2945: debates2018-02-05b.xml
2025-09-20 19:49:25,160 - database_manager - INFO - Parse debates XML-Datei: debates2018-02-05b.xml
2025-09-20 19:49:25,161 - database_manager - INFO - Debates XML erfolgreich geparst: 0 Debatten, 0 Reden, 0 Wörter
2025-09-20 19:49:25,161 - database_manager - INFO - Verarbeite Datei 2530/2945: debates2018-01-19a.xml
2025-09-20 19:49:25,161 - database_manager - INFO - Parse debates XML-Datei: debates2018-01-19a.xml
2025-09-20 19:49:25,167 - database_manager - INFO - Debates XML erfolgreich geparst: 3 Debatten, 0 Reden, 0 Wörter
2025-09-20 19:49:25,167 - database_manager - INFO - Verarbeite Datei 2531/2945: debates2017-01-13c.xml
2025-09-20 19:49:25,167 - database_manager - INFO - Parse debates XML-Datei: debates2017-01-13c.xml
2025-09-20 19:49:25,175 - database_manager - INFO - Debates XML erfolgreich geparst: 3 Debatten, 0 Reden, 0 Wörter
2025-09-20 19:49:25,175 - database_manager - INFO - Verarbeite Datei 2532/2945: debates2018-11-19a.xml
2025-09-20 19:49:25,175 - database_manager - INFO - Parse debates XML-Datei: debates2018-11-19a.xml
2025-09-20 19:49:25,176 - database_manager - INFO - Debates XML erfolgreich geparst: 0 Debatten, 0 Reden, 0 Wörter
2025-09-20 19:49:25,176 - database_manager - INFO - Verarbeite Datei 2533/2945: debates2018-12-05b.xml
2025-09-20 19:49:25,176 - database_manager - INFO - Parse debates XML-Datei: debates2018-12-05b.xml
2025-09-20 19:49:25,194 - database_manager - INFO - Debates XML erfolgreich geparst: 15 Debatten, 0 Reden, 0 Wörter
2025-09-20 19:49:25,194 - database_manager - INFO - Verarbeite Datei 2534/2945: debates2020-07-16b.xml
2025-09-20 19:49:25,194 - database_manager - INFO - Parse debates XML-Datei: debates2020-07-16b.xml
2025-09-20 19:49:25,195 - database_manager - INFO - Debates XML erfolgreich geparst: 0 Debatten, 0 Reden, 0 Wörter
2025-09-20 19:49:25,195 - database_manager - INFO - Verarbeite Datei 2535/2945: debates2020-09-09f.xml
2025-09-20 19:49:25,195 - database_manager - INFO - Parse debates XML-Datei: debates2020-09-09f.xml
2025-09-20 19:49:25,210 - database_manager - INFO - Debates XML erfolgreich geparst: 13 Debatten, 0 Reden, 0 Wörter
2025-09-20 19:49:25,211 - database_manager - INFO - Verarbeite Datei 2536/2945: debates2014-06-18b.xml
2025-09-20 19:49:25,211 - database_manager - INFO - Parse debates XML-Datei: debates2014-06-18b.xml
2025-09-20 19:49:25,226 - database_manager - INFO - Debates XML erfolgreich geparst: 15 Debatten, 0 Reden, 0 Wörter
2025-09-20 19:49:25,227 - database_manager - INFO - Verarbeite Datei 2537/2945: debates2020-02-03c.xml
2025-09-20 19:49:25,227 - database_manager - INFO - Parse debates XML-Datei: debates2020-02-03c.xml
2025-09-20 19:49:25,228 - database_manager - INFO - Debates XML erfolgreich geparst: 0 Debatten, 0 Reden, 0 Wörter
2025-09-20 19:49:25,228 - database_manager - INFO - Verarbeite Datei 2538/2945: debates2020-09-08b.xml
2025-09-20 19:49:25,228 - database_manager - INFO - Parse debates XML-Datei: debates2020-09-08b.xml
2025-09-20 19:49:25,229 - database_manager - INFO - Debates XML erfolgreich geparst: 0 Debatten, 0 Reden, 0 Wörter
2025-09-20 19:49:25,229 - database_manager - INFO - Verarbeite Datei 2539/2945: debates2019-10-07c.xml
2025-09-20 19:49:25,229 - database_manager - INFO - Parse debates XML-Datei: debates2019-10-07c.xml
2025-09-20 19:49:25,243 - database_manager - INFO - Debates XML erfolgreich geparst: 29 Debatten, 0 Reden, 0 Wörter
2025-09-20 19:49:25,243 - database_manager - INFO - Verarbeite Datei 2540/2945: debates2020-12-03c.xml
2025-09-20 19:49:25,243 - database_manager - INFO - Parse debates XML-Datei: debates2020-12-03c.xml
2025-09-20 19:49:25,244 - database_manager - INFO - Debates XML erfolgreich geparst: 0 Debatten, 0 Reden, 0 Wörter
2025-09-20 19:49:25,244 - database_manager - INFO - Verarbeite Datei 2541/2945: debates2016-03-11b.xml
2025-09-20 19:49:25,244 - database_manager - INFO - Parse debates XML-Datei: debates2016-03-11b.xml
2025-09-20 19:49:25,269 - database_manager - INFO - Debates XML erfolgreich geparst: 2 Debatten, 0 Reden, 0 Wörter
2025-09-20 19:49:25,270 - database_manager - INFO - Verarbeite Datei 2542/2945: debates2021-03-11b.xml
2025-09-20 19:49:25,270 - database_manager - INFO - Parse debates XML-Datei: debates2021-03-11b.xml
2025-09-20 19:49:25,302 - database_manager - INFO - Debates XML erfolgreich geparst: 19 Debatten, 0 Reden, 0 Wörter
2025-09-20 19:49:25,302 - database_manager - INFO - Verarbeite Datei 2543/2945: debates2018-03-28b.xml
2025-09-20 19:49:25,302 - database_manager - INFO - Parse debates XML-Datei: debates2018-03-28b.xml
2025-09-20 19:49:25,304 - database_manager - INFO - Debates XML erfolgreich geparst: 0 Debatten, 0 Reden, 0 Wörter
2025-09-20 19:49:25,304 - database_manager - INFO - Verarbeite Datei 2544/2945: debates2018-01-15b.xml
2025-09-20 19:49:25,304 - database_manager - INFO - Parse debates XML-Datei: debates2018-01-15b.xml
2025-09-20 19:49:25,316 - database_manager - INFO - Debates XML erfolgreich geparst: 20 Debatten, 0 Reden, 0 Wörter
2025-09-20 19:49:25,317 - database_manager - INFO - Verarbeite Datei 2545/2945: debates2012-05-10b.xml
2025-09-20 19:49:25,317 - database_manager - INFO - Parse debates XML-Datei: debates2012-05-10b.xml
2025-09-20 19:49:25,331 - database_manager - INFO - Debates XML erfolgreich geparst: 13 Debatten, 0 Reden, 0 Wörter
2025-09-20 19:49:25,331 - database_manager - INFO - Verarbeite Datei 2546/2945: debates2021-05-19d.xml
2025-09-20 19:49:25,331 - database_manager - INFO - Parse debates XML-Datei: debates2021-05-19d.xml
2025-09-20 19:49:25,348 - database_manager - INFO - Debates XML erfolgreich geparst: 13 Debatten, 0 Reden, 0 Wörter
2025-09-20 19:49:25,349 - database_manager - INFO - Verarbeite Datei 2547/2945: debates2015-11-03a.xml
2025-09-20 19:49:25,349 - database_manager - INFO - Parse debates XML-Datei: debates2015-11-03a.xml
2025-09-20 19:49:25,350 - database_manager - INFO - Debates XML erfolgreich geparst: 0 Debatten, 0 Reden, 0 Wörter
2025-09-20 19:49:25,350 - database_manager - INFO - Verarbeite Datei 2548/2945: debates2015-10-22b.xml
2025-09-20 19:49:25,350 - database_manager - INFO - Parse debates XML-Datei: debates2015-10-22b.xml
2025-09-20 19:49:25,368 - database_manager - INFO - Debates XML erfolgreich geparst: 20 Debatten, 0 Reden, 0 Wörter
2025-09-20 19:49:25,369 - database_manager - INFO - Verarbeite Datei 2549/2945: debates2020-11-05c.xml
2025-09-20 19:49:25,369 - database_manager - INFO - Parse debates XML-Datei: debates2020-11-05c.xml
2025-09-20 19:49:25,383 - database_manager - INFO - Debates XML erfolgreich geparst: 19 Debatten, 0 Reden, 0 Wörter
2025-09-20 19:49:25,383 - database_manager - INFO - Verarbeite Datei 2550/2945: debates2013-02-11b.xml
2025-09-20 19:49:25,383 - database_manager - INFO - Parse debates XML-Datei: debates2013-02-11b.xml
2025-09-20 19:49:25,399 - database_manager - INFO - Debates XML erfolgreich geparst: 22 Debatten, 0 Reden, 0 Wörter
2025-09-20 19:49:25,400 - database_manager - INFO - Verarbeite Datei 2551/2945: debates2019-04-29b.xml
2025-09-20 19:49:25,400 - database_manager - INFO - Parse debates XML-Datei: debates2019-04-29b.xml
2025-09-20 19:49:25,400 - database_manager - INFO - Debates XML erfolgreich geparst: 0 Debatten, 0 Reden, 0 Wörter
2025-09-20 19:49:25,400 - database_manager - INFO - Verarbeite Datei 2552/2945: debates2019-05-08a.xml
2025-09-20 19:49:25,400 - database_manager - INFO - Parse debates XML-Datei: debates2019-05-08a.xml
2025-09-20 19:49:25,411 - database_manager - INFO - Debates XML erfolgreich geparst: 14 Debatten, 0 Reden, 0 Wörter
2025-09-20 19:49:25,411 - database_manager - INFO - Verarbeite Datei 2553/2945: debates2021-09-21c.xml
2025-09-20 19:49:25,411 - database_manager - INFO - Parse debates XML-Datei: debates2021-09-21c.xml
2025-09-20 19:49:25,426 - database_manager - INFO - Debates XML erfolgreich geparst: 12 Debatten, 0 Reden, 0 Wörter
2025-09-20 19:49:25,426 - database_manager - INFO - Verarbeite Datei 2554/2945: debates2015-02-05a.xml
2025-09-20 19:49:25,426 - database_manager - INFO - Parse debates XML-Datei: debates2015-02-05a.xml
2025-09-20 19:49:25,441 - database_manager - INFO - Debates XML erfolgreich geparst: 14 Debatten, 0 Reden, 0 Wörter
2025-09-20 19:49:25,441 - database_manager - INFO - Verarbeite Datei 2555/2945: debates2017-09-12a.xml
2025-09-20 19:49:25,441 - database_manager - INFO - Parse debates XML-Datei: debates2017-09-12a.xml
2025-09-20 19:49:25,462 - database_manager - INFO - Debates XML erfolgreich geparst: 18 Debatten, 0 Reden, 0 Wörter
2025-09-20 19:49:25,463 - database_manager - INFO - Verarbeite Datei 2556/2945: debates2016-03-07b.xml
2025-09-20 19:49:25,463 - database_manager - INFO - Parse debates XML-Datei: debates2016-03-07b.xml
2025-09-20 19:49:25,475 - database_manager - INFO - Debates XML erfolgreich geparst: 17 Debatten, 0 Reden, 0 Wörter
2025-09-20 19:49:25,476 - database_manager - INFO - Verarbeite Datei 2557/2945: debates2016-02-26a.xml
2025-09-20 19:49:25,476 - database_manager - INFO - Parse debates XML-Datei: debates2016-02-26a.xml
2025-09-20 19:49:25,478 - database_manager - INFO - Debates XML erfolgreich geparst: 0 Debatten, 0 Reden, 0 Wörter
2025-09-20 19:49:25,478 - database_manager - INFO - Verarbeite Datei 2558/2945: debates2020-01-08d.xml
2025-09-20 19:49:25,478 - database_manager - INFO - Parse debates XML-Datei: debates2020-01-08d.xml
2025-09-20 19:49:25,499 - database_manager - INFO - Debates XML erfolgreich geparst: 37 Debatten, 0 Reden, 0 Wörter
2025-09-20 19:49:25,500 - database_manager - INFO - Verarbeite Datei 2559/2945: debates2019-06-18a.xml
2025-09-20 19:49:25,500 - database_manager - INFO - Parse debates XML-Datei: debates2019-06-18a.xml
2025-09-20 19:49:25,501 - database_manager - INFO - Debates XML erfolgreich geparst: 0 Debatten, 0 Reden, 0 Wörter
2025-09-20 19:49:25,501 - database_manager - INFO - Verarbeite Datei 2560/2945: debates2019-04-25a.xml
2025-09-20 19:49:25,501 - database_manager - INFO - Parse debates XML-Datei: debates2019-04-25a.xml
2025-09-20 19:49:25,502 - database_manager - INFO - Debates XML erfolgreich geparst: 0 Debatten, 0 Reden, 0 Wörter
2025-09-20 19:49:25,502 - database_manager - INFO - Verarbeite Datei 2561/2945: debates2014-05-12a.xml
2025-09-20 19:49:25,502 - database_manager - INFO - Parse debates XML-Datei: debates2014-05-12a.xml
2025-09-20 19:49:25,503 - database_manager - INFO - Debates XML erfolgreich geparst: 0 Debatten, 0 Reden, 0 Wörter
2025-09-20 19:49:25,503 - database_manager - INFO - Verarbeite Datei 2562/2945: debates2018-10-22a.xml
2025-09-20 19:49:25,503 - database_manager - INFO - Parse debates XML-Datei: debates2018-10-22a.xml
2025-09-20 19:49:25,503 - database_manager - INFO - Debates XML erfolgreich geparst: 0 Debatten, 0 Reden, 0 Wörter
2025-09-20 19:49:25,503 - database_manager - INFO - Verarbeite Datei 2563/2945: debates2017-06-21a.xml
2025-09-20 19:49:25,504 - database_manager - INFO - Parse debates XML-Datei: debates2017-06-21a.xml
2025-09-20 19:49:25,517 - database_manager - INFO - Debates XML erfolgreich geparst: 5 Debatten, 0 Reden, 0 Wörter
2025-09-20 19:49:25,517 - database_manager - INFO - Verarbeite Datei 2564/2945: debates2015-12-09b.xml
2025-09-20 19:49:25,517 - database_manager - INFO - Parse debates XML-Datei: debates2015-12-09b.xml
2025-09-20 19:49:25,533 - database_manager - INFO - Debates XML erfolgreich geparst: 18 Debatten, 0 Reden, 0 Wörter
2025-09-20 19:49:25,533 - database_manager - INFO - Verarbeite Datei 2565/2945: debates2015-01-15a.xml
2025-09-20 19:49:25,533 - database_manager - INFO - Parse debates XML-Datei: debates2015-01-15a.xml
2025-09-20 19:49:25,534 - database_manager - INFO - Debates XML erfolgreich geparst: 0 Debatten, 0 Reden, 0 Wörter
2025-09-20 19:49:25,534 - database_manager - INFO - Verarbeite Datei 2566/2945: debates2015-02-09b.xml
2025-09-20 19:49:25,534 - database_manager - INFO - Parse debates XML-Datei: debates2015-02-09b.xml
2025-09-20 19:49:25,535 - database_manager - INFO - Debates XML erfolgreich geparst: 0 Debatten, 0 Reden, 0 Wörter
2025-09-20 19:49:25,535 - database_manager - INFO - Verarbeite Datei 2567/2945: debates2019-04-08d.xml
2025-09-20 19:49:25,535 - database_manager - INFO - Parse debates XML-Datei: debates2019-04-08d.xml
2025-09-20 19:49:25,551 - database_manager - INFO - Debates XML erfolgreich geparst: 21 Debatten, 0 Reden, 0 Wörter
2025-09-20 19:49:25,552 - database_manager - INFO - Verarbeite Datei 2568/2945: debates2014-12-16a.xml
2025-09-20 19:49:25,552 - database_manager - INFO - Parse debates XML-Datei: debates2014-12-16a.xml
2025-09-20 19:49:25,567 - database_manager - INFO - Debates XML erfolgreich geparst: 36 Debatten, 0 Reden, 0 Wörter
2025-09-20 19:49:25,567 - database_manager - INFO - Verarbeite Datei 2569/2945: debates2013-06-05b.xml
2025-09-20 19:49:25,567 - database_manager - INFO - Parse debates XML-Datei: debates2013-06-05b.xml
2025-09-20 19:49:25,583 - database_manager - INFO - Debates XML erfolgreich geparst: 13 Debatten, 0 Reden, 0 Wörter
2025-09-20 19:49:25,584 - database_manager - INFO - Verarbeite Datei 2570/2945: debates2020-11-25a.xml
2025-09-20 19:49:25,584 - database_manager - INFO - Parse debates XML-Datei: debates2020-11-25a.xml
2025-09-20 19:49:25,585 - database_manager - INFO - Debates XML erfolgreich geparst: 0 Debatten, 0 Reden, 0 Wörter
2025-09-20 19:49:25,585 - database_manager - INFO - Verarbeite Datei 2571/2945: debates2019-03-21a.xml
2025-09-20 19:49:25,585 - database_manager - INFO - Parse debates XML-Datei: debates2019-03-21a.xml
2025-09-20 19:49:25,599 - database_manager - INFO - Debates XML erfolgreich geparst: 19 Debatten, 0 Reden, 0 Wörter
2025-09-20 19:49:25,600 - database_manager - INFO - Verarbeite Datei 2572/2945: debates2020-03-18a.xml
2025-09-20 19:49:25,600 - database_manager - INFO - Parse debates XML-Datei: debates2020-03-18a.xml
2025-09-20 19:49:25,614 - database_manager - INFO - Debates XML erfolgreich geparst: 18 Debatten, 0 Reden, 0 Wörter
2025-09-20 19:49:25,614 - database_manager - INFO - Verarbeite Datei 2573/2945: debates2017-01-25a.xml
2025-09-20 19:49:25,614 - database_manager - INFO - Parse debates XML-Datei: debates2017-01-25a.xml
2025-09-20 19:49:25,615 - database_manager - INFO - Debates XML erfolgreich geparst: 0 Debatten, 0 Reden, 0 Wörter
2025-09-20 19:49:25,615 - database_manager - INFO - Verarbeite Datei 2574/2945: debates2021-11-16c.xml
2025-09-20 19:49:25,615 - database_manager - INFO - Parse debates XML-Datei: debates2021-11-16c.xml
2025-09-20 19:49:25,616 - database_manager - INFO - Debates XML erfolgreich geparst: 0 Debatten, 0 Reden, 0 Wörter
2025-09-20 19:49:25,616 - database_manager - INFO - Verarbeite Datei 2575/2945: debates2012-03-23a.xml
2025-09-20 19:49:25,616 - database_manager - INFO - Parse debates XML-Datei: debates2012-03-23a.xml
2025-09-20 19:49:25,616 - database_manager - INFO - Debates XML erfolgreich geparst: 0 Debatten, 0 Reden, 0 Wörter
2025-09-20 19:49:25,616 - database_manager - INFO - Verarbeite Datei 2576/2945: debates2018-06-07b.xml
2025-09-20 19:49:25,616 - database_manager - INFO - Parse debates XML-Datei: debates2018-06-07b.xml
2025-09-20 19:49:25,617 - database_manager - INFO - Debates XML erfolgreich geparst: 0 Debatten, 0 Reden, 0 Wörter
2025-09-20 19:49:25,618 - database_manager - INFO - Verarbeite Datei 2577/2945: debates2015-06-11a.xml
2025-09-20 19:49:25,618 - database_manager - INFO - Parse debates XML-Datei: debates2015-06-11a.xml
2025-09-20 19:49:25,619 - database_manager - INFO - Debates XML erfolgreich geparst: 0 Debatten, 0 Reden, 0 Wörter
2025-09-20 19:49:25,619 - database_manager - INFO - Verarbeite Datei 2578/2945: debates2018-03-12c.xml
2025-09-20 19:49:25,619 - database_manager - INFO - Parse debates XML-Datei: debates2018-03-12c.xml
2025-09-20 19:49:25,632 - database_manager - INFO - Debates XML erfolgreich geparst: 21 Debatten, 0 Reden, 0 Wörter
2025-09-20 19:49:25,632 - database_manager - INFO - Verarbeite Datei 2579/2945: debates2014-11-06a.xml
2025-09-20 19:49:25,632 - database_manager - INFO - Parse debates XML-Datei: debates2014-11-06a.xml
2025-09-20 19:49:25,633 - database_manager - INFO - Debates XML erfolgreich geparst: 0 Debatten, 0 Reden, 0 Wörter
2025-09-20 19:49:25,633 - database_manager - INFO - Verarbeite Datei 2580/2945: debates2016-07-13b.xml
2025-09-20 19:49:25,633 - database_manager - INFO - Parse debates XML-Datei: debates2016-07-13b.xml
2025-09-20 19:49:25,646 - database_manager - INFO - Debates XML erfolgreich geparst: 16 Debatten, 0 Reden, 0 Wörter
2025-09-20 19:49:25,647 - database_manager - INFO - Verarbeite Datei 2581/2945: debates2014-10-27b.xml
2025-09-20 19:49:25,647 - database_manager - INFO - Parse debates XML-Datei: debates2014-10-27b.xml
2025-09-20 19:49:25,664 - database_manager - INFO - Debates XML erfolgreich geparst: 23 Debatten, 0 Reden, 0 Wörter
2025-09-20 19:49:25,665 - database_manager - INFO - Verarbeite Datei 2582/2945: debates2019-10-31a.xml
2025-09-20 19:49:25,665 - database_manager - INFO - Parse debates XML-Datei: debates2019-10-31a.xml
2025-09-20 19:49:25,678 - database_manager - INFO - Debates XML erfolgreich geparst: 29 Debatten, 0 Reden, 0 Wörter
2025-09-20 19:49:25,678 - database_manager - INFO - Verarbeite Datei 2583/2945: debates2020-10-08a.xml
2025-09-20 19:49:25,678 - database_manager - INFO - Parse debates XML-Datei: debates2020-10-08a.xml
2025-09-20 19:49:25,679 - database_manager - INFO - Debates XML erfolgreich geparst: 0 Debatten, 0 Reden, 0 Wörter
2025-09-20 19:49:25,679 - database_manager - INFO - Verarbeite Datei 2584/2945: debates2013-05-15b.xml
2025-09-20 19:49:25,679 - database_manager - INFO - Parse debates XML-Datei: debates2013-05-15b.xml
2025-09-20 19:49:25,696 - database_manager - INFO - Debates XML erfolgreich geparst: 16 Debatten, 0 Reden, 0 Wörter
2025-09-20 19:49:25,697 - database_manager - INFO - Verarbeite Datei 2585/2945: debates2020-07-21d.xml
2025-09-20 19:49:25,697 - database_manager - INFO - Parse debates XML-Datei: debates2020-07-21d.xml
2025-09-20 19:49:25,697 - database_manager - INFO - Debates XML erfolgreich geparst: 0 Debatten, 0 Reden, 0 Wörter
2025-09-20 19:49:25,697 - database_manager - INFO - Verarbeite Datei 2586/2945: debates2019-01-10b.xml
2025-09-20 19:49:25,698 - database_manager - INFO - Parse debates XML-Datei: debates2019-01-10b.xml
2025-09-20 19:49:25,698 - database_manager - INFO - Debates XML erfolgreich geparst: 0 Debatten, 0 Reden, 0 Wörter
2025-09-20 19:49:25,698 - database_manager - INFO - Verarbeite Datei 2587/2945: debates2014-01-06a.xml
2025-09-20 19:49:25,698 - database_manager - INFO - Parse debates XML-Datei: debates2014-01-06a.xml
2025-09-20 19:49:25,715 - database_manager - INFO - Debates XML erfolgreich geparst: 33 Debatten, 0 Reden, 0 Wörter
2025-09-20 19:49:25,716 - database_manager - INFO - Verarbeite Datei 2588/2945: debates2020-01-29b.xml
2025-09-20 19:49:25,716 - database_manager - INFO - Parse debates XML-Datei: debates2020-01-29b.xml
2025-09-20 19:49:25,717 - database_manager - INFO - Debates XML erfolgreich geparst: 0 Debatten, 0 Reden, 0 Wörter
2025-09-20 19:49:25,718 - database_manager - INFO - Verarbeite Datei 2589/2945: debates2021-12-06c.xml
2025-09-20 19:49:25,718 - database_manager - INFO - Parse debates XML-Datei: debates2021-12-06c.xml
2025-09-20 19:49:25,735 - database_manager - INFO - Debates XML erfolgreich geparst: 23 Debatten, 0 Reden, 0 Wörter
2025-09-20 19:49:25,736 - database_manager - INFO - Verarbeite Datei 2590/2945: debates2017-03-14b.xml
2025-09-20 19:49:25,736 - database_manager - INFO - Parse debates XML-Datei: debates2017-03-14b.xml
2025-09-20 19:49:25,760 - database_manager - INFO - Debates XML erfolgreich geparst: 39 Debatten, 0 Reden, 0 Wörter
2025-09-20 19:49:25,761 - database_manager - INFO - Verarbeite Datei 2591/2945: debates2012-01-12b.xml
2025-09-20 19:49:25,761 - database_manager - INFO - Parse debates XML-Datei: debates2012-01-12b.xml
2025-09-20 19:49:25,776 - database_manager - INFO - Debates XML erfolgreich geparst: 22 Debatten, 0 Reden, 0 Wörter
2025-09-20 19:49:25,777 - database_manager - INFO - Verarbeite Datei 2592/2945: debates2017-11-29b.xml
2025-09-20 19:49:25,777 - database_manager - INFO - Parse debates XML-Datei: debates2017-11-29b.xml
2025-09-20 19:49:25,778 - database_manager - INFO - Debates XML erfolgreich geparst: 0 Debatten, 0 Reden, 0 Wörter
2025-09-20 19:49:25,778 - database_manager - INFO - Verarbeite Datei 2593/2945: debates2021-07-13b.xml
2025-09-20 19:49:25,778 - database_manager - INFO - Parse debates XML-Datei: debates2021-07-13b.xml
2025-09-20 19:49:25,779 - database_manager - INFO - Debates XML erfolgreich geparst: 0 Debatten, 0 Reden, 0 Wörter
2025-09-20 19:49:25,779 - database_manager - INFO - Verarbeite Datei 2594/2945: debates2016-07-12b.xml
2025-09-20 19:49:25,779 - database_manager - INFO - Parse debates XML-Datei: debates2016-07-12b.xml
2025-09-20 19:49:25,792 - database_manager - INFO - Debates XML erfolgreich geparst: 19 Debatten, 0 Reden, 0 Wörter
2025-09-20 19:49:25,793 - database_manager - INFO - Verarbeite Datei 2595/2945: debates2014-11-07a.xml
2025-09-20 19:49:25,793 - database_manager - INFO - Parse debates XML-Datei: debates2014-11-07a.xml
2025-09-20 19:49:25,802 - database_manager - INFO - Debates XML erfolgreich geparst: 7 Debatten, 0 Reden, 0 Wörter
2025-09-20 19:49:25,802 - database_manager - INFO - Verarbeite Datei 2596/2945: debates2019-10-30a.xml
2025-09-20 19:49:25,802 - database_manager - INFO - Parse debates XML-Datei: debates2019-10-30a.xml
2025-09-20 19:49:25,817 - database_manager - INFO - Debates XML erfolgreich geparst: 12 Debatten, 0 Reden, 0 Wörter
2025-09-20 19:49:25,817 - database_manager - INFO - Verarbeite Datei 2597/2945: debates2014-01-07a.xml
2025-09-20 19:49:25,817 - database_manager - INFO - Parse debates XML-Datei: debates2014-01-07a.xml
2025-09-20 19:49:25,818 - database_manager - INFO - Debates XML erfolgreich geparst: 0 Debatten, 0 Reden, 0 Wörter
2025-09-20 19:49:25,818 - database_manager - INFO - Verarbeite Datei 2598/2945: debates2020-01-28b.xml
2025-09-20 19:49:25,818 - database_manager - INFO - Parse debates XML-Datei: debates2020-01-28b.xml
2025-09-20 19:49:25,819 - database_manager - INFO - Debates XML erfolgreich geparst: 0 Debatten, 0 Reden, 0 Wörter
2025-09-20 19:49:25,819 - database_manager - INFO - Verarbeite Datei 2599/2945: debates2021-12-07c.xml
2025-09-20 19:49:25,819 - database_manager - INFO - Parse debates XML-Datei: debates2021-12-07c.xml
2025-09-20 19:49:25,840 - database_manager - INFO - Debates XML erfolgreich geparst: 36 Debatten, 0 Reden, 0 Wörter
2025-09-20 19:49:25,840 - database_manager - INFO - Verarbeite Datei 2600/2945: debates2017-03-15b.xml
2025-09-20 19:49:25,840 - database_manager - INFO - Parse debates XML-Datei: debates2017-03-15b.xml
2025-09-20 19:49:25,841 - database_manager - INFO - Debates XML erfolgreich geparst: 0 Debatten, 0 Reden, 0 Wörter
2025-09-20 19:49:25,841 - database_manager - INFO - Verarbeite Datei 2601/2945: debates2017-11-28b.xml
2025-09-20 19:49:25,841 - database_manager - INFO - Parse debates XML-Datei: debates2017-11-28b.xml
2025-09-20 19:49:25,859 - database_manager - INFO - Debates XML erfolgreich geparst: 28 Debatten, 0 Reden, 0 Wörter
2025-09-20 19:49:25,859 - database_manager - INFO - Verarbeite Datei 2602/2945: debates2017-10-09a.xml
2025-09-20 19:49:25,859 - database_manager - INFO - Parse debates XML-Datei: debates2017-10-09a.xml
2025-09-20 19:49:25,860 - database_manager - INFO - Debates XML erfolgreich geparst: 0 Debatten, 0 Reden, 0 Wörter
2025-09-20 19:49:25,860 - database_manager - INFO - Verarbeite Datei 2603/2945: debates2018-05-16b.xml
2025-09-20 19:49:25,860 - database_manager - INFO - Parse debates XML-Datei: debates2018-05-16b.xml
2025-09-20 19:49:25,875 - database_manager - INFO - Debates XML erfolgreich geparst: 9 Debatten, 0 Reden, 0 Wörter
2025-09-20 19:49:25,875 - database_manager - INFO - Verarbeite Datei 2604/2945: debates2017-07-20d.xml
2025-09-20 19:49:25,875 - database_manager - INFO - Parse debates XML-Datei: debates2017-07-20d.xml
2025-09-20 19:49:25,889 - database_manager - INFO - Debates XML erfolgreich geparst: 19 Debatten, 0 Reden, 0 Wörter
2025-09-20 19:49:25,890 - database_manager - INFO - Verarbeite Datei 2605/2945: debates2021-07-12b.xml
2025-09-20 19:49:25,890 - database_manager - INFO - Parse debates XML-Datei: debates2021-07-12b.xml
2025-09-20 19:49:25,891 - database_manager - INFO - Debates XML erfolgreich geparst: 0 Debatten, 0 Reden, 0 Wörter
2025-09-20 19:49:25,891 - database_manager - INFO - Verarbeite Datei 2606/2945: debates2016-05-23a.xml
2025-09-20 19:49:25,891 - database_manager - INFO - Parse debates XML-Datei: debates2016-05-23a.xml
2025-09-20 19:49:25,901 - database_manager - INFO - Debates XML erfolgreich geparst: 2 Debatten, 0 Reden, 0 Wörter
2025-09-20 19:49:25,902 - database_manager - INFO - Verarbeite Datei 2607/2945: debates2014-12-17a.xml
2025-09-20 19:49:25,902 - database_manager - INFO - Parse debates XML-Datei: debates2014-12-17a.xml
2025-09-20 19:49:25,903 - database_manager - INFO - Debates XML erfolgreich geparst: 0 Debatten, 0 Reden, 0 Wörter
2025-09-20 19:49:25,903 - database_manager - INFO - Verarbeite Datei 2608/2945: debates2020-11-24a.xml
2025-09-20 19:49:25,903 - database_manager - INFO - Parse debates XML-Datei: debates2020-11-24a.xml
2025-09-20 19:49:25,904 - database_manager - INFO - Debates XML erfolgreich geparst: 0 Debatten, 0 Reden, 0 Wörter
2025-09-20 19:49:25,904 - database_manager - INFO - Verarbeite Datei 2609/2945: debates2020-10-05b.xml
2025-09-20 19:49:25,904 - database_manager - INFO - Parse debates XML-Datei: debates2020-10-05b.xml
2025-09-20 19:49:25,918 - database_manager - INFO - Debates XML erfolgreich geparst: 20 Debatten, 0 Reden, 0 Wörter
2025-09-20 19:49:25,918 - database_manager - INFO - Verarbeite Datei 2610/2945: debates2013-06-04b.xml
2025-09-20 19:49:25,918 - database_manager - INFO - Parse debates XML-Datei: debates2013-06-04b.xml
2025-09-20 19:49:25,933 - database_manager - INFO - Debates XML erfolgreich geparst: 25 Debatten, 0 Reden, 0 Wörter
2025-09-20 19:49:25,933 - database_manager - INFO - Verarbeite Datei 2611/2945: debates2019-03-20a.xml
2025-09-20 19:49:25,933 - database_manager - INFO - Parse debates XML-Datei: debates2019-03-20a.xml
2025-09-20 19:49:25,935 - database_manager - INFO - Debates XML erfolgreich geparst: 0 Debatten, 0 Reden, 0 Wörter
2025-09-20 19:49:25,935 - database_manager - INFO - Verarbeite Datei 2612/2945: debates2020-03-19a.xml
2025-09-20 19:49:25,935 - database_manager - INFO - Parse debates XML-Datei: debates2020-03-19a.xml
2025-09-20 19:49:25,949 - database_manager - INFO - Debates XML erfolgreich geparst: 20 Debatten, 0 Reden, 0 Wörter
2025-09-20 19:49:25,949 - database_manager - INFO - Verarbeite Datei 2613/2945: debates2017-01-24a.xml
2025-09-20 19:49:25,949 - database_manager - INFO - Parse debates XML-Datei: debates2017-01-24a.xml
2025-09-20 19:49:25,950 - database_manager - INFO - Debates XML erfolgreich geparst: 0 Debatten, 0 Reden, 0 Wörter
2025-09-20 19:49:25,950 - database_manager - INFO - Verarbeite Datei 2614/2945: debates2021-11-17c.xml
2025-09-20 19:49:25,950 - database_manager - INFO - Parse debates XML-Datei: debates2021-11-17c.xml
2025-09-20 19:49:25,951 - database_manager - INFO - Debates XML erfolgreich geparst: 0 Debatten, 0 Reden, 0 Wörter
2025-09-20 19:49:25,951 - database_manager - INFO - Verarbeite Datei 2615/2945: debates2012-07-16c.xml
2025-09-20 19:49:25,951 - database_manager - INFO - Parse debates XML-Datei: debates2012-07-16c.xml
2025-09-20 19:49:25,952 - database_manager - INFO - Debates XML erfolgreich geparst: 0 Debatten, 0 Reden, 0 Wörter
2025-09-20 19:49:25,952 - database_manager - INFO - Verarbeite Datei 2616/2945: debates2012-03-22a.xml
2025-09-20 19:49:25,952 - database_manager - INFO - Parse debates XML-Datei: debates2012-03-22a.xml
2025-09-20 19:49:25,953 - database_manager - INFO - Debates XML erfolgreich geparst: 0 Debatten, 0 Reden, 0 Wörter
2025-09-20 19:49:25,953 - database_manager - INFO - Verarbeite Datei 2617/2945: debates2018-06-06b.xml
2025-09-20 19:49:25,953 - database_manager - INFO - Parse debates XML-Datei: debates2018-06-06b.xml
2025-09-20 19:49:25,967 - database_manager - INFO - Debates XML erfolgreich geparst: 12 Debatten, 0 Reden, 0 Wörter
2025-09-20 19:49:25,967 - database_manager - INFO - Verarbeite Datei 2618/2945: debates2015-06-10a.xml
2025-09-20 19:49:25,967 - database_manager - INFO - Parse debates XML-Datei: debates2015-06-10a.xml
2025-09-20 19:49:25,969 - database_manager - INFO - Debates XML erfolgreich geparst: 0 Debatten, 0 Reden, 0 Wörter
2025-09-20 19:49:25,969 - database_manager - INFO - Verarbeite Datei 2619/2945: debates2015-02-24c.xml
2025-09-20 19:49:25,969 - database_manager - INFO - Parse debates XML-Datei: debates2015-02-24c.xml
2025-09-20 19:49:25,982 - database_manager - INFO - Debates XML erfolgreich geparst: 34 Debatten, 0 Reden, 0 Wörter
2025-09-20 19:49:25,982 - database_manager - INFO - Verarbeite Datei 2620/2945: debates2018-03-13c.xml
2025-09-20 19:49:25,982 - database_manager - INFO - Parse debates XML-Datei: debates2018-03-13c.xml
2025-09-20 19:49:25,997 - database_manager - INFO - Debates XML erfolgreich geparst: 16 Debatten, 0 Reden, 0 Wörter
2025-09-20 19:49:25,998 - database_manager - INFO - Verarbeite Datei 2621/2945: debates2019-09-26b.xml
2025-09-20 19:49:25,998 - database_manager - INFO - Parse debates XML-Datei: debates2019-09-26b.xml
2025-09-20 19:49:25,999 - database_manager - INFO - Debates XML erfolgreich geparst: 0 Debatten, 0 Reden, 0 Wörter
2025-09-20 19:49:25,999 - database_manager - INFO - Verarbeite Datei 2622/2945: debates2019-04-24a.xml
2025-09-20 19:49:25,999 - database_manager - INFO - Parse debates XML-Datei: debates2019-04-24a.xml
2025-09-20 19:49:26,000 - database_manager - INFO - Debates XML erfolgreich geparst: 0 Debatten, 0 Reden, 0 Wörter
2025-09-20 19:49:26,000 - database_manager - INFO - Verarbeite Datei 2623/2945: debates2019-06-19a.xml
2025-09-20 19:49:26,000 - database_manager - INFO - Parse debates XML-Datei: debates2019-06-19a.xml
2025-09-20 19:49:26,011 - database_manager - INFO - Debates XML erfolgreich geparst: 17 Debatten, 0 Reden, 0 Wörter
2025-09-20 19:49:26,011 - database_manager - INFO - Verarbeite Datei 2624/2945: debates2014-05-13a.xml
2025-09-20 19:49:26,011 - database_manager - INFO - Parse debates XML-Datei: debates2014-05-13a.xml
2025-09-20 19:49:26,031 - database_manager - INFO - Debates XML erfolgreich geparst: 44 Debatten, 0 Reden, 0 Wörter
2025-09-20 19:49:26,032 - database_manager - INFO - Verarbeite Datei 2625/2945: debates2020-07-01b.xml
2025-09-20 19:49:26,032 - database_manager - INFO - Parse debates XML-Datei: debates2020-07-01b.xml
2025-09-20 19:49:26,035 - database_manager - INFO - Debates XML erfolgreich geparst: 5 Debatten, 0 Reden, 0 Wörter
2025-09-20 19:49:26,035 - database_manager - INFO - Verarbeite Datei 2626/2945: debates2013-10-21a.xml
2025-09-20 19:49:26,035 - database_manager - INFO - Parse debates XML-Datei: debates2013-10-21a.xml
2025-09-20 19:49:26,049 - database_manager - INFO - Debates XML erfolgreich geparst: 18 Debatten, 0 Reden, 0 Wörter
2025-09-20 19:49:26,050 - database_manager - INFO - Verarbeite Datei 2627/2945: debates2018-10-23a.xml
2025-09-20 19:49:26,050 - database_manager - INFO - Parse debates XML-Datei: debates2018-10-23a.xml
2025-09-20 19:49:26,051 - database_manager - INFO - Debates XML erfolgreich geparst: 0 Debatten, 0 Reden, 0 Wörter
2025-09-20 19:49:26,051 - database_manager - INFO - Verarbeite Datei 2628/2945: debates2012-04-26a.xml
2025-09-20 19:49:26,051 - database_manager - INFO - Parse debates XML-Datei: debates2012-04-26a.xml
2025-09-20 19:49:26,066 - database_manager - INFO - Debates XML erfolgreich geparst: 23 Debatten, 0 Reden, 0 Wörter
2025-09-20 19:49:26,066 - database_manager - INFO - Verarbeite Datei 2629/2945: debates2015-01-14a.xml
2025-09-20 19:49:26,066 - database_manager - INFO - Parse debates XML-Datei: debates2015-01-14a.xml
2025-09-20 19:49:26,081 - database_manager - INFO - Debates XML erfolgreich geparst: 15 Debatten, 0 Reden, 0 Wörter
2025-09-20 19:49:26,082 - database_manager - INFO - Verarbeite Datei 2630/2945: debates2020-11-04c.xml
2025-09-20 19:49:26,082 - database_manager - INFO - Parse debates XML-Datei: debates2020-11-04c.xml
2025-09-20 19:49:26,082 - database_manager - INFO - Debates XML erfolgreich geparst: 0 Debatten, 0 Reden, 0 Wörter
2025-09-20 19:49:26,082 - database_manager - INFO - Verarbeite Datei 2631/2945: debates2016-05-03c.xml
2025-09-20 19:49:26,082 - database_manager - INFO - Parse debates XML-Datei: debates2016-05-03c.xml
2025-09-20 19:49:26,085 - database_manager - INFO - Debates XML erfolgreich geparst: 0 Debatten, 0 Reden, 0 Wörter
2025-09-20 19:49:26,085 - database_manager - INFO - Verarbeite Datei 2632/2945: debates2014-07-22b.xml
2025-09-20 19:49:26,085 - database_manager - INFO - Parse debates XML-Datei: debates2014-07-22b.xml
2025-09-20 19:49:26,086 - database_manager - INFO - Debates XML erfolgreich geparst: 0 Debatten, 0 Reden, 0 Wörter
2025-09-20 19:49:26,086 - database_manager - INFO - Verarbeite Datei 2633/2945: debates2019-05-09a.xml
2025-09-20 19:49:26,086 - database_manager - INFO - Parse debates XML-Datei: debates2019-05-09a.xml
2025-09-20 19:49:26,087 - database_manager - INFO - Debates XML erfolgreich geparst: 0 Debatten, 0 Reden, 0 Wörter
2025-09-20 19:49:26,087 - database_manager - INFO - Verarbeite Datei 2634/2945: debates2013-12-10b.xml
2025-09-20 19:49:26,087 - database_manager - INFO - Parse debates XML-Datei: debates2013-12-10b.xml
2025-09-20 19:49:26,100 - database_manager - INFO - Debates XML erfolgreich geparst: 31 Debatten, 0 Reden, 0 Wörter
2025-09-20 19:49:26,100 - database_manager - INFO - Verarbeite Datei 2635/2945: debates2015-12-04a.xml
2025-09-20 19:49:26,100 - database_manager - INFO - Parse debates XML-Datei: debates2015-12-04a.xml
2025-09-20 19:49:26,101 - database_manager - INFO - Debates XML erfolgreich geparst: 0 Debatten, 0 Reden, 0 Wörter
2025-09-20 19:49:26,101 - database_manager - INFO - Verarbeite Datei 2636/2945: debates2018-12-12b.xml
2025-09-20 19:49:26,101 - database_manager - INFO - Parse debates XML-Datei: debates2018-12-12b.xml
2025-09-20 19:49:26,111 - database_manager - INFO - Debates XML erfolgreich geparst: 12 Debatten, 0 Reden, 0 Wörter
2025-09-20 19:49:26,112 - database_manager - INFO - Verarbeite Datei 2637/2945: debates2015-03-25b.xml
2025-09-20 19:49:26,112 - database_manager - INFO - Parse debates XML-Datei: debates2015-03-25b.xml
2025-09-20 19:49:26,128 - database_manager - INFO - Debates XML erfolgreich geparst: 37 Debatten, 0 Reden, 0 Wörter
2025-09-20 19:49:26,129 - database_manager - INFO - Verarbeite Datei 2638/2945: debates2015-02-04a.xml
2025-09-20 19:49:26,129 - database_manager - INFO - Parse debates XML-Datei: debates2015-02-04a.xml
2025-09-20 19:49:26,130 - database_manager - INFO - Debates XML erfolgreich geparst: 0 Debatten, 0 Reden, 0 Wörter
2025-09-20 19:49:26,130 - database_manager - INFO - Verarbeite Datei 2639/2945: debates2017-09-13a.xml
2025-09-20 19:49:26,130 - database_manager - INFO - Parse debates XML-Datei: debates2017-09-13a.xml
2025-09-20 19:49:26,131 - database_manager - INFO - Debates XML erfolgreich geparst: 0 Debatten, 0 Reden, 0 Wörter
2025-09-20 19:49:26,131 - database_manager - INFO - Verarbeite Datei 2640/2945: debates2020-09-09b.xml
2025-09-20 19:49:26,131 - database_manager - INFO - Parse debates XML-Datei: debates2020-09-09b.xml
2025-09-20 19:49:26,132 - database_manager - INFO - Debates XML erfolgreich geparst: 0 Debatten, 0 Reden, 0 Wörter
2025-09-20 19:49:26,132 - database_manager - INFO - Verarbeite Datei 2641/2945: debates2019-09-30b.xml
2025-09-20 19:49:26,132 - database_manager - INFO - Parse debates XML-Datei: debates2019-09-30b.xml
2025-09-20 19:49:26,140 - database_manager - INFO - Debates XML erfolgreich geparst: 4 Debatten, 0 Reden, 0 Wörter
2025-09-20 19:49:26,140 - database_manager - INFO - Verarbeite Datei 2642/2945: debates2014-09-26a.xml
2025-09-20 19:49:26,140 - database_manager - INFO - Parse debates XML-Datei: debates2014-09-26a.xml
2025-09-20 19:49:26,153 - database_manager - INFO - Debates XML erfolgreich geparst: 1 Debatten, 0 Reden, 0 Wörter
2025-09-20 19:49:26,153 - database_manager - INFO - Verarbeite Datei 2643/2945: debates2016-03-10b.xml
2025-09-20 19:49:26,153 - database_manager - INFO - Parse debates XML-Datei: debates2016-03-10b.xml
2025-09-20 19:49:26,169 - database_manager - INFO - Debates XML erfolgreich geparst: 20 Debatten, 0 Reden, 0 Wörter
2025-09-20 19:49:26,170 - database_manager - INFO - Verarbeite Datei 2644/2945: debates2021-03-10b.xml
2025-09-20 19:49:26,170 - database_manager - INFO - Parse debates XML-Datei: debates2021-03-10b.xml
2025-09-20 19:49:26,183 - database_manager - INFO - Debates XML erfolgreich geparst: 15 Debatten, 0 Reden, 0 Wörter
2025-09-20 19:49:26,184 - database_manager - INFO - Verarbeite Datei 2645/2945: debates2018-02-08a.xml
2025-09-20 19:49:26,184 - database_manager - INFO - Parse debates XML-Datei: debates2018-02-08a.xml
2025-09-20 19:49:26,184 - database_manager - INFO - Debates XML erfolgreich geparst: 0 Debatten, 0 Reden, 0 Wörter
2025-09-20 19:49:26,184 - database_manager - INFO - Verarbeite Datei 2646/2945: debates2018-03-29b.xml
2025-09-20 19:49:26,185 - database_manager - INFO - Parse debates XML-Datei: debates2018-03-29b.xml
2025-09-20 19:49:26,200 - database_manager - INFO - Debates XML erfolgreich geparst: 24 Debatten, 0 Reden, 0 Wörter
2025-09-20 19:49:26,200 - database_manager - INFO - Verarbeite Datei 2647/2945: debates2012-04-30a.xml
2025-09-20 19:49:26,200 - database_manager - INFO - Parse debates XML-Datei: debates2012-04-30a.xml
2025-09-20 19:49:26,217 - database_manager - INFO - Debates XML erfolgreich geparst: 27 Debatten, 0 Reden, 0 Wörter
2025-09-20 19:49:26,218 - database_manager - INFO - Verarbeite Datei 2648/2945: debates2017-07-17b.xml
2025-09-20 19:49:26,218 - database_manager - INFO - Parse debates XML-Datei: debates2017-07-17b.xml
2025-09-20 19:49:26,219 - database_manager - INFO - Debates XML erfolgreich geparst: 0 Debatten, 0 Reden, 0 Wörter
2025-09-20 19:49:26,219 - database_manager - INFO - Verarbeite Datei 2649/2945: debates2015-11-02a.xml
2025-09-20 19:49:26,219 - database_manager - INFO - Parse debates XML-Datei: debates2015-11-02a.xml
2025-09-20 19:49:26,220 - database_manager - INFO - Debates XML erfolgreich geparst: 0 Debatten, 0 Reden, 0 Wörter
2025-09-20 19:49:26,220 - database_manager - INFO - Verarbeite Datei 2650/2945: debates2015-10-23b.xml
2025-09-20 19:49:26,220 - database_manager - INFO - Parse debates XML-Datei: debates2015-10-23b.xml
2025-09-20 19:49:26,228 - database_manager - INFO - Debates XML erfolgreich geparst: 4 Debatten, 0 Reden, 0 Wörter
2025-09-20 19:49:26,229 - database_manager - INFO - Verarbeite Datei 2651/2945: debates2018-11-14b.xml
2025-09-20 19:49:26,229 - database_manager - INFO - Parse debates XML-Datei: debates2018-11-14b.xml
2025-09-20 19:49:26,233 - database_manager - INFO - Debates XML erfolgreich geparst: 0 Debatten, 0 Reden, 0 Wörter
2025-09-20 19:49:26,233 - database_manager - INFO - Verarbeite Datei 2652/2945: debates2019-07-22a.xml
2025-09-20 19:49:26,233 - database_manager - INFO - Parse debates XML-Datei: debates2019-07-22a.xml
2025-09-20 19:49:26,234 - database_manager - INFO - Debates XML erfolgreich geparst: 0 Debatten, 0 Reden, 0 Wörter
2025-09-20 19:49:26,234 - database_manager - INFO - Verarbeite Datei 2653/2945: debates2016-11-21a.xml
2025-09-20 19:49:26,234 - database_manager - INFO - Parse debates XML-Datei: debates2016-11-21a.xml
2025-09-20 19:49:26,235 - database_manager - INFO - Debates XML erfolgreich geparst: 0 Debatten, 0 Reden, 0 Wörter
2025-09-20 19:49:26,235 - database_manager - INFO - Verarbeite Datei 2654/2945: debates2014-04-28a.xml
2025-09-20 19:49:26,235 - database_manager - INFO - Parse debates XML-Datei: debates2014-04-28a.xml
2025-09-20 19:49:26,253 - database_manager - INFO - Debates XML erfolgreich geparst: 23 Debatten, 0 Reden, 0 Wörter
2025-09-20 19:49:26,254 - database_manager - INFO - Verarbeite Datei 2655/2945: debates2016-01-21a.xml
2025-09-20 19:49:26,254 - database_manager - INFO - Parse debates XML-Datei: debates2016-01-21a.xml
2025-09-20 19:49:26,255 - database_manager - INFO - Debates XML erfolgreich geparst: 3 Debatten, 0 Reden, 0 Wörter
2025-09-20 19:49:26,255 - database_manager - INFO - Verarbeite Datei 2656/2945: debates2021-01-21a.xml
2025-09-20 19:49:26,255 - database_manager - INFO - Parse debates XML-Datei: debates2021-01-21a.xml
2025-09-20 19:49:26,255 - database_manager - INFO - Debates XML erfolgreich geparst: 0 Debatten, 0 Reden, 0 Wörter
2025-09-20 19:49:26,256 - database_manager - INFO - Verarbeite Datei 2657/2945: debates2018-07-11c.xml
2025-09-20 19:49:26,256 - database_manager - INFO - Parse debates XML-Datei: debates2018-07-11c.xml
2025-09-20 19:49:26,271 - database_manager - INFO - Debates XML erfolgreich geparst: 13 Debatten, 0 Reden, 0 Wörter
2025-09-20 19:49:26,272 - database_manager - INFO - Verarbeite Datei 2658/2945: debates2015-02-12a.xml
2025-09-20 19:49:26,272 - database_manager - INFO - Parse debates XML-Datei: debates2015-02-12a.xml
2025-09-20 19:49:26,285 - database_manager - INFO - Debates XML erfolgreich geparst: 19 Debatten, 0 Reden, 0 Wörter
2025-09-20 19:49:26,286 - database_manager - INFO - Verarbeite Datei 2659/2945: debates2017-09-05a.xml
2025-09-20 19:49:26,286 - database_manager - INFO - Parse debates XML-Datei: debates2017-09-05a.xml
2025-09-20 19:49:26,288 - database_manager - INFO - Debates XML erfolgreich geparst: 5 Debatten, 0 Reden, 0 Wörter
2025-09-20 19:49:26,288 - database_manager - INFO - Verarbeite Datei 2660/2945: debates2018-01-18a.xml
2025-09-20 19:49:26,288 - database_manager - INFO - Parse debates XML-Datei: debates2018-01-18a.xml
2025-09-20 19:49:26,304 - database_manager - INFO - Debates XML erfolgreich geparst: 18 Debatten, 0 Reden, 0 Wörter
2025-09-20 19:49:26,304 - database_manager - INFO - Verarbeite Datei 2661/2945: debates2018-12-04b.xml
2025-09-20 19:49:26,304 - database_manager - INFO - Parse debates XML-Datei: debates2018-12-04b.xml
2025-09-20 19:49:26,306 - database_manager - INFO - Debates XML erfolgreich geparst: 0 Debatten, 0 Reden, 0 Wörter
2025-09-20 19:49:26,306 - database_manager - INFO - Verarbeite Datei 2662/2945: debates2020-03-03b.xml
2025-09-20 19:49:26,306 - database_manager - INFO - Parse debates XML-Datei: debates2020-03-03b.xml
2025-09-20 19:49:26,309 - database_manager - INFO - Debates XML erfolgreich geparst: 0 Debatten, 0 Reden, 0 Wörter
2025-09-20 19:49:26,309 - database_manager - INFO - Verarbeite Datei 2663/2945: debates2020-06-16c.xml
2025-09-20 19:49:26,309 - database_manager - INFO - Parse debates XML-Datei: debates2020-06-16c.xml
2025-09-20 19:49:26,314 - database_manager - INFO - Debates XML erfolgreich geparst: 0 Debatten, 0 Reden, 0 Wörter
2025-09-20 19:49:26,314 - database_manager - INFO - Verarbeite Datei 2664/2945: debates2019-01-07b.xml
2025-09-20 19:49:26,314 - database_manager - INFO - Parse debates XML-Datei: debates2019-01-07b.xml
2025-09-20 19:49:26,316 - database_manager - INFO - Debates XML erfolgreich geparst: 0 Debatten, 0 Reden, 0 Wörter
2025-09-20 19:49:26,316 - database_manager - INFO - Verarbeite Datei 2665/2945: debates2013-10-17c.xml
2025-09-20 19:49:26,316 - database_manager - INFO - Parse debates XML-Datei: debates2013-10-17c.xml
2025-09-20 19:49:26,333 - database_manager - INFO - Debates XML erfolgreich geparst: 18 Debatten, 0 Reden, 0 Wörter
2025-09-20 19:49:26,333 - database_manager - INFO - Verarbeite Datei 2666/2945: debates2016-02-11c.xml
2025-09-20 19:49:26,333 - database_manager - INFO - Parse debates XML-Datei: debates2016-02-11c.xml
2025-09-20 19:49:26,347 - database_manager - INFO - Debates XML erfolgreich geparst: 20 Debatten, 0 Reden, 0 Wörter
2025-09-20 19:49:26,347 - database_manager - INFO - Verarbeite Datei 2667/2945: debates2013-04-23a.xml
2025-09-20 19:49:26,347 - database_manager - INFO - Parse debates XML-Datei: debates2013-04-23a.xml
2025-09-20 19:49:26,361 - database_manager - INFO - Debates XML erfolgreich geparst: 32 Debatten, 0 Reden, 0 Wörter
2025-09-20 19:49:26,361 - database_manager - INFO - Verarbeite Datei 2668/2945: debates2016-04-18a.xml
2025-09-20 19:49:26,361 - database_manager - INFO - Parse debates XML-Datei: debates2016-04-18a.xml
2025-09-20 19:49:26,362 - database_manager - INFO - Debates XML erfolgreich geparst: 0 Debatten, 0 Reden, 0 Wörter
2025-09-20 19:49:26,362 - database_manager - INFO - Verarbeite Datei 2669/2945: debates2014-11-11a.xml
2025-09-20 19:49:26,362 - database_manager - INFO - Parse debates XML-Datei: debates2014-11-11a.xml
2025-09-20 19:49:26,363 - database_manager - INFO - Debates XML erfolgreich geparst: 0 Debatten, 0 Reden, 0 Wörter
2025-09-20 19:49:26,363 - database_manager - INFO - Verarbeite Datei 2670/2945: debates2012-12-19a.xml
2025-09-20 19:49:26,363 - database_manager - INFO - Parse debates XML-Datei: debates2012-12-19a.xml
2025-09-20 19:49:26,378 - database_manager - INFO - Debates XML erfolgreich geparst: 17 Debatten, 0 Reden, 0 Wörter
2025-09-20 19:49:26,379 - database_manager - INFO - Verarbeite Datei 2671/2945: debates2012-10-24a.xml
2025-09-20 19:49:26,379 - database_manager - INFO - Parse debates XML-Datei: debates2012-10-24a.xml
2025-09-20 19:49:26,380 - database_manager - INFO - Debates XML erfolgreich geparst: 0 Debatten, 0 Reden, 0 Wörter
2025-09-20 19:49:26,380 - database_manager - INFO - Verarbeite Datei 2672/2945: debates2012-11-05b.xml
2025-09-20 19:49:26,380 - database_manager - INFO - Parse debates XML-Datei: debates2012-11-05b.xml
2025-09-20 19:49:26,395 - database_manager - INFO - Debates XML erfolgreich geparst: 39 Debatten, 0 Reden, 0 Wörter
2025-09-20 19:49:26,396 - database_manager - INFO - Verarbeite Datei 2673/2945: debates2017-02-22a.xml
2025-09-20 19:49:26,396 - database_manager - INFO - Parse debates XML-Datei: debates2017-02-22a.xml
2025-09-20 19:49:26,409 - database_manager - INFO - Debates XML erfolgreich geparst: 22 Debatten, 0 Reden, 0 Wörter
2025-09-20 19:49:26,409 - database_manager - INFO - Verarbeite Datei 2674/2945: debates2014-03-20b.xml
2025-09-20 19:49:26,409 - database_manager - INFO - Parse debates XML-Datei: debates2014-03-20b.xml
2025-09-20 19:49:26,410 - database_manager - INFO - Debates XML erfolgreich geparst: 0 Debatten, 0 Reden, 0 Wörter
2025-09-20 19:49:26,410 - database_manager - INFO - Verarbeite Datei 2675/2945: debates2020-10-13b.xml
2025-09-20 19:49:26,410 - database_manager - INFO - Parse debates XML-Datei: debates2020-10-13b.xml
2025-09-20 19:49:26,432 - database_manager - INFO - Debates XML erfolgreich geparst: 39 Debatten, 0 Reden, 0 Wörter
2025-09-20 19:49:26,432 - database_manager - INFO - Verarbeite Datei 2676/2945: debates2016-04-14b.xml
2025-09-20 19:49:26,432 - database_manager - INFO - Parse debates XML-Datei: debates2016-04-14b.xml
2025-09-20 19:49:26,445 - database_manager - INFO - Debates XML erfolgreich geparst: 18 Debatten, 0 Reden, 0 Wörter
2025-09-20 19:49:26,446 - database_manager - INFO - Verarbeite Datei 2677/2945: debates2014-12-01a.xml
2025-09-20 19:49:26,446 - database_manager - INFO - Parse debates XML-Datei: debates2014-12-01a.xml
2025-09-20 19:49:26,447 - database_manager - INFO - Debates XML erfolgreich geparst: 0 Debatten, 0 Reden, 0 Wörter
2025-09-20 19:49:26,447 - database_manager - INFO - Verarbeite Datei 2678/2945: debates2016-06-29b.xml
2025-09-20 19:49:26,447 - database_manager - INFO - Parse debates XML-Datei: debates2016-06-29b.xml
2025-09-20 19:49:26,448 - database_manager - INFO - Debates XML erfolgreich geparst: 0 Debatten, 0 Reden, 0 Wörter
2025-09-20 19:49:26,448 - database_manager - INFO - Verarbeite Datei 2679/2945: debates2019-12-17b.xml
2025-09-20 19:49:26,448 - database_manager - INFO - Parse debates XML-Datei: debates2019-12-17b.xml
2025-09-20 19:49:26,450 - database_manager - INFO - Debates XML erfolgreich geparst: 1 Debatten, 0 Reden, 0 Wörter
2025-09-20 19:49:26,450 - database_manager - INFO - Verarbeite Datei 2680/2945: debates2012-11-09a.xml
2025-09-20 19:49:26,450 - database_manager - INFO - Parse debates XML-Datei: debates2012-11-09a.xml
2025-09-20 19:49:26,451 - database_manager - INFO - Debates XML erfolgreich geparst: 0 Debatten, 0 Reden, 0 Wörter
2025-09-20 19:49:26,451 - database_manager - INFO - Verarbeite Datei 2681/2945: debates2021-06-29b.xml
2025-09-20 19:49:26,451 - database_manager - INFO - Parse debates XML-Datei: debates2021-06-29b.xml
2025-09-20 19:49:26,466 - database_manager - INFO - Debates XML erfolgreich geparst: 20 Debatten, 0 Reden, 0 Wörter
2025-09-20 19:49:26,466 - database_manager - INFO - Verarbeite Datei 2682/2945: debates2021-07-08a.xml
2025-09-20 19:49:26,466 - database_manager - INFO - Parse debates XML-Datei: debates2021-07-08a.xml
2025-09-20 19:49:26,481 - database_manager - INFO - Debates XML erfolgreich geparst: 16 Debatten, 0 Reden, 0 Wörter
2025-09-20 19:49:26,481 - database_manager - INFO - Verarbeite Datei 2683/2945: debates2021-09-16a.xml
2025-09-20 19:49:26,481 - database_manager - INFO - Parse debates XML-Datei: debates2021-09-16a.xml
2025-09-20 19:49:26,482 - database_manager - INFO - Debates XML erfolgreich geparst: 0 Debatten, 0 Reden, 0 Wörter
2025-09-20 19:49:26,482 - database_manager - INFO - Verarbeite Datei 2684/2945: debates2017-04-27a.xml
2025-09-20 19:49:26,482 - database_manager - INFO - Parse debates XML-Datei: debates2017-04-27a.xml
2025-09-20 19:49:26,486 - database_manager - INFO - Debates XML erfolgreich geparst: 18 Debatten, 0 Reden, 0 Wörter
2025-09-20 19:49:26,486 - database_manager - INFO - Verarbeite Datei 2685/2945: debates2021-11-01b.xml
2025-09-20 19:49:26,486 - database_manager - INFO - Parse debates XML-Datei: debates2021-11-01b.xml
2025-09-20 19:49:26,500 - database_manager - INFO - Debates XML erfolgreich geparst: 15 Debatten, 0 Reden, 0 Wörter
2025-09-20 19:49:26,500 - database_manager - INFO - Verarbeite Datei 2686/2945: debates2021-10-20a.xml
2025-09-20 19:49:26,500 - database_manager - INFO - Parse debates XML-Datei: debates2021-10-20a.xml
2025-09-20 19:49:26,501 - database_manager - INFO - Debates XML erfolgreich geparst: 0 Debatten, 0 Reden, 0 Wörter
2025-09-20 19:49:26,502 - database_manager - INFO - Verarbeite Datei 2687/2945: debates2012-06-21a.xml
2025-09-20 19:49:26,502 - database_manager - INFO - Parse debates XML-Datei: debates2012-06-21a.xml
2025-09-20 19:49:26,511 - database_manager - INFO - Debates XML erfolgreich geparst: 5 Debatten, 0 Reden, 0 Wörter
2025-09-20 19:49:26,511 - database_manager - INFO - Verarbeite Datei 2688/2945: debates2018-03-05b.xml
2025-09-20 19:49:26,511 - database_manager - INFO - Parse debates XML-Datei: debates2018-03-05b.xml
2025-09-20 19:49:26,527 - database_manager - INFO - Debates XML erfolgreich geparst: 31 Debatten, 0 Reden, 0 Wörter
2025-09-20 19:49:26,527 - database_manager - INFO - Verarbeite Datei 2689/2945: debates2013-02-26a.xml
2025-09-20 19:49:26,527 - database_manager - INFO - Parse debates XML-Datei: debates2013-02-26a.xml
2025-09-20 19:49:26,528 - database_manager - INFO - Debates XML erfolgreich geparst: 0 Debatten, 0 Reden, 0 Wörter
2025-09-20 19:49:26,528 - database_manager - INFO - Verarbeite Datei 2690/2945: debates2013-03-07b.xml
2025-09-20 19:49:26,528 - database_manager - INFO - Parse debates XML-Datei: debates2013-03-07b.xml
2025-09-20 19:49:26,543 - database_manager - INFO - Debates XML erfolgreich geparst: 26 Debatten, 0 Reden, 0 Wörter
2025-09-20 19:49:26,544 - database_manager - INFO - Verarbeite Datei 2691/2945: debates2016-06-29c.xml
2025-09-20 19:49:26,544 - database_manager - INFO - Parse debates XML-Datei: debates2016-06-29c.xml
2025-09-20 19:49:26,545 - database_manager - INFO - Debates XML erfolgreich geparst: 0 Debatten, 0 Reden, 0 Wörter
2025-09-20 19:49:26,545 - database_manager - INFO - Verarbeite Datei 2692/2945: debates2014-07-14a.xml
2025-09-20 19:49:26,545 - database_manager - INFO - Parse debates XML-Datei: debates2014-07-14a.xml
2025-09-20 19:49:26,556 - database_manager - INFO - Debates XML erfolgreich geparst: 24 Debatten, 0 Reden, 0 Wörter
2025-09-20 19:49:26,556 - database_manager - INFO - Verarbeite Datei 2693/2945: debates2016-10-20a.xml
2025-09-20 19:49:26,556 - database_manager - INFO - Parse debates XML-Datei: debates2016-10-20a.xml
2025-09-20 19:49:26,571 - database_manager - INFO - Debates XML erfolgreich geparst: 18 Debatten, 0 Reden, 0 Wörter
2025-09-20 19:49:26,571 - database_manager - INFO - Verarbeite Datei 2694/2945: debates2014-04-08b.xml
2025-09-20 19:49:26,572 - database_manager - INFO - Parse debates XML-Datei: debates2014-04-08b.xml
2025-09-20 19:49:26,589 - database_manager - INFO - Debates XML erfolgreich geparst: 33 Debatten, 0 Reden, 0 Wörter
2025-09-20 19:49:26,589 - database_manager - INFO - Verarbeite Datei 2695/2945: debates2014-03-20c.xml
2025-09-20 19:49:26,589 - database_manager - INFO - Parse debates XML-Datei: debates2014-03-20c.xml
2025-09-20 19:49:26,605 - database_manager - INFO - Debates XML erfolgreich geparst: 25 Debatten, 0 Reden, 0 Wörter
2025-09-20 19:49:26,606 - database_manager - INFO - Verarbeite Datei 2696/2945: debates2020-04-27a.xml
2025-09-20 19:49:26,606 - database_manager - INFO - Parse debates XML-Datei: debates2020-04-27a.xml
2025-09-20 19:49:26,606 - database_manager - INFO - Debates XML erfolgreich geparst: 0 Debatten, 0 Reden, 0 Wörter
2025-09-20 19:49:26,606 - database_manager - INFO - Verarbeite Datei 2697/2945: debates2018-10-15b.xml
2025-09-20 19:49:26,607 - database_manager - INFO - Parse debates XML-Datei: debates2018-10-15b.xml
2025-09-20 19:49:26,617 - database_manager - INFO - Debates XML erfolgreich geparst: 19 Debatten, 0 Reden, 0 Wörter
2025-09-20 19:49:26,617 - database_manager - INFO - Verarbeite Datei 2698/2945: debates2021-04-19d.xml
2025-09-20 19:49:26,617 - database_manager - INFO - Parse debates XML-Datei: debates2021-04-19d.xml
2025-09-20 19:49:26,638 - database_manager - INFO - Debates XML erfolgreich geparst: 29 Debatten, 0 Reden, 0 Wörter
2025-09-20 19:49:26,639 - database_manager - INFO - Verarbeite Datei 2699/2945: debates2018-02-28b.xml
2025-09-20 19:49:26,639 - database_manager - INFO - Parse debates XML-Datei: debates2018-02-28b.xml
2025-09-20 19:49:26,654 - database_manager - INFO - Debates XML erfolgreich geparst: 16 Debatten, 0 Reden, 0 Wörter
2025-09-20 19:49:26,655 - database_manager - INFO - Verarbeite Datei 2700/2945: debates2012-09-12a.xml
2025-09-20 19:49:26,655 - database_manager - INFO - Parse debates XML-Datei: debates2012-09-12a.xml
2025-09-20 19:49:26,671 - database_manager - INFO - Debates XML erfolgreich geparst: 30 Debatten, 0 Reden, 0 Wörter
2025-09-20 19:49:26,671 - database_manager - INFO - Verarbeite Datei 2701/2945: debates2021-02-11b.xml
2025-09-20 19:49:26,671 - database_manager - INFO - Parse debates XML-Datei: debates2021-02-11b.xml
2025-09-20 19:49:26,687 - database_manager - INFO - Debates XML erfolgreich geparst: 17 Debatten, 0 Reden, 0 Wörter
2025-09-20 19:49:26,687 - database_manager - INFO - Verarbeite Datei 2702/2945: debates2016-02-11b.xml
2025-09-20 19:49:26,687 - database_manager - INFO - Parse debates XML-Datei: debates2016-02-11b.xml
2025-09-20 19:49:26,698 - database_manager - INFO - Debates XML erfolgreich geparst: 3 Debatten, 0 Reden, 0 Wörter
2025-09-20 19:49:26,699 - database_manager - INFO - Verarbeite Datei 2703/2945: debates2020-09-29a.xml
2025-09-20 19:49:26,699 - database_manager - INFO - Parse debates XML-Datei: debates2020-09-29a.xml
2025-09-20 19:49:26,702 - database_manager - INFO - Debates XML erfolgreich geparst: 0 Debatten, 0 Reden, 0 Wörter
2025-09-20 19:49:26,702 - database_manager - INFO - Verarbeite Datei 2704/2945: debates2020-03-03c.xml
2025-09-20 19:49:26,702 - database_manager - INFO - Parse debates XML-Datei: debates2020-03-03c.xml
2025-09-20 19:49:26,703 - database_manager - INFO - Debates XML erfolgreich geparst: 0 Debatten, 0 Reden, 0 Wörter
2025-09-20 19:49:26,703 - database_manager - INFO - Verarbeite Datei 2705/2945: debates2016-04-19d.xml
2025-09-20 19:49:26,703 - database_manager - INFO - Parse debates XML-Datei: debates2016-04-19d.xml
2025-09-20 19:49:26,719 - database_manager - INFO - Debates XML erfolgreich geparst: 21 Debatten, 0 Reden, 0 Wörter
2025-09-20 19:49:26,719 - database_manager - INFO - Verarbeite Datei 2706/2945: debates2013-10-17b.xml
2025-09-20 19:49:26,719 - database_manager - INFO - Parse debates XML-Datei: debates2013-10-17b.xml
2025-09-20 19:49:26,720 - database_manager - INFO - Debates XML erfolgreich geparst: 0 Debatten, 0 Reden, 0 Wörter
2025-09-20 19:49:26,720 - database_manager - INFO - Verarbeite Datei 2707/2945: debates2019-01-07c.xml
2025-09-20 19:49:26,720 - database_manager - INFO - Parse debates XML-Datei: debates2019-01-07c.xml
2025-09-20 19:49:26,737 - database_manager - INFO - Debates XML erfolgreich geparst: 28 Debatten, 0 Reden, 0 Wörter
2025-09-20 19:49:26,738 - database_manager - INFO - Verarbeite Datei 2708/2945: debates2020-06-16b.xml
2025-09-20 19:49:26,738 - database_manager - INFO - Parse debates XML-Datei: debates2020-06-16b.xml
2025-09-20 19:49:26,739 - database_manager - INFO - Debates XML erfolgreich geparst: 0 Debatten, 0 Reden, 0 Wörter
2025-09-20 19:49:26,739 - database_manager - INFO - Verarbeite Datei 2709/2945: debates2017-01-12b.xml
2025-09-20 19:49:26,739 - database_manager - INFO - Parse debates XML-Datei: debates2017-01-12b.xml
2025-09-20 19:49:26,754 - database_manager - INFO - Debates XML erfolgreich geparst: 18 Debatten, 0 Reden, 0 Wörter
2025-09-20 19:49:26,754 - database_manager - INFO - Verarbeite Datei 2710/2945: debates2012-03-14b.xml
2025-09-20 19:49:26,755 - database_manager - INFO - Parse debates XML-Datei: debates2012-03-14b.xml
2025-09-20 19:49:26,768 - database_manager - INFO - Debates XML erfolgreich geparst: 20 Debatten, 0 Reden, 0 Wörter
2025-09-20 19:49:26,769 - database_manager - INFO - Verarbeite Datei 2711/2945: debates2018-12-04c.xml
2025-09-20 19:49:26,769 - database_manager - INFO - Parse debates XML-Datei: debates2018-12-04c.xml
2025-09-20 19:49:26,770 - database_manager - INFO - Debates XML erfolgreich geparst: 0 Debatten, 0 Reden, 0 Wörter
2025-09-20 19:49:26,770 - database_manager - INFO - Verarbeite Datei 2712/2945: debates2015-07-07a.xml
2025-09-20 19:49:26,770 - database_manager - INFO - Parse debates XML-Datei: debates2015-07-07a.xml
2025-09-20 19:49:26,771 - database_manager - INFO - Debates XML erfolgreich geparst: 0 Debatten, 0 Reden, 0 Wörter
2025-09-20 19:49:26,771 - database_manager - INFO - Verarbeite Datei 2713/2945: debates2018-07-11b.xml
2025-09-20 19:49:26,771 - database_manager - INFO - Parse debates XML-Datei: debates2018-07-11b.xml
2025-09-20 19:49:26,772 - database_manager - INFO - Debates XML erfolgreich geparst: 0 Debatten, 0 Reden, 0 Wörter
2025-09-20 19:49:26,772 - database_manager - INFO - Verarbeite Datei 2714/2945: debates2012-11-29b.xml
2025-09-20 19:49:26,772 - database_manager - INFO - Parse debates XML-Datei: debates2012-11-29b.xml
2025-09-20 19:49:26,789 - database_manager - INFO - Debates XML erfolgreich geparst: 26 Debatten, 0 Reden, 0 Wörter
2025-09-20 19:49:26,789 - database_manager - INFO - Verarbeite Datei 2715/2945: debates2021-06-09a.xml
2025-09-20 19:49:26,790 - database_manager - INFO - Parse debates XML-Datei: debates2021-06-09a.xml
2025-09-20 19:49:26,790 - database_manager - INFO - Debates XML erfolgreich geparst: 0 Debatten, 0 Reden, 0 Wörter
2025-09-20 19:49:26,790 - database_manager - INFO - Verarbeite Datei 2716/2945: debates2016-06-09a.xml
2025-09-20 19:49:26,790 - database_manager - INFO - Parse debates XML-Datei: debates2016-06-09a.xml
2025-09-20 19:49:26,791 - database_manager - INFO - Debates XML erfolgreich geparst: 0 Debatten, 0 Reden, 0 Wörter
2025-09-20 19:49:26,791 - database_manager - INFO - Verarbeite Datei 2717/2945: debates2020-11-12b.xml
2025-09-20 19:49:26,791 - database_manager - INFO - Parse debates XML-Datei: debates2020-11-12b.xml
2025-09-20 19:49:26,804 - database_manager - INFO - Debates XML erfolgreich geparst: 13 Debatten, 0 Reden, 0 Wörter
2025-09-20 19:49:26,805 - database_manager - INFO - Verarbeite Datei 2718/2945: debates2017-03-23a.xml
2025-09-20 19:49:26,805 - database_manager - INFO - Parse debates XML-Datei: debates2017-03-23a.xml
2025-09-20 19:49:26,806 - database_manager - INFO - Debates XML erfolgreich geparst: 0 Debatten, 0 Reden, 0 Wörter
2025-09-20 19:49:26,806 - database_manager - INFO - Verarbeite Datei 2719/2945: debates2015-09-15b.xml
2025-09-20 19:49:26,806 - database_manager - INFO - Parse debates XML-Datei: debates2015-09-15b.xml
2025-09-20 19:49:26,822 - database_manager - INFO - Debates XML erfolgreich geparst: 27 Debatten, 0 Reden, 0 Wörter
2025-09-20 19:49:26,823 - database_manager - INFO - Verarbeite Datei 2720/2945: debates2017-02-02b.xml
2025-09-20 19:49:26,823 - database_manager - INFO - Parse debates XML-Datei: debates2017-02-02b.xml
2025-09-20 19:49:26,838 - database_manager - INFO - Debates XML erfolgreich geparst: 21 Debatten, 0 Reden, 0 Wörter
2025-09-20 19:49:26,839 - database_manager - INFO - Verarbeite Datei 2721/2945: debates2012-01-25a.xml
2025-09-20 19:49:26,839 - database_manager - INFO - Parse debates XML-Datei: debates2012-01-25a.xml
2025-09-20 19:49:26,852 - database_manager - INFO - Debates XML erfolgreich geparst: 14 Debatten, 0 Reden, 0 Wörter
2025-09-20 19:49:26,852 - database_manager - INFO - Verarbeite Datei 2722/2945: debates2018-11-14c.xml
2025-09-20 19:49:26,852 - database_manager - INFO - Parse debates XML-Datei: debates2018-11-14c.xml
2025-09-20 19:49:26,853 - database_manager - INFO - Debates XML erfolgreich geparst: 0 Debatten, 0 Reden, 0 Wörter
2025-09-20 19:49:26,853 - database_manager - INFO - Verarbeite Datei 2723/2945: debates2017-07-17c.xml
2025-09-20 19:49:26,853 - database_manager - INFO - Parse debates XML-Datei: debates2017-07-17c.xml
2025-09-20 19:49:26,855 - database_manager - INFO - Debates XML erfolgreich geparst: 0 Debatten, 0 Reden, 0 Wörter
2025-09-20 19:49:26,855 - database_manager - INFO - Verarbeite Datei 2724/2945: debates2021-05-19a.xml
2025-09-20 19:49:26,855 - database_manager - INFO - Parse debates XML-Datei: debates2021-05-19a.xml
2025-09-20 19:49:26,856 - database_manager - INFO - Debates XML erfolgreich geparst: 0 Debatten, 0 Reden, 0 Wörter
2025-09-20 19:49:26,856 - database_manager - INFO - Verarbeite Datei 2725/2945: debates2020-09-09c.xml
2025-09-20 19:49:26,856 - database_manager - INFO - Parse debates XML-Datei: debates2020-09-09c.xml
2025-09-20 19:49:26,857 - database_manager - INFO - Debates XML erfolgreich geparst: 0 Debatten, 0 Reden, 0 Wörter
2025-09-20 19:49:26,857 - database_manager - INFO - Verarbeite Datei 2726/2945: debates2016-05-19a.xml
2025-09-20 19:49:26,857 - database_manager - INFO - Parse debates XML-Datei: debates2016-05-19a.xml
2025-09-20 19:49:26,866 - database_manager - INFO - Debates XML erfolgreich geparst: 9 Debatten, 0 Reden, 0 Wörter
2025-09-20 19:49:26,867 - database_manager - INFO - Verarbeite Datei 2727/2945: debates2020-03-23a.xml
2025-09-20 19:49:26,867 - database_manager - INFO - Parse debates XML-Datei: debates2020-03-23a.xml
2025-09-20 19:49:26,888 - database_manager - INFO - Debates XML erfolgreich geparst: 101 Debatten, 0 Reden, 0 Wörter
2025-09-20 19:49:26,888 - database_manager - INFO - Verarbeite Datei 2728/2945: debates2021-04-22a.xml
2025-09-20 19:49:26,888 - database_manager - INFO - Parse debates XML-Datei: debates2021-04-22a.xml
2025-09-20 19:49:26,902 - database_manager - INFO - Debates XML erfolgreich geparst: 23 Debatten, 0 Reden, 0 Wörter
2025-09-20 19:49:26,902 - database_manager - INFO - Verarbeite Datei 2729/2945: debates2018-06-26a.xml
2025-09-20 19:49:26,902 - database_manager - INFO - Parse debates XML-Datei: debates2018-06-26a.xml
2025-09-20 19:49:26,903 - database_manager - INFO - Debates XML erfolgreich geparst: 0 Debatten, 0 Reden, 0 Wörter
2025-09-20 19:49:26,903 - database_manager - INFO - Verarbeite Datei 2730/2945: debates2017-10-25a.xml
2025-09-20 19:49:26,903 - database_manager - INFO - Parse debates XML-Datei: debates2017-10-25a.xml
2025-09-20 19:49:26,904 - database_manager - INFO - Debates XML erfolgreich geparst: 0 Debatten, 0 Reden, 0 Wörter
2025-09-20 19:49:26,904 - database_manager - INFO - Verarbeite Datei 2731/2945: debates2017-12-18a.xml
2025-09-20 19:49:26,904 - database_manager - INFO - Parse debates XML-Datei: debates2017-12-18a.xml
2025-09-20 19:49:26,905 - database_manager - INFO - Debates XML erfolgreich geparst: 0 Debatten, 0 Reden, 0 Wörter
2025-09-20 19:49:26,905 - database_manager - INFO - Verarbeite Datei 2732/2945: debates2021-09-20b.xml
2025-09-20 19:49:26,905 - database_manager - INFO - Parse debates XML-Datei: debates2021-09-20b.xml
2025-09-20 19:49:26,918 - database_manager - INFO - Debates XML erfolgreich geparst: 18 Debatten, 0 Reden, 0 Wörter
2025-09-20 19:49:26,919 - database_manager - INFO - Verarbeite Datei 2733/2945: debates2012-02-23a.xml
2025-09-20 19:49:26,919 - database_manager - INFO - Parse debates XML-Datei: debates2012-02-23a.xml
2025-09-20 19:49:26,931 - database_manager - INFO - Debates XML erfolgreich geparst: 28 Debatten, 0 Reden, 0 Wörter
2025-09-20 19:49:26,931 - database_manager - INFO - Verarbeite Datei 2734/2945: debates2014-07-22c.xml
2025-09-20 19:49:26,932 - database_manager - INFO - Parse debates XML-Datei: debates2014-07-22c.xml
2025-09-20 19:49:26,946 - database_manager - INFO - Debates XML erfolgreich geparst: 23 Debatten, 0 Reden, 0 Wörter
2025-09-20 19:49:26,947 - database_manager - INFO - Verarbeite Datei 2735/2945: debates2019-02-21a.xml
2025-09-20 19:49:26,947 - database_manager - INFO - Parse debates XML-Datei: debates2019-02-21a.xml
2025-09-20 19:49:26,961 - database_manager - INFO - Debates XML erfolgreich geparst: 24 Debatten, 0 Reden, 0 Wörter
2025-09-20 19:49:26,961 - database_manager - INFO - Verarbeite Datei 2736/2945: debates2020-11-04b.xml
2025-09-20 19:49:26,961 - database_manager - INFO - Parse debates XML-Datei: debates2020-11-04b.xml
2025-09-20 19:49:26,963 - database_manager - INFO - Debates XML erfolgreich geparst: 0 Debatten, 0 Reden, 0 Wörter
2025-09-20 19:49:26,963 - database_manager - INFO - Verarbeite Datei 2737/2945: debates2013-06-24a.xml
2025-09-20 19:49:26,963 - database_manager - INFO - Parse debates XML-Datei: debates2013-06-24a.xml
2025-09-20 19:49:26,964 - database_manager - INFO - Debates XML erfolgreich geparst: 0 Debatten, 0 Reden, 0 Wörter
2025-09-20 19:49:26,964 - database_manager - INFO - Verarbeite Datei 2738/2945: debates2016-05-03b.xml
2025-09-20 19:49:26,964 - database_manager - INFO - Parse debates XML-Datei: debates2016-05-03b.xml
2025-09-20 19:49:26,965 - database_manager - INFO - Debates XML erfolgreich geparst: 0 Debatten, 0 Reden, 0 Wörter
2025-09-20 19:49:26,965 - database_manager - INFO - Verarbeite Datei 2739/2945: debates2018-04-17b.xml
2025-09-20 19:49:26,965 - database_manager - INFO - Parse debates XML-Datei: debates2018-04-17b.xml
2025-09-20 19:49:26,980 - database_manager - INFO - Debates XML erfolgreich geparst: 17 Debatten, 0 Reden, 0 Wörter
2025-09-20 19:49:26,980 - database_manager - INFO - Verarbeite Datei 2740/2945: debates2020-01-08a.xml
2025-09-20 19:49:26,980 - database_manager - INFO - Parse debates XML-Datei: debates2020-01-08a.xml
2025-09-20 19:49:26,981 - database_manager - INFO - Debates XML erfolgreich geparst: 0 Debatten, 0 Reden, 0 Wörter
2025-09-20 19:49:26,981 - database_manager - INFO - Verarbeite Datei 2741/2945: debates2019-01-31a.xml
2025-09-20 19:49:26,981 - database_manager - INFO - Parse debates XML-Datei: debates2019-01-31a.xml
2025-09-20 19:49:26,982 - database_manager - INFO - Debates XML erfolgreich geparst: 0 Debatten, 0 Reden, 0 Wörter
2025-09-20 19:49:26,982 - database_manager - INFO - Verarbeite Datei 2742/2945: debates2020-07-01c.xml
2025-09-20 19:49:26,982 - database_manager - INFO - Parse debates XML-Datei: debates2020-07-01c.xml
2025-09-20 19:49:26,983 - database_manager - INFO - Debates XML erfolgreich geparst: 0 Debatten, 0 Reden, 0 Wörter
2025-09-20 19:49:26,983 - database_manager - INFO - Verarbeite Datei 2743/2945: debates2013-07-09a.xml
2025-09-20 19:49:26,983 - database_manager - INFO - Parse debates XML-Datei: debates2013-07-09a.xml
2025-09-20 19:49:26,984 - database_manager - INFO - Debates XML erfolgreich geparst: 0 Debatten, 0 Reden, 0 Wörter
2025-09-20 19:49:26,984 - database_manager - INFO - Verarbeite Datei 2744/2945: debates2019-09-26c.xml
2025-09-20 19:49:26,984 - database_manager - INFO - Parse debates XML-Datei: debates2019-09-26c.xml
2025-09-20 19:49:26,991 - database_manager - INFO - Debates XML erfolgreich geparst: 2 Debatten, 0 Reden, 0 Wörter
2025-09-20 19:49:26,992 - database_manager - INFO - Verarbeite Datei 2745/2945: debates2013-04-15b.xml
2025-09-20 19:49:26,992 - database_manager - INFO - Parse debates XML-Datei: debates2013-04-15b.xml
2025-09-20 19:49:27,008 - database_manager - INFO - Debates XML erfolgreich geparst: 23 Debatten, 0 Reden, 0 Wörter
2025-09-20 19:49:27,009 - database_manager - INFO - Verarbeite Datei 2746/2945: debates2020-12-14b.xml
2025-09-20 19:49:27,009 - database_manager - INFO - Parse debates XML-Datei: debates2020-12-14b.xml
2025-09-20 19:49:27,022 - database_manager - INFO - Debates XML erfolgreich geparst: 20 Debatten, 0 Reden, 0 Wörter
2025-09-20 19:49:27,022 - database_manager - INFO - Verarbeite Datei 2747/2945: debates2016-06-13b.xml
2025-09-20 19:49:27,022 - database_manager - INFO - Parse debates XML-Datei: debates2016-06-13b.xml
2025-09-20 19:49:27,790 - database_manager - INFO - Debates XML erfolgreich geparst: 69 Debatten, 0 Reden, 0 Wörter
2025-09-20 19:49:27,791 - database_manager - INFO - Verarbeite Datei 2748/2945: debates2018-03-13b.xml
2025-09-20 19:49:27,791 - database_manager - INFO - Parse debates XML-Datei: debates2018-03-13b.xml
2025-09-20 19:49:27,793 - database_manager - INFO - Debates XML erfolgreich geparst: 0 Debatten, 0 Reden, 0 Wörter
2025-09-20 19:49:27,793 - database_manager - INFO - Verarbeite Datei 2749/2945: debates2015-03-05a.xml
2025-09-20 19:49:27,793 - database_manager - INFO - Parse debates XML-Datei: debates2015-03-05a.xml
2025-09-20 19:49:27,806 - database_manager - INFO - Debates XML erfolgreich geparst: 23 Debatten, 0 Reden, 0 Wörter
2025-09-20 19:49:27,807 - database_manager - INFO - Verarbeite Datei 2750/2945: debates2015-02-24b.xml
2025-09-20 19:49:27,807 - database_manager - INFO - Parse debates XML-Datei: debates2015-02-24b.xml
2025-09-20 19:49:27,807 - database_manager - INFO - Debates XML erfolgreich geparst: 0 Debatten, 0 Reden, 0 Wörter
2025-09-20 19:49:27,807 - database_manager - INFO - Verarbeite Datei 2751/2945: debates2012-07-16b.xml
2025-09-20 19:49:27,807 - database_manager - INFO - Parse debates XML-Datei: debates2012-07-16b.xml
2025-09-20 19:49:27,809 - database_manager - INFO - Debates XML erfolgreich geparst: 0 Debatten, 0 Reden, 0 Wörter
2025-09-20 19:49:27,809 - database_manager - INFO - Verarbeite Datei 2752/2945: debates2021-11-17b.xml
2025-09-20 19:49:27,809 - database_manager - INFO - Parse debates XML-Datei: debates2021-11-17b.xml
2025-09-20 19:49:27,810 - database_manager - INFO - Debates XML erfolgreich geparst: 0 Debatten, 0 Reden, 0 Wörter
2025-09-20 19:49:27,810 - database_manager - INFO - Verarbeite Datei 2753/2945: debates2014-06-23b.xml
2025-09-20 19:49:27,810 - database_manager - INFO - Parse debates XML-Datei: debates2014-06-23b.xml
2025-09-20 19:49:27,828 - database_manager - INFO - Debates XML erfolgreich geparst: 50 Debatten, 0 Reden, 0 Wörter
2025-09-20 19:49:27,829 - database_manager - INFO - Verarbeite Datei 2754/2945: debates2016-11-17b.xml
2025-09-20 19:49:27,829 - database_manager - INFO - Parse debates XML-Datei: debates2016-11-17b.xml
2025-09-20 19:49:27,843 - database_manager - INFO - Debates XML erfolgreich geparst: 18 Debatten, 0 Reden, 0 Wörter
2025-09-20 19:49:27,843 - database_manager - INFO - Verarbeite Datei 2755/2945: debates2014-07-02a.xml
2025-09-20 19:49:27,843 - database_manager - INFO - Parse debates XML-Datei: debates2014-07-02a.xml
2025-09-20 19:49:27,845 - database_manager - INFO - Debates XML erfolgreich geparst: 0 Debatten, 0 Reden, 0 Wörter
2025-09-20 19:49:27,845 - database_manager - INFO - Verarbeite Datei 2756/2945: debates2019-04-08a.xml
2025-09-20 19:49:27,845 - database_manager - INFO - Parse debates XML-Datei: debates2019-04-08a.xml
2025-09-20 19:49:27,846 - database_manager - INFO - Debates XML erfolgreich geparst: 0 Debatten, 0 Reden, 0 Wörter
2025-09-20 19:49:27,846 - database_manager - INFO - Verarbeite Datei 2757/2945: debates2012-09-04a.xml
2025-09-20 19:49:27,846 - database_manager - INFO - Parse debates XML-Datei: debates2012-09-04a.xml
2025-09-20 19:49:27,854 - database_manager - INFO - Debates XML erfolgreich geparst: 19 Debatten, 0 Reden, 0 Wörter
2025-09-20 19:49:27,855 - database_manager - INFO - Verarbeite Datei 2758/2945: debates2021-07-12c.xml
2025-09-20 19:49:27,855 - database_manager - INFO - Parse debates XML-Datei: debates2021-07-12c.xml
2025-09-20 19:49:27,869 - database_manager - INFO - Debates XML erfolgreich geparst: 16 Debatten, 0 Reden, 0 Wörter
2025-09-20 19:49:27,870 - database_manager - INFO - Verarbeite Datei 2759/2945: debates2018-01-22a.xml
2025-09-20 19:49:27,870 - database_manager - INFO - Parse debates XML-Datei: debates2018-01-22a.xml
2025-09-20 19:49:27,882 - database_manager - INFO - Debates XML erfolgreich geparst: 22 Debatten, 0 Reden, 0 Wörter
2025-09-20 19:49:27,882 - database_manager - INFO - Verarbeite Datei 2760/2945: debates2017-03-15c.xml
2025-09-20 19:49:27,882 - database_manager - INFO - Parse debates XML-Datei: debates2017-03-15c.xml
2025-09-20 19:49:27,897 - database_manager - INFO - Debates XML erfolgreich geparst: 19 Debatten, 0 Reden, 0 Wörter
2025-09-20 19:49:27,897 - database_manager - INFO - Verarbeite Datei 2761/2945: debates2021-12-07b.xml
2025-09-20 19:49:27,897 - database_manager - INFO - Parse debates XML-Datei: debates2021-12-07b.xml
2025-09-20 19:49:27,898 - database_manager - INFO - Debates XML erfolgreich geparst: 0 Debatten, 0 Reden, 0 Wörter
2025-09-20 19:49:27,898 - database_manager - INFO - Verarbeite Datei 2762/2945: debates2018-11-22a.xml
2025-09-20 19:49:27,898 - database_manager - INFO - Parse debates XML-Datei: debates2018-11-22a.xml
2025-09-20 19:49:27,899 - database_manager - INFO - Debates XML erfolgreich geparst: 0 Debatten, 0 Reden, 0 Wörter
2025-09-20 19:49:27,899 - database_manager - INFO - Verarbeite Datei 2763/2945: debates2015-10-15a.xml
2025-09-20 19:49:27,899 - database_manager - INFO - Parse debates XML-Datei: debates2015-10-15a.xml
2025-09-20 19:49:27,909 - database_manager - INFO - Debates XML erfolgreich geparst: 24 Debatten, 0 Reden, 0 Wörter
2025-09-20 19:49:27,909 - database_manager - INFO - Verarbeite Datei 2764/2945: debates2020-10-08d.xml
2025-09-20 19:49:27,909 - database_manager - INFO - Parse debates XML-Datei: debates2020-10-08d.xml
2025-09-20 19:49:27,924 - database_manager - INFO - Debates XML erfolgreich geparst: 17 Debatten, 0 Reden, 0 Wörter
2025-09-20 19:49:27,924 - database_manager - INFO - Verarbeite Datei 2765/2945: debates2020-07-21a.xml
2025-09-20 19:49:27,924 - database_manager - INFO - Parse debates XML-Datei: debates2020-07-21a.xml
2025-09-20 19:49:27,926 - database_manager - INFO - Debates XML erfolgreich geparst: 0 Debatten, 0 Reden, 0 Wörter
2025-09-20 19:49:27,926 - database_manager - INFO - Verarbeite Datei 2766/2945: debates2013-11-20a.xml
2025-09-20 19:49:27,926 - database_manager - INFO - Parse debates XML-Datei: debates2013-11-20a.xml
2025-09-20 19:49:27,927 - database_manager - INFO - Debates XML erfolgreich geparst: 0 Debatten, 0 Reden, 0 Wörter
2025-09-20 19:49:27,927 - database_manager - INFO - Verarbeite Datei 2767/2945: debates2020-01-28c.xml
2025-09-20 19:49:27,927 - database_manager - INFO - Parse debates XML-Datei: debates2020-01-28c.xml
2025-09-20 19:49:27,938 - database_manager - INFO - Debates XML erfolgreich geparst: 15 Debatten, 0 Reden, 0 Wörter
2025-09-20 19:49:27,938 - database_manager - INFO - Verarbeite Datei 2768/2945: debates2019-07-18a.xml
2025-09-20 19:49:27,939 - database_manager - INFO - Parse debates XML-Datei: debates2019-07-18a.xml
2025-09-20 19:49:27,953 - database_manager - INFO - Debates XML erfolgreich geparst: 19 Debatten, 0 Reden, 0 Wörter
2025-09-20 19:49:27,953 - database_manager - INFO - Verarbeite Datei 2769/2945: debates2016-12-07b.xml
2025-09-20 19:49:27,954 - database_manager - INFO - Parse debates XML-Datei: debates2016-12-07b.xml
2025-09-20 19:49:27,970 - database_manager - INFO - Debates XML erfolgreich geparst: 13 Debatten, 0 Reden, 0 Wörter
2025-09-20 19:49:27,970 - database_manager - INFO - Verarbeite Datei 2770/2945: debates2014-09-10b.xml
2025-09-20 19:49:27,970 - database_manager - INFO - Parse debates XML-Datei: debates2014-09-10b.xml
2025-09-20 19:49:27,989 - database_manager - INFO - Debates XML erfolgreich geparst: 23 Debatten, 0 Reden, 0 Wörter
2025-09-20 19:49:27,989 - database_manager - INFO - Verarbeite Datei 2771/2945: debates2020-01-28a.xml
2025-09-20 19:49:27,989 - database_manager - INFO - Parse debates XML-Datei: debates2020-01-28a.xml
2025-09-20 19:49:27,990 - database_manager - INFO - Debates XML erfolgreich geparst: 0 Debatten, 0 Reden, 0 Wörter
2025-09-20 19:49:27,990 - database_manager - INFO - Verarbeite Datei 2772/2945: debates2019-01-11a.xml
2025-09-20 19:49:27,990 - database_manager - INFO - Parse debates XML-Datei: debates2019-01-11a.xml
2025-09-20 19:49:27,999 - database_manager - INFO - Debates XML erfolgreich geparst: 3 Debatten, 0 Reden, 0 Wörter
2025-09-20 19:49:27,999 - database_manager - INFO - Verarbeite Datei 2773/2945: debates2020-07-21c.xml
2025-09-20 19:49:27,999 - database_manager - INFO - Parse debates XML-Datei: debates2020-07-21c.xml
2025-09-20 19:49:28,000 - database_manager - INFO - Debates XML erfolgreich geparst: 0 Debatten, 0 Reden, 0 Wörter
2025-09-20 19:49:28,000 - database_manager - INFO - Verarbeite Datei 2774/2945: debates2014-01-07b.xml
2025-09-20 19:49:28,000 - database_manager - INFO - Parse debates XML-Datei: debates2014-01-07b.xml
2025-09-20 19:49:28,016 - database_manager - INFO - Debates XML erfolgreich geparst: 17 Debatten, 0 Reden, 0 Wörter
2025-09-20 19:49:28,017 - database_manager - INFO - Verarbeite Datei 2775/2945: debates2013-05-14a.xml
2025-09-20 19:49:28,017 - database_manager - INFO - Parse debates XML-Datei: debates2013-05-14a.xml
2025-09-20 19:49:28,035 - database_manager - INFO - Debates XML erfolgreich geparst: 21 Debatten, 0 Reden, 0 Wörter
2025-09-20 19:49:28,036 - database_manager - INFO - Verarbeite Datei 2776/2945: debates2016-07-12a.xml
2025-09-20 19:49:28,036 - database_manager - INFO - Parse debates XML-Datei: debates2016-07-12a.xml
2025-09-20 19:49:28,037 - database_manager - INFO - Debates XML erfolgreich geparst: 1 Debatten, 0 Reden, 0 Wörter
2025-09-20 19:49:28,037 - database_manager - INFO - Verarbeite Datei 2777/2945: debates2012-11-13a.xml
2025-09-20 19:49:28,037 - database_manager - INFO - Parse debates XML-Datei: debates2012-11-13a.xml
2025-09-20 19:49:28,052 - database_manager - INFO - Debates XML erfolgreich geparst: 21 Debatten, 0 Reden, 0 Wörter
2025-09-20 19:49:28,053 - database_manager - INFO - Verarbeite Datei 2778/2945: debates2021-07-12a.xml
2025-09-20 19:49:28,053 - database_manager - INFO - Parse debates XML-Datei: debates2021-07-12a.xml
2025-09-20 19:49:28,054 - database_manager - INFO - Debates XML erfolgreich geparst: 0 Debatten, 0 Reden, 0 Wörter
2025-09-20 19:49:28,054 - database_manager - INFO - Verarbeite Datei 2779/2945: debates2017-11-28a.xml
2025-09-20 19:49:28,054 - database_manager - INFO - Parse debates XML-Datei: debates2017-11-28a.xml
2025-09-20 19:49:28,055 - database_manager - INFO - Debates XML erfolgreich geparst: 0 Debatten, 0 Reden, 0 Wörter
2025-09-20 19:49:28,055 - database_manager - INFO - Verarbeite Datei 2780/2945: debates2017-10-09b.xml
2025-09-20 19:49:28,055 - database_manager - INFO - Parse debates XML-Datei: debates2017-10-09b.xml
2025-09-20 19:49:28,056 - database_manager - INFO - Debates XML erfolgreich geparst: 0 Debatten, 0 Reden, 0 Wörter
2025-09-20 19:49:28,056 - database_manager - INFO - Verarbeite Datei 2781/2945: debates2018-05-16a.xml
2025-09-20 19:49:28,056 - database_manager - INFO - Parse debates XML-Datei: debates2018-05-16a.xml
2025-09-20 19:49:28,057 - database_manager - INFO - Debates XML erfolgreich geparst: 0 Debatten, 0 Reden, 0 Wörter
2025-09-20 19:49:28,058 - database_manager - INFO - Verarbeite Datei 2782/2945: debates2017-03-15a.xml
2025-09-20 19:49:28,058 - database_manager - INFO - Parse debates XML-Datei: debates2017-03-15a.xml
2025-09-20 19:49:28,058 - database_manager - INFO - Debates XML erfolgreich geparst: 0 Debatten, 0 Reden, 0 Wörter
2025-09-20 19:49:28,059 - database_manager - INFO - Verarbeite Datei 2783/2945: debates2019-04-08c.xml
2025-09-20 19:49:28,059 - database_manager - INFO - Parse debates XML-Datei: debates2019-04-08c.xml
2025-09-20 19:49:28,060 - database_manager - INFO - Debates XML erfolgreich geparst: 0 Debatten, 0 Reden, 0 Wörter
2025-09-20 19:49:28,060 - database_manager - INFO - Verarbeite Datei 2784/2945: debates2019-03-20b.xml
2025-09-20 19:49:28,060 - database_manager - INFO - Parse debates XML-Datei: debates2019-03-20b.xml
2025-09-20 19:49:28,079 - database_manager - INFO - Debates XML erfolgreich geparst: 24 Debatten, 0 Reden, 0 Wörter
2025-09-20 19:49:28,080 - database_manager - INFO - Verarbeite Datei 2785/2945: debates2020-11-24b.xml
2025-09-20 19:49:28,080 - database_manager - INFO - Parse debates XML-Datei: debates2020-11-24b.xml
2025-09-20 19:49:28,081 - database_manager - INFO - Debates XML erfolgreich geparst: 0 Debatten, 0 Reden, 0 Wörter
2025-09-20 19:49:28,081 - database_manager - INFO - Verarbeite Datei 2786/2945: debates2020-10-05a.xml
2025-09-20 19:49:28,081 - database_manager - INFO - Parse debates XML-Datei: debates2020-10-05a.xml
2025-09-20 19:49:28,082 - database_manager - INFO - Debates XML erfolgreich geparst: 0 Debatten, 0 Reden, 0 Wörter
2025-09-20 19:49:28,082 - database_manager - INFO - Verarbeite Datei 2787/2945: debates2013-06-04a.xml
2025-09-20 19:49:28,082 - database_manager - INFO - Parse debates XML-Datei: debates2013-06-04a.xml
2025-09-20 19:49:28,083 - database_manager - INFO - Debates XML erfolgreich geparst: 0 Debatten, 0 Reden, 0 Wörter
2025-09-20 19:49:28,083 - database_manager - INFO - Verarbeite Datei 2788/2945: debates2014-12-17b.xml
2025-09-20 19:49:28,083 - database_manager - INFO - Parse debates XML-Datei: debates2014-12-17b.xml
2025-09-20 19:49:28,099 - database_manager - INFO - Debates XML erfolgreich geparst: 14 Debatten, 0 Reden, 0 Wörter
2025-09-20 19:49:28,100 - database_manager - INFO - Verarbeite Datei 2789/2945: debates2021-11-16d.xml
2025-09-20 19:49:28,100 - database_manager - INFO - Parse debates XML-Datei: debates2021-11-16d.xml
2025-09-20 19:49:28,113 - database_manager - INFO - Debates XML erfolgreich geparst: 16 Debatten, 0 Reden, 0 Wörter
2025-09-20 19:49:28,114 - database_manager - INFO - Verarbeite Datei 2790/2945: debates2012-12-03a.xml
2025-09-20 19:49:28,114 - database_manager - INFO - Parse debates XML-Datei: debates2012-12-03a.xml
2025-09-20 19:49:28,129 - database_manager - INFO - Debates XML erfolgreich geparst: 27 Debatten, 0 Reden, 0 Wörter
2025-09-20 19:49:28,130 - database_manager - INFO - Verarbeite Datei 2791/2945: debates2018-06-06a.xml
2025-09-20 19:49:28,130 - database_manager - INFO - Parse debates XML-Datei: debates2018-06-06a.xml
2025-09-20 19:49:28,131 - database_manager - INFO - Debates XML erfolgreich geparst: 0 Debatten, 0 Reden, 0 Wörter
2025-09-20 19:49:28,131 - database_manager - INFO - Verarbeite Datei 2792/2945: debates2015-06-10b.xml
2025-09-20 19:49:28,131 - database_manager - INFO - Parse debates XML-Datei: debates2015-06-10b.xml
2025-09-20 19:49:28,147 - database_manager - INFO - Debates XML erfolgreich geparst: 13 Debatten, 0 Reden, 0 Wörter
2025-09-20 19:49:28,148 - database_manager - INFO - Verarbeite Datei 2793/2945: debates2012-03-22b.xml
2025-09-20 19:49:28,148 - database_manager - INFO - Parse debates XML-Datei: debates2012-03-22b.xml
2025-09-20 19:49:28,164 - database_manager - INFO - Debates XML erfolgreich geparst: 19 Debatten, 0 Reden, 0 Wörter
2025-09-20 19:49:28,165 - database_manager - INFO - Verarbeite Datei 2794/2945: debates2017-01-24b.xml
2025-09-20 19:49:28,165 - database_manager - INFO - Parse debates XML-Datei: debates2017-01-24b.xml
2025-09-20 19:49:28,180 - database_manager - INFO - Debates XML erfolgreich geparst: 24 Debatten, 0 Reden, 0 Wörter
2025-09-20 19:49:28,180 - database_manager - INFO - Verarbeite Datei 2795/2945: debates2020-07-01a.xml
2025-09-20 19:49:28,180 - database_manager - INFO - Parse debates XML-Datei: debates2020-07-01a.xml
2025-09-20 19:49:28,181 - database_manager - INFO - Debates XML erfolgreich geparst: 0 Debatten, 0 Reden, 0 Wörter
2025-09-20 19:49:28,182 - database_manager - INFO - Verarbeite Datei 2796/2945: debates2019-01-31c.xml
2025-09-20 19:49:28,182 - database_manager - INFO - Parse debates XML-Datei: debates2019-01-31c.xml
2025-09-20 19:49:28,196 - database_manager - INFO - Debates XML erfolgreich geparst: 20 Debatten, 0 Reden, 0 Wörter
2025-09-20 19:49:28,197 - database_manager - INFO - Verarbeite Datei 2797/2945: debates2020-01-08c.xml
2025-09-20 19:49:28,197 - database_manager - INFO - Parse debates XML-Datei: debates2020-01-08c.xml
2025-09-20 19:49:28,201 - database_manager - INFO - Debates XML erfolgreich geparst: 0 Debatten, 0 Reden, 0 Wörter
2025-09-20 19:49:28,202 - database_manager - INFO - Verarbeite Datei 2798/2945: debates2019-04-24b.xml
2025-09-20 19:49:28,202 - database_manager - INFO - Parse debates XML-Datei: debates2019-04-24b.xml
2025-09-20 19:49:28,215 - database_manager - INFO - Debates XML erfolgreich geparst: 10 Debatten, 0 Reden, 0 Wörter
2025-09-20 19:49:28,215 - database_manager - INFO - Verarbeite Datei 2799/2945: debates2013-07-09c.xml
2025-09-20 19:49:28,215 - database_manager - INFO - Parse debates XML-Datei: debates2013-07-09c.xml
2025-09-20 19:49:28,236 - database_manager - INFO - Debates XML erfolgreich geparst: 36 Debatten, 0 Reden, 0 Wörter
2025-09-20 19:49:28,236 - database_manager - INFO - Verarbeite Datei 2800/2945: debates2019-09-26a.xml
2025-09-20 19:49:28,236 - database_manager - INFO - Parse debates XML-Datei: debates2019-09-26a.xml
2025-09-20 19:49:28,237 - database_manager - INFO - Debates XML erfolgreich geparst: 0 Debatten, 0 Reden, 0 Wörter
2025-09-20 19:49:28,237 - database_manager - INFO - Verarbeite Datei 2801/2945: debates2018-10-23b.xml
2025-09-20 19:49:28,237 - database_manager - INFO - Parse debates XML-Datei: debates2018-10-23b.xml
2025-09-20 19:49:28,240 - database_manager - INFO - Debates XML erfolgreich geparst: 0 Debatten, 0 Reden, 0 Wörter
2025-09-20 19:49:28,240 - database_manager - INFO - Verarbeite Datei 2802/2945: debates2015-12-08a.xml
2025-09-20 19:49:28,240 - database_manager - INFO - Parse debates XML-Datei: debates2015-12-08a.xml
2025-09-20 19:49:28,255 - database_manager - INFO - Debates XML erfolgreich geparst: 29 Debatten, 0 Reden, 0 Wörter
2025-09-20 19:49:28,256 - database_manager - INFO - Verarbeite Datei 2803/2945: debates2013-12-10a.xml
2025-09-20 19:49:28,256 - database_manager - INFO - Parse debates XML-Datei: debates2013-12-10a.xml
2025-09-20 19:49:28,257 - database_manager - INFO - Debates XML erfolgreich geparst: 0 Debatten, 0 Reden, 0 Wörter
2025-09-20 19:49:28,258 - database_manager - INFO - Verarbeite Datei 2804/2945: debates2014-07-22a.xml
2025-09-20 19:49:28,258 - database_manager - INFO - Parse debates XML-Datei: debates2014-07-22a.xml
2025-09-20 19:49:28,258 - database_manager - INFO - Debates XML erfolgreich geparst: 0 Debatten, 0 Reden, 0 Wörter
2025-09-20 19:49:28,258 - database_manager - INFO - Verarbeite Datei 2805/2945: debates2019-05-09b.xml
2025-09-20 19:49:28,258 - database_manager - INFO - Parse debates XML-Datei: debates2019-05-09b.xml
2025-09-20 19:49:28,273 - database_manager - INFO - Debates XML erfolgreich geparst: 22 Debatten, 0 Reden, 0 Wörter
2025-09-20 19:49:28,273 - database_manager - INFO - Verarbeite Datei 2806/2945: debates2015-03-25a.xml
2025-09-20 19:49:28,273 - database_manager - INFO - Parse debates XML-Datei: debates2015-03-25a.xml
2025-09-20 19:49:28,274 - database_manager - INFO - Debates XML erfolgreich geparst: 0 Debatten, 0 Reden, 0 Wörter
2025-09-20 19:49:28,274 - database_manager - INFO - Verarbeite Datei 2807/2945: debates2017-09-13b.xml
2025-09-20 19:49:28,274 - database_manager - INFO - Parse debates XML-Datei: debates2017-09-13b.xml
2025-09-20 19:49:28,289 - database_manager - INFO - Debates XML erfolgreich geparst: 15 Debatten, 0 Reden, 0 Wörter
2025-09-20 19:49:28,289 - database_manager - INFO - Verarbeite Datei 2808/2945: debates2015-02-04b.xml
2025-09-20 19:49:28,289 - database_manager - INFO - Parse debates XML-Datei: debates2015-02-04b.xml
2025-09-20 19:49:28,306 - database_manager - INFO - Debates XML erfolgreich geparst: 19 Debatten, 0 Reden, 0 Wörter
2025-09-20 19:49:28,306 - database_manager - INFO - Verarbeite Datei 2809/2945: debates2015-12-04b.xml
2025-09-20 19:49:28,306 - database_manager - INFO - Parse debates XML-Datei: debates2015-12-04b.xml
2025-09-20 19:49:28,315 - database_manager - INFO - Debates XML erfolgreich geparst: 6 Debatten, 0 Reden, 0 Wörter
2025-09-20 19:49:28,315 - database_manager - INFO - Verarbeite Datei 2810/2945: debates2015-11-18a.xml
2025-09-20 19:49:28,315 - database_manager - INFO - Parse debates XML-Datei: debates2015-11-18a.xml
2025-09-20 19:49:28,332 - database_manager - INFO - Debates XML erfolgreich geparst: 17 Debatten, 0 Reden, 0 Wörter
2025-09-20 19:49:28,332 - database_manager - INFO - Verarbeite Datei 2811/2945: debates2018-12-12a.xml
2025-09-20 19:49:28,332 - database_manager - INFO - Parse debates XML-Datei: debates2018-12-12a.xml
2025-09-20 19:49:28,333 - database_manager - INFO - Debates XML erfolgreich geparst: 0 Debatten, 0 Reden, 0 Wörter
2025-09-20 19:49:28,333 - database_manager - INFO - Verarbeite Datei 2812/2945: debates2019-09-30a.xml
2025-09-20 19:49:28,333 - database_manager - INFO - Parse debates XML-Datei: debates2019-09-30a.xml
2025-09-20 19:49:28,334 - database_manager - INFO - Debates XML erfolgreich geparst: 0 Debatten, 0 Reden, 0 Wörter
2025-09-20 19:49:28,334 - database_manager - INFO - Verarbeite Datei 2813/2945: debates2016-03-10a.xml
2025-09-20 19:49:28,334 - database_manager - INFO - Parse debates XML-Datei: debates2016-03-10a.xml
2025-09-20 19:49:28,335 - database_manager - INFO - Debates XML erfolgreich geparst: 0 Debatten, 0 Reden, 0 Wörter
2025-09-20 19:49:28,335 - database_manager - INFO - Verarbeite Datei 2814/2945: debates2020-02-03d.xml
2025-09-20 19:49:28,335 - database_manager - INFO - Parse debates XML-Datei: debates2020-02-03d.xml
2025-09-20 19:49:28,351 - database_manager - INFO - Debates XML erfolgreich geparst: 19 Debatten, 0 Reden, 0 Wörter
2025-09-20 19:49:28,351 - database_manager - INFO - Verarbeite Datei 2815/2945: debates2013-01-16a.xml
2025-09-20 19:49:28,352 - database_manager - INFO - Parse debates XML-Datei: debates2013-01-16a.xml
2025-09-20 19:49:28,368 - database_manager - INFO - Debates XML erfolgreich geparst: 19 Debatten, 0 Reden, 0 Wörter
2025-09-20 19:49:28,369 - database_manager - INFO - Verarbeite Datei 2816/2945: debates2020-09-09a.xml
2025-09-20 19:49:28,369 - database_manager - INFO - Parse debates XML-Datei: debates2020-09-09a.xml
2025-09-20 19:49:28,371 - database_manager - INFO - Debates XML erfolgreich geparst: 0 Debatten, 0 Reden, 0 Wörter
2025-09-20 19:49:28,371 - database_manager - INFO - Verarbeite Datei 2817/2945: debates2014-06-19a.xml
2025-09-20 19:49:28,371 - database_manager - INFO - Parse debates XML-Datei: debates2014-06-19a.xml
2025-09-20 19:49:28,385 - database_manager - INFO - Debates XML erfolgreich geparst: 15 Debatten, 0 Reden, 0 Wörter
2025-09-20 19:49:28,385 - database_manager - INFO - Verarbeite Datei 2818/2945: debates2019-05-13a.xml
2025-09-20 19:49:28,385 - database_manager - INFO - Parse debates XML-Datei: debates2019-05-13a.xml
2025-09-20 19:49:28,393 - database_manager - INFO - Debates XML erfolgreich geparst: 24 Debatten, 0 Reden, 0 Wörter
2025-09-20 19:49:28,393 - database_manager - INFO - Verarbeite Datei 2819/2945: debates2020-12-03d.xml
2025-09-20 19:49:28,393 - database_manager - INFO - Parse debates XML-Datei: debates2020-12-03d.xml
2025-09-20 19:49:28,407 - database_manager - INFO - Debates XML erfolgreich geparst: 17 Debatten, 0 Reden, 0 Wörter
2025-09-20 19:49:28,407 - database_manager - INFO - Verarbeite Datei 2820/2945: debates2017-07-17a.xml
2025-09-20 19:49:28,407 - database_manager - INFO - Parse debates XML-Datei: debates2017-07-17a.xml
2025-09-20 19:49:28,408 - database_manager - INFO - Debates XML erfolgreich geparst: 0 Debatten, 0 Reden, 0 Wörter
2025-09-20 19:49:28,408 - database_manager - INFO - Verarbeite Datei 2821/2945: debates2015-11-02b.xml
2025-09-20 19:49:28,408 - database_manager - INFO - Parse debates XML-Datei: debates2015-11-02b.xml
2025-09-20 19:49:28,426 - database_manager - INFO - Debates XML erfolgreich geparst: 15 Debatten, 0 Reden, 0 Wörter
2025-09-20 19:49:28,426 - database_manager - INFO - Verarbeite Datei 2822/2945: debates2015-10-23a.xml
2025-09-20 19:49:28,426 - database_manager - INFO - Parse debates XML-Datei: debates2015-10-23a.xml
2025-09-20 19:49:28,427 - database_manager - INFO - Debates XML erfolgreich geparst: 0 Debatten, 0 Reden, 0 Wörter
2025-09-20 19:49:28,427 - database_manager - INFO - Verarbeite Datei 2823/2945: debates2018-11-14a.xml
2025-09-20 19:49:28,427 - database_manager - INFO - Parse debates XML-Datei: debates2018-11-14a.xml
2025-09-20 19:49:28,427 - database_manager - INFO - Debates XML erfolgreich geparst: 0 Debatten, 0 Reden, 0 Wörter
2025-09-20 19:49:28,428 - database_manager - INFO - Verarbeite Datei 2824/2945: debates2018-02-08b.xml
2025-09-20 19:49:28,428 - database_manager - INFO - Parse debates XML-Datei: debates2018-02-08b.xml
2025-09-20 19:49:28,429 - database_manager - INFO - Debates XML erfolgreich geparst: 0 Debatten, 0 Reden, 0 Wörter
2025-09-20 19:49:28,429 - database_manager - INFO - Verarbeite Datei 2825/2945: debates2018-03-29a.xml
2025-09-20 19:49:28,429 - database_manager - INFO - Parse debates XML-Datei: debates2018-03-29a.xml
2025-09-20 19:49:28,430 - database_manager - INFO - Debates XML erfolgreich geparst: 0 Debatten, 0 Reden, 0 Wörter
2025-09-20 19:49:28,430 - database_manager - INFO - Verarbeite Datei 2826/2945: debates2021-05-19c.xml
2025-09-20 19:49:28,430 - database_manager - INFO - Parse debates XML-Datei: debates2021-05-19c.xml
2025-09-20 19:49:28,430 - database_manager - INFO - Debates XML erfolgreich geparst: 0 Debatten, 0 Reden, 0 Wörter
2025-09-20 19:49:28,431 - database_manager - INFO - Verarbeite Datei 2827/2945: debates2021-03-10a.xml
2025-09-20 19:49:28,431 - database_manager - INFO - Parse debates XML-Datei: debates2021-03-10a.xml
2025-09-20 19:49:28,431 - database_manager - INFO - Debates XML erfolgreich geparst: 0 Debatten, 0 Reden, 0 Wörter
2025-09-20 19:49:28,431 - database_manager - INFO - Verarbeite Datei 2828/2945: debates2016-01-21b.xml
2025-09-20 19:49:28,431 - database_manager - INFO - Parse debates XML-Datei: debates2016-01-21b.xml
2025-09-20 19:49:28,447 - database_manager - INFO - Debates XML erfolgreich geparst: 15 Debatten, 0 Reden, 0 Wörter
2025-09-20 19:49:28,447 - database_manager - INFO - Verarbeite Datei 2829/2945: debates2013-02-06a.xml
2025-09-20 19:49:28,447 - database_manager - INFO - Parse debates XML-Datei: debates2013-02-06a.xml
2025-09-20 19:49:28,463 - database_manager - INFO - Debates XML erfolgreich geparst: 22 Debatten, 0 Reden, 0 Wörter
2025-09-20 19:49:28,464 - database_manager - INFO - Verarbeite Datei 2830/2945: debates2019-07-22b.xml
2025-09-20 19:49:28,464 - database_manager - INFO - Parse debates XML-Datei: debates2019-07-22b.xml
2025-09-20 19:49:28,465 - database_manager - INFO - Debates XML erfolgreich geparst: 0 Debatten, 0 Reden, 0 Wörter
2025-09-20 19:49:28,465 - database_manager - INFO - Verarbeite Datei 2831/2945: debates2016-11-21b.xml
2025-09-20 19:49:28,465 - database_manager - INFO - Parse debates XML-Datei: debates2016-11-21b.xml
2025-09-20 19:49:28,481 - database_manager - INFO - Debates XML erfolgreich geparst: 42 Debatten, 0 Reden, 0 Wörter
2025-09-20 19:49:28,482 - database_manager - INFO - Verarbeite Datei 2832/2945: debates2018-12-04a.xml
2025-09-20 19:49:28,482 - database_manager - INFO - Parse debates XML-Datei: debates2018-12-04a.xml
2025-09-20 19:49:28,484 - database_manager - INFO - Debates XML erfolgreich geparst: 0 Debatten, 0 Reden, 0 Wörter
2025-09-20 19:49:28,484 - database_manager - INFO - Verarbeite Datei 2833/2945: debates2017-09-05b.xml
2025-09-20 19:49:28,484 - database_manager - INFO - Parse debates XML-Datei: debates2017-09-05b.xml
2025-09-20 19:49:28,499 - database_manager - INFO - Debates XML erfolgreich geparst: 92 Debatten, 0 Reden, 0 Wörter
2025-09-20 19:49:28,499 - database_manager - INFO - Verarbeite Datei 2834/2945: debates2021-06-09c.xml
2025-09-20 19:49:28,499 - database_manager - INFO - Parse debates XML-Datei: debates2021-06-09c.xml
2025-09-20 19:49:28,515 - database_manager - INFO - Debates XML erfolgreich geparst: 17 Debatten, 0 Reden, 0 Wörter
2025-09-20 19:49:28,515 - database_manager - INFO - Verarbeite Datei 2835/2945: debates2021-01-21b.xml
2025-09-20 19:49:28,516 - database_manager - INFO - Parse debates XML-Datei: debates2021-01-21b.xml
2025-09-20 19:49:28,516 - database_manager - INFO - Debates XML erfolgreich geparst: 0 Debatten, 0 Reden, 0 Wörter
2025-09-20 19:49:28,516 - database_manager - INFO - Verarbeite Datei 2836/2945: debates2020-09-29c.xml
2025-09-20 19:49:28,517 - database_manager - INFO - Parse debates XML-Datei: debates2020-09-29c.xml
2025-09-20 19:49:28,517 - database_manager - INFO - Debates XML erfolgreich geparst: 0 Debatten, 0 Reden, 0 Wörter
2025-09-20 19:49:28,517 - database_manager - INFO - Verarbeite Datei 2837/2945: debates2014-10-30a.xml
2025-09-20 19:49:28,518 - database_manager - INFO - Parse debates XML-Datei: debates2014-10-30a.xml
2025-09-20 19:49:28,533 - database_manager - INFO - Debates XML erfolgreich geparst: 23 Debatten, 0 Reden, 0 Wörter
2025-09-20 19:49:28,533 - database_manager - INFO - Verarbeite Datei 2838/2945: debates2016-04-18b.xml
2025-09-20 19:49:28,533 - database_manager - INFO - Parse debates XML-Datei: debates2016-04-18b.xml
2025-09-20 19:49:28,534 - database_manager - INFO - Debates XML erfolgreich geparst: 0 Debatten, 0 Reden, 0 Wörter
2025-09-20 19:49:28,534 - database_manager - INFO - Verarbeite Datei 2839/2945: debates2016-07-04a.xml
2025-09-20 19:49:28,534 - database_manager - INFO - Parse debates XML-Datei: debates2016-07-04a.xml
2025-09-20 19:49:28,549 - database_manager - INFO - Debates XML erfolgreich geparst: 43 Debatten, 0 Reden, 0 Wörter
2025-09-20 19:49:28,549 - database_manager - INFO - Verarbeite Datei 2840/2945: debates2014-11-11b.xml
2025-09-20 19:49:28,549 - database_manager - INFO - Parse debates XML-Datei: debates2014-11-11b.xml
2025-09-20 19:49:28,550 - database_manager - INFO - Debates XML erfolgreich geparst: 0 Debatten, 0 Reden, 0 Wörter
2025-09-20 19:49:28,550 - database_manager - INFO - Verarbeite Datei 2841/2945: debates2020-06-17d.xml
2025-09-20 19:49:28,550 - database_manager - INFO - Parse debates XML-Datei: debates2020-06-17d.xml
2025-09-20 19:49:28,551 - database_manager - INFO - Debates XML erfolgreich geparst: 0 Debatten, 0 Reden, 0 Wörter
2025-09-20 19:49:28,551 - database_manager - INFO - Verarbeite Datei 2842/2945: debates2019-01-07a.xml
2025-09-20 19:49:28,551 - database_manager - INFO - Parse debates XML-Datei: debates2019-01-07a.xml
2025-09-20 19:49:28,552 - database_manager - INFO - Debates XML erfolgreich geparst: 0 Debatten, 0 Reden, 0 Wörter
2025-09-20 19:49:28,552 - database_manager - INFO - Verarbeite Datei 2843/2945: debates2020-03-03a.xml
2025-09-20 19:49:28,552 - database_manager - INFO - Parse debates XML-Datei: debates2020-03-03a.xml
2025-09-20 19:49:28,553 - database_manager - INFO - Debates XML erfolgreich geparst: 0 Debatten, 0 Reden, 0 Wörter
2025-09-20 19:49:28,553 - database_manager - INFO - Verarbeite Datei 2844/2945: debates2012-10-24b.xml
2025-09-20 19:49:28,553 - database_manager - INFO - Parse debates XML-Datei: debates2012-10-24b.xml
2025-09-20 19:49:28,554 - database_manager - INFO - Debates XML erfolgreich geparst: 0 Debatten, 0 Reden, 0 Wörter
2025-09-20 19:49:28,554 - database_manager - INFO - Verarbeite Datei 2845/2945: debates2012-11-05a.xml
2025-09-20 19:49:28,554 - database_manager - INFO - Parse debates XML-Datei: debates2012-11-05a.xml
2025-09-20 19:49:28,555 - database_manager - INFO - Debates XML erfolgreich geparst: 0 Debatten, 0 Reden, 0 Wörter
2025-09-20 19:49:28,555 - database_manager - INFO - Verarbeite Datei 2846/2945: debates2016-06-29a.xml
2025-09-20 19:49:28,555 - database_manager - INFO - Parse debates XML-Datei: debates2016-06-29a.xml
2025-09-20 19:49:28,555 - database_manager - INFO - Debates XML erfolgreich geparst: 0 Debatten, 0 Reden, 0 Wörter
2025-09-20 19:49:28,555 - database_manager - INFO - Verarbeite Datei 2847/2945: debates2016-04-14a.xml
2025-09-20 19:49:28,555 - database_manager - INFO - Parse debates XML-Datei: debates2016-04-14a.xml
2025-09-20 19:49:28,556 - database_manager - INFO - Debates XML erfolgreich geparst: 0 Debatten, 0 Reden, 0 Wörter
2025-09-20 19:49:28,556 - database_manager - INFO - Verarbeite Datei 2848/2945: debates2014-12-01b.xml
2025-09-20 19:49:28,556 - database_manager - INFO - Parse debates XML-Datei: debates2014-12-01b.xml
2025-09-20 19:49:28,572 - database_manager - INFO - Debates XML erfolgreich geparst: 29 Debatten, 0 Reden, 0 Wörter
2025-09-20 19:49:28,572 - database_manager - INFO - Verarbeite Datei 2849/2945: debates2019-12-17a.xml
2025-09-20 19:49:28,572 - database_manager - INFO - Parse debates XML-Datei: debates2019-12-17a.xml
2025-09-20 19:49:28,573 - database_manager - INFO - Debates XML erfolgreich geparst: 0 Debatten, 0 Reden, 0 Wörter
2025-09-20 19:49:28,573 - database_manager - INFO - Verarbeite Datei 2850/2945: debates2014-04-09d.xml
2025-09-20 19:49:28,573 - database_manager - INFO - Parse debates XML-Datei: debates2014-04-09d.xml
2025-09-20 19:49:28,589 - database_manager - INFO - Debates XML erfolgreich geparst: 21 Debatten, 0 Reden, 0 Wörter
2025-09-20 19:49:28,590 - database_manager - INFO - Verarbeite Datei 2851/2945: debates2013-06-12a.xml
2025-09-20 19:49:28,590 - database_manager - INFO - Parse debates XML-Datei: debates2013-06-12a.xml
2025-09-20 19:49:28,607 - database_manager - INFO - Debates XML erfolgreich geparst: 17 Debatten, 0 Reden, 0 Wörter
2025-09-20 19:49:28,607 - database_manager - INFO - Verarbeite Datei 2852/2945: debates2020-10-13a.xml
2025-09-20 19:49:28,607 - database_manager - INFO - Parse debates XML-Datei: debates2020-10-13a.xml
2025-09-20 19:49:28,608 - database_manager - INFO - Debates XML erfolgreich geparst: 3 Debatten, 0 Reden, 0 Wörter
2025-09-20 19:49:28,608 - database_manager - INFO - Verarbeite Datei 2853/2945: debates2014-03-20a.xml
2025-09-20 19:49:28,608 - database_manager - INFO - Parse debates XML-Datei: debates2014-03-20a.xml
2025-09-20 19:49:28,609 - database_manager - INFO - Debates XML erfolgreich geparst: 0 Debatten, 0 Reden, 0 Wörter
2025-09-20 19:49:28,610 - database_manager - INFO - Verarbeite Datei 2854/2945: debates2020-09-24d.xml
2025-09-20 19:49:28,610 - database_manager - INFO - Parse debates XML-Datei: debates2020-09-24d.xml
2025-09-20 19:49:28,625 - database_manager - INFO - Debates XML erfolgreich geparst: 23 Debatten, 0 Reden, 0 Wörter
2025-09-20 19:49:28,625 - database_manager - INFO - Verarbeite Datei 2855/2945: debates2021-10-20c.xml
2025-09-20 19:49:28,625 - database_manager - INFO - Parse debates XML-Datei: debates2021-10-20c.xml
2025-09-20 19:49:28,643 - database_manager - INFO - Debates XML erfolgreich geparst: 24 Debatten, 0 Reden, 0 Wörter
2025-09-20 19:49:28,643 - database_manager - INFO - Verarbeite Datei 2856/2945: debates2021-09-16b.xml
2025-09-20 19:49:28,643 - database_manager - INFO - Parse debates XML-Datei: debates2021-09-16b.xml
2025-09-20 19:49:28,657 - database_manager - INFO - Debates XML erfolgreich geparst: 18 Debatten, 0 Reden, 0 Wörter
2025-09-20 19:49:28,657 - database_manager - INFO - Verarbeite Datei 2857/2945: debates2012-11-09b.xml
2025-09-20 19:49:28,657 - database_manager - INFO - Parse debates XML-Datei: debates2012-11-09b.xml
2025-09-20 19:49:28,667 - database_manager - INFO - Debates XML erfolgreich geparst: 18 Debatten, 0 Reden, 0 Wörter
2025-09-20 19:49:28,667 - database_manager - INFO - Verarbeite Datei 2858/2945: debates2021-06-29a.xml
2025-09-20 19:49:28,667 - database_manager - INFO - Parse debates XML-Datei: debates2021-06-29a.xml
2025-09-20 19:49:28,668 - database_manager - INFO - Debates XML erfolgreich geparst: 0 Debatten, 0 Reden, 0 Wörter
2025-09-20 19:49:28,668 - database_manager - INFO - Verarbeite Datei 2859/2945: debates2021-04-14a.xml
2025-09-20 19:49:28,668 - database_manager - INFO - Parse debates XML-Datei: debates2021-04-14a.xml
2025-09-20 19:49:28,684 - database_manager - INFO - Debates XML erfolgreich geparst: 16 Debatten, 0 Reden, 0 Wörter
2025-09-20 19:49:28,684 - database_manager - INFO - Verarbeite Datei 2860/2945: debates2018-03-05a.xml
2025-09-20 19:49:28,685 - database_manager - INFO - Parse debates XML-Datei: debates2018-03-05a.xml
2025-09-20 19:49:28,686 - database_manager - INFO - Debates XML erfolgreich geparst: 0 Debatten, 0 Reden, 0 Wörter
2025-09-20 19:49:28,686 - database_manager - INFO - Verarbeite Datei 2861/2945: debates2021-04-15d.xml
2025-09-20 19:49:28,686 - database_manager - INFO - Parse debates XML-Datei: debates2021-04-15d.xml
2025-09-20 19:49:28,702 - database_manager - INFO - Debates XML erfolgreich geparst: 29 Debatten, 0 Reden, 0 Wörter
2025-09-20 19:49:28,703 - database_manager - INFO - Verarbeite Datei 2862/2945: debates2021-11-01a.xml
2025-09-20 19:49:28,703 - database_manager - INFO - Parse debates XML-Datei: debates2021-11-01a.xml
2025-09-20 19:49:28,704 - database_manager - INFO - Debates XML erfolgreich geparst: 0 Debatten, 0 Reden, 0 Wörter
2025-09-20 19:49:28,704 - database_manager - INFO - Verarbeite Datei 2863/2945: debates2021-10-20b.xml
2025-09-20 19:49:28,704 - database_manager - INFO - Parse debates XML-Datei: debates2021-10-20b.xml
2025-09-20 19:49:28,705 - database_manager - INFO - Debates XML erfolgreich geparst: 0 Debatten, 0 Reden, 0 Wörter
2025-09-20 19:49:28,705 - database_manager - INFO - Verarbeite Datei 2864/2945: debates2020-10-12d.xml
2025-09-20 19:49:28,705 - database_manager - INFO - Parse debates XML-Datei: debates2020-10-12d.xml
2025-09-20 19:49:28,720 - database_manager - INFO - Debates XML erfolgreich geparst: 31 Debatten, 0 Reden, 0 Wörter
2025-09-20 19:49:28,721 - database_manager - INFO - Verarbeite Datei 2865/2945: debates2020-05-06a.xml
2025-09-20 19:49:28,721 - database_manager - INFO - Parse debates XML-Datei: debates2020-05-06a.xml
2025-09-20 19:49:28,728 - database_manager - INFO - Debates XML erfolgreich geparst: 12 Debatten, 0 Reden, 0 Wörter
2025-09-20 19:49:28,728 - database_manager - INFO - Verarbeite Datei 2866/2945: debates2020-04-27b.xml
2025-09-20 19:49:28,728 - database_manager - INFO - Parse debates XML-Datei: debates2020-04-27b.xml
2025-09-20 19:49:28,739 - database_manager - INFO - Debates XML erfolgreich geparst: 14 Debatten, 0 Reden, 0 Wörter
2025-09-20 19:49:28,739 - database_manager - INFO - Verarbeite Datei 2867/2945: debates2019-07-02a.xml
2025-09-20 19:49:28,739 - database_manager - INFO - Parse debates XML-Datei: debates2019-07-02a.xml
2025-09-20 19:49:28,754 - database_manager - INFO - Debates XML erfolgreich geparst: 23 Debatten, 0 Reden, 0 Wörter
2025-09-20 19:49:28,755 - database_manager - INFO - Verarbeite Datei 2868/2945: debates2016-11-01a.xml
2025-09-20 19:49:28,755 - database_manager - INFO - Parse debates XML-Datei: debates2016-11-01a.xml
2025-09-20 19:49:28,766 - database_manager - INFO - Debates XML erfolgreich geparst: 23 Debatten, 0 Reden, 0 Wörter
2025-09-20 19:49:28,767 - database_manager - INFO - Verarbeite Datei 2869/2945: debates2014-04-08a.xml
2025-09-20 19:49:28,767 - database_manager - INFO - Parse debates XML-Datei: debates2014-04-08a.xml
2025-09-20 19:49:28,768 - database_manager - INFO - Debates XML erfolgreich geparst: 1 Debatten, 0 Reden, 0 Wörter
2025-09-20 19:49:28,768 - database_manager - INFO - Verarbeite Datei 2870/2945: debates2020-09-25a.xml
2025-09-20 19:49:28,768 - database_manager - INFO - Parse debates XML-Datei: debates2020-09-25a.xml
2025-09-20 19:49:28,769 - database_manager - INFO - Debates XML erfolgreich geparst: 0 Debatten, 0 Reden, 0 Wörter
2025-09-20 19:49:28,769 - database_manager - INFO - Verarbeite Datei 2871/2945: debates2013-02-26b.xml
2025-09-20 19:49:28,769 - database_manager - INFO - Parse debates XML-Datei: debates2013-02-26b.xml
2025-09-20 19:49:28,785 - database_manager - INFO - Debates XML erfolgreich geparst: 24 Debatten, 0 Reden, 0 Wörter
2025-09-20 19:49:28,786 - database_manager - INFO - Verarbeite Datei 2872/2945: debates2013-03-07a.xml
2025-09-20 19:49:28,786 - database_manager - INFO - Parse debates XML-Datei: debates2013-03-07a.xml
2025-09-20 19:49:28,787 - database_manager - INFO - Debates XML erfolgreich geparst: 0 Debatten, 0 Reden, 0 Wörter
2025-09-20 19:49:28,787 - database_manager - INFO - Verarbeite Datei 2873/2945: debates2021-02-11a.xml
2025-09-20 19:49:28,787 - database_manager - INFO - Parse debates XML-Datei: debates2021-02-11a.xml
2025-09-20 19:49:28,788 - database_manager - INFO - Debates XML erfolgreich geparst: 0 Debatten, 0 Reden, 0 Wörter
2025-09-20 19:49:28,788 - database_manager - INFO - Verarbeite Datei 2874/2945: debates2018-02-28a.xml
2025-09-20 19:49:28,788 - database_manager - INFO - Parse debates XML-Datei: debates2018-02-28a.xml
2025-09-20 19:49:28,789 - database_manager - INFO - Debates XML erfolgreich geparst: 0 Debatten, 0 Reden, 0 Wörter
2025-09-20 19:49:28,789 - database_manager - INFO - Verarbeite Datei 2875/2945: debates2012-10-24c.xml
2025-09-20 19:49:28,789 - database_manager - INFO - Parse debates XML-Datei: debates2012-10-24c.xml
2025-09-20 19:49:28,805 - database_manager - INFO - Debates XML erfolgreich geparst: 16 Debatten, 0 Reden, 0 Wörter
2025-09-20 19:49:28,805 - database_manager - INFO - Verarbeite Datei 2876/2945: debates2015-01-22a.xml
2025-09-20 19:49:28,805 - database_manager - INFO - Parse debates XML-Datei: debates2015-01-22a.xml
2025-09-20 19:49:28,818 - database_manager - INFO - Debates XML erfolgreich geparst: 19 Debatten, 0 Reden, 0 Wörter
2025-09-20 19:49:28,819 - database_manager - INFO - Verarbeite Datei 2877/2945: debates2018-10-15a.xml
2025-09-20 19:49:28,819 - database_manager - INFO - Parse debates XML-Datei: debates2018-10-15a.xml
2025-09-20 19:49:28,820 - database_manager - INFO - Debates XML erfolgreich geparst: 0 Debatten, 0 Reden, 0 Wörter
2025-09-20 19:49:28,820 - database_manager - INFO - Verarbeite Datei 2878/2945: debates2013-10-17a.xml
2025-09-20 19:49:28,820 - database_manager - INFO - Parse debates XML-Datei: debates2013-10-17a.xml
2025-09-20 19:49:28,821 - database_manager - INFO - Debates XML erfolgreich geparst: 0 Debatten, 0 Reden, 0 Wörter
2025-09-20 19:49:28,821 - database_manager - INFO - Verarbeite Datei 2879/2945: debates2020-06-16a.xml
2025-09-20 19:49:28,821 - database_manager - INFO - Parse debates XML-Datei: debates2020-06-16a.xml
2025-09-20 19:49:28,822 - database_manager - INFO - Debates XML erfolgreich geparst: 0 Debatten, 0 Reden, 0 Wörter
2025-09-20 19:49:28,822 - database_manager - INFO - Verarbeite Datei 2880/2945: debates2014-11-11c.xml
2025-09-20 19:49:28,822 - database_manager - INFO - Parse debates XML-Datei: debates2014-11-11c.xml
2025-09-20 19:49:28,831 - database_manager - INFO - Debates XML erfolgreich geparst: 21 Debatten, 0 Reden, 0 Wörter
2025-09-20 19:49:28,832 - database_manager - INFO - Verarbeite Datei 2881/2945: debates2016-04-18c.xml
2025-09-20 19:49:28,832 - database_manager - INFO - Parse debates XML-Datei: debates2016-04-18c.xml
2025-09-20 19:49:28,833 - database_manager - INFO - Debates XML erfolgreich geparst: 0 Debatten, 0 Reden, 0 Wörter
2025-09-20 19:49:28,833 - database_manager - INFO - Verarbeite Datei 2882/2945: debates2020-03-02d.xml
2025-09-20 19:49:28,833 - database_manager - INFO - Parse debates XML-Datei: debates2020-03-02d.xml
2025-09-20 19:49:28,848 - database_manager - INFO - Debates XML erfolgreich geparst: 40 Debatten, 0 Reden, 0 Wörter
2025-09-20 19:49:28,849 - database_manager - INFO - Verarbeite Datei 2883/2945: debates2020-09-29b.xml
2025-09-20 19:49:28,849 - database_manager - INFO - Parse debates XML-Datei: debates2020-09-29b.xml
2025-09-20 19:49:28,850 - database_manager - INFO - Debates XML erfolgreich geparst: 0 Debatten, 0 Reden, 0 Wörter
2025-09-20 19:49:28,850 - database_manager - INFO - Verarbeite Datei 2884/2945: debates2016-02-11a.xml
2025-09-20 19:49:28,850 - database_manager - INFO - Parse debates XML-Datei: debates2016-02-11a.xml
2025-09-20 19:49:28,851 - database_manager - INFO - Debates XML erfolgreich geparst: 0 Debatten, 0 Reden, 0 Wörter
2025-09-20 19:49:28,851 - database_manager - INFO - Verarbeite Datei 2885/2945: debates2020-06-17e.xml
2025-09-20 19:49:28,851 - database_manager - INFO - Parse debates XML-Datei: debates2020-06-17e.xml
2025-09-20 19:49:28,867 - database_manager - INFO - Debates XML erfolgreich geparst: 23 Debatten, 0 Reden, 0 Wörter
2025-09-20 19:49:28,867 - database_manager - INFO - Verarbeite Datei 2886/2945: debates2012-11-29a.xml
2025-09-20 19:49:28,867 - database_manager - INFO - Parse debates XML-Datei: debates2012-11-29a.xml
2025-09-20 19:49:28,868 - database_manager - INFO - Debates XML erfolgreich geparst: 0 Debatten, 0 Reden, 0 Wörter
2025-09-20 19:49:28,868 - database_manager - INFO - Verarbeite Datei 2887/2945: debates2021-06-09b.xml
2025-09-20 19:49:28,868 - database_manager - INFO - Parse debates XML-Datei: debates2021-06-09b.xml
2025-09-20 19:49:28,869 - database_manager - INFO - Debates XML erfolgreich geparst: 0 Debatten, 0 Reden, 0 Wörter
2025-09-20 19:49:28,869 - database_manager - INFO - Verarbeite Datei 2888/2945: debates2015-07-07b.xml
2025-09-20 19:49:28,869 - database_manager - INFO - Parse debates XML-Datei: debates2015-07-07b.xml
2025-09-20 19:49:28,886 - database_manager - INFO - Debates XML erfolgreich geparst: 22 Debatten, 0 Reden, 0 Wörter
2025-09-20 19:49:28,886 - database_manager - INFO - Verarbeite Datei 2889/2945: debates2018-07-11a.xml
2025-09-20 19:49:28,886 - database_manager - INFO - Parse debates XML-Datei: debates2018-07-11a.xml
2025-09-20 19:49:28,887 - database_manager - INFO - Debates XML erfolgreich geparst: 0 Debatten, 0 Reden, 0 Wörter
2025-09-20 19:49:28,887 - database_manager - INFO - Verarbeite Datei 2890/2945: debates2021-01-21c.xml
2025-09-20 19:49:28,887 - database_manager - INFO - Parse debates XML-Datei: debates2021-01-21c.xml
2025-09-20 19:49:28,888 - database_manager - INFO - Debates XML erfolgreich geparst: 0 Debatten, 0 Reden, 0 Wörter
2025-09-20 19:49:28,888 - database_manager - INFO - Verarbeite Datei 2891/2945: debates2012-03-14a.xml
2025-09-20 19:49:28,888 - database_manager - INFO - Parse debates XML-Datei: debates2012-03-14a.xml
2025-09-20 19:49:28,888 - database_manager - INFO - Debates XML erfolgreich geparst: 0 Debatten, 0 Reden, 0 Wörter
2025-09-20 19:49:28,888 - database_manager - INFO - Verarbeite Datei 2892/2945: debates2017-01-12a.xml
2025-09-20 19:49:28,888 - database_manager - INFO - Parse debates XML-Datei: debates2017-01-12a.xml
2025-09-20 19:49:28,889 - database_manager - INFO - Debates XML erfolgreich geparst: 0 Debatten, 0 Reden, 0 Wörter
2025-09-20 19:49:28,889 - database_manager - INFO - Verarbeite Datei 2893/2945: debates2019-07-22c.xml
2025-09-20 19:49:28,889 - database_manager - INFO - Parse debates XML-Datei: debates2019-07-22c.xml
2025-09-20 19:49:28,890 - database_manager - INFO - Debates XML erfolgreich geparst: 0 Debatten, 0 Reden, 0 Wörter
2025-09-20 19:49:28,890 - database_manager - INFO - Verarbeite Datei 2894/2945: debates2020-11-12a.xml
2025-09-20 19:49:28,890 - database_manager - INFO - Parse debates XML-Datei: debates2020-11-12a.xml
2025-09-20 19:49:28,891 - database_manager - INFO - Debates XML erfolgreich geparst: 0 Debatten, 0 Reden, 0 Wörter
2025-09-20 19:49:28,891 - database_manager - INFO - Verarbeite Datei 2895/2945: debates2016-06-09b.xml
2025-09-20 19:49:28,891 - database_manager - INFO - Parse debates XML-Datei: debates2016-06-09b.xml
2025-09-20 19:49:28,902 - database_manager - INFO - Debates XML erfolgreich geparst: 19 Debatten, 0 Reden, 0 Wörter
2025-09-20 19:49:28,902 - database_manager - INFO - Verarbeite Datei 2896/2945: debates2021-05-19b.xml
2025-09-20 19:49:28,902 - database_manager - INFO - Parse debates XML-Datei: debates2021-05-19b.xml
2025-09-20 19:49:28,903 - database_manager - INFO - Debates XML erfolgreich geparst: 0 Debatten, 0 Reden, 0 Wörter
2025-09-20 19:49:28,903 - database_manager - INFO - Verarbeite Datei 2897/2945: debates2018-02-08c.xml
2025-09-20 19:49:28,903 - database_manager - INFO - Parse debates XML-Datei: debates2018-02-08c.xml
2025-09-20 19:49:28,918 - database_manager - INFO - Debates XML erfolgreich geparst: 23 Debatten, 0 Reden, 0 Wörter
2025-09-20 19:49:28,918 - database_manager - INFO - Verarbeite Datei 2898/2945: debates2017-03-23b.xml
2025-09-20 19:49:28,919 - database_manager - INFO - Parse debates XML-Datei: debates2017-03-23b.xml
2025-09-20 19:49:28,932 - database_manager - INFO - Debates XML erfolgreich geparst: 19 Debatten, 0 Reden, 0 Wörter
2025-09-20 19:49:28,933 - database_manager - INFO - Verarbeite Datei 2899/2945: debates2017-02-02a.xml
2025-09-20 19:49:28,933 - database_manager - INFO - Parse debates XML-Datei: debates2017-02-02a.xml
2025-09-20 19:49:28,934 - database_manager - INFO - Debates XML erfolgreich geparst: 0 Debatten, 0 Reden, 0 Wörter
2025-09-20 19:49:28,934 - database_manager - INFO - Verarbeite Datei 2900/2945: debates2015-09-15a.xml
2025-09-20 19:49:28,934 - database_manager - INFO - Parse debates XML-Datei: debates2015-09-15a.xml
2025-09-20 19:49:28,935 - database_manager - INFO - Debates XML erfolgreich geparst: 0 Debatten, 0 Reden, 0 Wörter
2025-09-20 19:49:28,935 - database_manager - INFO - Verarbeite Datei 2901/2945: debates2020-09-08d.xml
2025-09-20 19:49:28,935 - database_manager - INFO - Parse debates XML-Datei: debates2020-09-08d.xml
2025-09-20 19:49:28,949 - database_manager - INFO - Debates XML erfolgreich geparst: 22 Debatten, 0 Reden, 0 Wörter
2025-09-20 19:49:28,949 - database_manager - INFO - Verarbeite Datei 2902/2945: debates2020-12-02a.xml
2025-09-20 19:49:28,949 - database_manager - INFO - Parse debates XML-Datei: debates2020-12-02a.xml
2025-09-20 19:49:28,961 - database_manager - INFO - Debates XML erfolgreich geparst: 10 Debatten, 0 Reden, 0 Wörter
2025-09-20 19:49:28,962 - database_manager - INFO - Verarbeite Datei 2903/2945: debates2021-09-20a.xml
2025-09-20 19:49:28,962 - database_manager - INFO - Parse debates XML-Datei: debates2021-09-20a.xml
2025-09-20 19:49:28,964 - database_manager - INFO - Debates XML erfolgreich geparst: 0 Debatten, 0 Reden, 0 Wörter
2025-09-20 19:49:28,965 - database_manager - INFO - Verarbeite Datei 2904/2945: debates2018-06-26b.xml
2025-09-20 19:49:28,965 - database_manager - INFO - Parse debates XML-Datei: debates2018-06-26b.xml
2025-09-20 19:49:28,979 - database_manager - INFO - Debates XML erfolgreich geparst: 19 Debatten, 0 Reden, 0 Wörter
2025-09-20 19:49:28,979 - database_manager - INFO - Verarbeite Datei 2905/2945: debates2017-12-18b.xml
2025-09-20 19:49:28,980 - database_manager - INFO - Parse debates XML-Datei: debates2017-12-18b.xml
2025-09-20 19:49:28,999 - database_manager - INFO - Debates XML erfolgreich geparst: 34 Debatten, 0 Reden, 0 Wörter
2025-09-20 19:49:29,000 - database_manager - INFO - Verarbeite Datei 2906/2945: debates2015-06-30a.xml
2025-09-20 19:49:29,000 - database_manager - INFO - Parse debates XML-Datei: debates2015-06-30a.xml
2025-09-20 19:49:29,016 - database_manager - INFO - Debates XML erfolgreich geparst: 23 Debatten, 0 Reden, 0 Wörter
2025-09-20 19:49:29,017 - database_manager - INFO - Verarbeite Datei 2907/2945: debates2017-10-25b.xml
2025-09-20 19:49:29,017 - database_manager - INFO - Parse debates XML-Datei: debates2017-10-25b.xml
2025-09-20 19:49:29,031 - database_manager - INFO - Debates XML erfolgreich geparst: 12 Debatten, 0 Reden, 0 Wörter
2025-09-20 19:49:29,031 - database_manager - INFO - Verarbeite Datei 2908/2945: debates2016-05-03a.xml
2025-09-20 19:49:29,031 - database_manager - INFO - Parse debates XML-Datei: debates2016-05-03a.xml
2025-09-20 19:49:29,032 - database_manager - INFO - Debates XML erfolgreich geparst: 0 Debatten, 0 Reden, 0 Wörter
2025-09-20 19:49:29,032 - database_manager - INFO - Verarbeite Datei 2909/2945: debates2020-11-04a.xml
2025-09-20 19:49:29,032 - database_manager - INFO - Parse debates XML-Datei: debates2020-11-04a.xml
2025-09-20 19:49:29,034 - database_manager - INFO - Debates XML erfolgreich geparst: 0 Debatten, 0 Reden, 0 Wörter
2025-09-20 19:49:29,034 - database_manager - INFO - Verarbeite Datei 2910/2945: debates2013-07-05a.xml
2025-09-20 19:49:29,034 - database_manager - INFO - Parse debates XML-Datei: debates2013-07-05a.xml
2025-09-20 19:49:29,045 - database_manager - INFO - Debates XML erfolgreich geparst: 5 Debatten, 0 Reden, 0 Wörter
2025-09-20 19:49:29,046 - database_manager - INFO - Verarbeite Datei 2911/2945: debates2013-06-24b.xml
2025-09-20 19:49:29,046 - database_manager - INFO - Parse debates XML-Datei: debates2013-06-24b.xml
2025-09-20 19:49:29,061 - database_manager - INFO - Debates XML erfolgreich geparst: 77 Debatten, 0 Reden, 0 Wörter
2025-09-20 19:49:29,062 - database_manager - INFO - Verarbeite Datei 2912/2945: debates2018-10-23c.xml
2025-09-20 19:49:29,062 - database_manager - INFO - Parse debates XML-Datei: debates2018-10-23c.xml
2025-09-20 19:49:29,078 - database_manager - INFO - Debates XML erfolgreich geparst: 26 Debatten, 0 Reden, 0 Wörter
2025-09-20 19:49:29,079 - database_manager - INFO - Verarbeite Datei 2913/2945: debates2015-05-20a.xml
2025-09-20 19:49:29,079 - database_manager - INFO - Parse debates XML-Datei: debates2015-05-20a.xml
2025-09-20 19:49:29,079 - database_manager - INFO - Debates XML erfolgreich geparst: 1 Debatten, 0 Reden, 0 Wörter
2025-09-20 19:49:29,079 - database_manager - INFO - Verarbeite Datei 2914/2945: debates2017-12-14a.xml
2025-09-20 19:49:29,079 - database_manager - INFO - Parse debates XML-Datei: debates2017-12-14a.xml
2025-09-20 19:49:29,094 - database_manager - INFO - Debates XML erfolgreich geparst: 19 Debatten, 0 Reden, 0 Wörter
2025-09-20 19:49:29,094 - database_manager - INFO - Verarbeite Datei 2915/2945: debates2018-04-17a.xml
2025-09-20 19:49:29,094 - database_manager - INFO - Parse debates XML-Datei: debates2018-04-17a.xml
2025-09-20 19:49:29,096 - database_manager - INFO - Debates XML erfolgreich geparst: 0 Debatten, 0 Reden, 0 Wörter
2025-09-20 19:49:29,096 - database_manager - INFO - Verarbeite Datei 2916/2945: debates2014-11-27a.xml
2025-09-20 19:49:29,096 - database_manager - INFO - Parse debates XML-Datei: debates2014-11-27a.xml
2025-09-20 19:49:29,111 - database_manager - INFO - Debates XML erfolgreich geparst: 25 Debatten, 0 Reden, 0 Wörter
2025-09-20 19:49:29,111 - database_manager - INFO - Verarbeite Datei 2917/2945: debates2016-06-13a.xml
2025-09-20 19:49:29,111 - database_manager - INFO - Parse debates XML-Datei: debates2016-06-13a.xml
2025-09-20 19:49:29,112 - database_manager - INFO - Debates XML erfolgreich geparst: 0 Debatten, 0 Reden, 0 Wörter
2025-09-20 19:49:29,112 - database_manager - INFO - Verarbeite Datei 2918/2945: debates2013-07-09b.xml
2025-09-20 19:49:29,112 - database_manager - INFO - Parse debates XML-Datei: debates2013-07-09b.xml
2025-09-20 19:49:29,114 - database_manager - INFO - Debates XML erfolgreich geparst: 0 Debatten, 0 Reden, 0 Wörter
2025-09-20 19:49:29,114 - database_manager - INFO - Verarbeite Datei 2919/2945: debates2013-04-15a.xml
2025-09-20 19:49:29,114 - database_manager - INFO - Parse debates XML-Datei: debates2013-04-15a.xml
2025-09-20 19:49:29,115 - database_manager - INFO - Debates XML erfolgreich geparst: 0 Debatten, 0 Reden, 0 Wörter
2025-09-20 19:49:29,116 - database_manager - INFO - Verarbeite Datei 2920/2945: debates2020-12-14a.xml
2025-09-20 19:49:29,116 - database_manager - INFO - Parse debates XML-Datei: debates2020-12-14a.xml
2025-09-20 19:49:29,116 - database_manager - INFO - Debates XML erfolgreich geparst: 0 Debatten, 0 Reden, 0 Wörter
2025-09-20 19:49:29,116 - database_manager - INFO - Verarbeite Datei 2921/2945: debates2019-01-31b.xml
2025-09-20 19:49:29,116 - database_manager - INFO - Parse debates XML-Datei: debates2019-01-31b.xml
2025-09-20 19:49:29,117 - database_manager - INFO - Debates XML erfolgreich geparst: 0 Debatten, 0 Reden, 0 Wörter
2025-09-20 19:49:29,117 - database_manager - INFO - Verarbeite Datei 2922/2945: debates2014-01-27a.xml
2025-09-20 19:49:29,117 - database_manager - INFO - Parse debates XML-Datei: debates2014-01-27a.xml
2025-09-20 19:49:29,129 - database_manager - INFO - Debates XML erfolgreich geparst: 19 Debatten, 0 Reden, 0 Wörter
2025-09-20 19:49:29,130 - database_manager - INFO - Verarbeite Datei 2923/2945: debates2020-01-08b.xml
2025-09-20 19:49:29,130 - database_manager - INFO - Parse debates XML-Datei: debates2020-01-08b.xml
2025-09-20 19:49:29,131 - database_manager - INFO - Debates XML erfolgreich geparst: 0 Debatten, 0 Reden, 0 Wörter
2025-09-20 19:49:29,131 - database_manager - INFO - Verarbeite Datei 2924/2945: debates2015-10-19a.xml
2025-09-20 19:49:29,131 - database_manager - INFO - Parse debates XML-Datei: debates2015-10-19a.xml
2025-09-20 19:49:29,149 - database_manager - INFO - Debates XML erfolgreich geparst: 19 Debatten, 0 Reden, 0 Wörter
2025-09-20 19:49:29,149 - database_manager - INFO - Verarbeite Datei 2925/2945: debates2012-07-16a.xml
2025-09-20 19:49:29,150 - database_manager - INFO - Parse debates XML-Datei: debates2012-07-16a.xml
2025-09-20 19:49:29,151 - database_manager - INFO - Debates XML erfolgreich geparst: 0 Debatten, 0 Reden, 0 Wörter
2025-09-20 19:49:29,151 - database_manager - INFO - Verarbeite Datei 2926/2945: debates2021-11-17a.xml
2025-09-20 19:49:29,151 - database_manager - INFO - Parse debates XML-Datei: debates2021-11-17a.xml
2025-09-20 19:49:29,152 - database_manager - INFO - Debates XML erfolgreich geparst: 0 Debatten, 0 Reden, 0 Wörter
2025-09-20 19:49:29,152 - database_manager - INFO - Verarbeite Datei 2927/2945: debates2018-03-13a.xml
2025-09-20 19:49:29,152 - database_manager - INFO - Parse debates XML-Datei: debates2018-03-13a.xml
2025-09-20 19:49:29,153 - database_manager - INFO - Debates XML erfolgreich geparst: 0 Debatten, 0 Reden, 0 Wörter
2025-09-20 19:49:29,153 - database_manager - INFO - Verarbeite Datei 2928/2945: debates2015-02-24a.xml
2025-09-20 19:49:29,153 - database_manager - INFO - Parse debates XML-Datei: debates2015-02-24a.xml
2025-09-20 19:49:29,154 - database_manager - INFO - Debates XML erfolgreich geparst: 0 Debatten, 0 Reden, 0 Wörter
2025-09-20 19:49:29,154 - database_manager - INFO - Verarbeite Datei 2929/2945: debates2020-11-24c.xml
2025-09-20 19:49:29,154 - database_manager - INFO - Parse debates XML-Datei: debates2020-11-24c.xml
2025-09-20 19:49:29,168 - database_manager - INFO - Debates XML erfolgreich geparst: 22 Debatten, 0 Reden, 0 Wörter
2025-09-20 19:49:29,168 - database_manager - INFO - Verarbeite Datei 2930/2945: debates2013-03-11a.xml
2025-09-20 19:49:29,168 - database_manager - INFO - Parse debates XML-Datei: debates2013-03-11a.xml
2025-09-20 19:49:29,184 - database_manager - INFO - Debates XML erfolgreich geparst: 30 Debatten, 0 Reden, 0 Wörter
2025-09-20 19:49:29,184 - database_manager - INFO - Verarbeite Datei 2931/2945: debates2014-06-23a.xml
2025-09-20 19:49:29,184 - database_manager - INFO - Parse debates XML-Datei: debates2014-06-23a.xml
2025-09-20 19:49:29,185 - database_manager - INFO - Debates XML erfolgreich geparst: 0 Debatten, 0 Reden, 0 Wörter
2025-09-20 19:49:29,185 - database_manager - INFO - Verarbeite Datei 2932/2945: debates2016-11-17a.xml
2025-09-20 19:49:29,185 - database_manager - INFO - Parse debates XML-Datei: debates2016-11-17a.xml
2025-09-20 19:49:29,186 - database_manager - INFO - Debates XML erfolgreich geparst: 0 Debatten, 0 Reden, 0 Wörter
2025-09-20 19:49:29,186 - database_manager - INFO - Verarbeite Datei 2933/2945: debates2014-07-02b.xml
2025-09-20 19:49:29,186 - database_manager - INFO - Parse debates XML-Datei: debates2014-07-02b.xml
2025-09-20 19:49:29,208 - database_manager - INFO - Debates XML erfolgreich geparst: 69 Debatten, 0 Reden, 0 Wörter
2025-09-20 19:49:29,208 - database_manager - INFO - Verarbeite Datei 2934/2945: debates2019-04-08b.xml
2025-09-20 19:49:29,208 - database_manager - INFO - Parse debates XML-Datei: debates2019-04-08b.xml
2025-09-20 19:49:29,209 - database_manager - INFO - Debates XML erfolgreich geparst: 0 Debatten, 0 Reden, 0 Wörter
2025-09-20 19:49:29,209 - database_manager - INFO - Verarbeite Datei 2935/2945: debates2018-11-22b.xml
2025-09-20 19:49:29,209 - database_manager - INFO - Parse debates XML-Datei: debates2018-11-22b.xml
2025-09-20 19:49:29,226 - database_manager - INFO - Debates XML erfolgreich geparst: 21 Debatten, 0 Reden, 0 Wörter
2025-09-20 19:49:29,226 - database_manager - INFO - Verarbeite Datei 2936/2945: debates2021-12-07a.xml
2025-09-20 19:49:29,226 - database_manager - INFO - Parse debates XML-Datei: debates2021-12-07a.xml
2025-09-20 19:49:29,227 - database_manager - INFO - Debates XML erfolgreich geparst: 0 Debatten, 0 Reden, 0 Wörter
2025-09-20 19:49:29,228 - database_manager - INFO - Verarbeite Datei 2937/2945: debates2015-03-09a.xml
2025-09-20 19:49:29,228 - database_manager - INFO - Parse debates XML-Datei: debates2015-03-09a.xml
2025-09-20 19:49:29,242 - database_manager - INFO - Debates XML erfolgreich geparst: 27 Debatten, 0 Reden, 0 Wörter
2025-09-20 19:49:29,242 - database_manager - INFO - Verarbeite Datei 2938/2945: debates2017-10-09c.xml
2025-09-20 19:49:29,242 - database_manager - INFO - Parse debates XML-Datei: debates2017-10-09c.xml
2025-09-20 19:49:29,257 - database_manager - INFO - Debates XML erfolgreich geparst: 15 Debatten, 0 Reden, 0 Wörter
2025-09-20 19:49:29,258 - database_manager - INFO - Verarbeite Datei 2939/2945: debates2014-09-10a.xml
2025-09-20 19:49:29,258 - database_manager - INFO - Parse debates XML-Datei: debates2014-09-10a.xml
2025-09-20 19:49:29,259 - database_manager - INFO - Debates XML erfolgreich geparst: 0 Debatten, 0 Reden, 0 Wörter
2025-09-20 19:49:29,259 - database_manager - INFO - Verarbeite Datei 2940/2945: debates2019-01-10d.xml
2025-09-20 19:49:29,259 - database_manager - INFO - Parse debates XML-Datei: debates2019-01-10d.xml
2025-09-20 19:49:29,278 - database_manager - INFO - Debates XML erfolgreich geparst: 17 Debatten, 0 Reden, 0 Wörter
2025-09-20 19:49:29,278 - database_manager - INFO - Verarbeite Datei 2941/2945: debates2020-01-29d.xml
2025-09-20 19:49:29,278 - database_manager - INFO - Parse debates XML-Datei: debates2020-01-29d.xml
2025-09-20 19:49:29,293 - database_manager - INFO - Debates XML erfolgreich geparst: 10 Debatten, 0 Reden, 0 Wörter
2025-09-20 19:49:29,293 - database_manager - INFO - Verarbeite Datei 2942/2945: debates2019-04-04a.xml
2025-09-20 19:49:29,293 - database_manager - INFO - Parse debates XML-Datei: debates2019-04-04a.xml
2025-09-20 19:49:29,304 - database_manager - INFO - Debates XML erfolgreich geparst: 18 Debatten, 0 Reden, 0 Wörter
2025-09-20 19:49:29,304 - database_manager - INFO - Verarbeite Datei 2943/2945: debates2016-12-07a.xml
2025-09-20 19:49:29,305 - database_manager - INFO - Parse debates XML-Datei: debates2016-12-07a.xml
2025-09-20 19:49:29,306 - database_manager - INFO - Debates XML erfolgreich geparst: 0 Debatten, 0 Reden, 0 Wörter
2025-09-20 19:49:29,306 - database_manager - INFO - Verarbeite Datei 2944/2945: debates2020-07-21b.xml
2025-09-20 19:49:29,306 - database_manager - INFO - Parse debates XML-Datei: debates2020-07-21b.xml
2025-09-20 19:49:29,307 - database_manager - INFO - Debates XML erfolgreich geparst: 0 Debatten, 0 Reden, 0 Wörter
2025-09-20 19:49:29,307 - database_manager - INFO - Verarbeite Datei 2945/2945: debates2013-11-20b.xml
2025-09-20 19:49:29,307 - database_manager - INFO - Parse debates XML-Datei: debates2013-11-20b.xml
2025-09-20 19:49:29,322 - database_manager - INFO - Debates XML erfolgreich geparst: 20 Debatten, 0 Reden, 0 Wörter
2025-09-20 19:49:29,323 - database_manager - INFO - Verarbeitung abgeschlossen: 2945 Sitzungen erfolgreich geparst
2025-09-20 19:49:29,323 - database_manager - INFO - Konvertiere 2945 Sitzungen zu DataFrames
2025-09-20 19:49:32,191 - database_manager - INFO - DataFrames erstellt: ['sessions', 'debates', 'speeches', 'speakers', 'paragraphs']
2025-09-20 19:49:32,521 - database_manager - INFO - Indizes erfolgreich erstellt
2025-09-20 19:49:32,521 - database_manager - INFO - Debates-Tabellen erfolgreich erstellt
2025-09-20 19:49:32,532 - database_manager - INFO - Tabelle 'sessions' importiert: 2945 Zeilen
2025-09-20 19:49:32,536 - database_manager - INFO - Tabelle 'speakers' importiert: 1141 Zeilen
2025-09-20 19:49:32,603 - database_manager - INFO - Tabelle 'debates' importiert: 30043 Zeilen
2025-09-20 19:49:35,232 - database_manager - INFO - Tabelle 'speeches' importiert: 650321 Zeilen
2025-09-20 19:49:38,624 - __main__ - ERROR - Fehler bei der Verarbeitung: Constraint Error: PRIMARY KEY or UNIQUE constraint violation: duplicate key "b.1149.3/1"
Traceback (most recent call last):
  File "/Users/julianbeese/Developer/Master/Data/run_debates_parser.py", line 134, in main
    import_stats = db_manager.import_xml_directory(
  File "/Users/julianbeese/Developer/Master/Data/database/managers/debates_database_manager.py", line 218, in import_xml_directory
    import_stats = self._import_dataframes(dataframes, batch_size)
  File "/Users/julianbeese/Developer/Master/Data/database/managers/debates_database_manager.py", line 273, in _import_dataframes
    self.connection.execute(f"INSERT INTO {table_name} SELECT * FROM temp_df")
_duckdb.ConstraintException: Constraint Error: PRIMARY KEY or UNIQUE constraint violation: duplicate key "b.1149.3/1"
2025-09-20 19:49:39,151 - database_manager - INFO - Datenbankverbindung geschlossen
