2025-09-20 19:55:35,901 - __main__ - INFO - === Debates XML-Parser und Datenbank-Import ===
2025-09-20 19:55:35,901 - __main__ - INFO - Input-Verzeichnis: scraper/data/debates
2025-09-20 19:55:35,901 - __main__ - INFO - Datenbank-Pfad: database/data/debates_data.db
2025-09-20 19:55:35,901 - __main__ - INFO - Max-Dateien: alle
2025-09-20 19:55:35,901 - __main__ - INFO - Batch-Größe: 100
2025-09-20 19:55:35,901 - __main__ - INFO - Test-Modus: False
2025-09-20 19:55:35,901 - __main__ - INFO - Initialisiere Database Manager...
2025-09-20 19:55:35,909 - __main__ - INFO - Gefunden: 2945 XML-Dateien
2025-09-20 19:55:35,909 - __main__ - INFO - Starte XML-Parsing und Datenbank-Import...
2025-09-20 19:55:35,909 - database_manager - INFO - Starte Import aus scraper/data/debates
2025-09-20 19:55:35,912 - database_manager - INFO - Verarbeite 2945 XML-Dateien aus scraper/data/debates
2025-09-20 19:55:35,912 - database_manager - INFO - Verarbeite Datei 1/2945: debates2012-01-10a.xml
2025-09-20 19:55:35,912 - database_manager - INFO - Parse debates XML-Datei: debates2012-01-10a.xml
2025-09-20 19:55:35,912 - database_manager - INFO - Debates XML erfolgreich geparst: 0 Debatten, 0 Reden, 0 Wörter
2025-09-20 19:55:35,912 - database_manager - INFO - Verarbeite Datei 2/2945: debates2021-11-18c.xml
2025-09-20 19:55:35,912 - database_manager - INFO - Parse debates XML-Datei: debates2021-11-18c.xml
2025-09-20 19:55:35,913 - database_manager - INFO - Debates XML erfolgreich geparst: 0 Debatten, 0 Reden, 0 Wörter
2025-09-20 19:55:35,913 - database_manager - INFO - Verarbeite Datei 3/2945: debates2017-03-16a.xml
2025-09-20 19:55:35,913 - database_manager - INFO - Parse debates XML-Datei: debates2017-03-16a.xml
2025-09-20 19:55:35,924 - database_manager - INFO - Debates XML erfolgreich geparst: 24 Debatten, 416 Reden, 47284 Wörter
2025-09-20 19:55:35,925 - database_manager - INFO - Verarbeite Datei 4/2945: debates2012-10-31b.xml
2025-09-20 19:55:35,925 - database_manager - INFO - Parse debates XML-Datei: debates2012-10-31b.xml
2025-09-20 19:55:35,925 - database_manager - INFO - Debates XML erfolgreich geparst: 0 Debatten, 0 Reden, 0 Wörter
2025-09-20 19:55:35,925 - database_manager - INFO - Verarbeite Datei 5/2945: debates2021-06-30b.xml
2025-09-20 19:55:35,925 - database_manager - INFO - Parse debates XML-Datei: debates2021-06-30b.xml
2025-09-20 19:55:35,940 - database_manager - INFO - Debates XML erfolgreich geparst: 17 Debatten, 387 Reden, 65182 Wörter
2025-09-20 19:55:35,940 - database_manager - INFO - Verarbeite Datei 6/2945: debates2018-05-15a.xml
2025-09-20 19:55:35,940 - database_manager - INFO - Parse debates XML-Datei: debates2018-05-15a.xml
2025-09-20 19:55:35,941 - database_manager - INFO - Debates XML erfolgreich geparst: 0 Debatten, 0 Reden, 0 Wörter
2025-09-20 19:55:35,941 - database_manager - INFO - Verarbeite Datei 7/2945: debates2021-01-18c.xml
2025-09-20 19:55:35,941 - database_manager - INFO - Parse debates XML-Datei: debates2021-01-18c.xml
2025-09-20 19:55:35,942 - database_manager - INFO - Debates XML erfolgreich geparst: 0 Debatten, 0 Reden, 0 Wörter
2025-09-20 19:55:35,942 - database_manager - INFO - Verarbeite Datei 8/2945: debates2020-06-02d.xml
2025-09-20 19:55:35,942 - database_manager - INFO - Parse debates XML-Datei: debates2020-06-02d.xml
2025-09-20 19:55:35,974 - database_manager - INFO - Debates XML erfolgreich geparst: 1 Debatten, 425 Reden, 62813 Wörter
2025-09-20 19:55:35,975 - database_manager - INFO - Verarbeite Datei 9/2945: debates2014-12-18a.xml
2025-09-20 19:55:35,975 - database_manager - INFO - Parse debates XML-Datei: debates2014-12-18a.xml
2025-09-20 19:55:35,990 - database_manager - INFO - Debates XML erfolgreich geparst: 16 Debatten, 474 Reden, 62291 Wörter
2025-09-20 19:55:35,990 - database_manager - INFO - Verarbeite Datei 10/2945: debates2016-07-11a.xml
2025-09-20 19:55:35,991 - database_manager - INFO - Parse debates XML-Datei: debates2016-07-11a.xml
2025-09-20 19:55:35,991 - database_manager - INFO - Debates XML erfolgreich geparst: 0 Debatten, 0 Reden, 0 Wörter
2025-09-20 19:55:35,991 - database_manager - INFO - Verarbeite Datei 11/2945: debates2020-03-16a.xml
2025-09-20 19:55:35,991 - database_manager - INFO - Parse debates XML-Datei: debates2020-03-16a.xml
2025-09-20 19:55:36,011 - database_manager - INFO - Debates XML erfolgreich geparst: 22 Debatten, 518 Reden, 70634 Wörter
2025-09-20 19:55:36,012 - database_manager - INFO - Verarbeite Datei 12/2945: debates2020-07-22c.xml
2025-09-20 19:55:36,012 - database_manager - INFO - Parse debates XML-Datei: debates2020-07-22c.xml
2025-09-20 19:55:36,027 - database_manager - INFO - Debates XML erfolgreich geparst: 13 Debatten, 380 Reden, 63284 Wörter
2025-09-20 19:55:36,028 - database_manager - INFO - Verarbeite Datei 13/2945: debates2012-03-21b.xml
2025-09-20 19:55:36,028 - database_manager - INFO - Parse debates XML-Datei: debates2012-03-21b.xml
2025-09-20 19:55:36,044 - database_manager - INFO - Debates XML erfolgreich geparst: 17 Debatten, 379 Reden, 67881 Wörter
2025-09-20 19:55:36,044 - database_manager - INFO - Verarbeite Datei 14/2945: debates2017-01-27b.xml
2025-09-20 19:55:36,044 - database_manager - INFO - Parse debates XML-Datei: debates2017-01-27b.xml
2025-09-20 19:55:36,051 - database_manager - INFO - Debates XML erfolgreich geparst: 7 Debatten, 82 Reden, 30203 Wörter
2025-09-20 19:55:36,051 - database_manager - INFO - Verarbeite Datei 15/2945: debates2021-12-08c.xml
2025-09-20 19:55:36,051 - database_manager - INFO - Parse debates XML-Datei: debates2021-12-08c.xml
2025-09-20 19:55:36,075 - database_manager - INFO - Debates XML erfolgreich geparst: 21 Debatten, 592 Reden, 77866 Wörter
2025-09-20 19:55:36,075 - database_manager - INFO - Verarbeite Datei 16/2945: debates2021-11-15d.xml
2025-09-20 19:55:36,075 - database_manager - INFO - Parse debates XML-Datei: debates2021-11-15d.xml
2025-09-20 19:55:36,092 - database_manager - INFO - Debates XML erfolgreich geparst: 15 Debatten, 472 Reden, 61004 Wörter
2025-09-20 19:55:36,092 - database_manager - INFO - Verarbeite Datei 17/2945: debates2018-06-05a.xml
2025-09-20 19:55:36,092 - database_manager - INFO - Parse debates XML-Datei: debates2018-06-05a.xml
2025-09-20 19:55:36,093 - database_manager - INFO - Debates XML erfolgreich geparst: 0 Debatten, 0 Reden, 0 Wörter
2025-09-20 19:55:36,094 - database_manager - INFO - Verarbeite Datei 18/2945: debates2018-07-24b.xml
2025-09-20 19:55:36,094 - database_manager - INFO - Parse debates XML-Datei: debates2018-07-24b.xml
2025-09-20 19:55:36,111 - database_manager - INFO - Debates XML erfolgreich geparst: 22 Debatten, 482 Reden, 66649 Wörter
2025-09-20 19:55:36,111 - database_manager - INFO - Verarbeite Datei 19/2945: debates2017-11-27b.xml
2025-09-20 19:55:36,111 - database_manager - INFO - Parse debates XML-Datei: debates2017-11-27b.xml
2025-09-20 19:55:36,139 - database_manager - INFO - Debates XML erfolgreich geparst: 16 Debatten, 492 Reden, 65300 Wörter
2025-09-20 19:55:36,140 - database_manager - INFO - Verarbeite Datei 20/2945: debates2020-05-12d.xml
2025-09-20 19:55:36,140 - database_manager - INFO - Parse debates XML-Datei: debates2020-05-12d.xml
2025-09-20 19:55:36,155 - database_manager - INFO - Debates XML erfolgreich geparst: 22 Debatten, 414 Reden, 55758 Wörter
2025-09-20 19:55:36,156 - database_manager - INFO - Verarbeite Datei 21/2945: debates2016-02-08c.xml
2025-09-20 19:55:36,156 - database_manager - INFO - Parse debates XML-Datei: debates2016-02-08c.xml
2025-09-20 19:55:36,175 - database_manager - INFO - Debates XML erfolgreich geparst: 15 Debatten, 524 Reden, 63463 Wörter
2025-09-20 19:55:36,175 - database_manager - INFO - Verarbeite Datei 22/2945: debates2020-10-06a.xml
2025-09-20 19:55:36,175 - database_manager - INFO - Parse debates XML-Datei: debates2020-10-06a.xml
2025-09-20 19:55:36,176 - database_manager - INFO - Debates XML erfolgreich geparst: 0 Debatten, 0 Reden, 0 Wörter
2025-09-20 19:55:36,176 - database_manager - INFO - Verarbeite Datei 23/2945: debates2020-01-27b.xml
2025-09-20 19:55:36,176 - database_manager - INFO - Parse debates XML-Datei: debates2020-01-27b.xml
2025-09-20 19:55:36,177 - database_manager - INFO - Debates XML erfolgreich geparst: 0 Debatten, 0 Reden, 0 Wörter
2025-09-20 19:55:36,177 - database_manager - INFO - Verarbeite Datei 24/2945: debates2014-07-01c.xml
2025-09-20 19:55:36,177 - database_manager - INFO - Parse debates XML-Datei: debates2014-07-01c.xml
2025-09-20 19:55:36,195 - database_manager - INFO - Debates XML erfolgreich geparst: 26 Debatten, 548 Reden, 62122 Wörter
2025-09-20 19:55:36,196 - database_manager - INFO - Verarbeite Datei 25/2945: debates2014-01-08a.xml
2025-09-20 19:55:36,196 - database_manager - INFO - Parse debates XML-Datei: debates2014-01-08a.xml
2025-09-20 19:55:36,197 - database_manager - INFO - Debates XML erfolgreich geparst: 0 Debatten, 0 Reden, 0 Wörter
2025-09-20 19:55:36,197 - database_manager - INFO - Verarbeite Datei 26/2945: debates2021-10-19b.xml
2025-09-20 19:55:36,197 - database_manager - INFO - Parse debates XML-Datei: debates2021-10-19b.xml
2025-09-20 19:55:36,198 - database_manager - INFO - Debates XML erfolgreich geparst: 0 Debatten, 0 Reden, 0 Wörter
2025-09-20 19:55:36,198 - database_manager - INFO - Verarbeite Datei 27/2945: debates2012-04-25b.xml
2025-09-20 19:55:36,198 - database_manager - INFO - Parse debates XML-Datei: debates2012-04-25b.xml
2025-09-20 19:55:36,215 - database_manager - INFO - Debates XML erfolgreich geparst: 33 Debatten, 550 Reden, 59554 Wörter
2025-09-20 19:55:36,216 - database_manager - INFO - Verarbeite Datei 28/2945: debates2012-06-18b.xml
2025-09-20 19:55:36,216 - database_manager - INFO - Parse debates XML-Datei: debates2012-06-18b.xml
2025-09-20 19:55:36,233 - database_manager - INFO - Debates XML erfolgreich geparst: 25 Debatten, 546 Reden, 55741 Wörter
2025-09-20 19:55:36,233 - database_manager - INFO - Verarbeite Datei 29/2945: debates2018-11-01a.xml
2025-09-20 19:55:36,233 - database_manager - INFO - Parse debates XML-Datei: debates2018-11-01a.xml
2025-09-20 19:55:36,256 - database_manager - INFO - Debates XML erfolgreich geparst: 35 Debatten, 646 Reden, 76728 Wörter
2025-09-20 19:55:36,257 - database_manager - INFO - Verarbeite Datei 30/2945: debates2018-06-28d.xml
2025-09-20 19:55:36,257 - database_manager - INFO - Parse debates XML-Datei: debates2018-06-28d.xml
2025-09-20 19:55:36,329 - database_manager - INFO - Debates XML erfolgreich geparst: 19 Debatten, 474 Reden, 65590 Wörter
2025-09-20 19:55:36,331 - database_manager - INFO - Verarbeite Datei 31/2945: debates2017-07-03e.xml
2025-09-20 19:55:36,331 - database_manager - INFO - Parse debates XML-Datei: debates2017-07-03e.xml
2025-09-20 19:55:36,350 - database_manager - INFO - Debates XML erfolgreich geparst: 15 Debatten, 407 Reden, 64587 Wörter
2025-09-20 19:55:36,351 - database_manager - INFO - Verarbeite Datei 32/2945: debates2019-09-25a.xml
2025-09-20 19:55:36,351 - database_manager - INFO - Parse debates XML-Datei: debates2019-09-25a.xml
2025-09-20 19:55:36,352 - database_manager - INFO - Debates XML erfolgreich geparst: 0 Debatten, 0 Reden, 0 Wörter
2025-09-20 19:55:36,352 - database_manager - INFO - Verarbeite Datei 33/2945: debates2020-07-02a.xml
2025-09-20 19:55:36,352 - database_manager - INFO - Parse debates XML-Datei: debates2020-07-02a.xml
2025-09-20 19:55:36,353 - database_manager - INFO - Debates XML erfolgreich geparst: 10 Debatten, 0 Reden, 0 Wörter
2025-09-20 19:55:36,353 - database_manager - INFO - Verarbeite Datei 34/2945: debates2020-06-23b.xml
2025-09-20 19:55:36,353 - database_manager - INFO - Parse debates XML-Datei: debates2020-06-23b.xml
2025-09-20 19:55:36,371 - database_manager - INFO - Debates XML erfolgreich geparst: 33 Debatten, 474 Reden, 63612 Wörter
2025-09-20 19:55:36,371 - database_manager - INFO - Verarbeite Datei 35/2945: debates2013-10-22b.xml
2025-09-20 19:55:36,371 - database_manager - INFO - Parse debates XML-Datei: debates2013-10-22b.xml
2025-09-20 19:55:36,392 - database_manager - INFO - Debates XML erfolgreich geparst: 27 Debatten, 489 Reden, 72446 Wörter
2025-09-20 19:55:36,393 - database_manager - INFO - Verarbeite Datei 36/2945: debates2016-10-19b.xml
2025-09-20 19:55:36,393 - database_manager - INFO - Parse debates XML-Datei: debates2016-10-19b.xml
2025-09-20 19:55:36,394 - database_manager - INFO - Debates XML erfolgreich geparst: 0 Debatten, 0 Reden, 0 Wörter
2025-09-20 19:55:36,394 - database_manager - INFO - Verarbeite Datei 37/2945: debates2012-06-14a.xml
2025-09-20 19:55:36,394 - database_manager - INFO - Parse debates XML-Datei: debates2012-06-14a.xml
2025-09-20 19:55:36,410 - database_manager - INFO - Debates XML erfolgreich geparst: 20 Debatten, 438 Reden, 66992 Wörter
2025-09-20 19:55:36,411 - database_manager - INFO - Verarbeite Datei 38/2945: debates2018-07-05d.xml
2025-09-20 19:55:36,411 - database_manager - INFO - Parse debates XML-Datei: debates2018-07-05d.xml
2025-09-20 19:55:36,431 - database_manager - INFO - Debates XML erfolgreich geparst: 20 Debatten, 566 Reden, 58277 Wörter
2025-09-20 19:55:36,431 - database_manager - INFO - Verarbeite Datei 39/2945: debates2015-12-07b.xml
2025-09-20 19:55:36,431 - database_manager - INFO - Parse debates XML-Datei: debates2015-12-07b.xml
2025-09-20 19:55:36,450 - database_manager - INFO - Debates XML erfolgreich geparst: 42 Debatten, 495 Reden, 68665 Wörter
2025-09-20 19:55:36,451 - database_manager - INFO - Verarbeite Datei 40/2945: debates2018-12-11a.xml
2025-09-20 19:55:36,451 - database_manager - INFO - Parse debates XML-Datei: debates2018-12-11a.xml
2025-09-20 19:55:36,471 - database_manager - INFO - Debates XML erfolgreich geparst: 19 Debatten, 558 Reden, 60857 Wörter
2025-09-20 19:55:36,471 - database_manager - INFO - Verarbeite Datei 41/2945: debates2018-04-18c.xml
2025-09-20 19:55:36,471 - database_manager - INFO - Parse debates XML-Datei: debates2018-04-18c.xml
2025-09-20 19:55:36,507 - database_manager - INFO - Debates XML erfolgreich geparst: 12 Debatten, 457 Reden, 64533 Wörter
2025-09-20 19:55:36,508 - database_manager - INFO - Verarbeite Datei 42/2945: debates2018-06-25c.xml
2025-09-20 19:55:36,508 - database_manager - INFO - Parse debates XML-Datei: debates2018-06-25c.xml
2025-09-20 19:55:36,509 - database_manager - INFO - Debates XML erfolgreich geparst: 0 Debatten, 0 Reden, 0 Wörter
2025-09-20 19:55:36,509 - database_manager - INFO - Verarbeite Datei 43/2945: debates2021-03-09b.xml
2025-09-20 19:55:36,509 - database_manager - INFO - Parse debates XML-Datei: debates2021-03-09b.xml
2025-09-20 19:55:36,510 - database_manager - INFO - Debates XML erfolgreich geparst: 0 Debatten, 0 Reden, 0 Wörter
2025-09-20 19:55:36,510 - database_manager - INFO - Verarbeite Datei 44/2945: debates2015-03-26a.xml
2025-09-20 19:55:36,510 - database_manager - INFO - Parse debates XML-Datei: debates2015-03-26a.xml
2025-09-20 19:55:36,511 - database_manager - INFO - Debates XML erfolgreich geparst: 0 Debatten, 0 Reden, 0 Wörter
2025-09-20 19:55:36,511 - database_manager - INFO - Verarbeite Datei 45/2945: debates2013-02-13a.xml
2025-09-20 19:55:36,511 - database_manager - INFO - Parse debates XML-Datei: debates2013-02-13a.xml
2025-09-20 19:55:36,512 - database_manager - INFO - Debates XML erfolgreich geparst: 0 Debatten, 0 Reden, 0 Wörter
2025-09-20 19:55:36,512 - database_manager - INFO - Verarbeite Datei 46/2945: debates2014-07-21a.xml
2025-09-20 19:55:36,512 - database_manager - INFO - Parse debates XML-Datei: debates2014-07-21a.xml
2025-09-20 19:55:36,513 - database_manager - INFO - Debates XML erfolgreich geparst: 0 Debatten, 0 Reden, 0 Wörter
2025-09-20 19:55:36,513 - database_manager - INFO - Verarbeite Datei 47/2945: debates2018-01-17a.xml
2025-09-20 19:55:36,513 - database_manager - INFO - Parse debates XML-Datei: debates2018-01-17a.xml
2025-09-20 19:55:36,533 - database_manager - INFO - Debates XML erfolgreich geparst: 21 Debatten, 390 Reden, 57576 Wörter
2025-09-20 19:55:36,533 - database_manager - INFO - Verarbeite Datei 48/2945: debates2018-05-23c.xml
2025-09-20 19:55:36,534 - database_manager - INFO - Parse debates XML-Datei: debates2018-05-23c.xml
2025-09-20 19:55:36,552 - database_manager - INFO - Debates XML erfolgreich geparst: 21 Debatten, 543 Reden, 64250 Wörter
2025-09-20 19:55:36,553 - database_manager - INFO - Verarbeite Datei 49/2945: debates2015-10-20a.xml
2025-09-20 19:55:36,553 - database_manager - INFO - Parse debates XML-Datei: debates2015-10-20a.xml
2025-09-20 19:55:36,554 - database_manager - INFO - Debates XML erfolgreich geparst: 0 Debatten, 0 Reden, 0 Wörter
2025-09-20 19:55:36,554 - database_manager - INFO - Verarbeite Datei 50/2945: debates2014-05-06b.xml
2025-09-20 19:55:36,554 - database_manager - INFO - Parse debates XML-Datei: debates2014-05-06b.xml
2025-09-20 19:55:36,570 - database_manager - INFO - Debates XML erfolgreich geparst: 34 Debatten, 476 Reden, 59390 Wörter
2025-09-20 19:55:36,571 - database_manager - INFO - Verarbeite Datei 51/2945: debates2013-12-09b.xml
2025-09-20 19:55:36,571 - database_manager - INFO - Parse debates XML-Datei: debates2013-12-09b.xml
2025-09-20 19:55:36,573 - database_manager - INFO - Debates XML erfolgreich geparst: 0 Debatten, 0 Reden, 0 Wörter
2025-09-20 19:55:36,574 - database_manager - INFO - Verarbeite Datei 52/2945: debates2020-07-14a.xml
2025-09-20 19:55:36,574 - database_manager - INFO - Parse debates XML-Datei: debates2020-07-14a.xml
2025-09-20 19:55:36,575 - database_manager - INFO - Debates XML erfolgreich geparst: 0 Debatten, 0 Reden, 0 Wörter
2025-09-20 19:55:36,575 - database_manager - INFO - Verarbeite Datei 53/2945: debates2013-01-15a.xml
2025-09-20 19:55:36,575 - database_manager - INFO - Parse debates XML-Datei: debates2013-01-15a.xml
2025-09-20 19:55:36,576 - database_manager - INFO - Debates XML erfolgreich geparst: 0 Debatten, 0 Reden, 0 Wörter
2025-09-20 19:55:36,576 - database_manager - INFO - Verarbeite Datei 54/2945: debates2015-02-11b.xml
2025-09-20 19:55:36,576 - database_manager - INFO - Parse debates XML-Datei: debates2015-02-11b.xml
2025-09-20 19:55:36,577 - database_manager - INFO - Debates XML erfolgreich geparst: 0 Debatten, 0 Reden, 0 Wörter
2025-09-20 19:55:36,577 - database_manager - INFO - Verarbeite Datei 55/2945: debates2017-09-06b.xml
2025-09-20 19:55:36,577 - database_manager - INFO - Parse debates XML-Datei: debates2017-09-06b.xml
2025-09-20 19:55:36,578 - database_manager - INFO - Debates XML erfolgreich geparst: 0 Debatten, 0 Reden, 0 Wörter
2025-09-20 19:55:36,578 - database_manager - INFO - Verarbeite Datei 56/2945: debates2018-02-07a.xml
2025-09-20 19:55:36,578 - database_manager - INFO - Parse debates XML-Datei: debates2018-02-07a.xml
2025-09-20 19:55:36,597 - database_manager - INFO - Debates XML erfolgreich geparst: 10 Debatten, 469 Reden, 66500 Wörter
2025-09-20 19:55:36,597 - database_manager - INFO - Verarbeite Datei 57/2945: debates2017-07-18b.xml
2025-09-20 19:55:36,597 - database_manager - INFO - Parse debates XML-Datei: debates2017-07-18b.xml
2025-09-20 19:55:36,612 - database_manager - INFO - Debates XML erfolgreich geparst: 22 Debatten, 376 Reden, 61817 Wörter
2025-09-20 19:55:36,612 - database_manager - INFO - Verarbeite Datei 58/2945: debates2021-11-22b.xml
2025-09-20 19:55:36,612 - database_manager - INFO - Parse debates XML-Datei: debates2021-11-22b.xml
2025-09-20 19:55:36,661 - database_manager - INFO - Debates XML erfolgreich geparst: 33 Debatten, 544 Reden, 72960 Wörter
2025-09-20 19:55:36,661 - database_manager - INFO - Verarbeite Datei 59/2945: debates2016-11-22b.xml
2025-09-20 19:55:36,661 - database_manager - INFO - Parse debates XML-Datei: debates2016-11-22b.xml
2025-09-20 19:55:36,682 - database_manager - INFO - Debates XML erfolgreich geparst: 16 Debatten, 524 Reden, 65900 Wörter
2025-09-20 19:55:36,682 - database_manager - INFO - Verarbeite Datei 60/2945: debates2020-11-10d.xml
2025-09-20 19:55:36,682 - database_manager - INFO - Parse debates XML-Datei: debates2020-11-10d.xml
2025-09-20 19:55:36,702 - database_manager - INFO - Debates XML erfolgreich geparst: 22 Debatten, 509 Reden, 64645 Wörter
2025-09-20 19:55:36,703 - database_manager - INFO - Verarbeite Datei 61/2945: debates2013-12-05a.xml
2025-09-20 19:55:36,703 - database_manager - INFO - Parse debates XML-Datei: debates2013-12-05a.xml
2025-09-20 19:55:36,720 - database_manager - INFO - Debates XML erfolgreich geparst: 18 Debatten, 469 Reden, 63252 Wörter
2025-09-20 19:55:36,721 - database_manager - INFO - Verarbeite Datei 62/2945: debates2013-11-19b.xml
2025-09-20 19:55:36,721 - database_manager - INFO - Parse debates XML-Datei: debates2013-11-19b.xml
2025-09-20 19:55:36,722 - database_manager - INFO - Debates XML erfolgreich geparst: 0 Debatten, 0 Reden, 0 Wörter
2025-09-20 19:55:36,722 - database_manager - INFO - Verarbeite Datei 63/2945: debates2016-01-22b.xml
2025-09-20 19:55:36,722 - database_manager - INFO - Parse debates XML-Datei: debates2016-01-22b.xml
2025-09-20 19:55:36,734 - database_manager - INFO - Debates XML erfolgreich geparst: 3 Debatten, 286 Reden, 40262 Wörter
2025-09-20 19:55:36,734 - database_manager - INFO - Verarbeite Datei 64/2945: debates2013-02-05a.xml
2025-09-20 19:55:36,734 - database_manager - INFO - Parse debates XML-Datei: debates2013-02-05a.xml
2025-09-20 19:55:36,735 - database_manager - INFO - Debates XML erfolgreich geparst: 0 Debatten, 0 Reden, 0 Wörter
2025-09-20 19:55:36,736 - database_manager - INFO - Verarbeite Datei 65/2945: debates2018-05-03a.xml
2025-09-20 19:55:36,736 - database_manager - INFO - Parse debates XML-Datei: debates2018-05-03a.xml
2025-09-20 19:55:36,745 - database_manager - INFO - Debates XML erfolgreich geparst: 11 Debatten, 338 Reden, 35249 Wörter
2025-09-20 19:55:36,746 - database_manager - INFO - Verarbeite Datei 66/2945: debates2015-06-09a.xml
2025-09-20 19:55:36,746 - database_manager - INFO - Parse debates XML-Datei: debates2015-06-09a.xml
2025-09-20 19:55:36,747 - database_manager - INFO - Debates XML erfolgreich geparst: 0 Debatten, 0 Reden, 0 Wörter
2025-09-20 19:55:36,747 - database_manager - INFO - Verarbeite Datei 67/2945: debates2021-12-13d.xml
2025-09-20 19:55:36,747 - database_manager - INFO - Parse debates XML-Datei: debates2021-12-13d.xml
2025-09-20 19:55:36,748 - database_manager - INFO - Debates XML erfolgreich geparst: 0 Debatten, 0 Reden, 0 Wörter
2025-09-20 19:55:36,748 - database_manager - INFO - Verarbeite Datei 68/2945: debates2021-07-07a.xml
2025-09-20 19:55:36,748 - database_manager - INFO - Parse debates XML-Datei: debates2021-07-07a.xml
2025-09-20 19:55:36,748 - database_manager - INFO - Debates XML erfolgreich geparst: 0 Debatten, 0 Reden, 0 Wörter
2025-09-20 19:55:36,748 - database_manager - INFO - Verarbeite Datei 69/2945: debates2012-11-06a.xml
2025-09-20 19:55:36,748 - database_manager - INFO - Parse debates XML-Datei: debates2012-11-06a.xml
2025-09-20 19:55:36,749 - database_manager - INFO - Debates XML erfolgreich geparst: 0 Debatten, 0 Reden, 0 Wörter
2025-09-20 19:55:36,749 - database_manager - INFO - Verarbeite Datei 70/2945: debates2017-02-21b.xml
2025-09-20 19:55:36,749 - database_manager - INFO - Parse debates XML-Datei: debates2017-02-21b.xml
2025-09-20 19:55:36,766 - database_manager - INFO - Debates XML erfolgreich geparst: 41 Debatten, 361 Reden, 67271 Wörter
2025-09-20 19:55:36,766 - database_manager - INFO - Verarbeite Datei 71/2945: debates2019-02-18b.xml
2025-09-20 19:55:36,766 - database_manager - INFO - Parse debates XML-Datei: debates2019-02-18b.xml
2025-09-20 19:55:36,767 - database_manager - INFO - Debates XML erfolgreich geparst: 0 Debatten, 0 Reden, 0 Wörter
2025-09-20 19:55:36,767 - database_manager - INFO - Verarbeite Datei 72/2945: debates2019-11-04a.xml
2025-09-20 19:55:36,767 - database_manager - INFO - Parse debates XML-Datei: debates2019-11-04a.xml
2025-09-20 19:55:36,767 - database_manager - INFO - Debates XML erfolgreich geparst: 0 Debatten, 0 Reden, 0 Wörter
2025-09-20 19:55:36,768 - database_manager - INFO - Verarbeite Datei 73/2945: debates2016-07-07a.xml
2025-09-20 19:55:36,768 - database_manager - INFO - Parse debates XML-Datei: debates2016-07-07a.xml
2025-09-20 19:55:36,768 - database_manager - INFO - Debates XML erfolgreich geparst: 0 Debatten, 0 Reden, 0 Wörter
2025-09-20 19:55:36,768 - database_manager - INFO - Verarbeite Datei 74/2945: debates2015-05-19a.xml
2025-09-20 19:55:36,768 - database_manager - INFO - Parse debates XML-Datei: debates2015-05-19a.xml
2025-09-20 19:55:36,769 - database_manager - INFO - Debates XML erfolgreich geparst: 0 Debatten, 0 Reden, 0 Wörter
2025-09-20 19:55:36,769 - database_manager - INFO - Verarbeite Datei 75/2945: debates2017-10-10a.xml
2025-09-20 19:55:36,769 - database_manager - INFO - Parse debates XML-Datei: debates2017-10-10a.xml
2025-09-20 19:55:36,795 - database_manager - INFO - Debates XML erfolgreich geparst: 0 Debatten, 0 Reden, 0 Wörter
2025-09-20 19:55:36,795 - database_manager - INFO - Verarbeite Datei 76/2945: debates2018-06-13a.xml
2025-09-20 19:55:36,795 - database_manager - INFO - Parse debates XML-Datei: debates2018-06-13a.xml
2025-09-20 19:55:36,796 - database_manager - INFO - Debates XML erfolgreich geparst: 0 Debatten, 0 Reden, 0 Wörter
2025-09-20 19:55:36,796 - database_manager - INFO - Verarbeite Datei 77/2945: debates2018-02-27c.xml
2025-09-20 19:55:36,796 - database_manager - INFO - Parse debates XML-Datei: debates2018-02-27c.xml
2025-09-20 19:55:36,813 - database_manager - INFO - Debates XML erfolgreich geparst: 29 Debatten, 490 Reden, 67222 Wörter
2025-09-20 19:55:36,813 - database_manager - INFO - Verarbeite Datei 78/2945: debates2017-01-31b.xml
2025-09-20 19:55:36,813 - database_manager - INFO - Parse debates XML-Datei: debates2017-01-31b.xml
2025-09-20 19:55:36,814 - database_manager - INFO - Debates XML erfolgreich geparst: 0 Debatten, 0 Reden, 0 Wörter
2025-09-20 19:55:36,814 - database_manager - INFO - Verarbeite Datei 79/2945: debates2017-04-24c.xml
2025-09-20 19:55:36,814 - database_manager - INFO - Parse debates XML-Datei: debates2017-04-24c.xml
2025-09-20 19:55:36,827 - database_manager - INFO - Debates XML erfolgreich geparst: 25 Debatten, 406 Reden, 47814 Wörter
2025-09-20 19:55:36,827 - database_manager - INFO - Verarbeite Datei 80/2945: debates2021-09-15b.xml
2025-09-20 19:55:36,827 - database_manager - INFO - Parse debates XML-Datei: debates2021-09-15b.xml
2025-09-20 19:55:36,828 - database_manager - INFO - Debates XML erfolgreich geparst: 0 Debatten, 0 Reden, 0 Wörter
2025-09-20 19:55:36,828 - database_manager - INFO - Verarbeite Datei 81/2945: debates2019-02-14a.xml
2025-09-20 19:55:36,828 - database_manager - INFO - Parse debates XML-Datei: debates2019-02-14a.xml
2025-09-20 19:55:36,830 - database_manager - INFO - Debates XML erfolgreich geparst: 0 Debatten, 0 Reden, 0 Wörter
2025-09-20 19:55:36,830 - database_manager - INFO - Verarbeite Datei 82/2945: debates2019-01-08b.xml
2025-09-20 19:55:36,830 - database_manager - INFO - Parse debates XML-Datei: debates2019-01-08b.xml
2025-09-20 19:55:36,854 - database_manager - INFO - Debates XML erfolgreich geparst: 44 Debatten, 698 Reden, 78690 Wörter
2025-09-20 19:55:36,855 - database_manager - INFO - Verarbeite Datei 83/2945: debates2016-09-15b.xml
2025-09-20 19:55:36,855 - database_manager - INFO - Parse debates XML-Datei: debates2016-09-15b.xml
2025-09-20 19:55:36,856 - database_manager - INFO - Debates XML erfolgreich geparst: 0 Debatten, 0 Reden, 0 Wörter
2025-09-20 19:55:36,856 - database_manager - INFO - Verarbeite Datei 84/2945: debates2014-12-02b.xml
2025-09-20 19:55:36,856 - database_manager - INFO - Parse debates XML-Datei: debates2014-12-02b.xml
2025-09-20 19:55:36,872 - database_manager - INFO - Debates XML erfolgreich geparst: 18 Debatten, 406 Reden, 68696 Wörter
2025-09-20 19:55:36,873 - database_manager - INFO - Verarbeite Datei 85/2945: debates2019-10-29a.xml
2025-09-20 19:55:36,873 - database_manager - INFO - Parse debates XML-Datei: debates2019-10-29a.xml
2025-09-20 19:55:36,874 - database_manager - INFO - Debates XML erfolgreich geparst: 0 Debatten, 0 Reden, 0 Wörter
2025-09-20 19:55:36,874 - database_manager - INFO - Verarbeite Datei 86/2945: debates2013-06-11a.xml
2025-09-20 19:55:36,874 - database_manager - INFO - Parse debates XML-Datei: debates2013-06-11a.xml
2025-09-20 19:55:36,875 - database_manager - INFO - Debates XML erfolgreich geparst: 6 Debatten, 4 Reden, 739 Wörter
2025-09-20 19:55:36,875 - database_manager - INFO - Verarbeite Datei 87/2945: debates2013-03-04a.xml
2025-09-20 19:55:36,875 - database_manager - INFO - Parse debates XML-Datei: debates2013-03-04a.xml
2025-09-20 19:55:36,876 - database_manager - INFO - Debates XML erfolgreich geparst: 0 Debatten, 0 Reden, 0 Wörter
2025-09-20 19:55:36,876 - database_manager - INFO - Verarbeite Datei 88/2945: debates2013-02-25b.xml
2025-09-20 19:55:36,876 - database_manager - INFO - Parse debates XML-Datei: debates2013-02-25b.xml
2025-09-20 19:55:36,896 - database_manager - INFO - Debates XML erfolgreich geparst: 23 Debatten, 488 Reden, 70110 Wörter
2025-09-20 19:55:36,896 - database_manager - INFO - Verarbeite Datei 89/2945: debates2014-09-09b.xml
2025-09-20 19:55:36,896 - database_manager - INFO - Parse debates XML-Datei: debates2014-09-09b.xml
2025-09-20 19:55:36,913 - database_manager - INFO - Debates XML erfolgreich geparst: 32 Debatten, 451 Reden, 65942 Wörter
2025-09-20 19:55:36,913 - database_manager - INFO - Verarbeite Datei 90/2945: debates2016-09-15c.xml
2025-09-20 19:55:36,913 - database_manager - INFO - Parse debates XML-Datei: debates2016-09-15c.xml
2025-09-20 19:55:36,931 - database_manager - INFO - Debates XML erfolgreich geparst: 17 Debatten, 483 Reden, 65371 Wörter
2025-09-20 19:55:36,932 - database_manager - INFO - Verarbeite Datei 91/2945: debates2020-05-05a.xml
2025-09-20 19:55:36,932 - database_manager - INFO - Parse debates XML-Datei: debates2020-05-05a.xml
2025-09-20 19:55:36,932 - database_manager - INFO - Debates XML erfolgreich geparst: 0 Debatten, 0 Reden, 0 Wörter
2025-09-20 19:55:36,932 - database_manager - INFO - Verarbeite Datei 92/2945: debates2019-07-01a.xml
2025-09-20 19:55:36,932 - database_manager - INFO - Parse debates XML-Datei: debates2019-07-01a.xml
2025-09-20 19:55:36,961 - database_manager - INFO - Debates XML erfolgreich geparst: 0 Debatten, 0 Reden, 0 Wörter
2025-09-20 19:55:36,961 - database_manager - INFO - Verarbeite Datei 93/2945: debates2016-11-02a.xml
2025-09-20 19:55:36,961 - database_manager - INFO - Parse debates XML-Datei: debates2016-11-02a.xml
2025-09-20 19:55:36,962 - database_manager - INFO - Debates XML erfolgreich geparst: 0 Debatten, 0 Reden, 0 Wörter
2025-09-20 19:55:36,962 - database_manager - INFO - Verarbeite Datei 94/2945: debates2017-01-31c.xml
2025-09-20 19:55:36,962 - database_manager - INFO - Parse debates XML-Datei: debates2017-01-31c.xml
2025-09-20 19:55:36,993 - database_manager - INFO - Debates XML erfolgreich geparst: 16 Debatten, 641 Reden, 100563 Wörter
2025-09-20 19:55:36,993 - database_manager - INFO - Verarbeite Datei 95/2945: debates2021-11-02a.xml
2025-09-20 19:55:36,993 - database_manager - INFO - Parse debates XML-Datei: debates2021-11-02a.xml
2025-09-20 19:55:36,994 - database_manager - INFO - Debates XML erfolgreich geparst: 0 Debatten, 0 Reden, 0 Wörter
2025-09-20 19:55:36,995 - database_manager - INFO - Verarbeite Datei 96/2945: debates2012-07-03a.xml
2025-09-20 19:55:36,995 - database_manager - INFO - Parse debates XML-Datei: debates2012-07-03a.xml
2025-09-20 19:55:36,996 - database_manager - INFO - Debates XML erfolgreich geparst: 0 Debatten, 0 Reden, 0 Wörter
2025-09-20 19:55:36,996 - database_manager - INFO - Verarbeite Datei 97/2945: debates2017-10-11d.xml
2025-09-20 19:55:36,996 - database_manager - INFO - Parse debates XML-Datei: debates2017-10-11d.xml
2025-09-20 19:55:37,009 - database_manager - INFO - Debates XML erfolgreich geparst: 20 Debatten, 368 Reden, 42432 Wörter
2025-09-20 19:55:37,010 - database_manager - INFO - Verarbeite Datei 98/2945: debates2021-09-15c.xml
2025-09-20 19:55:37,010 - database_manager - INFO - Parse debates XML-Datei: debates2021-09-15c.xml
2025-09-20 19:55:37,029 - database_manager - INFO - Debates XML erfolgreich geparst: 9 Debatten, 430 Reden, 67987 Wörter
2025-09-20 19:55:37,030 - database_manager - INFO - Verarbeite Datei 99/2945: debates2017-04-24b.xml
2025-09-20 19:55:37,030 - database_manager - INFO - Parse debates XML-Datei: debates2017-04-24b.xml
2025-09-20 19:55:37,031 - database_manager - INFO - Debates XML erfolgreich geparst: 0 Debatten, 0 Reden, 0 Wörter
2025-09-20 19:55:37,031 - database_manager - INFO - Verarbeite Datei 100/2945: debates2018-03-06a.xml
2025-09-20 19:55:37,031 - database_manager - INFO - Parse debates XML-Datei: debates2018-03-06a.xml
2025-09-20 19:55:37,032 - database_manager - INFO - Debates XML erfolgreich geparst: 0 Debatten, 0 Reden, 0 Wörter
2025-09-20 19:55:37,032 - database_manager - INFO - Verarbeite Datei 101/2945: debates2018-02-27b.xml
2025-09-20 19:55:37,032 - database_manager - INFO - Parse debates XML-Datei: debates2018-02-27b.xml
2025-09-20 19:55:37,032 - database_manager - INFO - Debates XML erfolgreich geparst: 0 Debatten, 0 Reden, 0 Wörter
2025-09-20 19:55:37,033 - database_manager - INFO - Verarbeite Datei 102/2945: debates2014-09-05a.xml
2025-09-20 19:55:37,033 - database_manager - INFO - Parse debates XML-Datei: debates2014-09-05a.xml
2025-09-20 19:55:37,033 - database_manager - INFO - Debates XML erfolgreich geparst: 0 Debatten, 0 Reden, 0 Wörter
2025-09-20 19:55:37,033 - database_manager - INFO - Verarbeite Datei 103/2945: debates2013-10-14a.xml
2025-09-20 19:55:37,033 - database_manager - INFO - Parse debates XML-Datei: debates2013-10-14a.xml
2025-09-20 19:55:37,034 - database_manager - INFO - Debates XML erfolgreich geparst: 0 Debatten, 0 Reden, 0 Wörter
2025-09-20 19:55:37,034 - database_manager - INFO - Verarbeite Datei 104/2945: debates2019-02-18c.xml
2025-09-20 19:55:37,034 - database_manager - INFO - Parse debates XML-Datei: debates2019-02-18c.xml
2025-09-20 19:55:37,051 - database_manager - INFO - Debates XML erfolgreich geparst: 18 Debatten, 459 Reden, 60010 Wörter
2025-09-20 19:55:37,051 - database_manager - INFO - Verarbeite Datei 105/2945: debates2020-06-15a.xml
2025-09-20 19:55:37,051 - database_manager - INFO - Parse debates XML-Datei: debates2020-06-15a.xml
2025-09-20 19:55:37,068 - database_manager - INFO - Debates XML erfolgreich geparst: 18 Debatten, 447 Reden, 55096 Wörter
2025-09-20 19:55:37,068 - database_manager - INFO - Verarbeite Datei 106/2945: debates2020-04-28a.xml
2025-09-20 19:55:37,068 - database_manager - INFO - Parse debates XML-Datei: debates2020-04-28a.xml
2025-09-20 19:55:37,069 - database_manager - INFO - Debates XML erfolgreich geparst: 0 Debatten, 0 Reden, 0 Wörter
2025-09-20 19:55:37,069 - database_manager - INFO - Verarbeite Datei 107/2945: debates2016-12-12a.xml
2025-09-20 19:55:37,069 - database_manager - INFO - Parse debates XML-Datei: debates2016-12-12a.xml
2025-09-20 19:55:37,070 - database_manager - INFO - Debates XML erfolgreich geparst: 0 Debatten, 0 Reden, 0 Wörter
2025-09-20 19:55:37,070 - database_manager - INFO - Verarbeite Datei 108/2945: debates2019-04-11a.xml
2025-09-20 19:55:37,070 - database_manager - INFO - Parse debates XML-Datei: debates2019-04-11a.xml
2025-09-20 19:55:37,095 - database_manager - INFO - Debates XML erfolgreich geparst: 19 Debatten, 736 Reden, 65689 Wörter
2025-09-20 19:55:37,095 - database_manager - INFO - Verarbeite Datei 109/2945: debates2017-06-15a.xml
2025-09-20 19:55:37,095 - database_manager - INFO - Parse debates XML-Datei: debates2017-06-15a.xml
2025-09-20 19:55:37,095 - database_manager - INFO - Debates XML erfolgreich geparst: 0 Debatten, 0 Reden, 0 Wörter
2025-09-20 19:55:37,095 - database_manager - INFO - Verarbeite Datei 110/2945: debates2018-10-16a.xml
2025-09-20 19:55:37,095 - database_manager - INFO - Parse debates XML-Datei: debates2018-10-16a.xml
2025-09-20 19:55:37,145 - database_manager - INFO - Debates XML erfolgreich geparst: 22 Debatten, 631 Reden, 60163 Wörter
2025-09-20 19:55:37,145 - database_manager - INFO - Verarbeite Datei 111/2945: debates2012-09-11b.xml
2025-09-20 19:55:37,145 - database_manager - INFO - Parse debates XML-Datei: debates2012-09-11b.xml
2025-09-20 19:55:37,164 - database_manager - INFO - Debates XML erfolgreich geparst: 19 Debatten, 513 Reden, 65029 Wörter
2025-09-20 19:55:37,164 - database_manager - INFO - Verarbeite Datei 112/2945: debates2015-01-21a.xml
2025-09-20 19:55:37,164 - database_manager - INFO - Parse debates XML-Datei: debates2015-01-21a.xml
2025-09-20 19:55:37,165 - database_manager - INFO - Debates XML erfolgreich geparst: 0 Debatten, 0 Reden, 0 Wörter
2025-09-20 19:55:37,165 - database_manager - INFO - Verarbeite Datei 113/2945: debates2021-12-13e.xml
2025-09-20 19:55:37,165 - database_manager - INFO - Parse debates XML-Datei: debates2021-12-13e.xml
2025-09-20 19:55:37,181 - database_manager - INFO - Debates XML erfolgreich geparst: 22 Debatten, 423 Reden, 58743 Wörter
2025-09-20 19:55:37,182 - database_manager - INFO - Verarbeite Datei 114/2945: debates2013-07-10a.xml
2025-09-20 19:55:37,182 - database_manager - INFO - Parse debates XML-Datei: debates2013-07-10a.xml
2025-09-20 19:55:37,183 - database_manager - INFO - Debates XML erfolgreich geparst: 0 Debatten, 0 Reden, 0 Wörter
2025-09-20 19:55:37,183 - database_manager - INFO - Verarbeite Datei 115/2945: debates2020-11-11a.xml
2025-09-20 19:55:37,183 - database_manager - INFO - Parse debates XML-Datei: debates2020-11-11a.xml
2025-09-20 19:55:37,199 - database_manager - INFO - Debates XML erfolgreich geparst: 8 Debatten, 312 Reden, 69725 Wörter
2025-09-20 19:55:37,199 - database_manager - INFO - Verarbeite Datei 116/2945: debates2013-11-19c.xml
2025-09-20 19:55:37,199 - database_manager - INFO - Parse debates XML-Datei: debates2013-11-19c.xml
2025-09-20 19:55:37,200 - database_manager - INFO - Debates XML erfolgreich geparst: 0 Debatten, 0 Reden, 0 Wörter
2025-09-20 19:55:37,201 - database_manager - INFO - Verarbeite Datei 117/2945: debates2019-03-15a.xml
2025-09-20 19:55:37,201 - database_manager - INFO - Parse debates XML-Datei: debates2019-03-15a.xml
2025-09-20 19:55:37,211 - database_manager - INFO - Debates XML erfolgreich geparst: 3 Debatten, 222 Reden, 39988 Wörter
2025-09-20 19:55:37,211 - database_manager - INFO - Verarbeite Datei 118/2945: debates2019-01-28a.xml
2025-09-20 19:55:37,211 - database_manager - INFO - Parse debates XML-Datei: debates2019-01-28a.xml
2025-09-20 19:55:37,212 - database_manager - INFO - Debates XML erfolgreich geparst: 0 Debatten, 0 Reden, 0 Wörter
2025-09-20 19:55:37,212 - database_manager - INFO - Verarbeite Datei 119/2945: debates2017-01-11a.xml
2025-09-20 19:55:37,212 - database_manager - INFO - Parse debates XML-Datei: debates2017-01-11a.xml
2025-09-20 19:55:37,213 - database_manager - INFO - Debates XML erfolgreich geparst: 0 Debatten, 0 Reden, 0 Wörter
2025-09-20 19:55:37,213 - database_manager - INFO - Verarbeite Datei 120/2945: debates2015-02-11c.xml
2025-09-20 19:55:37,213 - database_manager - INFO - Parse debates XML-Datei: debates2015-02-11c.xml
2025-09-20 19:55:37,215 - database_manager - INFO - Debates XML erfolgreich geparst: 0 Debatten, 0 Reden, 0 Wörter
2025-09-20 19:55:37,215 - database_manager - INFO - Verarbeite Datei 121/2945: debates2017-09-06c.xml
2025-09-20 19:55:37,215 - database_manager - INFO - Parse debates XML-Datei: debates2017-09-06c.xml
2025-09-20 19:55:37,233 - database_manager - INFO - Debates XML erfolgreich geparst: 14 Debatten, 505 Reden, 65228 Wörter
2025-09-20 19:55:37,234 - database_manager - INFO - Verarbeite Datei 122/2945: debates2015-06-25a.xml
2025-09-20 19:55:37,234 - database_manager - INFO - Parse debates XML-Datei: debates2015-06-25a.xml
2025-09-20 19:55:37,251 - database_manager - INFO - Debates XML erfolgreich geparst: 15 Debatten, 464 Reden, 64809 Wörter
2025-09-20 19:55:37,251 - database_manager - INFO - Verarbeite Datei 123/2945: debates2018-07-12a.xml
2025-09-20 19:55:37,251 - database_manager - INFO - Parse debates XML-Datei: debates2018-07-12a.xml
2025-09-20 19:55:37,253 - database_manager - INFO - Debates XML erfolgreich geparst: 0 Debatten, 0 Reden, 0 Wörter
2025-09-20 19:55:37,253 - database_manager - INFO - Verarbeite Datei 124/2945: debates2020-12-01a.xml
2025-09-20 19:55:37,253 - database_manager - INFO - Parse debates XML-Datei: debates2020-12-01a.xml
2025-09-20 19:55:37,253 - database_manager - INFO - Debates XML erfolgreich geparst: 0 Debatten, 0 Reden, 0 Wörter
2025-09-20 19:55:37,253 - database_manager - INFO - Verarbeite Datei 125/2945: debates2016-06-06a.xml
2025-09-20 19:55:37,253 - database_manager - INFO - Parse debates XML-Datei: debates2016-06-06a.xml
2025-09-20 19:55:37,255 - database_manager - INFO - Debates XML erfolgreich geparst: 0 Debatten, 0 Reden, 0 Wörter
2025-09-20 19:55:37,255 - database_manager - INFO - Verarbeite Datei 126/2945: debates2014-10-13b.xml
2025-09-20 19:55:37,255 - database_manager - INFO - Parse debates XML-Datei: debates2014-10-13b.xml
2025-09-20 19:55:37,272 - database_manager - INFO - Debates XML erfolgreich geparst: 21 Debatten, 524 Reden, 61201 Wörter
2025-09-20 19:55:37,273 - database_manager - INFO - Verarbeite Datei 127/2945: debates2013-09-02b.xml
2025-09-20 19:55:37,273 - database_manager - INFO - Parse debates XML-Datei: debates2013-09-02b.xml
2025-09-20 19:55:37,290 - database_manager - INFO - Debates XML erfolgreich geparst: 19 Debatten, 475 Reden, 64564 Wörter
2025-09-20 19:55:37,290 - database_manager - INFO - Verarbeite Datei 128/2945: debates2013-01-14d.xml
2025-09-20 19:55:37,290 - database_manager - INFO - Parse debates XML-Datei: debates2013-01-14d.xml
2025-09-20 19:55:37,307 - database_manager - INFO - Debates XML erfolgreich geparst: 23 Debatten, 434 Reden, 65882 Wörter
2025-09-20 19:55:37,307 - database_manager - INFO - Verarbeite Datei 129/2945: debates2019-01-24b.xml
2025-09-20 19:55:37,307 - database_manager - INFO - Parse debates XML-Datei: debates2019-01-24b.xml
2025-09-20 19:55:37,367 - database_manager - INFO - Debates XML erfolgreich geparst: 19 Debatten, 445 Reden, 64784 Wörter
2025-09-20 19:55:37,368 - database_manager - INFO - Verarbeite Datei 130/2945: debates2021-08-18a.xml
2025-09-20 19:55:37,368 - database_manager - INFO - Parse debates XML-Datei: debates2021-08-18a.xml
2025-09-20 19:55:37,370 - database_manager - INFO - Debates XML erfolgreich geparst: 0 Debatten, 0 Reden, 0 Wörter
2025-09-20 19:55:37,371 - database_manager - INFO - Verarbeite Datei 131/2945: debates2015-09-16a.xml
2025-09-20 19:55:37,371 - database_manager - INFO - Parse debates XML-Datei: debates2015-09-16a.xml
2025-09-20 19:55:37,371 - database_manager - INFO - Debates XML erfolgreich geparst: 0 Debatten, 0 Reden, 0 Wörter
2025-09-20 19:55:37,371 - database_manager - INFO - Verarbeite Datei 132/2945: debates2017-02-01a.xml
2025-09-20 19:55:37,371 - database_manager - INFO - Parse debates XML-Datei: debates2017-02-01a.xml
2025-09-20 19:55:37,374 - database_manager - INFO - Debates XML erfolgreich geparst: 3 Debatten, 4 Reden, 2001 Wörter
2025-09-20 19:55:37,374 - database_manager - INFO - Verarbeite Datei 133/2945: debates2012-11-26b.xml
2025-09-20 19:55:37,374 - database_manager - INFO - Parse debates XML-Datei: debates2012-11-26b.xml
2025-09-20 19:55:37,390 - database_manager - INFO - Debates XML erfolgreich geparst: 32 Debatten, 435 Reden, 56013 Wörter
2025-09-20 19:55:37,390 - database_manager - INFO - Verarbeite Datei 134/2945: debates2018-05-23b.xml
2025-09-20 19:55:37,390 - database_manager - INFO - Parse debates XML-Datei: debates2018-05-23b.xml
2025-09-20 19:55:37,391 - database_manager - INFO - Debates XML erfolgreich geparst: 0 Debatten, 0 Reden, 0 Wörter
2025-09-20 19:55:37,391 - database_manager - INFO - Verarbeite Datei 135/2945: debates2015-07-08a.xml
2025-09-20 19:55:37,391 - database_manager - INFO - Parse debates XML-Datei: debates2015-07-08a.xml
2025-09-20 19:55:37,407 - database_manager - INFO - Debates XML erfolgreich geparst: 24 Debatten, 350 Reden, 66224 Wörter
2025-09-20 19:55:37,407 - database_manager - INFO - Verarbeite Datei 136/2945: debates2017-12-01a.xml
2025-09-20 19:55:37,407 - database_manager - INFO - Parse debates XML-Datei: debates2017-12-01a.xml
2025-09-20 19:55:37,410 - database_manager - INFO - Debates XML erfolgreich geparst: 1 Debatten, 3 Reden, 3906 Wörter
2025-09-20 19:55:37,410 - database_manager - INFO - Verarbeite Datei 137/2945: debates2015-06-29b.xml
2025-09-20 19:55:37,410 - database_manager - INFO - Parse debates XML-Datei: debates2015-06-29b.xml
2025-09-20 19:55:37,431 - database_manager - INFO - Debates XML erfolgreich geparst: 32 Debatten, 648 Reden, 70627 Wörter
2025-09-20 19:55:37,432 - database_manager - INFO - Verarbeite Datei 138/2945: debates2020-01-07a.xml
2025-09-20 19:55:37,432 - database_manager - INFO - Parse debates XML-Datei: debates2020-01-07a.xml
2025-09-20 19:55:37,433 - database_manager - INFO - Debates XML erfolgreich geparst: 0 Debatten, 0 Reden, 0 Wörter
2025-09-20 19:55:37,433 - database_manager - INFO - Verarbeite Datei 139/2945: debates2016-04-21b.xml
2025-09-20 19:55:37,433 - database_manager - INFO - Parse debates XML-Datei: debates2016-04-21b.xml
2025-09-20 19:55:37,441 - database_manager - INFO - Debates XML erfolgreich geparst: 18 Debatten, 256 Reden, 34814 Wörter
2025-09-20 19:55:37,441 - database_manager - INFO - Verarbeite Datei 140/2945: debates2021-03-09c.xml
2025-09-20 19:55:37,441 - database_manager - INFO - Parse debates XML-Datei: debates2021-03-09c.xml
2025-09-20 19:55:37,465 - database_manager - INFO - Debates XML erfolgreich geparst: 30 Debatten, 436 Reden, 91389 Wörter
2025-09-20 19:55:37,465 - database_manager - INFO - Verarbeite Datei 141/2945: debates2018-06-25b.xml
2025-09-20 19:55:37,465 - database_manager - INFO - Parse debates XML-Datei: debates2018-06-25b.xml
2025-09-20 19:55:37,467 - database_manager - INFO - Debates XML erfolgreich geparst: 0 Debatten, 0 Reden, 0 Wörter
2025-09-20 19:55:37,467 - database_manager - INFO - Verarbeite Datei 142/2945: debates2018-04-18b.xml
2025-09-20 19:55:37,467 - database_manager - INFO - Parse debates XML-Datei: debates2018-04-18b.xml
2025-09-20 19:55:37,467 - database_manager - INFO - Debates XML erfolgreich geparst: 0 Debatten, 0 Reden, 0 Wörter
2025-09-20 19:55:37,467 - database_manager - INFO - Verarbeite Datei 143/2945: debates2018-07-04a.xml
2025-09-20 19:55:37,467 - database_manager - INFO - Parse debates XML-Datei: debates2018-07-04a.xml
2025-09-20 19:55:37,488 - database_manager - INFO - Debates XML erfolgreich geparst: 22 Debatten, 644 Reden, 77174 Wörter
2025-09-20 19:55:37,489 - database_manager - INFO - Verarbeite Datei 144/2945: debates2017-10-26b.xml
2025-09-20 19:55:37,489 - database_manager - INFO - Parse debates XML-Datei: debates2017-10-26b.xml
2025-09-20 19:55:37,506 - database_manager - INFO - Debates XML erfolgreich geparst: 25 Debatten, 517 Reden, 63107 Wörter
2025-09-20 19:55:37,506 - database_manager - INFO - Verarbeite Datei 145/2945: debates2017-11-07a.xml
2025-09-20 19:55:37,506 - database_manager - INFO - Parse debates XML-Datei: debates2017-11-07a.xml
2025-09-20 19:55:37,507 - database_manager - INFO - Debates XML erfolgreich geparst: 0 Debatten, 0 Reden, 0 Wörter
2025-09-20 19:55:37,507 - database_manager - INFO - Verarbeite Datei 146/2945: debates2021-04-21b.xml
2025-09-20 19:55:37,507 - database_manager - INFO - Parse debates XML-Datei: debates2021-04-21b.xml
2025-09-20 19:55:37,559 - database_manager - INFO - Debates XML erfolgreich geparst: 12 Debatten, 256 Reden, 51497 Wörter
2025-09-20 19:55:37,559 - database_manager - INFO - Verarbeite Datei 147/2945: debates2021-09-23a.xml
2025-09-20 19:55:37,559 - database_manager - INFO - Parse debates XML-Datei: debates2021-09-23a.xml
2025-09-20 19:55:37,560 - database_manager - INFO - Debates XML erfolgreich geparst: 0 Debatten, 0 Reden, 0 Wörter
2025-09-20 19:55:37,560 - database_manager - INFO - Verarbeite Datei 148/2945: debates2012-03-01a.xml
2025-09-20 19:55:37,560 - database_manager - INFO - Parse debates XML-Datei: debates2012-03-01a.xml
2025-09-20 19:55:37,577 - database_manager - INFO - Debates XML erfolgreich geparst: 23 Debatten, 554 Reden, 59823 Wörter
2025-09-20 19:55:37,578 - database_manager - INFO - Verarbeite Datei 149/2945: debates2014-01-24a.xml
2025-09-20 19:55:37,578 - database_manager - INFO - Parse debates XML-Datei: debates2014-01-24a.xml
2025-09-20 19:55:37,587 - database_manager - INFO - Debates XML erfolgreich geparst: 5 Debatten, 213 Reden, 36342 Wörter
2025-09-20 19:55:37,588 - database_manager - INFO - Verarbeite Datei 150/2945: debates2014-03-19a.xml
2025-09-20 19:55:37,588 - database_manager - INFO - Parse debates XML-Datei: debates2014-03-19a.xml
2025-09-20 19:55:37,604 - database_manager - INFO - Debates XML erfolgreich geparst: 12 Debatten, 336 Reden, 65768 Wörter
2025-09-20 19:55:37,605 - database_manager - INFO - Verarbeite Datei 151/2945: debates2016-10-19c.xml
2025-09-20 19:55:37,605 - database_manager - INFO - Parse debates XML-Datei: debates2016-10-19c.xml
2025-09-20 19:55:37,624 - database_manager - INFO - Debates XML erfolgreich geparst: 15 Debatten, 609 Reden, 62082 Wörter
2025-09-20 19:55:37,624 - database_manager - INFO - Verarbeite Datei 152/2945: debates2014-11-24a.xml
2025-09-20 19:55:37,624 - database_manager - INFO - Parse debates XML-Datei: debates2014-11-24a.xml
2025-09-20 19:55:37,625 - database_manager - INFO - Debates XML erfolgreich geparst: 0 Debatten, 0 Reden, 0 Wörter
2025-09-20 19:55:37,625 - database_manager - INFO - Verarbeite Datei 153/2945: debates2013-04-16a.xml
2025-09-20 19:55:37,625 - database_manager - INFO - Parse debates XML-Datei: debates2013-04-16a.xml
2025-09-20 19:55:37,626 - database_manager - INFO - Debates XML erfolgreich geparst: 0 Debatten, 0 Reden, 0 Wörter
2025-09-20 19:55:37,626 - database_manager - INFO - Verarbeite Datei 154/2945: debates2020-12-17a.xml
2025-09-20 19:55:37,626 - database_manager - INFO - Parse debates XML-Datei: debates2020-12-17a.xml
2025-09-20 19:55:37,627 - database_manager - INFO - Debates XML erfolgreich geparst: 0 Debatten, 0 Reden, 0 Wörter
2025-09-20 19:55:37,627 - database_manager - INFO - Verarbeite Datei 155/2945: debates2017-07-03d.xml
2025-09-20 19:55:37,627 - database_manager - INFO - Parse debates XML-Datei: debates2017-07-03d.xml
2025-09-20 19:55:37,628 - database_manager - INFO - Debates XML erfolgreich geparst: 0 Debatten, 0 Reden, 0 Wörter
2025-09-20 19:55:37,628 - database_manager - INFO - Verarbeite Datei 156/2945: debates2021-06-10a.xml
2025-09-20 19:55:37,628 - database_manager - INFO - Parse debates XML-Datei: debates2021-06-10a.xml
2025-09-20 19:55:37,628 - database_manager - INFO - Debates XML erfolgreich geparst: 0 Debatten, 0 Reden, 0 Wörter
2025-09-20 19:55:37,628 - database_manager - INFO - Verarbeite Datei 157/2945: debates2021-10-19c.xml
2025-09-20 19:55:37,628 - database_manager - INFO - Parse debates XML-Datei: debates2021-10-19c.xml
2025-09-20 19:55:37,647 - database_manager - INFO - Debates XML erfolgreich geparst: 20 Debatten, 446 Reden, 69379 Wörter
2025-09-20 19:55:37,647 - database_manager - INFO - Verarbeite Datei 158/2945: debates2016-11-14a.xml
2025-09-20 19:55:37,647 - database_manager - INFO - Parse debates XML-Datei: debates2016-11-14a.xml
2025-09-20 19:55:37,648 - database_manager - INFO - Debates XML erfolgreich geparst: 0 Debatten, 0 Reden, 0 Wörter
2025-09-20 19:55:37,648 - database_manager - INFO - Verarbeite Datei 159/2945: debates2014-07-01b.xml
2025-09-20 19:55:37,648 - database_manager - INFO - Parse debates XML-Datei: debates2014-07-01b.xml
2025-09-20 19:55:37,649 - database_manager - INFO - Debates XML erfolgreich geparst: 0 Debatten, 0 Reden, 0 Wörter
2025-09-20 19:55:37,649 - database_manager - INFO - Verarbeite Datei 160/2945: debates2016-12-08b.xml
2025-09-20 19:55:37,649 - database_manager - INFO - Parse debates XML-Datei: debates2016-12-08b.xml
2025-09-20 19:55:37,664 - database_manager - INFO - Debates XML erfolgreich geparst: 18 Debatten, 384 Reden, 59201 Wörter
2025-09-20 19:55:37,665 - database_manager - INFO - Verarbeite Datei 161/2945: debates2019-07-17a.xml
2025-09-20 19:55:37,665 - database_manager - INFO - Parse debates XML-Datei: debates2019-07-17a.xml
2025-09-20 19:55:37,680 - database_manager - INFO - Debates XML erfolgreich geparst: 8 Debatten, 353 Reden, 55588 Wörter
2025-09-20 19:55:37,680 - database_manager - INFO - Verarbeite Datei 162/2945: debates2020-01-27c.xml
2025-09-20 19:55:37,680 - database_manager - INFO - Parse debates XML-Datei: debates2020-01-27c.xml
2025-09-20 19:55:37,701 - database_manager - INFO - Debates XML erfolgreich geparst: 16 Debatten, 535 Reden, 67398 Wörter
2025-09-20 19:55:37,701 - database_manager - INFO - Verarbeite Datei 163/2945: debates2020-05-13a.xml
2025-09-20 19:55:37,701 - database_manager - INFO - Parse debates XML-Datei: debates2020-05-13a.xml
2025-09-20 19:55:37,703 - database_manager - INFO - Debates XML erfolgreich geparst: 0 Debatten, 0 Reden, 0 Wörter
2025-09-20 19:55:37,703 - database_manager - INFO - Verarbeite Datei 164/2945: debates2019-09-09a.xml
2025-09-20 19:55:37,703 - database_manager - INFO - Parse debates XML-Datei: debates2019-09-09a.xml
2025-09-20 19:55:37,704 - database_manager - INFO - Debates XML erfolgreich geparst: 1 Debatten, 5 Reden, 234 Wörter
2025-09-20 19:55:37,705 - database_manager - INFO - Verarbeite Datei 165/2945: debates2016-02-08b.xml
2025-09-20 19:55:37,705 - database_manager - INFO - Parse debates XML-Datei: debates2016-02-08b.xml
2025-09-20 19:55:37,705 - database_manager - INFO - Debates XML erfolgreich geparst: 0 Debatten, 0 Reden, 0 Wörter
2025-09-20 19:55:37,705 - database_manager - INFO - Verarbeite Datei 166/2945: debates2016-01-14a.xml
2025-09-20 19:55:37,706 - database_manager - INFO - Parse debates XML-Datei: debates2016-01-14a.xml
2025-09-20 19:55:37,706 - database_manager - INFO - Debates XML erfolgreich geparst: 0 Debatten, 0 Reden, 0 Wörter
2025-09-20 19:55:37,706 - database_manager - INFO - Verarbeite Datei 167/2945: debates2013-03-12a.xml
2025-09-20 19:55:37,706 - database_manager - INFO - Parse debates XML-Datei: debates2013-03-12a.xml
2025-09-20 19:55:37,707 - database_manager - INFO - Debates XML erfolgreich geparst: 0 Debatten, 0 Reden, 0 Wörter
2025-09-20 19:55:37,707 - database_manager - INFO - Verarbeite Datei 168/2945: debates2020-09-30a.xml
2025-09-20 19:55:37,707 - database_manager - INFO - Parse debates XML-Datei: debates2020-09-30a.xml
2025-09-20 19:55:37,708 - database_manager - INFO - Debates XML erfolgreich geparst: 0 Debatten, 0 Reden, 0 Wörter
2025-09-20 19:55:37,708 - database_manager - INFO - Verarbeite Datei 169/2945: debates2015-02-27a.xml
2025-09-20 19:55:37,708 - database_manager - INFO - Parse debates XML-Datei: debates2015-02-27a.xml
2025-09-20 19:55:37,718 - database_manager - INFO - Debates XML erfolgreich geparst: 9 Debatten, 208 Reden, 33527 Wörter
2025-09-20 19:55:37,718 - database_manager - INFO - Verarbeite Datei 170/2945: debates2015-03-06b.xml
2025-09-20 19:55:37,718 - database_manager - INFO - Parse debates XML-Datei: debates2015-03-06b.xml
2025-09-20 19:55:37,726 - database_manager - INFO - Debates XML erfolgreich geparst: 9 Debatten, 159 Reden, 33282 Wörter
2025-09-20 19:55:37,726 - database_manager - INFO - Verarbeite Datei 171/2945: debates2021-02-08b.xml
2025-09-20 19:55:37,726 - database_manager - INFO - Parse debates XML-Datei: debates2021-02-08b.xml
2025-09-20 19:55:37,743 - database_manager - INFO - Debates XML erfolgreich geparst: 17 Debatten, 355 Reden, 65254 Wörter
2025-09-20 19:55:37,743 - database_manager - INFO - Verarbeite Datei 172/2945: debates2021-01-14a.xml
2025-09-20 19:55:37,743 - database_manager - INFO - Parse debates XML-Datei: debates2021-01-14a.xml
2025-09-20 19:55:37,744 - database_manager - INFO - Debates XML erfolgreich geparst: 0 Debatten, 0 Reden, 0 Wörter
2025-09-20 19:55:37,744 - database_manager - INFO - Verarbeite Datei 173/2945: debates2021-12-08b.xml
2025-09-20 19:55:37,744 - database_manager - INFO - Parse debates XML-Datei: debates2021-12-08b.xml
2025-09-20 19:55:37,745 - database_manager - INFO - Debates XML erfolgreich geparst: 0 Debatten, 0 Reden, 0 Wörter
2025-09-20 19:55:37,745 - database_manager - INFO - Verarbeite Datei 174/2945: debates2020-07-22b.xml
2025-09-20 19:55:37,745 - database_manager - INFO - Parse debates XML-Datei: debates2020-07-22b.xml
2025-09-20 19:55:37,746 - database_manager - INFO - Debates XML erfolgreich geparst: 0 Debatten, 0 Reden, 0 Wörter
2025-09-20 19:55:37,746 - database_manager - INFO - Verarbeite Datei 175/2945: debates2020-06-03a.xml
2025-09-20 19:55:37,746 - database_manager - INFO - Parse debates XML-Datei: debates2020-06-03a.xml
2025-09-20 19:55:37,765 - database_manager - INFO - Debates XML erfolgreich geparst: 22 Debatten, 483 Reden, 74227 Wörter
2025-09-20 19:55:37,765 - database_manager - INFO - Verarbeite Datei 176/2945: debates2016-02-04a.xml
2025-09-20 19:55:37,765 - database_manager - INFO - Parse debates XML-Datei: debates2016-02-04a.xml
2025-09-20 19:55:37,783 - database_manager - INFO - Debates XML erfolgreich geparst: 21 Debatten, 503 Reden, 63828 Wörter
2025-09-20 19:55:37,783 - database_manager - INFO - Verarbeite Datei 177/2945: debates2016-01-18b.xml
2025-09-20 19:55:37,783 - database_manager - INFO - Parse debates XML-Datei: debates2016-01-18b.xml
2025-09-20 19:55:37,849 - database_manager - INFO - Debates XML erfolgreich geparst: 15 Debatten, 482 Reden, 64004 Wörter
2025-09-20 19:55:37,849 - database_manager - INFO - Verarbeite Datei 178/2945: debates2019-09-05b.xml
2025-09-20 19:55:37,849 - database_manager - INFO - Parse debates XML-Datei: debates2019-09-05b.xml
2025-09-20 19:55:37,868 - database_manager - INFO - Debates XML erfolgreich geparst: 17 Debatten, 657 Reden, 67414 Wörter
2025-09-20 19:55:37,869 - database_manager - INFO - Verarbeite Datei 179/2945: debates2012-10-31c.xml
2025-09-20 19:55:37,869 - database_manager - INFO - Parse debates XML-Datei: debates2012-10-31c.xml
2025-09-20 19:55:37,888 - database_manager - INFO - Debates XML erfolgreich geparst: 18 Debatten, 593 Reden, 60273 Wörter
2025-09-20 19:55:37,889 - database_manager - INFO - Verarbeite Datei 180/2945: debates2021-02-04a.xml
2025-09-20 19:55:37,889 - database_manager - INFO - Parse debates XML-Datei: debates2021-02-04a.xml
2025-09-20 19:55:37,889 - database_manager - INFO - Debates XML erfolgreich geparst: 0 Debatten, 0 Reden, 0 Wörter
2025-09-20 19:55:37,890 - database_manager - INFO - Verarbeite Datei 181/2945: debates2021-01-18b.xml
2025-09-20 19:55:37,890 - database_manager - INFO - Parse debates XML-Datei: debates2021-01-18b.xml
2025-09-20 19:55:37,890 - database_manager - INFO - Debates XML erfolgreich geparst: 0 Debatten, 0 Reden, 0 Wörter
2025-09-20 19:55:37,890 - database_manager - INFO - Verarbeite Datei 182/2945: debates2018-11-21b.xml
2025-09-20 19:55:37,890 - database_manager - INFO - Parse debates XML-Datei: debates2018-11-21b.xml
2025-09-20 19:55:37,909 - database_manager - INFO - Debates XML erfolgreich geparst: 20 Debatten, 496 Reden, 66397 Wörter
2025-09-20 19:55:37,910 - database_manager - INFO - Verarbeite Datei 183/2945: debates2021-11-18b.xml
2025-09-20 19:55:37,910 - database_manager - INFO - Parse debates XML-Datei: debates2021-11-18b.xml
2025-09-20 19:55:37,911 - database_manager - INFO - Debates XML erfolgreich geparst: 0 Debatten, 0 Reden, 0 Wörter
2025-09-20 19:55:37,911 - database_manager - INFO - Verarbeite Datei 184/2945: debates2012-05-24b.xml
2025-09-20 19:55:37,911 - database_manager - INFO - Parse debates XML-Datei: debates2012-05-24b.xml
2025-09-20 19:55:37,926 - database_manager - INFO - Debates XML erfolgreich geparst: 25 Debatten, 392 Reden, 58027 Wörter
2025-09-20 19:55:37,926 - database_manager - INFO - Verarbeite Datei 185/2945: debates2018-05-15b.xml
2025-09-20 19:55:37,926 - database_manager - INFO - Parse debates XML-Datei: debates2018-05-15b.xml
2025-09-20 19:55:37,927 - database_manager - INFO - Debates XML erfolgreich geparst: 0 Debatten, 0 Reden, 0 Wörter
2025-09-20 19:55:37,927 - database_manager - INFO - Verarbeite Datei 186/2945: debates2012-10-31a.xml
2025-09-20 19:55:37,927 - database_manager - INFO - Parse debates XML-Datei: debates2012-10-31a.xml
2025-09-20 19:55:37,928 - database_manager - INFO - Debates XML erfolgreich geparst: 0 Debatten, 0 Reden, 0 Wörter
2025-09-20 19:55:37,928 - database_manager - INFO - Verarbeite Datei 187/2945: debates2021-06-30a.xml
2025-09-20 19:55:37,928 - database_manager - INFO - Parse debates XML-Datei: debates2021-06-30a.xml
2025-09-20 19:55:37,929 - database_manager - INFO - Debates XML erfolgreich geparst: 0 Debatten, 0 Reden, 0 Wörter
2025-09-20 19:55:37,929 - database_manager - INFO - Verarbeite Datei 188/2945: debates2012-01-10b.xml
2025-09-20 19:55:37,929 - database_manager - INFO - Parse debates XML-Datei: debates2012-01-10b.xml
2025-09-20 19:55:37,949 - database_manager - INFO - Debates XML erfolgreich geparst: 25 Debatten, 562 Reden, 67503 Wörter
2025-09-20 19:55:37,950 - database_manager - INFO - Verarbeite Datei 189/2945: debates2016-06-30a.xml
2025-09-20 19:55:37,950 - database_manager - INFO - Parse debates XML-Datei: debates2016-06-30a.xml
2025-09-20 19:55:37,966 - database_manager - INFO - Debates XML erfolgreich geparst: 20 Debatten, 421 Reden, 63798 Wörter
2025-09-20 19:55:37,966 - database_manager - INFO - Verarbeite Datei 190/2945: debates2016-07-11b.xml
2025-09-20 19:55:37,966 - database_manager - INFO - Parse debates XML-Datei: debates2016-07-11b.xml
2025-09-20 19:55:37,967 - database_manager - INFO - Debates XML erfolgreich geparst: 0 Debatten, 0 Reden, 0 Wörter
2025-09-20 19:55:37,967 - database_manager - INFO - Verarbeite Datei 191/2945: debates2014-11-04a.xml
2025-09-20 19:55:37,967 - database_manager - INFO - Parse debates XML-Datei: debates2014-11-04a.xml
2025-09-20 19:55:37,987 - database_manager - INFO - Debates XML erfolgreich geparst: 44 Debatten, 423 Reden, 68888 Wörter
2025-09-20 19:55:37,987 - database_manager - INFO - Verarbeite Datei 192/2945: debates2018-06-05b.xml
2025-09-20 19:55:37,987 - database_manager - INFO - Parse debates XML-Datei: debates2018-06-05b.xml
2025-09-20 19:55:38,011 - database_manager - INFO - Debates XML erfolgreich geparst: 20 Debatten, 583 Reden, 66007 Wörter
2025-09-20 19:55:38,011 - database_manager - INFO - Verarbeite Datei 193/2945: debates2018-07-24a.xml
2025-09-20 19:55:38,011 - database_manager - INFO - Parse debates XML-Datei: debates2018-07-24a.xml
2025-09-20 19:55:38,012 - database_manager - INFO - Debates XML erfolgreich geparst: 0 Debatten, 0 Reden, 0 Wörter
2025-09-20 19:55:38,012 - database_manager - INFO - Verarbeite Datei 194/2945: debates2017-11-27a.xml
2025-09-20 19:55:38,012 - database_manager - INFO - Parse debates XML-Datei: debates2017-11-27a.xml
2025-09-20 19:55:38,013 - database_manager - INFO - Debates XML erfolgreich geparst: 0 Debatten, 0 Reden, 0 Wörter
2025-09-20 19:55:38,013 - database_manager - INFO - Verarbeite Datei 195/2945: debates2021-05-20a.xml
2025-09-20 19:55:38,013 - database_manager - INFO - Parse debates XML-Datei: debates2021-05-20a.xml
2025-09-20 19:55:38,028 - database_manager - INFO - Debates XML erfolgreich geparst: 16 Debatten, 315 Reden, 61514 Wörter
2025-09-20 19:55:38,028 - database_manager - INFO - Verarbeite Datei 196/2945: debates2017-01-27a.xml
2025-09-20 19:55:38,029 - database_manager - INFO - Parse debates XML-Datei: debates2017-01-27a.xml
2025-09-20 19:55:38,029 - database_manager - INFO - Debates XML erfolgreich geparst: 0 Debatten, 0 Reden, 0 Wörter
2025-09-20 19:55:38,029 - database_manager - INFO - Verarbeite Datei 197/2945: debates2012-03-21a.xml
2025-09-20 19:55:38,029 - database_manager - INFO - Parse debates XML-Datei: debates2012-03-21a.xml
2025-09-20 19:55:38,030 - database_manager - INFO - Debates XML erfolgreich geparst: 0 Debatten, 0 Reden, 0 Wörter
2025-09-20 19:55:38,030 - database_manager - INFO - Verarbeite Datei 198/2945: debates2014-01-08b.xml
2025-09-20 19:55:38,030 - database_manager - INFO - Parse debates XML-Datei: debates2014-01-08b.xml
2025-09-20 19:55:38,031 - database_manager - INFO - Debates XML erfolgreich geparst: 0 Debatten, 0 Reden, 0 Wörter
2025-09-20 19:55:38,031 - database_manager - INFO - Verarbeite Datei 199/2945: debates2020-01-27a.xml
2025-09-20 19:55:38,031 - database_manager - INFO - Parse debates XML-Datei: debates2020-01-27a.xml
2025-09-20 19:55:38,032 - database_manager - INFO - Debates XML erfolgreich geparst: 0 Debatten, 0 Reden, 0 Wörter
2025-09-20 19:55:38,032 - database_manager - INFO - Verarbeite Datei 200/2945: debates2016-11-14c.xml
2025-09-20 19:55:38,032 - database_manager - INFO - Parse debates XML-Datei: debates2016-11-14c.xml
2025-09-20 19:55:38,032 - database_manager - INFO - Debates XML erfolgreich geparst: 0 Debatten, 0 Reden, 0 Wörter
2025-09-20 19:55:38,032 - database_manager - INFO - Verarbeite Datei 201/2945: debates2020-09-30c.xml
2025-09-20 19:55:38,032 - database_manager - INFO - Parse debates XML-Datei: debates2020-09-30c.xml
2025-09-20 19:55:38,035 - database_manager - INFO - Debates XML erfolgreich geparst: 0 Debatten, 0 Reden, 0 Wörter
2025-09-20 19:55:38,035 - database_manager - INFO - Verarbeite Datei 202/2945: debates2014-10-29a.xml
2025-09-20 19:55:38,035 - database_manager - INFO - Parse debates XML-Datei: debates2014-10-29a.xml
2025-09-20 19:55:38,046 - database_manager - INFO - Debates XML erfolgreich geparst: 13 Debatten, 266 Reden, 39236 Wörter
2025-09-20 19:55:38,046 - database_manager - INFO - Verarbeite Datei 203/2945: debates2016-01-14c.xml
2025-09-20 19:55:38,046 - database_manager - INFO - Parse debates XML-Datei: debates2016-01-14c.xml
2025-09-20 19:55:38,119 - database_manager - INFO - Debates XML erfolgreich geparst: 25 Debatten, 460 Reden, 65425 Wörter
2025-09-20 19:55:38,119 - database_manager - INFO - Verarbeite Datei 204/2945: debates2020-10-06b.xml
2025-09-20 19:55:38,119 - database_manager - INFO - Parse debates XML-Datei: debates2020-10-06b.xml
2025-09-20 19:55:38,137 - database_manager - INFO - Debates XML erfolgreich geparst: 23 Debatten, 378 Reden, 71382 Wörter
2025-09-20 19:55:38,138 - database_manager - INFO - Verarbeite Datei 205/2945: debates2019-09-09c.xml
2025-09-20 19:55:38,138 - database_manager - INFO - Parse debates XML-Datei: debates2019-09-09c.xml
2025-09-20 19:55:38,163 - database_manager - INFO - Debates XML erfolgreich geparst: 21 Debatten, 758 Reden, 74221 Wörter
2025-09-20 19:55:38,164 - database_manager - INFO - Verarbeite Datei 206/2945: debates2021-06-10c.xml
2025-09-20 19:55:38,164 - database_manager - INFO - Parse debates XML-Datei: debates2021-06-10c.xml
2025-09-20 19:55:38,181 - database_manager - INFO - Debates XML erfolgreich geparst: 16 Debatten, 389 Reden, 63093 Wörter
2025-09-20 19:55:38,181 - database_manager - INFO - Verarbeite Datei 207/2945: debates2021-02-24a.xml
2025-09-20 19:55:38,181 - database_manager - INFO - Parse debates XML-Datei: debates2021-02-24a.xml
2025-09-20 19:55:38,200 - database_manager - INFO - Debates XML erfolgreich geparst: 17 Debatten, 403 Reden, 68697 Wörter
2025-09-20 19:55:38,201 - database_manager - INFO - Verarbeite Datei 208/2945: debates2015-11-17a.xml
2025-09-20 19:55:38,201 - database_manager - INFO - Parse debates XML-Datei: debates2015-11-17a.xml
2025-09-20 19:55:38,220 - database_manager - INFO - Debates XML erfolgreich geparst: 26 Debatten, 466 Reden, 72560 Wörter
2025-09-20 19:55:38,220 - database_manager - INFO - Verarbeite Datei 209/2945: debates2021-10-19a.xml
2025-09-20 19:55:38,220 - database_manager - INFO - Parse debates XML-Datei: debates2021-10-19a.xml
2025-09-20 19:55:38,222 - database_manager - INFO - Debates XML erfolgreich geparst: 0 Debatten, 0 Reden, 0 Wörter
2025-09-20 19:55:38,222 - database_manager - INFO - Verarbeite Datei 210/2945: debates2012-06-18a.xml
2025-09-20 19:55:38,222 - database_manager - INFO - Parse debates XML-Datei: debates2012-06-18a.xml
2025-09-20 19:55:38,223 - database_manager - INFO - Debates XML erfolgreich geparst: 0 Debatten, 0 Reden, 0 Wörter
2025-09-20 19:55:38,223 - database_manager - INFO - Verarbeite Datei 211/2945: debates2012-04-25a.xml
2025-09-20 19:55:38,223 - database_manager - INFO - Parse debates XML-Datei: debates2012-04-25a.xml
2025-09-20 19:55:38,224 - database_manager - INFO - Debates XML erfolgreich geparst: 0 Debatten, 0 Reden, 0 Wörter
2025-09-20 19:55:38,224 - database_manager - INFO - Verarbeite Datei 212/2945: debates2016-10-19a.xml
2025-09-20 19:55:38,224 - database_manager - INFO - Parse debates XML-Datei: debates2016-10-19a.xml
2025-09-20 19:55:38,225 - database_manager - INFO - Debates XML erfolgreich geparst: 0 Debatten, 0 Reden, 0 Wörter
2025-09-20 19:55:38,225 - database_manager - INFO - Verarbeite Datei 213/2945: debates2020-07-02b.xml
2025-09-20 19:55:38,225 - database_manager - INFO - Parse debates XML-Datei: debates2020-07-02b.xml
2025-09-20 19:55:38,226 - database_manager - INFO - Debates XML erfolgreich geparst: 0 Debatten, 0 Reden, 0 Wörter
2025-09-20 19:55:38,226 - database_manager - INFO - Verarbeite Datei 214/2945: debates2020-06-23a.xml
2025-09-20 19:55:38,226 - database_manager - INFO - Parse debates XML-Datei: debates2020-06-23a.xml
2025-09-20 19:55:38,227 - database_manager - INFO - Debates XML erfolgreich geparst: 0 Debatten, 0 Reden, 0 Wörter
2025-09-20 19:55:38,227 - database_manager - INFO - Verarbeite Datei 215/2945: debates2013-10-22a.xml
2025-09-20 19:55:38,227 - database_manager - INFO - Parse debates XML-Datei: debates2013-10-22a.xml
2025-09-20 19:55:38,228 - database_manager - INFO - Debates XML erfolgreich geparst: 0 Debatten, 0 Reden, 0 Wörter
2025-09-20 19:55:38,228 - database_manager - INFO - Verarbeite Datei 216/2945: debates2016-02-24a.xml
2025-09-20 19:55:38,228 - database_manager - INFO - Parse debates XML-Datei: debates2016-02-24a.xml
2025-09-20 19:55:38,250 - database_manager - INFO - Debates XML erfolgreich geparst: 13 Debatten, 533 Reden, 65376 Wörter
2025-09-20 19:55:38,250 - database_manager - INFO - Verarbeite Datei 217/2945: debates2019-09-25b.xml
2025-09-20 19:55:38,250 - database_manager - INFO - Parse debates XML-Datei: debates2019-09-25b.xml
2025-09-20 19:55:38,252 - database_manager - INFO - Debates XML erfolgreich geparst: 0 Debatten, 0 Reden, 0 Wörter
2025-09-20 19:55:38,252 - database_manager - INFO - Verarbeite Datei 218/2945: debates2015-03-26b.xml
2025-09-20 19:55:38,252 - database_manager - INFO - Parse debates XML-Datei: debates2015-03-26b.xml
2025-09-20 19:55:38,267 - database_manager - INFO - Debates XML erfolgreich geparst: 22 Debatten, 487 Reden, 54835 Wörter
2025-09-20 19:55:38,267 - database_manager - INFO - Verarbeite Datei 219/2945: debates2017-11-07c.xml
2025-09-20 19:55:38,267 - database_manager - INFO - Parse debates XML-Datei: debates2017-11-07c.xml
2025-09-20 19:55:38,285 - database_manager - INFO - Debates XML erfolgreich geparst: 20 Debatten, 490 Reden, 62759 Wörter
2025-09-20 19:55:38,285 - database_manager - INFO - Verarbeite Datei 220/2945: debates2021-03-09a.xml
2025-09-20 19:55:38,285 - database_manager - INFO - Parse debates XML-Datei: debates2021-03-09a.xml
2025-09-20 19:55:38,287 - database_manager - INFO - Debates XML erfolgreich geparst: 0 Debatten, 0 Reden, 0 Wörter
2025-09-20 19:55:38,287 - database_manager - INFO - Verarbeite Datei 221/2945: debates2015-12-07a.xml
2025-09-20 19:55:38,287 - database_manager - INFO - Parse debates XML-Datei: debates2015-12-07a.xml
2025-09-20 19:55:38,288 - database_manager - INFO - Debates XML erfolgreich geparst: 0 Debatten, 0 Reden, 0 Wörter
2025-09-20 19:55:38,288 - database_manager - INFO - Verarbeite Datei 222/2945: debates2014-07-21b.xml
2025-09-20 19:55:38,288 - database_manager - INFO - Parse debates XML-Datei: debates2014-07-21b.xml
2025-09-20 19:55:38,302 - database_manager - INFO - Debates XML erfolgreich geparst: 28 Debatten, 445 Reden, 44870 Wörter
2025-09-20 19:55:38,302 - database_manager - INFO - Verarbeite Datei 223/2945: debates2016-03-09a.xml
2025-09-20 19:55:38,302 - database_manager - INFO - Parse debates XML-Datei: debates2016-03-09a.xml
2025-09-20 19:55:38,322 - database_manager - INFO - Debates XML erfolgreich geparst: 15 Debatten, 591 Reden, 63190 Wörter
2025-09-20 19:55:38,323 - database_manager - INFO - Verarbeite Datei 224/2945: debates2013-02-13b.xml
2025-09-20 19:55:38,323 - database_manager - INFO - Parse debates XML-Datei: debates2013-02-13b.xml
2025-09-20 19:55:38,404 - database_manager - INFO - Debates XML erfolgreich geparst: 21 Debatten, 680 Reden, 80093 Wörter
2025-09-20 19:55:38,404 - database_manager - INFO - Verarbeite Datei 225/2945: debates2020-09-10a.xml
2025-09-20 19:55:38,404 - database_manager - INFO - Parse debates XML-Datei: debates2020-09-10a.xml
2025-09-20 19:55:38,424 - database_manager - INFO - Debates XML erfolgreich geparst: 27 Debatten, 530 Reden, 63951 Wörter
2025-09-20 19:55:38,425 - database_manager - INFO - Verarbeite Datei 226/2945: debates2015-10-20b.xml
2025-09-20 19:55:38,425 - database_manager - INFO - Parse debates XML-Datei: debates2015-10-20b.xml
2025-09-20 19:55:38,446 - database_manager - INFO - Debates XML erfolgreich geparst: 20 Debatten, 613 Reden, 66402 Wörter
2025-09-20 19:55:38,446 - database_manager - INFO - Verarbeite Datei 227/2945: debates2013-01-15b.xml
2025-09-20 19:55:38,446 - database_manager - INFO - Parse debates XML-Datei: debates2013-01-15b.xml
2025-09-20 19:55:38,464 - database_manager - INFO - Debates XML erfolgreich geparst: 25 Debatten, 467 Reden, 62582 Wörter
2025-09-20 19:55:38,464 - database_manager - INFO - Verarbeite Datei 228/2945: debates2020-12-01c.xml
2025-09-20 19:55:38,464 - database_manager - INFO - Parse debates XML-Datei: debates2020-12-01c.xml
2025-09-20 19:55:38,482 - database_manager - INFO - Debates XML erfolgreich geparst: 21 Debatten, 359 Reden, 68929 Wörter
2025-09-20 19:55:38,483 - database_manager - INFO - Verarbeite Datei 229/2945: debates2013-12-09a.xml
2025-09-20 19:55:38,483 - database_manager - INFO - Parse debates XML-Datei: debates2013-12-09a.xml
2025-09-20 19:55:38,483 - database_manager - INFO - Debates XML erfolgreich geparst: 0 Debatten, 0 Reden, 0 Wörter
2025-09-20 19:55:38,483 - database_manager - INFO - Verarbeite Datei 230/2945: debates2020-07-14b.xml
2025-09-20 19:55:38,483 - database_manager - INFO - Parse debates XML-Datei: debates2020-07-14b.xml
2025-09-20 19:55:38,485 - database_manager - INFO - Debates XML erfolgreich geparst: 0 Debatten, 0 Reden, 0 Wörter
2025-09-20 19:55:38,485 - database_manager - INFO - Verarbeite Datei 231/2945: debates2014-05-06a.xml
2025-09-20 19:55:38,485 - database_manager - INFO - Parse debates XML-Datei: debates2014-05-06a.xml
2025-09-20 19:55:38,486 - database_manager - INFO - Debates XML erfolgreich geparst: 0 Debatten, 0 Reden, 0 Wörter
2025-09-20 19:55:38,486 - database_manager - INFO - Verarbeite Datei 232/2945: debates2017-01-11c.xml
2025-09-20 19:55:38,486 - database_manager - INFO - Parse debates XML-Datei: debates2017-01-11c.xml
2025-09-20 19:55:38,505 - database_manager - INFO - Debates XML erfolgreich geparst: 13 Debatten, 501 Reden, 67118 Wörter
2025-09-20 19:55:38,505 - database_manager - INFO - Verarbeite Datei 233/2945: debates2021-11-22a.xml
2025-09-20 19:55:38,505 - database_manager - INFO - Parse debates XML-Datei: debates2021-11-22a.xml
2025-09-20 19:55:38,507 - database_manager - INFO - Debates XML erfolgreich geparst: 0 Debatten, 0 Reden, 0 Wörter
2025-09-20 19:55:38,508 - database_manager - INFO - Verarbeite Datei 234/2945: debates2017-07-18a.xml
2025-09-20 19:55:38,508 - database_manager - INFO - Parse debates XML-Datei: debates2017-07-18a.xml
2025-09-20 19:55:38,508 - database_manager - INFO - Debates XML erfolgreich geparst: 0 Debatten, 0 Reden, 0 Wörter
2025-09-20 19:55:38,508 - database_manager - INFO - Verarbeite Datei 235/2945: debates2017-09-06a.xml
2025-09-20 19:55:38,508 - database_manager - INFO - Parse debates XML-Datei: debates2017-09-06a.xml
2025-09-20 19:55:38,509 - database_manager - INFO - Debates XML erfolgreich geparst: 0 Debatten, 0 Reden, 0 Wörter
2025-09-20 19:55:38,509 - database_manager - INFO - Verarbeite Datei 236/2945: debates2015-02-11a.xml
2025-09-20 19:55:38,509 - database_manager - INFO - Parse debates XML-Datei: debates2015-02-11a.xml
2025-09-20 19:55:38,510 - database_manager - INFO - Debates XML erfolgreich geparst: 0 Debatten, 0 Reden, 0 Wörter
2025-09-20 19:55:38,510 - database_manager - INFO - Verarbeite Datei 237/2945: debates2018-03-26a.xml
2025-09-20 19:55:38,510 - database_manager - INFO - Parse debates XML-Datei: debates2018-03-26a.xml
2025-09-20 19:55:38,528 - database_manager - INFO - Debates XML erfolgreich geparst: 19 Debatten, 581 Reden, 64520 Wörter
2025-09-20 19:55:38,528 - database_manager - INFO - Verarbeite Datei 238/2945: debates2013-02-05b.xml
2025-09-20 19:55:38,529 - database_manager - INFO - Parse debates XML-Datei: debates2013-02-05b.xml
2025-09-20 19:55:38,552 - database_manager - INFO - Debates XML erfolgreich geparst: 26 Debatten, 545 Reden, 68169 Wörter
2025-09-20 19:55:38,553 - database_manager - INFO - Verarbeite Datei 239/2945: debates2016-01-22a.xml
2025-09-20 19:55:38,553 - database_manager - INFO - Parse debates XML-Datei: debates2016-01-22a.xml
2025-09-20 19:55:38,553 - database_manager - INFO - Debates XML erfolgreich geparst: 2 Debatten, 0 Reden, 0 Wörter
2025-09-20 19:55:38,554 - database_manager - INFO - Verarbeite Datei 240/2945: debates2013-07-10c.xml
2025-09-20 19:55:38,554 - database_manager - INFO - Parse debates XML-Datei: debates2013-07-10c.xml
2025-09-20 19:55:38,577 - database_manager - INFO - Debates XML erfolgreich geparst: 25 Debatten, 699 Reden, 79091 Wörter
2025-09-20 19:55:38,577 - database_manager - INFO - Verarbeite Datei 241/2945: debates2013-11-19a.xml
2025-09-20 19:55:38,577 - database_manager - INFO - Parse debates XML-Datei: debates2013-11-19a.xml
2025-09-20 19:55:38,579 - database_manager - INFO - Debates XML erfolgreich geparst: 0 Debatten, 0 Reden, 0 Wörter
2025-09-20 19:55:38,579 - database_manager - INFO - Verarbeite Datei 242/2945: debates2014-06-16a.xml
2025-09-20 19:55:38,579 - database_manager - INFO - Parse debates XML-Datei: debates2014-06-16a.xml
2025-09-20 19:55:38,593 - database_manager - INFO - Debates XML erfolgreich geparst: 34 Debatten, 400 Reden, 53923 Wörter
2025-09-20 19:55:38,593 - database_manager - INFO - Verarbeite Datei 243/2945: debates2016-11-22a.xml
2025-09-20 19:55:38,593 - database_manager - INFO - Parse debates XML-Datei: debates2016-11-22a.xml
2025-09-20 19:55:38,594 - database_manager - INFO - Debates XML erfolgreich geparst: 0 Debatten, 0 Reden, 0 Wörter
2025-09-20 19:55:38,595 - database_manager - INFO - Verarbeite Datei 244/2945: debates2017-02-21a.xml
2025-09-20 19:55:38,595 - database_manager - INFO - Parse debates XML-Datei: debates2017-02-21a.xml
2025-09-20 19:55:38,595 - database_manager - INFO - Debates XML erfolgreich geparst: 0 Debatten, 0 Reden, 0 Wörter
2025-09-20 19:55:38,595 - database_manager - INFO - Verarbeite Datei 245/2945: debates2015-01-21c.xml
2025-09-20 19:55:38,595 - database_manager - INFO - Parse debates XML-Datei: debates2015-01-21c.xml
2025-09-20 19:55:38,614 - database_manager - INFO - Debates XML erfolgreich geparst: 20 Debatten, 483 Reden, 66757 Wörter
2025-09-20 19:55:38,614 - database_manager - INFO - Verarbeite Datei 246/2945: debates2021-07-07b.xml
2025-09-20 19:55:38,615 - database_manager - INFO - Parse debates XML-Datei: debates2021-07-07b.xml
2025-09-20 19:55:38,631 - database_manager - INFO - Debates XML erfolgreich geparst: 15 Debatten, 354 Reden, 63878 Wörter
2025-09-20 19:55:38,632 - database_manager - INFO - Verarbeite Datei 247/2945: debates2012-11-06b.xml
2025-09-20 19:55:38,632 - database_manager - INFO - Parse debates XML-Datei: debates2012-11-06b.xml
2025-09-20 19:55:38,715 - database_manager - INFO - Debates XML erfolgreich geparst: 27 Debatten, 507 Reden, 60374 Wörter
2025-09-20 19:55:38,715 - database_manager - INFO - Verarbeite Datei 248/2945: debates2015-06-09b.xml
2025-09-20 19:55:38,715 - database_manager - INFO - Parse debates XML-Datei: debates2015-06-09b.xml
2025-09-20 19:55:38,717 - database_manager - INFO - Debates XML erfolgreich geparst: 0 Debatten, 0 Reden, 0 Wörter
2025-09-20 19:55:38,717 - database_manager - INFO - Verarbeite Datei 249/2945: debates2017-12-21a.xml
2025-09-20 19:55:38,717 - database_manager - INFO - Parse debates XML-Datei: debates2017-12-21a.xml
2025-09-20 19:55:38,735 - database_manager - INFO - Debates XML erfolgreich geparst: 20 Debatten, 497 Reden, 64638 Wörter
2025-09-20 19:55:38,735 - database_manager - INFO - Verarbeite Datei 250/2945: debates2019-12-18a.xml
2025-09-20 19:55:38,735 - database_manager - INFO - Parse debates XML-Datei: debates2019-12-18a.xml
2025-09-20 19:55:38,736 - database_manager - INFO - Debates XML erfolgreich geparst: 0 Debatten, 0 Reden, 0 Wörter
2025-09-20 19:55:38,736 - database_manager - INFO - Verarbeite Datei 251/2945: debates2016-07-07b.xml
2025-09-20 19:55:38,736 - database_manager - INFO - Parse debates XML-Datei: debates2016-07-07b.xml
2025-09-20 19:55:38,751 - database_manager - INFO - Debates XML erfolgreich geparst: 22 Debatten, 390 Reden, 64158 Wörter
2025-09-20 19:55:38,751 - database_manager - INFO - Verarbeite Datei 252/2945: debates2020-04-28c.xml
2025-09-20 19:55:38,751 - database_manager - INFO - Parse debates XML-Datei: debates2020-04-28c.xml
2025-09-20 19:55:38,763 - database_manager - INFO - Debates XML erfolgreich geparst: 15 Debatten, 260 Reden, 49204 Wörter
2025-09-20 19:55:38,764 - database_manager - INFO - Verarbeite Datei 253/2945: debates2019-02-18a.xml
2025-09-20 19:55:38,764 - database_manager - INFO - Parse debates XML-Datei: debates2019-02-18a.xml
2025-09-20 19:55:38,765 - database_manager - INFO - Debates XML erfolgreich geparst: 0 Debatten, 0 Reden, 0 Wörter
2025-09-20 19:55:38,765 - database_manager - INFO - Verarbeite Datei 254/2945: debates2021-09-15a.xml
2025-09-20 19:55:38,765 - database_manager - INFO - Parse debates XML-Datei: debates2021-09-15a.xml
2025-09-20 19:55:38,766 - database_manager - INFO - Debates XML erfolgreich geparst: 0 Debatten, 0 Reden, 0 Wörter
2025-09-20 19:55:38,766 - database_manager - INFO - Verarbeite Datei 255/2945: debates2012-07-03c.xml
2025-09-20 19:55:38,766 - database_manager - INFO - Parse debates XML-Datei: debates2012-07-03c.xml
2025-09-20 19:55:38,787 - database_manager - INFO - Debates XML erfolgreich geparst: 45 Debatten, 612 Reden, 67833 Wörter
2025-09-20 19:55:38,788 - database_manager - INFO - Verarbeite Datei 256/2945: debates2021-11-02c.xml
2025-09-20 19:55:38,788 - database_manager - INFO - Parse debates XML-Datei: debates2021-11-02c.xml
2025-09-20 19:55:38,806 - database_manager - INFO - Debates XML erfolgreich geparst: 22 Debatten, 394 Reden, 73774 Wörter
2025-09-20 19:55:38,807 - database_manager - INFO - Verarbeite Datei 257/2945: debates2017-01-31a.xml
2025-09-20 19:55:38,807 - database_manager - INFO - Parse debates XML-Datei: debates2017-01-31a.xml
2025-09-20 19:55:38,808 - database_manager - INFO - Debates XML erfolgreich geparst: 0 Debatten, 0 Reden, 0 Wörter
2025-09-20 19:55:38,808 - database_manager - INFO - Verarbeite Datei 258/2945: debates2015-05-19b.xml
2025-09-20 19:55:38,808 - database_manager - INFO - Parse debates XML-Datei: debates2015-05-19b.xml
2025-09-20 19:55:38,808 - database_manager - INFO - Debates XML erfolgreich geparst: 0 Debatten, 0 Reden, 0 Wörter
2025-09-20 19:55:38,808 - database_manager - INFO - Verarbeite Datei 259/2945: debates2017-10-10b.xml
2025-09-20 19:55:38,808 - database_manager - INFO - Parse debates XML-Datei: debates2017-10-10b.xml
2025-09-20 19:55:38,809 - database_manager - INFO - Debates XML erfolgreich geparst: 0 Debatten, 0 Reden, 0 Wörter
2025-09-20 19:55:38,809 - database_manager - INFO - Verarbeite Datei 260/2945: debates2018-06-13b.xml
2025-09-20 19:55:38,809 - database_manager - INFO - Parse debates XML-Datei: debates2018-06-13b.xml
2025-09-20 19:55:38,810 - database_manager - INFO - Debates XML erfolgreich geparst: 0 Debatten, 0 Reden, 0 Wörter
2025-09-20 19:55:38,810 - database_manager - INFO - Verarbeite Datei 261/2945: debates2013-06-11b.xml
2025-09-20 19:55:38,810 - database_manager - INFO - Parse debates XML-Datei: debates2013-06-11b.xml
2025-09-20 19:55:38,831 - database_manager - INFO - Debates XML erfolgreich geparst: 41 Debatten, 483 Reden, 82783 Wörter
2025-09-20 19:55:38,832 - database_manager - INFO - Verarbeite Datei 262/2945: debates2014-12-02a.xml
2025-09-20 19:55:38,832 - database_manager - INFO - Parse debates XML-Datei: debates2014-12-02a.xml
2025-09-20 19:55:38,833 - database_manager - INFO - Debates XML erfolgreich geparst: 0 Debatten, 0 Reden, 0 Wörter
2025-09-20 19:55:38,833 - database_manager - INFO - Verarbeite Datei 263/2945: debates2019-10-29b.xml
2025-09-20 19:55:38,833 - database_manager - INFO - Parse debates XML-Datei: debates2019-10-29b.xml
2025-09-20 19:55:38,857 - database_manager - INFO - Debates XML erfolgreich geparst: 17 Debatten, 820 Reden, 69069 Wörter
2025-09-20 19:55:38,858 - database_manager - INFO - Verarbeite Datei 264/2945: debates2013-03-04c.xml
2025-09-20 19:55:38,858 - database_manager - INFO - Parse debates XML-Datei: debates2013-03-04c.xml
2025-09-20 19:55:38,876 - database_manager - INFO - Debates XML erfolgreich geparst: 38 Debatten, 506 Reden, 62024 Wörter
2025-09-20 19:55:38,877 - database_manager - INFO - Verarbeite Datei 265/2945: debates2019-07-01c.xml
2025-09-20 19:55:38,877 - database_manager - INFO - Parse debates XML-Datei: debates2019-07-01c.xml
2025-09-20 19:55:38,894 - database_manager - INFO - Debates XML erfolgreich geparst: 17 Debatten, 390 Reden, 64315 Wörter
2025-09-20 19:55:38,894 - database_manager - INFO - Verarbeite Datei 266/2945: debates2019-02-14b.xml
2025-09-20 19:55:38,894 - database_manager - INFO - Parse debates XML-Datei: debates2019-02-14b.xml
2025-09-20 19:55:38,916 - database_manager - INFO - Debates XML erfolgreich geparst: 18 Debatten, 745 Reden, 63246 Wörter
2025-09-20 19:55:38,916 - database_manager - INFO - Verarbeite Datei 267/2945: debates2019-01-08a.xml
2025-09-20 19:55:38,916 - database_manager - INFO - Parse debates XML-Datei: debates2019-01-08a.xml
2025-09-20 19:55:38,917 - database_manager - INFO - Debates XML erfolgreich geparst: 0 Debatten, 0 Reden, 0 Wörter
2025-09-20 19:55:38,918 - database_manager - INFO - Verarbeite Datei 268/2945: debates2016-09-15a.xml
2025-09-20 19:55:38,918 - database_manager - INFO - Parse debates XML-Datei: debates2016-09-15a.xml
2025-09-20 19:55:38,918 - database_manager - INFO - Debates XML erfolgreich geparst: 0 Debatten, 0 Reden, 0 Wörter
2025-09-20 19:55:38,918 - database_manager - INFO - Verarbeite Datei 269/2945: debates2019-06-20a.xml
2025-09-20 19:55:38,918 - database_manager - INFO - Parse debates XML-Datei: debates2019-06-20a.xml
2025-09-20 19:55:38,932 - database_manager - INFO - Debates XML erfolgreich geparst: 27 Debatten, 402 Reden, 55931 Wörter
2025-09-20 19:55:38,933 - database_manager - INFO - Verarbeite Datei 270/2945: debates2019-07-01b.xml
2025-09-20 19:55:38,933 - database_manager - INFO - Parse debates XML-Datei: debates2019-07-01b.xml
2025-09-20 19:55:38,933 - database_manager - INFO - Debates XML erfolgreich geparst: 0 Debatten, 0 Reden, 0 Wörter
2025-09-20 19:55:38,934 - database_manager - INFO - Verarbeite Datei 271/2945: debates2016-11-02b.xml
2025-09-20 19:55:38,934 - database_manager - INFO - Parse debates XML-Datei: debates2016-11-02b.xml
2025-09-20 19:55:38,952 - database_manager - INFO - Debates XML erfolgreich geparst: 10 Debatten, 478 Reden, 65481 Wörter
2025-09-20 19:55:38,952 - database_manager - INFO - Verarbeite Datei 272/2945: debates2014-07-17a.xml
2025-09-20 19:55:38,952 - database_manager - INFO - Parse debates XML-Datei: debates2014-07-17a.xml
2025-09-20 19:55:38,969 - database_manager - INFO - Debates XML erfolgreich geparst: 29 Debatten, 511 Reden, 63898 Wörter
2025-09-20 19:55:38,969 - database_manager - INFO - Verarbeite Datei 273/2945: debates2020-05-05b.xml
2025-09-20 19:55:38,969 - database_manager - INFO - Parse debates XML-Datei: debates2020-05-05b.xml
2025-09-20 19:55:38,976 - database_manager - INFO - Debates XML erfolgreich geparst: 15 Debatten, 234 Reden, 29391 Wörter
2025-09-20 19:55:38,976 - database_manager - INFO - Verarbeite Datei 274/2945: debates2013-10-18a.xml
2025-09-20 19:55:38,976 - database_manager - INFO - Parse debates XML-Datei: debates2013-10-18a.xml
2025-09-20 19:55:38,987 - database_manager - INFO - Debates XML erfolgreich geparst: 12 Debatten, 227 Reden, 39347 Wörter
2025-09-20 19:55:38,987 - database_manager - INFO - Verarbeite Datei 275/2945: debates2014-09-09a.xml
2025-09-20 19:55:38,987 - database_manager - INFO - Parse debates XML-Datei: debates2014-09-09a.xml
2025-09-20 19:55:39,066 - database_manager - INFO - Debates XML erfolgreich geparst: 0 Debatten, 0 Reden, 0 Wörter
2025-09-20 19:55:39,066 - database_manager - INFO - Verarbeite Datei 276/2945: debates2013-03-04b.xml
2025-09-20 19:55:39,066 - database_manager - INFO - Parse debates XML-Datei: debates2013-03-04b.xml
2025-09-20 19:55:39,067 - database_manager - INFO - Debates XML erfolgreich geparst: 0 Debatten, 0 Reden, 0 Wörter
2025-09-20 19:55:39,067 - database_manager - INFO - Verarbeite Datei 277/2945: debates2013-02-25a.xml
2025-09-20 19:55:39,067 - database_manager - INFO - Parse debates XML-Datei: debates2013-02-25a.xml
2025-09-20 19:55:39,068 - database_manager - INFO - Debates XML erfolgreich geparst: 0 Debatten, 0 Reden, 0 Wörter
2025-09-20 19:55:39,068 - database_manager - INFO - Verarbeite Datei 278/2945: debates2015-03-10a.xml
2025-09-20 19:55:39,068 - database_manager - INFO - Parse debates XML-Datei: debates2015-03-10a.xml
2025-09-20 19:55:39,084 - database_manager - INFO - Debates XML erfolgreich geparst: 38 Debatten, 424 Reden, 65277 Wörter
2025-09-20 19:55:39,085 - database_manager - INFO - Verarbeite Datei 279/2945: debates2018-03-06b.xml
2025-09-20 19:55:39,085 - database_manager - INFO - Parse debates XML-Datei: debates2018-03-06b.xml
2025-09-20 19:55:39,103 - database_manager - INFO - Debates XML erfolgreich geparst: 20 Debatten, 534 Reden, 65308 Wörter
2025-09-20 19:55:39,103 - database_manager - INFO - Verarbeite Datei 280/2945: debates2018-02-27a.xml
2025-09-20 19:55:39,103 - database_manager - INFO - Parse debates XML-Datei: debates2018-02-27a.xml
2025-09-20 19:55:39,104 - database_manager - INFO - Debates XML erfolgreich geparst: 0 Debatten, 0 Reden, 0 Wörter
2025-09-20 19:55:39,104 - database_manager - INFO - Verarbeite Datei 281/2945: debates2018-06-13c.xml
2025-09-20 19:55:39,104 - database_manager - INFO - Parse debates XML-Datei: debates2018-06-13c.xml
2025-09-20 19:55:39,127 - database_manager - INFO - Debates XML erfolgreich geparst: 23 Debatten, 600 Reden, 70103 Wörter
2025-09-20 19:55:39,128 - database_manager - INFO - Verarbeite Datei 282/2945: debates2017-10-10c.xml
2025-09-20 19:55:39,128 - database_manager - INFO - Parse debates XML-Datei: debates2017-10-10c.xml
2025-09-20 19:55:39,129 - database_manager - INFO - Debates XML erfolgreich geparst: 0 Debatten, 0 Reden, 0 Wörter
2025-09-20 19:55:39,129 - database_manager - INFO - Verarbeite Datei 283/2945: debates2015-05-19c.xml
2025-09-20 19:55:39,129 - database_manager - INFO - Parse debates XML-Datei: debates2015-05-19c.xml
2025-09-20 19:55:39,131 - database_manager - INFO - Debates XML erfolgreich geparst: 1 Debatten, 3 Reden, 2647 Wörter
2025-09-20 19:55:39,131 - database_manager - INFO - Verarbeite Datei 284/2945: debates2021-09-14d.xml
2025-09-20 19:55:39,131 - database_manager - INFO - Parse debates XML-Datei: debates2021-09-14d.xml
2025-09-20 19:55:39,152 - database_manager - INFO - Debates XML erfolgreich geparst: 24 Debatten, 502 Reden, 70323 Wörter
2025-09-20 19:55:39,152 - database_manager - INFO - Verarbeite Datei 285/2945: debates2017-04-24a.xml
2025-09-20 19:55:39,152 - database_manager - INFO - Parse debates XML-Datei: debates2017-04-24a.xml
2025-09-20 19:55:39,153 - database_manager - INFO - Debates XML erfolgreich geparst: 0 Debatten, 0 Reden, 0 Wörter
2025-09-20 19:55:39,153 - database_manager - INFO - Verarbeite Datei 286/2945: debates2021-11-02b.xml
2025-09-20 19:55:39,153 - database_manager - INFO - Parse debates XML-Datei: debates2021-11-02b.xml
2025-09-20 19:55:39,154 - database_manager - INFO - Debates XML erfolgreich geparst: 0 Debatten, 0 Reden, 0 Wörter
2025-09-20 19:55:39,154 - database_manager - INFO - Verarbeite Datei 287/2945: debates2012-07-03b.xml
2025-09-20 19:55:39,154 - database_manager - INFO - Parse debates XML-Datei: debates2012-07-03b.xml
2025-09-20 19:55:39,155 - database_manager - INFO - Debates XML erfolgreich geparst: 0 Debatten, 0 Reden, 0 Wörter
2025-09-20 19:55:39,155 - database_manager - INFO - Verarbeite Datei 288/2945: debates2016-12-12b.xml
2025-09-20 19:55:39,155 - database_manager - INFO - Parse debates XML-Datei: debates2016-12-12b.xml
2025-09-20 19:55:39,169 - database_manager - INFO - Debates XML erfolgreich geparst: 27 Debatten, 410 Reden, 48052 Wörter
2025-09-20 19:55:39,169 - database_manager - INFO - Verarbeite Datei 289/2945: debates2014-04-07a.xml
2025-09-20 19:55:39,169 - database_manager - INFO - Parse debates XML-Datei: debates2014-04-07a.xml
2025-09-20 19:55:39,182 - database_manager - INFO - Debates XML erfolgreich geparst: 21 Debatten, 327 Reden, 45279 Wörter
2025-09-20 19:55:39,182 - database_manager - INFO - Verarbeite Datei 290/2945: debates2013-10-14b.xml
2025-09-20 19:55:39,182 - database_manager - INFO - Parse debates XML-Datei: debates2013-10-14b.xml
2025-09-20 19:55:39,202 - database_manager - INFO - Debates XML erfolgreich geparst: 45 Debatten, 437 Reden, 72400 Wörter
2025-09-20 19:55:39,202 - database_manager - INFO - Verarbeite Datei 291/2945: debates2020-04-28b.xml
2025-09-20 19:55:39,202 - database_manager - INFO - Parse debates XML-Datei: debates2020-04-28b.xml
2025-09-20 19:55:39,203 - database_manager - INFO - Debates XML erfolgreich geparst: 0 Debatten, 0 Reden, 0 Wörter
2025-09-20 19:55:39,203 - database_manager - INFO - Verarbeite Datei 292/2945: debates2014-01-13d.xml
2025-09-20 19:55:39,203 - database_manager - INFO - Parse debates XML-Datei: debates2014-01-13d.xml
2025-09-20 19:55:39,219 - database_manager - INFO - Debates XML erfolgreich geparst: 21 Debatten, 452 Reden, 60710 Wörter
2025-09-20 19:55:39,220 - database_manager - INFO - Verarbeite Datei 293/2945: debates2014-09-05b.xml
2025-09-20 19:55:39,220 - database_manager - INFO - Parse debates XML-Datei: debates2014-09-05b.xml
2025-09-20 19:55:39,231 - database_manager - INFO - Debates XML erfolgreich geparst: 4 Debatten, 285 Reden, 32979 Wörter
2025-09-20 19:55:39,231 - database_manager - INFO - Verarbeite Datei 294/2945: debates2015-01-21b.xml
2025-09-20 19:55:39,231 - database_manager - INFO - Parse debates XML-Datei: debates2015-01-21b.xml
2025-09-20 19:55:39,232 - database_manager - INFO - Debates XML erfolgreich geparst: 0 Debatten, 0 Reden, 0 Wörter
2025-09-20 19:55:39,232 - database_manager - INFO - Verarbeite Datei 295/2945: debates2015-06-09c.xml
2025-09-20 19:55:39,232 - database_manager - INFO - Parse debates XML-Datei: debates2015-06-09c.xml
2025-09-20 19:55:39,254 - database_manager - INFO - Debates XML erfolgreich geparst: 17 Debatten, 489 Reden, 66185 Wörter
2025-09-20 19:55:39,254 - database_manager - INFO - Verarbeite Datei 296/2945: debates2012-09-11a.xml
2025-09-20 19:55:39,255 - database_manager - INFO - Parse debates XML-Datei: debates2012-09-11a.xml
2025-09-20 19:55:39,256 - database_manager - INFO - Debates XML erfolgreich geparst: 0 Debatten, 0 Reden, 0 Wörter
2025-09-20 19:55:39,256 - database_manager - INFO - Verarbeite Datei 297/2945: debates2019-01-28b.xml
2025-09-20 19:55:39,256 - database_manager - INFO - Parse debates XML-Datei: debates2019-01-28b.xml
2025-09-20 19:55:39,277 - database_manager - INFO - Debates XML erfolgreich geparst: 26 Debatten, 621 Reden, 75789 Wörter
2025-09-20 19:55:39,277 - database_manager - INFO - Verarbeite Datei 298/2945: debates2014-03-03a.xml
2025-09-20 19:55:39,277 - database_manager - INFO - Parse debates XML-Datei: debates2014-03-03a.xml
2025-09-20 19:55:39,292 - database_manager - INFO - Debates XML erfolgreich geparst: 18 Debatten, 348 Reden, 59633 Wörter
2025-09-20 19:55:39,292 - database_manager - INFO - Verarbeite Datei 299/2945: debates2013-07-10b.xml
2025-09-20 19:55:39,292 - database_manager - INFO - Parse debates XML-Datei: debates2013-07-10b.xml
2025-09-20 19:55:39,294 - database_manager - INFO - Debates XML erfolgreich geparst: 0 Debatten, 0 Reden, 0 Wörter
2025-09-20 19:55:39,294 - database_manager - INFO - Verarbeite Datei 300/2945: debates2017-10-30a.xml
2025-09-20 19:55:39,294 - database_manager - INFO - Parse debates XML-Datei: debates2017-10-30a.xml
2025-09-20 19:55:39,310 - database_manager - INFO - Debates XML erfolgreich geparst: 23 Debatten, 495 Reden, 59117 Wörter
2025-09-20 19:55:39,310 - database_manager - INFO - Verarbeite Datei 301/2945: debates2018-07-12b.xml
2025-09-20 19:55:39,310 - database_manager - INFO - Parse debates XML-Datei: debates2018-07-12b.xml
2025-09-20 19:55:39,330 - database_manager - INFO - Debates XML erfolgreich geparst: 24 Debatten, 583 Reden, 66498 Wörter
2025-09-20 19:55:39,330 - database_manager - INFO - Verarbeite Datei 302/2945: debates2017-07-19d.xml
2025-09-20 19:55:39,330 - database_manager - INFO - Parse debates XML-Datei: debates2017-07-19d.xml
2025-09-20 19:55:39,348 - database_manager - INFO - Debates XML erfolgreich geparst: 33 Debatten, 521 Reden, 66014 Wörter
2025-09-20 19:55:39,348 - database_manager - INFO - Verarbeite Datei 303/2945: debates2015-02-10d.xml
2025-09-20 19:55:39,348 - database_manager - INFO - Parse debates XML-Datei: debates2015-02-10d.xml
2025-09-20 19:55:39,453 - database_manager - INFO - Debates XML erfolgreich geparst: 37 Debatten, 529 Reden, 73502 Wörter
2025-09-20 19:55:39,453 - database_manager - INFO - Verarbeite Datei 304/2945: debates2017-01-11b.xml
2025-09-20 19:55:39,453 - database_manager - INFO - Parse debates XML-Datei: debates2017-01-11b.xml
2025-09-20 19:55:39,455 - database_manager - INFO - Debates XML erfolgreich geparst: 0 Debatten, 0 Reden, 0 Wörter
2025-09-20 19:55:39,455 - database_manager - INFO - Verarbeite Datei 305/2945: debates2020-07-14c.xml
2025-09-20 19:55:39,455 - database_manager - INFO - Parse debates XML-Datei: debates2020-07-14c.xml
2025-09-20 19:55:39,472 - database_manager - INFO - Debates XML erfolgreich geparst: 23 Debatten, 490 Reden, 58805 Wörter
2025-09-20 19:55:39,473 - database_manager - INFO - Verarbeite Datei 306/2945: debates2019-01-24a.xml
2025-09-20 19:55:39,473 - database_manager - INFO - Parse debates XML-Datei: debates2019-01-24a.xml
2025-09-20 19:55:39,473 - database_manager - INFO - Debates XML erfolgreich geparst: 0 Debatten, 0 Reden, 0 Wörter
2025-09-20 19:55:39,474 - database_manager - INFO - Verarbeite Datei 307/2945: debates2019-03-19a.xml
2025-09-20 19:55:39,474 - database_manager - INFO - Parse debates XML-Datei: debates2019-03-19a.xml
2025-09-20 19:55:39,487 - database_manager - INFO - Debates XML erfolgreich geparst: 19 Debatten, 446 Reden, 49815 Wörter
2025-09-20 19:55:39,487 - database_manager - INFO - Verarbeite Datei 308/2945: debates2013-09-02a.xml
2025-09-20 19:55:39,487 - database_manager - INFO - Parse debates XML-Datei: debates2013-09-02a.xml
2025-09-20 19:55:39,488 - database_manager - INFO - Debates XML erfolgreich geparst: 0 Debatten, 0 Reden, 0 Wörter
2025-09-20 19:55:39,488 - database_manager - INFO - Verarbeite Datei 309/2945: debates2016-06-06b.xml
2025-09-20 19:55:39,488 - database_manager - INFO - Parse debates XML-Datei: debates2016-06-06b.xml
2025-09-20 19:55:39,511 - database_manager - INFO - Debates XML erfolgreich geparst: 67 Debatten, 555 Reden, 83562 Wörter
2025-09-20 19:55:39,512 - database_manager - INFO - Verarbeite Datei 310/2945: debates2014-10-13a.xml
2025-09-20 19:55:39,512 - database_manager - INFO - Parse debates XML-Datei: debates2014-10-13a.xml
2025-09-20 19:55:39,513 - database_manager - INFO - Debates XML erfolgreich geparst: 0 Debatten, 0 Reden, 0 Wörter
2025-09-20 19:55:39,513 - database_manager - INFO - Verarbeite Datei 311/2945: debates2020-12-01b.xml
2025-09-20 19:55:39,513 - database_manager - INFO - Parse debates XML-Datei: debates2020-12-01b.xml
2025-09-20 19:55:39,514 - database_manager - INFO - Debates XML erfolgreich geparst: 0 Debatten, 0 Reden, 0 Wörter
2025-09-20 19:55:39,514 - database_manager - INFO - Verarbeite Datei 312/2945: debates2013-05-21a.xml
2025-09-20 19:55:39,514 - database_manager - INFO - Parse debates XML-Datei: debates2013-05-21a.xml
2025-09-20 19:55:39,536 - database_manager - INFO - Debates XML erfolgreich geparst: 39 Debatten, 688 Reden, 80187 Wörter
2025-09-20 19:55:39,537 - database_manager - INFO - Verarbeite Datei 313/2945: debates2018-05-23a.xml
2025-09-20 19:55:39,537 - database_manager - INFO - Parse debates XML-Datei: debates2018-05-23a.xml
2025-09-20 19:55:39,538 - database_manager - INFO - Debates XML erfolgreich geparst: 0 Debatten, 0 Reden, 0 Wörter
2025-09-20 19:55:39,538 - database_manager - INFO - Verarbeite Datei 314/2945: debates2015-06-29a.xml
2025-09-20 19:55:39,538 - database_manager - INFO - Parse debates XML-Datei: debates2015-06-29a.xml
2025-09-20 19:55:39,539 - database_manager - INFO - Debates XML erfolgreich geparst: 0 Debatten, 0 Reden, 0 Wörter
2025-09-20 19:55:39,539 - database_manager - INFO - Verarbeite Datei 315/2945: debates2012-11-26a.xml
2025-09-20 19:55:39,539 - database_manager - INFO - Parse debates XML-Datei: debates2012-11-26a.xml
2025-09-20 19:55:39,540 - database_manager - INFO - Debates XML erfolgreich geparst: 0 Debatten, 0 Reden, 0 Wörter
2025-09-20 19:55:39,540 - database_manager - INFO - Verarbeite Datei 316/2945: debates2017-02-01b.xml
2025-09-20 19:55:39,540 - database_manager - INFO - Parse debates XML-Datei: debates2017-02-01b.xml
2025-09-20 19:55:39,558 - database_manager - INFO - Debates XML erfolgreich geparst: 13 Debatten, 419 Reden, 67397 Wörter
2025-09-20 19:55:39,558 - database_manager - INFO - Verarbeite Datei 317/2945: debates2015-09-16b.xml
2025-09-20 19:55:39,558 - database_manager - INFO - Parse debates XML-Datei: debates2015-09-16b.xml
2025-09-20 19:55:39,574 - database_manager - INFO - Debates XML erfolgreich geparst: 26 Debatten, 371 Reden, 62248 Wörter
2025-09-20 19:55:39,575 - database_manager - INFO - Verarbeite Datei 318/2945: debates2017-03-20a.xml
2025-09-20 19:55:39,575 - database_manager - INFO - Parse debates XML-Datei: debates2017-03-20a.xml
2025-09-20 19:55:39,591 - database_manager - INFO - Debates XML erfolgreich geparst: 17 Debatten, 471 Reden, 61885 Wörter
2025-09-20 19:55:39,592 - database_manager - INFO - Verarbeite Datei 319/2945: debates2012-01-26a.xml
2025-09-20 19:55:39,592 - database_manager - INFO - Parse debates XML-Datei: debates2012-01-26a.xml
2025-09-20 19:55:39,609 - database_manager - INFO - Debates XML erfolgreich geparst: 17 Debatten, 513 Reden, 62959 Wörter
2025-09-20 19:55:39,610 - database_manager - INFO - Verarbeite Datei 320/2945: debates2013-06-27a.xml
2025-09-20 19:55:39,610 - database_manager - INFO - Parse debates XML-Datei: debates2013-06-27a.xml
2025-09-20 19:55:39,629 - database_manager - INFO - Debates XML erfolgreich geparst: 20 Debatten, 550 Reden, 65406 Wörter
2025-09-20 19:55:39,630 - database_manager - INFO - Verarbeite Datei 321/2945: debates2016-04-21a.xml
2025-09-20 19:55:39,630 - database_manager - INFO - Parse debates XML-Datei: debates2016-04-21a.xml
2025-09-20 19:55:39,630 - database_manager - INFO - Debates XML erfolgreich geparst: 0 Debatten, 0 Reden, 0 Wörter
2025-09-20 19:55:39,631 - database_manager - INFO - Verarbeite Datei 322/2945: debates2014-11-28a.xml
2025-09-20 19:55:39,631 - database_manager - INFO - Parse debates XML-Datei: debates2014-11-28a.xml
2025-09-20 19:55:39,640 - database_manager - INFO - Debates XML erfolgreich geparst: 4 Debatten, 248 Reden, 38646 Wörter
2025-09-20 19:55:39,641 - database_manager - INFO - Verarbeite Datei 323/2945: debates2020-01-07b.xml
2025-09-20 19:55:39,641 - database_manager - INFO - Parse debates XML-Datei: debates2020-01-07b.xml
2025-09-20 19:55:39,657 - database_manager - INFO - Debates XML erfolgreich geparst: 23 Debatten, 463 Reden, 58633 Wörter
2025-09-20 19:55:39,658 - database_manager - INFO - Verarbeite Datei 324/2945: debates2014-01-28a.xml
2025-09-20 19:55:39,658 - database_manager - INFO - Parse debates XML-Datei: debates2014-01-28a.xml
2025-09-20 19:55:39,670 - database_manager - INFO - Debates XML erfolgreich geparst: 23 Debatten, 304 Reden, 46178 Wörter
2025-09-20 19:55:39,670 - database_manager - INFO - Verarbeite Datei 325/2945: debates2021-09-23b.xml
2025-09-20 19:55:39,670 - database_manager - INFO - Parse debates XML-Datei: debates2021-09-23b.xml
2025-09-20 19:55:39,690 - database_manager - INFO - Debates XML erfolgreich geparst: 13 Debatten, 492 Reden, 65435 Wörter
2025-09-20 19:55:39,691 - database_manager - INFO - Verarbeite Datei 326/2945: debates2012-02-20a.xml
2025-09-20 19:55:39,691 - database_manager - INFO - Parse debates XML-Datei: debates2012-02-20a.xml
2025-09-20 19:55:39,708 - database_manager - INFO - Debates XML erfolgreich geparst: 18 Debatten, 527 Reden, 61764 Wörter
2025-09-20 19:55:39,709 - database_manager - INFO - Verarbeite Datei 327/2945: debates2021-04-21a.xml
2025-09-20 19:55:39,709 - database_manager - INFO - Parse debates XML-Datei: debates2021-04-21a.xml
2025-09-20 19:55:39,710 - database_manager - INFO - Debates XML erfolgreich geparst: 0 Debatten, 0 Reden, 0 Wörter
2025-09-20 19:55:39,710 - database_manager - INFO - Verarbeite Datei 328/2945: debates2012-12-20a.xml
2025-09-20 19:55:39,710 - database_manager - INFO - Parse debates XML-Datei: debates2012-12-20a.xml
2025-09-20 19:55:39,725 - database_manager - INFO - Debates XML erfolgreich geparst: 27 Debatten, 354 Reden, 59653 Wörter
2025-09-20 19:55:39,725 - database_manager - INFO - Verarbeite Datei 329/2945: debates2018-04-18a.xml
2025-09-20 19:55:39,725 - database_manager - INFO - Parse debates XML-Datei: debates2018-04-18a.xml
2025-09-20 19:55:39,727 - database_manager - INFO - Debates XML erfolgreich geparst: 0 Debatten, 0 Reden, 0 Wörter
2025-09-20 19:55:39,727 - database_manager - INFO - Verarbeite Datei 330/2945: debates2018-06-25a.xml
2025-09-20 19:55:39,727 - database_manager - INFO - Parse debates XML-Datei: debates2018-06-25a.xml
2025-09-20 19:55:39,728 - database_manager - INFO - Debates XML erfolgreich geparst: 0 Debatten, 0 Reden, 0 Wörter
2025-09-20 19:55:39,728 - database_manager - INFO - Verarbeite Datei 331/2945: debates2017-10-26a.xml
2025-09-20 19:55:39,728 - database_manager - INFO - Parse debates XML-Datei: debates2017-10-26a.xml
2025-09-20 19:55:39,729 - database_manager - INFO - Debates XML erfolgreich geparst: 0 Debatten, 0 Reden, 0 Wörter
2025-09-20 19:55:39,729 - database_manager - INFO - Verarbeite Datei 332/2945: debates2017-11-07b.xml
2025-09-20 19:55:39,729 - database_manager - INFO - Parse debates XML-Datei: debates2017-11-07b.xml
2025-09-20 19:55:39,730 - database_manager - INFO - Debates XML erfolgreich geparst: 0 Debatten, 0 Reden, 0 Wörter
2025-09-20 19:55:39,730 - database_manager - INFO - Verarbeite Datei 333/2945: debates2013-04-16b.xml
2025-09-20 19:55:39,730 - database_manager - INFO - Parse debates XML-Datei: debates2013-04-16b.xml
2025-09-20 19:55:39,751 - database_manager - INFO - Debates XML erfolgreich geparst: 37 Debatten, 596 Reden, 65642 Wörter
2025-09-20 19:55:39,752 - database_manager - INFO - Verarbeite Datei 334/2945: debates2019-09-25c.xml
2025-09-20 19:55:39,752 - database_manager - INFO - Parse debates XML-Datei: debates2019-09-25c.xml
2025-09-20 19:55:39,849 - database_manager - INFO - Debates XML erfolgreich geparst: 0 Debatten, 0 Reden, 0 Wörter
2025-09-20 19:55:39,850 - database_manager - INFO - Verarbeite Datei 335/2945: debates2020-12-17b.xml
2025-09-20 19:55:39,850 - database_manager - INFO - Parse debates XML-Datei: debates2020-12-17b.xml
2025-09-20 19:55:39,869 - database_manager - INFO - Debates XML erfolgreich geparst: 15 Debatten, 438 Reden, 66103 Wörter
2025-09-20 19:55:39,869 - database_manager - INFO - Verarbeite Datei 336/2945: debates2014-11-24b.xml
2025-09-20 19:55:39,869 - database_manager - INFO - Parse debates XML-Datei: debates2014-11-24b.xml
2025-09-20 19:55:39,881 - database_manager - INFO - Debates XML erfolgreich geparst: 25 Debatten, 358 Reden, 39905 Wörter
2025-09-20 19:55:39,882 - database_manager - INFO - Verarbeite Datei 337/2945: debates2016-10-18d.xml
2025-09-20 19:55:39,882 - database_manager - INFO - Parse debates XML-Datei: debates2016-10-18d.xml
2025-09-20 19:55:39,899 - database_manager - INFO - Debates XML erfolgreich geparst: 15 Debatten, 511 Reden, 60871 Wörter
2025-09-20 19:55:39,899 - database_manager - INFO - Verarbeite Datei 338/2945: debates2020-07-02c.xml
2025-09-20 19:55:39,899 - database_manager - INFO - Parse debates XML-Datei: debates2020-07-02c.xml
2025-09-20 19:55:39,917 - database_manager - INFO - Debates XML erfolgreich geparst: 35 Debatten, 406 Reden, 72371 Wörter
2025-09-20 19:55:39,917 - database_manager - INFO - Verarbeite Datei 339/2945: debates2021-02-25d.xml
2025-09-20 19:55:39,917 - database_manager - INFO - Parse debates XML-Datei: debates2021-02-25d.xml
2025-09-20 19:55:39,934 - database_manager - INFO - Debates XML erfolgreich geparst: 14 Debatten, 408 Reden, 64259 Wörter
2025-09-20 19:55:39,935 - database_manager - INFO - Verarbeite Datei 340/2945: debates2012-01-30a.xml
2025-09-20 19:55:39,935 - database_manager - INFO - Parse debates XML-Datei: debates2012-01-30a.xml
2025-09-20 19:55:39,949 - database_manager - INFO - Debates XML erfolgreich geparst: 20 Debatten, 363 Reden, 57914 Wörter
2025-09-20 19:55:39,950 - database_manager - INFO - Verarbeite Datei 341/2945: debates2012-11-30a.xml
2025-09-20 19:55:39,950 - database_manager - INFO - Parse debates XML-Datei: debates2012-11-30a.xml
2025-09-20 19:55:39,958 - database_manager - INFO - Debates XML erfolgreich geparst: 14 Debatten, 174 Reden, 33793 Wörter
2025-09-20 19:55:39,959 - database_manager - INFO - Verarbeite Datei 342/2945: debates2021-06-10b.xml
2025-09-20 19:55:39,959 - database_manager - INFO - Parse debates XML-Datei: debates2021-06-10b.xml
2025-09-20 19:55:39,960 - database_manager - INFO - Debates XML erfolgreich geparst: 0 Debatten, 0 Reden, 0 Wörter
2025-09-20 19:55:39,960 - database_manager - INFO - Verarbeite Datei 343/2945: debates2021-10-18d.xml
2025-09-20 19:55:39,960 - database_manager - INFO - Parse debates XML-Datei: debates2021-10-18d.xml
2025-09-20 19:55:39,965 - database_manager - INFO - Debates XML erfolgreich geparst: 11 Debatten, 139 Reden, 25387 Wörter
2025-09-20 19:55:39,965 - database_manager - INFO - Verarbeite Datei 344/2945: debates2013-03-12b.xml
2025-09-20 19:55:39,965 - database_manager - INFO - Parse debates XML-Datei: debates2013-03-12b.xml
2025-09-20 19:55:40,019 - database_manager - INFO - Debates XML erfolgreich geparst: 31 Debatten, 576 Reden, 64085 Wörter
2025-09-20 19:55:40,019 - database_manager - INFO - Verarbeite Datei 345/2945: debates2020-09-30b.xml
2025-09-20 19:55:40,019 - database_manager - INFO - Parse debates XML-Datei: debates2020-09-30b.xml
2025-09-20 19:55:40,021 - database_manager - INFO - Debates XML erfolgreich geparst: 0 Debatten, 0 Reden, 0 Wörter
2025-09-20 19:55:40,021 - database_manager - INFO - Verarbeite Datei 346/2945: debates2019-09-09b.xml
2025-09-20 19:55:40,021 - database_manager - INFO - Parse debates XML-Datei: debates2019-09-09b.xml
2025-09-20 19:55:40,022 - database_manager - INFO - Debates XML erfolgreich geparst: 0 Debatten, 0 Reden, 0 Wörter
2025-09-20 19:55:40,022 - database_manager - INFO - Verarbeite Datei 347/2945: debates2016-02-08a.xml
2025-09-20 19:55:40,022 - database_manager - INFO - Parse debates XML-Datei: debates2016-02-08a.xml
2025-09-20 19:55:40,023 - database_manager - INFO - Debates XML erfolgreich geparst: 0 Debatten, 0 Reden, 0 Wörter
2025-09-20 19:55:40,023 - database_manager - INFO - Verarbeite Datei 348/2945: debates2016-01-14b.xml
2025-09-20 19:55:40,023 - database_manager - INFO - Parse debates XML-Datei: debates2016-01-14b.xml
2025-09-20 19:55:40,024 - database_manager - INFO - Debates XML erfolgreich geparst: 1 Debatten, 0 Reden, 0 Wörter
2025-09-20 19:55:40,024 - database_manager - INFO - Verarbeite Datei 349/2945: debates2020-05-13b.xml
2025-09-20 19:55:40,024 - database_manager - INFO - Parse debates XML-Datei: debates2020-05-13b.xml
2025-09-20 19:55:40,045 - database_manager - INFO - Debates XML erfolgreich geparst: 21 Debatten, 287 Reden, 55577 Wörter
2025-09-20 19:55:40,046 - database_manager - INFO - Verarbeite Datei 350/2945: debates2020-11-26d.xml
2025-09-20 19:55:40,046 - database_manager - INFO - Parse debates XML-Datei: debates2020-11-26d.xml
2025-09-20 19:55:40,064 - database_manager - INFO - Debates XML erfolgreich geparst: 25 Debatten, 442 Reden, 67558 Wörter
2025-09-20 19:55:40,064 - database_manager - INFO - Verarbeite Datei 351/2945: debates2014-01-08c.xml
2025-09-20 19:55:40,064 - database_manager - INFO - Parse debates XML-Datei: debates2014-01-08c.xml
2025-09-20 19:55:40,084 - database_manager - INFO - Debates XML erfolgreich geparst: 14 Debatten, 545 Reden, 62251 Wörter
2025-09-20 19:55:40,084 - database_manager - INFO - Verarbeite Datei 352/2945: debates2016-11-14b.xml
2025-09-20 19:55:40,084 - database_manager - INFO - Parse debates XML-Datei: debates2016-11-14b.xml
2025-09-20 19:55:40,085 - database_manager - INFO - Debates XML erfolgreich geparst: 0 Debatten, 0 Reden, 0 Wörter
2025-09-20 19:55:40,085 - database_manager - INFO - Verarbeite Datei 353/2945: debates2014-07-01a.xml
2025-09-20 19:55:40,085 - database_manager - INFO - Parse debates XML-Datei: debates2014-07-01a.xml
2025-09-20 19:55:40,086 - database_manager - INFO - Debates XML erfolgreich geparst: 0 Debatten, 0 Reden, 0 Wörter
2025-09-20 19:55:40,086 - database_manager - INFO - Verarbeite Datei 354/2945: debates2016-12-08a.xml
2025-09-20 19:55:40,086 - database_manager - INFO - Parse debates XML-Datei: debates2016-12-08a.xml
2025-09-20 19:55:40,087 - database_manager - INFO - Debates XML erfolgreich geparst: 0 Debatten, 0 Reden, 0 Wörter
2025-09-20 19:55:40,087 - database_manager - INFO - Verarbeite Datei 355/2945: debates2021-12-08a.xml
2025-09-20 19:55:40,087 - database_manager - INFO - Parse debates XML-Datei: debates2021-12-08a.xml
2025-09-20 19:55:40,089 - database_manager - INFO - Debates XML erfolgreich geparst: 0 Debatten, 0 Reden, 0 Wörter
2025-09-20 19:55:40,089 - database_manager - INFO - Verarbeite Datei 356/2945: debates2021-02-08a.xml
2025-09-20 19:55:40,089 - database_manager - INFO - Parse debates XML-Datei: debates2021-02-08a.xml
2025-09-20 19:55:40,089 - database_manager - INFO - Debates XML erfolgreich geparst: 0 Debatten, 0 Reden, 0 Wörter
2025-09-20 19:55:40,089 - database_manager - INFO - Verarbeite Datei 357/2945: debates2021-01-14b.xml
2025-09-20 19:55:40,089 - database_manager - INFO - Parse debates XML-Datei: debates2021-01-14b.xml
2025-09-20 19:55:40,107 - database_manager - INFO - Debates XML erfolgreich geparst: 17 Debatten, 433 Reden, 62212 Wörter
2025-09-20 19:55:40,107 - database_manager - INFO - Verarbeite Datei 358/2945: debates2015-03-06a.xml
2025-09-20 19:55:40,108 - database_manager - INFO - Parse debates XML-Datei: debates2015-03-06a.xml
2025-09-20 19:55:40,108 - database_manager - INFO - Debates XML erfolgreich geparst: 0 Debatten, 0 Reden, 0 Wörter
2025-09-20 19:55:40,108 - database_manager - INFO - Verarbeite Datei 359/2945: debates2013-01-23a.xml
2025-09-20 19:55:40,108 - database_manager - INFO - Parse debates XML-Datei: debates2013-01-23a.xml
2025-09-20 19:55:40,126 - database_manager - INFO - Debates XML erfolgreich geparst: 14 Debatten, 520 Reden, 65380 Wörter
2025-09-20 19:55:40,127 - database_manager - INFO - Verarbeite Datei 360/2945: debates2016-07-11c.xml
2025-09-20 19:55:40,127 - database_manager - INFO - Parse debates XML-Datei: debates2016-07-11c.xml
2025-09-20 19:55:40,128 - database_manager - INFO - Debates XML erfolgreich geparst: 0 Debatten, 0 Reden, 0 Wörter
2025-09-20 19:55:40,128 - database_manager - INFO - Verarbeite Datei 361/2945: debates2016-01-18a.xml
2025-09-20 19:55:40,128 - database_manager - INFO - Parse debates XML-Datei: debates2016-01-18a.xml
2025-09-20 19:55:40,129 - database_manager - INFO - Debates XML erfolgreich geparst: 3 Debatten, 0 Reden, 0 Wörter
2025-09-20 19:55:40,129 - database_manager - INFO - Verarbeite Datei 362/2945: debates2019-09-05a.xml
2025-09-20 19:55:40,129 - database_manager - INFO - Parse debates XML-Datei: debates2019-09-05a.xml
2025-09-20 19:55:40,130 - database_manager - INFO - Debates XML erfolgreich geparst: 0 Debatten, 0 Reden, 0 Wörter
2025-09-20 19:55:40,130 - database_manager - INFO - Verarbeite Datei 363/2945: debates2020-07-22a.xml
2025-09-20 19:55:40,130 - database_manager - INFO - Parse debates XML-Datei: debates2020-07-22a.xml
2025-09-20 19:55:40,131 - database_manager - INFO - Debates XML erfolgreich geparst: 0 Debatten, 0 Reden, 0 Wörter
2025-09-20 19:55:40,131 - database_manager - INFO - Verarbeite Datei 364/2945: debates2016-11-18a.xml
2025-09-20 19:55:40,131 - database_manager - INFO - Parse debates XML-Datei: debates2016-11-18a.xml
2025-09-20 19:55:40,134 - database_manager - INFO - Debates XML erfolgreich geparst: 1 Debatten, 3 Reden, 2833 Wörter
2025-09-20 19:55:40,134 - database_manager - INFO - Verarbeite Datei 365/2945: debates2021-11-18a.xml
2025-09-20 19:55:40,134 - database_manager - INFO - Parse debates XML-Datei: debates2021-11-18a.xml
2025-09-20 19:55:40,135 - database_manager - INFO - Debates XML erfolgreich geparst: 0 Debatten, 0 Reden, 0 Wörter
2025-09-20 19:55:40,135 - database_manager - INFO - Verarbeite Datei 366/2945: debates2012-05-24a.xml
2025-09-20 19:55:40,135 - database_manager - INFO - Parse debates XML-Datei: debates2012-05-24a.xml
2025-09-20 19:55:40,143 - database_manager - INFO - Debates XML erfolgreich geparst: 1 Debatten, 45 Reden, 25716 Wörter
2025-09-20 19:55:40,143 - database_manager - INFO - Verarbeite Datei 367/2945: debates2018-11-21a.xml
2025-09-20 19:55:40,143 - database_manager - INFO - Parse debates XML-Datei: debates2018-11-21a.xml
2025-09-20 19:55:40,144 - database_manager - INFO - Debates XML erfolgreich geparst: 0 Debatten, 0 Reden, 0 Wörter
2025-09-20 19:55:40,144 - database_manager - INFO - Verarbeite Datei 368/2945: debates2015-10-16a.xml
2025-09-20 19:55:40,144 - database_manager - INFO - Parse debates XML-Datei: debates2015-10-16a.xml
2025-09-20 19:55:40,154 - database_manager - INFO - Debates XML erfolgreich geparst: 4 Debatten, 176 Reden, 40623 Wörter
2025-09-20 19:55:40,155 - database_manager - INFO - Verarbeite Datei 369/2945: debates2021-02-04b.xml
2025-09-20 19:55:40,155 - database_manager - INFO - Parse debates XML-Datei: debates2021-02-04b.xml
2025-09-20 19:55:40,175 - database_manager - INFO - Debates XML erfolgreich geparst: 16 Debatten, 394 Reden, 60483 Wörter
2025-09-20 19:55:40,175 - database_manager - INFO - Verarbeite Datei 370/2945: debates2021-01-18a.xml
2025-09-20 19:55:40,175 - database_manager - INFO - Parse debates XML-Datei: debates2021-01-18a.xml
2025-09-20 19:55:40,176 - database_manager - INFO - Debates XML erfolgreich geparst: 0 Debatten, 0 Reden, 0 Wörter
2025-09-20 19:55:40,176 - database_manager - INFO - Verarbeite Datei 371/2945: debates2021-03-25a.xml
2025-09-20 19:55:40,176 - database_manager - INFO - Parse debates XML-Datei: debates2021-03-25a.xml
2025-09-20 19:55:40,200 - database_manager - INFO - Debates XML erfolgreich geparst: 14 Debatten, 471 Reden, 63990 Wörter
2025-09-20 19:55:40,201 - database_manager - INFO - Verarbeite Datei 372/2945: debates2012-09-07a.xml
2025-09-20 19:55:40,201 - database_manager - INFO - Parse debates XML-Datei: debates2012-09-07a.xml
2025-09-20 19:55:40,211 - database_manager - INFO - Debates XML erfolgreich geparst: 2 Debatten, 182 Reden, 37433 Wörter
2025-09-20 19:55:40,211 - database_manager - INFO - Verarbeite Datei 373/2945: debates2018-05-15c.xml
2025-09-20 19:55:40,211 - database_manager - INFO - Parse debates XML-Datei: debates2018-05-15c.xml
2025-09-20 19:55:40,234 - database_manager - INFO - Debates XML erfolgreich geparst: 21 Debatten, 607 Reden, 66229 Wörter
2025-09-20 19:55:40,234 - database_manager - INFO - Verarbeite Datei 374/2945: debates2013-01-22a.xml
2025-09-20 19:55:40,234 - database_manager - INFO - Parse debates XML-Datei: debates2013-01-22a.xml
2025-09-20 19:55:40,236 - database_manager - INFO - Debates XML erfolgreich geparst: 0 Debatten, 0 Reden, 0 Wörter
2025-09-20 19:55:40,236 - database_manager - INFO - Verarbeite Datei 375/2945: debates2016-03-24a.xml
2025-09-20 19:55:40,236 - database_manager - INFO - Parse debates XML-Datei: debates2016-03-24a.xml
2025-09-20 19:55:40,254 - database_manager - INFO - Debates XML erfolgreich geparst: 18 Debatten, 411 Reden, 64373 Wörter
2025-09-20 19:55:40,254 - database_manager - INFO - Verarbeite Datei 376/2945: debates2016-01-19a.xml
2025-09-20 19:55:40,254 - database_manager - INFO - Parse debates XML-Datei: debates2016-01-19a.xml
2025-09-20 19:55:40,255 - database_manager - INFO - Debates XML erfolgreich geparst: 0 Debatten, 0 Reden, 0 Wörter
2025-09-20 19:55:40,255 - database_manager - INFO - Verarbeite Datei 377/2945: debates2019-09-04a.xml
2025-09-20 19:55:40,255 - database_manager - INFO - Parse debates XML-Datei: debates2019-09-04a.xml
2025-09-20 19:55:40,257 - database_manager - INFO - Debates XML erfolgreich geparst: 0 Debatten, 0 Reden, 0 Wörter
2025-09-20 19:55:40,257 - database_manager - INFO - Verarbeite Datei 378/2945: debates2013-11-22a.xml
2025-09-20 19:55:40,257 - database_manager - INFO - Parse debates XML-Datei: debates2013-11-22a.xml
2025-09-20 19:55:40,257 - database_manager - INFO - Debates XML erfolgreich geparst: 0 Debatten, 0 Reden, 0 Wörter
2025-09-20 19:55:40,257 - database_manager - INFO - Verarbeite Datei 379/2945: debates2020-06-02b.xml
2025-09-20 19:55:40,257 - database_manager - INFO - Parse debates XML-Datei: debates2020-06-02b.xml
2025-09-20 19:55:40,258 - database_manager - INFO - Debates XML erfolgreich geparst: 0 Debatten, 0 Reden, 0 Wörter
2025-09-20 19:55:40,259 - database_manager - INFO - Verarbeite Datei 380/2945: debates2020-03-17c.xml
2025-09-20 19:55:40,259 - database_manager - INFO - Parse debates XML-Datei: debates2020-03-17c.xml
2025-09-20 19:55:40,290 - database_manager - INFO - Debates XML erfolgreich geparst: 18 Debatten, 725 Reden, 97428 Wörter
2025-09-20 19:55:40,290 - database_manager - INFO - Verarbeite Datei 381/2945: debates2014-04-10a.xml
2025-09-20 19:55:40,290 - database_manager - INFO - Parse debates XML-Datei: debates2014-04-10a.xml
2025-09-20 19:55:40,305 - database_manager - INFO - Debates XML erfolgreich geparst: 19 Debatten, 346 Reden, 55889 Wörter
2025-09-20 19:55:40,305 - database_manager - INFO - Verarbeite Datei 382/2945: debates2016-12-05b.xml
2025-09-20 19:55:40,305 - database_manager - INFO - Parse debates XML-Datei: debates2016-12-05b.xml
2025-09-20 19:55:40,306 - database_manager - INFO - Debates XML erfolgreich geparst: 0 Debatten, 0 Reden, 0 Wörter
2025-09-20 19:55:40,306 - database_manager - INFO - Verarbeite Datei 383/2945: debates2021-11-19a.xml
2025-09-20 19:55:40,306 - database_manager - INFO - Parse debates XML-Datei: debates2021-11-19a.xml
2025-09-20 19:55:40,307 - database_manager - INFO - Debates XML erfolgreich geparst: 0 Debatten, 0 Reden, 0 Wörter
2025-09-20 19:55:40,307 - database_manager - INFO - Verarbeite Datei 384/2945: debates2018-11-20a.xml
2025-09-20 19:55:40,307 - database_manager - INFO - Parse debates XML-Datei: debates2018-11-20a.xml
2025-09-20 19:55:40,327 - database_manager - INFO - Debates XML erfolgreich geparst: 31 Debatten, 580 Reden, 66944 Wörter
2025-09-20 19:55:40,327 - database_manager - INFO - Verarbeite Datei 385/2945: debates2021-01-18e.xml
2025-09-20 19:55:40,327 - database_manager - INFO - Parse debates XML-Datei: debates2021-01-18e.xml
2025-09-20 19:55:40,350 - database_manager - INFO - Debates XML erfolgreich geparst: 13 Debatten, 321 Reden, 65411 Wörter
2025-09-20 19:55:40,350 - database_manager - INFO - Verarbeite Datei 386/2945: debates2012-09-06a.xml
2025-09-20 19:55:40,350 - database_manager - INFO - Parse debates XML-Datei: debates2012-09-06a.xml
2025-09-20 19:55:40,472 - database_manager - INFO - Debates XML erfolgreich geparst: 21 Debatten, 513 Reden, 60713 Wörter
2025-09-20 19:55:40,473 - database_manager - INFO - Verarbeite Datei 387/2945: debates2018-05-14c.xml
2025-09-20 19:55:40,473 - database_manager - INFO - Parse debates XML-Datei: debates2018-05-14c.xml
2025-09-20 19:55:40,486 - database_manager - INFO - Debates XML erfolgreich geparst: 21 Debatten, 424 Reden, 52946 Wörter
2025-09-20 19:55:40,486 - database_manager - INFO - Verarbeite Datei 388/2945: debates2021-03-24a.xml
2025-09-20 19:55:40,486 - database_manager - INFO - Parse debates XML-Datei: debates2021-03-24a.xml
2025-09-20 19:55:40,501 - database_manager - INFO - Debates XML erfolgreich geparst: 13 Debatten, 341 Reden, 64577 Wörter
2025-09-20 19:55:40,502 - database_manager - INFO - Verarbeite Datei 389/2945: debates2021-01-19a.xml
2025-09-20 19:55:40,502 - database_manager - INFO - Parse debates XML-Datei: debates2021-01-19a.xml
2025-09-20 19:55:40,502 - database_manager - INFO - Debates XML erfolgreich geparst: 0 Debatten, 0 Reden, 0 Wörter
2025-09-20 19:55:40,502 - database_manager - INFO - Verarbeite Datei 390/2945: debates2021-11-18e.xml
2025-09-20 19:55:40,502 - database_manager - INFO - Parse debates XML-Datei: debates2021-11-18e.xml
2025-09-20 19:55:40,515 - database_manager - INFO - Debates XML erfolgreich geparst: 21 Debatten, 388 Reden, 46470 Wörter
2025-09-20 19:55:40,516 - database_manager - INFO - Verarbeite Datei 391/2945: debates2013-03-13b.xml
2025-09-20 19:55:40,516 - database_manager - INFO - Parse debates XML-Datei: debates2013-03-13b.xml
2025-09-20 19:55:40,535 - database_manager - INFO - Debates XML erfolgreich geparst: 39 Debatten, 388 Reden, 63344 Wörter
2025-09-20 19:55:40,536 - database_manager - INFO - Verarbeite Datei 392/2945: debates2016-02-09a.xml
2025-09-20 19:55:40,536 - database_manager - INFO - Parse debates XML-Datei: debates2016-02-09a.xml
2025-09-20 19:55:40,537 - database_manager - INFO - Debates XML erfolgreich geparst: 0 Debatten, 0 Reden, 0 Wörter
2025-09-20 19:55:40,537 - database_manager - INFO - Verarbeite Datei 393/2945: debates2020-05-12b.xml
2025-09-20 19:55:40,537 - database_manager - INFO - Parse debates XML-Datei: debates2020-05-12b.xml
2025-09-20 19:55:40,537 - database_manager - INFO - Debates XML erfolgreich geparst: 0 Debatten, 0 Reden, 0 Wörter
2025-09-20 19:55:40,538 - database_manager - INFO - Verarbeite Datei 394/2945: debates2016-11-15b.xml
2025-09-20 19:55:40,538 - database_manager - INFO - Parse debates XML-Datei: debates2016-11-15b.xml
2025-09-20 19:55:40,552 - database_manager - INFO - Debates XML erfolgreich geparst: 25 Debatten, 436 Reden, 48091 Wörter
2025-09-20 19:55:40,552 - database_manager - INFO - Verarbeite Datei 395/2945: debates2021-11-15b.xml
2025-09-20 19:55:40,552 - database_manager - INFO - Parse debates XML-Datei: debates2021-11-15b.xml
2025-09-20 19:55:40,554 - database_manager - INFO - Debates XML erfolgreich geparst: 0 Debatten, 0 Reden, 0 Wörter
2025-09-20 19:55:40,554 - database_manager - INFO - Verarbeite Datei 396/2945: debates2021-12-09a.xml
2025-09-20 19:55:40,554 - database_manager - INFO - Parse debates XML-Datei: debates2021-12-09a.xml
2025-09-20 19:55:40,555 - database_manager - INFO - Debates XML erfolgreich geparst: 0 Debatten, 0 Reden, 0 Wörter
2025-09-20 19:55:40,555 - database_manager - INFO - Verarbeite Datei 397/2945: debates2021-02-09a.xml
2025-09-20 19:55:40,555 - database_manager - INFO - Parse debates XML-Datei: debates2021-02-09a.xml
2025-09-20 19:55:40,556 - database_manager - INFO - Debates XML erfolgreich geparst: 0 Debatten, 0 Reden, 0 Wörter
2025-09-20 19:55:40,556 - database_manager - INFO - Verarbeite Datei 398/2945: debates2015-02-26b.xml
2025-09-20 19:55:40,556 - database_manager - INFO - Parse debates XML-Datei: debates2015-02-26b.xml
2025-09-20 19:55:40,571 - database_manager - INFO - Debates XML erfolgreich geparst: 25 Debatten, 476 Reden, 61794 Wörter
2025-09-20 19:55:40,572 - database_manager - INFO - Verarbeite Datei 399/2945: debates2020-12-16b.xml
2025-09-20 19:55:40,572 - database_manager - INFO - Parse debates XML-Datei: debates2020-12-16b.xml
2025-09-20 19:55:40,585 - database_manager - INFO - Debates XML erfolgreich geparst: 15 Debatten, 379 Reden, 50967 Wörter
2025-09-20 19:55:40,585 - database_manager - INFO - Verarbeite Datei 400/2945: debates2017-07-03c.xml
2025-09-20 19:55:40,585 - database_manager - INFO - Parse debates XML-Datei: debates2017-07-03c.xml
2025-09-20 19:55:40,586 - database_manager - INFO - Debates XML erfolgreich geparst: 0 Debatten, 0 Reden, 0 Wörter
2025-09-20 19:55:40,586 - database_manager - INFO - Verarbeite Datei 401/2945: debates2012-01-31a.xml
2025-09-20 19:55:40,586 - database_manager - INFO - Parse debates XML-Datei: debates2012-01-31a.xml
2025-09-20 19:55:40,587 - database_manager - INFO - Debates XML erfolgreich geparst: 0 Debatten, 0 Reden, 0 Wörter
2025-09-20 19:55:40,587 - database_manager - INFO - Verarbeite Datei 402/2945: debates2018-06-28b.xml
2025-09-20 19:55:40,587 - database_manager - INFO - Parse debates XML-Datei: debates2018-06-28b.xml
2025-09-20 19:55:40,588 - database_manager - INFO - Debates XML erfolgreich geparst: 0 Debatten, 0 Reden, 0 Wörter
2025-09-20 19:55:40,588 - database_manager - INFO - Verarbeite Datei 403/2945: debates2018-07-09a.xml
2025-09-20 19:55:40,588 - database_manager - INFO - Parse debates XML-Datei: debates2018-07-09a.xml
2025-09-20 19:55:40,589 - database_manager - INFO - Debates XML erfolgreich geparst: 0 Debatten, 0 Reden, 0 Wörter
2025-09-20 19:55:40,589 - database_manager - INFO - Verarbeite Datei 404/2945: debates2016-02-29c.xml
2025-09-20 19:55:40,589 - database_manager - INFO - Parse debates XML-Datei: debates2016-02-29c.xml
2025-09-20 19:55:40,608 - database_manager - INFO - Debates XML erfolgreich geparst: 15 Debatten, 576 Reden, 60911 Wörter
2025-09-20 19:55:40,609 - database_manager - INFO - Verarbeite Datei 405/2945: debates2013-06-26a.xml
2025-09-20 19:55:40,609 - database_manager - INFO - Parse debates XML-Datei: debates2013-06-26a.xml
2025-09-20 19:55:40,610 - database_manager - INFO - Debates XML erfolgreich geparst: 0 Debatten, 0 Reden, 0 Wörter
2025-09-20 19:55:40,610 - database_manager - INFO - Verarbeite Datei 406/2945: debates2016-04-20a.xml
2025-09-20 19:55:40,610 - database_manager - INFO - Parse debates XML-Datei: debates2016-04-20a.xml
2025-09-20 19:55:40,626 - database_manager - INFO - Debates XML erfolgreich geparst: 13 Debatten, 407 Reden, 59885 Wörter
2025-09-20 19:55:40,626 - database_manager - INFO - Verarbeite Datei 407/2945: debates2014-01-29a.xml
2025-09-20 19:55:40,626 - database_manager - INFO - Parse debates XML-Datei: debates2014-01-29a.xml
2025-09-20 19:55:40,644 - database_manager - INFO - Debates XML erfolgreich geparst: 16 Debatten, 492 Reden, 65929 Wörter
2025-09-20 19:55:40,645 - database_manager - INFO - Verarbeite Datei 408/2945: debates2012-02-21a.xml
2025-09-20 19:55:40,645 - database_manager - INFO - Parse debates XML-Datei: debates2012-02-21a.xml
2025-09-20 19:55:40,646 - database_manager - INFO - Debates XML erfolgreich geparst: 0 Debatten, 0 Reden, 0 Wörter
2025-09-20 19:55:40,646 - database_manager - INFO - Verarbeite Datei 409/2945: debates2021-09-22b.xml
2025-09-20 19:55:40,646 - database_manager - INFO - Parse debates XML-Datei: debates2021-09-22b.xml
2025-09-20 19:55:40,647 - database_manager - INFO - Debates XML erfolgreich geparst: 0 Debatten, 0 Reden, 0 Wörter
2025-09-20 19:55:40,647 - database_manager - INFO - Verarbeite Datei 410/2945: debates2021-04-20a.xml
2025-09-20 19:55:40,647 - database_manager - INFO - Parse debates XML-Datei: debates2021-04-20a.xml
2025-09-20 19:55:40,647 - database_manager - INFO - Debates XML erfolgreich geparst: 0 Debatten, 0 Reden, 0 Wörter
2025-09-20 19:55:40,648 - database_manager - INFO - Verarbeite Datei 411/2945: debates2018-04-19a.xml
2025-09-20 19:55:40,648 - database_manager - INFO - Parse debates XML-Datei: debates2018-04-19a.xml
2025-09-20 19:55:40,663 - database_manager - INFO - Debates XML erfolgreich geparst: 24 Debatten, 450 Reden, 65101 Wörter
2025-09-20 19:55:40,664 - database_manager - INFO - Verarbeite Datei 412/2945: debates2018-07-05b.xml
2025-09-20 19:55:40,664 - database_manager - INFO - Parse debates XML-Datei: debates2018-07-05b.xml
2025-09-20 19:55:40,665 - database_manager - INFO - Debates XML erfolgreich geparst: 0 Debatten, 0 Reden, 0 Wörter
2025-09-20 19:55:40,665 - database_manager - INFO - Verarbeite Datei 413/2945: debates2015-07-13a.xml
2025-09-20 19:55:40,665 - database_manager - INFO - Parse debates XML-Datei: debates2015-07-13a.xml
2025-09-20 19:55:40,682 - database_manager - INFO - Debates XML erfolgreich geparst: 24 Debatten, 393 Reden, 66725 Wörter
2025-09-20 19:55:40,683 - database_manager - INFO - Verarbeite Datei 414/2945: debates2019-03-18a.xml
2025-09-20 19:55:40,683 - database_manager - INFO - Parse debates XML-Datei: debates2019-03-18a.xml
2025-09-20 19:55:40,684 - database_manager - INFO - Debates XML erfolgreich geparst: 0 Debatten, 0 Reden, 0 Wörter
2025-09-20 19:55:40,684 - database_manager - INFO - Verarbeite Datei 415/2945: debates2013-09-03a.xml
2025-09-20 19:55:40,684 - database_manager - INFO - Parse debates XML-Datei: debates2013-09-03a.xml
2025-09-20 19:55:40,685 - database_manager - INFO - Debates XML erfolgreich geparst: 0 Debatten, 0 Reden, 0 Wörter
2025-09-20 19:55:40,685 - database_manager - INFO - Verarbeite Datei 416/2945: debates2013-01-14c.xml
2025-09-20 19:55:40,685 - database_manager - INFO - Parse debates XML-Datei: debates2013-01-14c.xml
2025-09-20 19:55:40,686 - database_manager - INFO - Debates XML erfolgreich geparst: 0 Debatten, 0 Reden, 0 Wörter
2025-09-20 19:55:40,686 - database_manager - INFO - Verarbeite Datei 417/2945: debates2013-05-20a.xml
2025-09-20 19:55:40,686 - database_manager - INFO - Parse debates XML-Datei: debates2013-05-20a.xml
2025-09-20 19:55:40,687 - database_manager - INFO - Debates XML erfolgreich geparst: 0 Debatten, 0 Reden, 0 Wörter
2025-09-20 19:55:40,687 - database_manager - INFO - Verarbeite Datei 418/2945: debates2018-05-22a.xml
2025-09-20 19:55:40,687 - database_manager - INFO - Parse debates XML-Datei: debates2018-05-22a.xml
2025-09-20 19:55:40,688 - database_manager - INFO - Debates XML erfolgreich geparst: 0 Debatten, 0 Reden, 0 Wörter
2025-09-20 19:55:40,688 - database_manager - INFO - Verarbeite Datei 419/2945: debates2012-11-27a.xml
2025-09-20 19:55:40,688 - database_manager - INFO - Parse debates XML-Datei: debates2012-11-27a.xml
2025-09-20 19:55:40,698 - database_manager - INFO - Debates XML erfolgreich geparst: 27 Debatten, 296 Reden, 38012 Wörter
2025-09-20 19:55:40,698 - database_manager - INFO - Verarbeite Datei 420/2945: debates2021-06-07b.xml
2025-09-20 19:55:40,698 - database_manager - INFO - Parse debates XML-Datei: debates2021-06-07b.xml
2025-09-20 19:55:40,699 - database_manager - INFO - Debates XML erfolgreich geparst: 0 Debatten, 0 Reden, 0 Wörter
2025-09-20 19:55:40,699 - database_manager - INFO - Verarbeite Datei 421/2945: debates2015-09-17b.xml
2025-09-20 19:55:40,699 - database_manager - INFO - Parse debates XML-Datei: debates2015-09-17b.xml
2025-09-20 19:55:40,716 - database_manager - INFO - Debates XML erfolgreich geparst: 20 Debatten, 397 Reden, 64381 Wörter
2025-09-20 19:55:40,716 - database_manager - INFO - Verarbeite Datei 422/2945: debates2017-03-21a.xml
2025-09-20 19:55:40,716 - database_manager - INFO - Parse debates XML-Datei: debates2017-03-21a.xml
2025-09-20 19:55:40,717 - database_manager - INFO - Debates XML erfolgreich geparst: 0 Debatten, 0 Reden, 0 Wörter
2025-09-20 19:55:40,717 - database_manager - INFO - Verarbeite Datei 423/2945: debates2019-03-14b.xml
2025-09-20 19:55:40,717 - database_manager - INFO - Parse debates XML-Datei: debates2019-03-14b.xml
2025-09-20 19:55:40,718 - database_manager - INFO - Debates XML erfolgreich geparst: 0 Debatten, 0 Reden, 0 Wörter
2025-09-20 19:55:40,718 - database_manager - INFO - Verarbeite Datei 424/2945: debates2019-01-29b.xml
2025-09-20 19:55:40,718 - database_manager - INFO - Parse debates XML-Datei: debates2019-01-29b.xml
2025-09-20 19:55:40,744 - database_manager - INFO - Debates XML erfolgreich geparst: 21 Debatten, 715 Reden, 65051 Wörter
2025-09-20 19:55:40,744 - database_manager - INFO - Verarbeite Datei 425/2945: debates2019-10-08a.xml
2025-09-20 19:55:40,744 - database_manager - INFO - Parse debates XML-Datei: debates2019-10-08a.xml
2025-09-20 19:55:40,745 - database_manager - INFO - Debates XML erfolgreich geparst: 0 Debatten, 0 Reden, 0 Wörter
2025-09-20 19:55:40,745 - database_manager - INFO - Verarbeite Datei 426/2945: debates2020-11-10b.xml
2025-09-20 19:55:40,745 - database_manager - INFO - Parse debates XML-Datei: debates2020-11-10b.xml
2025-09-20 19:55:40,747 - database_manager - INFO - Debates XML erfolgreich geparst: 0 Debatten, 0 Reden, 0 Wörter
2025-09-20 19:55:40,747 - database_manager - INFO - Verarbeite Datei 427/2945: debates2013-11-19d.xml
2025-09-20 19:55:40,747 - database_manager - INFO - Parse debates XML-Datei: debates2013-11-19d.xml
2025-09-20 19:55:40,768 - database_manager - INFO - Debates XML erfolgreich geparst: 20 Debatten, 589 Reden, 64401 Wörter
2025-09-20 19:55:40,768 - database_manager - INFO - Verarbeite Datei 428/2945: debates2017-10-31a.xml
2025-09-20 19:55:40,768 - database_manager - INFO - Parse debates XML-Datei: debates2017-10-31a.xml
2025-09-20 19:55:40,781 - database_manager - INFO - Debates XML erfolgreich geparst: 27 Debatten, 425 Reden, 44180 Wörter
2025-09-20 19:55:40,782 - database_manager - INFO - Verarbeite Datei 429/2945: debates2018-02-06c.xml
2025-09-20 19:55:40,782 - database_manager - INFO - Parse debates XML-Datei: debates2018-02-06c.xml
2025-09-20 19:55:40,799 - database_manager - INFO - Debates XML erfolgreich geparst: 21 Debatten, 489 Reden, 64946 Wörter
2025-09-20 19:55:40,800 - database_manager - INFO - Verarbeite Datei 430/2945: debates2015-02-11d.xml
2025-09-20 19:55:40,800 - database_manager - INFO - Parse debates XML-Datei: debates2015-02-11d.xml
2025-09-20 19:55:40,820 - database_manager - INFO - Debates XML erfolgreich geparst: 24 Debatten, 549 Reden, 72068 Wörter
2025-09-20 19:55:40,821 - database_manager - INFO - Verarbeite Datei 431/2945: debates2017-01-10b.xml
2025-09-20 19:55:40,821 - database_manager - INFO - Parse debates XML-Datei: debates2017-01-10b.xml
2025-09-20 19:55:40,822 - database_manager - INFO - Debates XML erfolgreich geparst: 0 Debatten, 0 Reden, 0 Wörter
2025-09-20 19:55:40,822 - database_manager - INFO - Verarbeite Datei 432/2945: debates2016-12-13b.xml
2025-09-20 19:55:40,822 - database_manager - INFO - Parse debates XML-Datei: debates2016-12-13b.xml
2025-09-20 19:55:40,956 - database_manager - INFO - Debates XML erfolgreich geparst: 33 Debatten, 553 Reden, 77090 Wörter
2025-09-20 19:55:40,956 - database_manager - INFO - Verarbeite Datei 433/2945: debates2019-04-10b.xml
2025-09-20 19:55:40,957 - database_manager - INFO - Parse debates XML-Datei: debates2019-04-10b.xml
2025-09-20 19:55:40,974 - database_manager - INFO - Debates XML erfolgreich geparst: 13 Debatten, 512 Reden, 63037 Wörter
2025-09-20 19:55:40,975 - database_manager - INFO - Verarbeite Datei 434/2945: debates2020-04-29b.xml
2025-09-20 19:55:40,975 - database_manager - INFO - Parse debates XML-Datei: debates2020-04-29b.xml
2025-09-20 19:55:40,987 - database_manager - INFO - Debates XML erfolgreich geparst: 11 Debatten, 240 Reden, 48517 Wörter
2025-09-20 19:55:40,987 - database_manager - INFO - Verarbeite Datei 435/2945: debates2013-10-15b.xml
2025-09-20 19:55:40,987 - database_manager - INFO - Parse debates XML-Datei: debates2013-10-15b.xml
2025-09-20 19:55:41,003 - database_manager - INFO - Debates XML erfolgreich geparst: 38 Debatten, 360 Reden, 60869 Wörter
2025-09-20 19:55:41,004 - database_manager - INFO - Verarbeite Datei 436/2945: debates2014-09-04b.xml
2025-09-20 19:55:41,004 - database_manager - INFO - Parse debates XML-Datei: debates2014-09-04b.xml
2025-09-20 19:55:41,020 - database_manager - INFO - Debates XML erfolgreich geparst: 17 Debatten, 445 Reden, 64302 Wörter
2025-09-20 19:55:41,020 - database_manager - INFO - Verarbeite Datei 437/2945: debates2013-02-28b.xml
2025-09-20 19:55:41,020 - database_manager - INFO - Parse debates XML-Datei: debates2013-02-28b.xml
2025-09-20 19:55:41,035 - database_manager - INFO - Debates XML erfolgreich geparst: 21 Debatten, 381 Reden, 55884 Wörter
2025-09-20 19:55:41,036 - database_manager - INFO - Verarbeite Datei 438/2945: debates2021-07-06c.xml
2025-09-20 19:55:41,036 - database_manager - INFO - Parse debates XML-Datei: debates2021-07-06c.xml
2025-09-20 19:55:41,052 - database_manager - INFO - Debates XML erfolgreich geparst: 27 Debatten, 466 Reden, 60125 Wörter
2025-09-20 19:55:41,053 - database_manager - INFO - Verarbeite Datei 439/2945: debates2015-01-20b.xml
2025-09-20 19:55:41,053 - database_manager - INFO - Parse debates XML-Datei: debates2015-01-20b.xml
2025-09-20 19:55:41,071 - database_manager - INFO - Debates XML erfolgreich geparst: 21 Debatten, 476 Reden, 61023 Wörter
2025-09-20 19:55:41,071 - database_manager - INFO - Verarbeite Datei 440/2945: debates2012-09-10a.xml
2025-09-20 19:55:41,071 - database_manager - INFO - Parse debates XML-Datei: debates2012-09-10a.xml
2025-09-20 19:55:41,073 - database_manager - INFO - Debates XML erfolgreich geparst: 0 Debatten, 0 Reden, 0 Wörter
2025-09-20 19:55:41,073 - database_manager - INFO - Verarbeite Datei 441/2945: debates2018-10-17b.xml
2025-09-20 19:55:41,073 - database_manager - INFO - Parse debates XML-Datei: debates2018-10-17b.xml
2025-09-20 19:55:41,093 - database_manager - INFO - Debates XML erfolgreich geparst: 9 Debatten, 532 Reden, 66755 Wörter
2025-09-20 19:55:41,093 - database_manager - INFO - Verarbeite Datei 442/2945: debates2021-12-13b.xml
2025-09-20 19:55:41,093 - database_manager - INFO - Parse debates XML-Datei: debates2021-12-13b.xml
2025-09-20 19:55:41,095 - database_manager - INFO - Debates XML erfolgreich geparst: 0 Debatten, 0 Reden, 0 Wörter
2025-09-20 19:55:41,095 - database_manager - INFO - Verarbeite Datei 443/2945: debates2014-07-16a.xml
2025-09-20 19:55:41,095 - database_manager - INFO - Parse debates XML-Datei: debates2014-07-16a.xml
2025-09-20 19:55:41,096 - database_manager - INFO - Debates XML erfolgreich geparst: 0 Debatten, 0 Reden, 0 Wörter
2025-09-20 19:55:41,096 - database_manager - INFO - Verarbeite Datei 444/2945: debates2020-06-18a.xml
2025-09-20 19:55:41,096 - database_manager - INFO - Parse debates XML-Datei: debates2020-06-18a.xml
2025-09-20 19:55:41,096 - database_manager - INFO - Debates XML erfolgreich geparst: 0 Debatten, 0 Reden, 0 Wörter
2025-09-20 19:55:41,096 - database_manager - INFO - Verarbeite Datei 445/2945: debates2014-09-08a.xml
2025-09-20 19:55:41,096 - database_manager - INFO - Parse debates XML-Datei: debates2014-09-08a.xml
2025-09-20 19:55:41,109 - database_manager - INFO - Debates XML erfolgreich geparst: 30 Debatten, 381 Reden, 51117 Wörter
2025-09-20 19:55:41,110 - database_manager - INFO - Verarbeite Datei 446/2945: debates2013-03-05b.xml
2025-09-20 19:55:41,110 - database_manager - INFO - Parse debates XML-Datei: debates2013-03-05b.xml
2025-09-20 19:55:41,125 - database_manager - INFO - Debates XML erfolgreich geparst: 21 Debatten, 442 Reden, 64451 Wörter
2025-09-20 19:55:41,126 - database_manager - INFO - Verarbeite Datei 447/2945: debates2015-03-11a.xml
2025-09-20 19:55:41,126 - database_manager - INFO - Parse debates XML-Datei: debates2015-03-11a.xml
2025-09-20 19:55:41,127 - database_manager - INFO - Debates XML erfolgreich geparst: 0 Debatten, 0 Reden, 0 Wörter
2025-09-20 19:55:41,127 - database_manager - INFO - Verarbeite Datei 448/2945: debates2018-03-07b.xml
2025-09-20 19:55:41,127 - database_manager - INFO - Parse debates XML-Datei: debates2018-03-07b.xml
2025-09-20 19:55:41,128 - database_manager - INFO - Debates XML erfolgreich geparst: 0 Debatten, 0 Reden, 0 Wörter
2025-09-20 19:55:41,128 - database_manager - INFO - Verarbeite Datei 449/2945: debates2018-02-26a.xml
2025-09-20 19:55:41,128 - database_manager - INFO - Parse debates XML-Datei: debates2018-02-26a.xml
2025-09-20 19:55:41,128 - database_manager - INFO - Debates XML erfolgreich geparst: 0 Debatten, 0 Reden, 0 Wörter
2025-09-20 19:55:41,128 - database_manager - INFO - Verarbeite Datei 450/2945: debates2017-10-11c.xml
2025-09-20 19:55:41,128 - database_manager - INFO - Parse debates XML-Datei: debates2017-10-11c.xml
2025-09-20 19:55:41,129 - database_manager - INFO - Debates XML erfolgreich geparst: 0 Debatten, 0 Reden, 0 Wörter
2025-09-20 19:55:41,129 - database_manager - INFO - Verarbeite Datei 451/2945: debates2017-04-25a.xml
2025-09-20 19:55:41,129 - database_manager - INFO - Parse debates XML-Datei: debates2017-04-25a.xml
2025-09-20 19:55:41,130 - database_manager - INFO - Debates XML erfolgreich geparst: 0 Debatten, 0 Reden, 0 Wörter
2025-09-20 19:55:41,130 - database_manager - INFO - Verarbeite Datei 452/2945: debates2012-07-02b.xml
2025-09-20 19:55:41,130 - database_manager - INFO - Parse debates XML-Datei: debates2012-07-02b.xml
2025-09-20 19:55:41,131 - database_manager - INFO - Debates XML erfolgreich geparst: 0 Debatten, 0 Reden, 0 Wörter
2025-09-20 19:55:41,131 - database_manager - INFO - Verarbeite Datei 453/2945: debates2021-10-22a.xml
2025-09-20 19:55:41,131 - database_manager - INFO - Parse debates XML-Datei: debates2021-10-22a.xml
2025-09-20 19:55:41,132 - database_manager - INFO - Debates XML erfolgreich geparst: 0 Debatten, 0 Reden, 0 Wörter
2025-09-20 19:55:41,132 - database_manager - INFO - Verarbeite Datei 454/2945: debates2021-11-03b.xml
2025-09-20 19:55:41,132 - database_manager - INFO - Parse debates XML-Datei: debates2021-11-03b.xml
2025-09-20 19:55:41,133 - database_manager - INFO - Debates XML erfolgreich geparst: 0 Debatten, 0 Reden, 0 Wörter
2025-09-20 19:55:41,134 - database_manager - INFO - Verarbeite Datei 455/2945: debates2021-09-14a.xml
2025-09-20 19:55:41,134 - database_manager - INFO - Parse debates XML-Datei: debates2021-09-14a.xml
2025-09-20 19:55:41,136 - database_manager - INFO - Debates XML erfolgreich geparst: 0 Debatten, 0 Reden, 0 Wörter
2025-09-20 19:55:41,136 - database_manager - INFO - Verarbeite Datei 456/2945: debates2021-11-03c.xml
2025-09-20 19:55:41,136 - database_manager - INFO - Parse debates XML-Datei: debates2021-11-03c.xml
2025-09-20 19:55:41,157 - database_manager - INFO - Debates XML erfolgreich geparst: 11 Debatten, 492 Reden, 56583 Wörter
2025-09-20 19:55:41,157 - database_manager - INFO - Verarbeite Datei 457/2945: debates2012-07-02c.xml
2025-09-20 19:55:41,157 - database_manager - INFO - Parse debates XML-Datei: debates2012-07-02c.xml
2025-09-20 19:55:41,180 - database_manager - INFO - Debates XML erfolgreich geparst: 28 Debatten, 762 Reden, 74669 Wörter
2025-09-20 19:55:41,180 - database_manager - INFO - Verarbeite Datei 458/2945: debates2017-01-30a.xml
2025-09-20 19:55:41,180 - database_manager - INFO - Parse debates XML-Datei: debates2017-01-30a.xml
2025-09-20 19:55:41,181 - database_manager - INFO - Debates XML erfolgreich geparst: 0 Debatten, 0 Reden, 0 Wörter
2025-09-20 19:55:41,181 - database_manager - INFO - Verarbeite Datei 459/2945: debates2018-03-07c.xml
2025-09-20 19:55:41,181 - database_manager - INFO - Parse debates XML-Datei: debates2018-03-07c.xml
2025-09-20 19:55:41,199 - database_manager - INFO - Debates XML erfolgreich geparst: 19 Debatten, 546 Reden, 66334 Wörter
2025-09-20 19:55:41,200 - database_manager - INFO - Verarbeite Datei 460/2945: debates2017-11-30a.xml
2025-09-20 19:55:41,200 - database_manager - INFO - Parse debates XML-Datei: debates2017-11-30a.xml
2025-09-20 19:55:41,217 - database_manager - INFO - Debates XML erfolgreich geparst: 20 Debatten, 510 Reden, 65350 Wörter
2025-09-20 19:55:41,217 - database_manager - INFO - Verarbeite Datei 461/2945: debates2015-06-04a.xml
2025-09-20 19:55:41,217 - database_manager - INFO - Parse debates XML-Datei: debates2015-06-04a.xml
2025-09-20 19:55:41,218 - database_manager - INFO - Debates XML erfolgreich geparst: 0 Debatten, 0 Reden, 0 Wörter
2025-09-20 19:55:41,218 - database_manager - INFO - Verarbeite Datei 462/2945: debates2017-10-11b.xml
2025-09-20 19:55:41,218 - database_manager - INFO - Parse debates XML-Datei: debates2017-10-11b.xml
2025-09-20 19:55:41,221 - database_manager - INFO - Debates XML erfolgreich geparst: 0 Debatten, 0 Reden, 0 Wörter
2025-09-20 19:55:41,221 - database_manager - INFO - Verarbeite Datei 463/2945: debates2018-06-12b.xml
2025-09-20 19:55:41,221 - database_manager - INFO - Parse debates XML-Datei: debates2018-06-12b.xml
2025-09-20 19:55:41,243 - database_manager - INFO - Debates XML erfolgreich geparst: 30 Debatten, 624 Reden, 52008 Wörter
2025-09-20 19:55:41,244 - database_manager - INFO - Verarbeite Datei 464/2945: debates2020-11-30a.xml
2025-09-20 19:55:41,244 - database_manager - INFO - Parse debates XML-Datei: debates2020-11-30a.xml
2025-09-20 19:55:41,245 - database_manager - INFO - Debates XML erfolgreich geparst: 0 Debatten, 0 Reden, 0 Wörter
2025-09-20 19:55:41,245 - database_manager - INFO - Verarbeite Datei 465/2945: debates2014-12-03a.xml
2025-09-20 19:55:41,245 - database_manager - INFO - Parse debates XML-Datei: debates2014-12-03a.xml
2025-09-20 19:55:41,246 - database_manager - INFO - Debates XML erfolgreich geparst: 0 Debatten, 0 Reden, 0 Wörter
2025-09-20 19:55:41,246 - database_manager - INFO - Verarbeite Datei 466/2945: debates2019-10-28b.xml
2025-09-20 19:55:41,246 - database_manager - INFO - Parse debates XML-Datei: debates2019-10-28b.xml
2025-09-20 19:55:41,274 - database_manager - INFO - Debates XML erfolgreich geparst: 15 Debatten, 679 Reden, 80511 Wörter
2025-09-20 19:55:41,275 - database_manager - INFO - Verarbeite Datei 467/2945: debates2020-01-30a.xml
2025-09-20 19:55:41,275 - database_manager - INFO - Parse debates XML-Datei: debates2020-01-30a.xml
2025-09-20 19:55:41,276 - database_manager - INFO - Debates XML erfolgreich geparst: 0 Debatten, 0 Reden, 0 Wörter
2025-09-20 19:55:41,276 - database_manager - INFO - Verarbeite Datei 468/2945: debates2019-01-09a.xml
2025-09-20 19:55:41,276 - database_manager - INFO - Parse debates XML-Datei: debates2019-01-09a.xml
2025-09-20 19:55:41,298 - database_manager - INFO - Debates XML erfolgreich geparst: 15 Debatten, 568 Reden, 84532 Wörter
2025-09-20 19:55:41,298 - database_manager - INFO - Verarbeite Datei 469/2945: debates2014-02-03a.xml
2025-09-20 19:55:41,298 - database_manager - INFO - Parse debates XML-Datei: debates2014-02-03a.xml
2025-09-20 19:55:41,299 - database_manager - INFO - Debates XML erfolgreich geparst: 0 Debatten, 0 Reden, 0 Wörter
2025-09-20 19:55:41,299 - database_manager - INFO - Verarbeite Datei 470/2945: debates2016-09-14a.xml
2025-09-20 19:55:41,299 - database_manager - INFO - Parse debates XML-Datei: debates2016-09-14a.xml
2025-09-20 19:55:41,300 - database_manager - INFO - Debates XML erfolgreich geparst: 0 Debatten, 0 Reden, 0 Wörter
2025-09-20 19:55:41,300 - database_manager - INFO - Verarbeite Datei 471/2945: debates2017-02-20a.xml
2025-09-20 19:55:41,300 - database_manager - INFO - Parse debates XML-Datei: debates2017-02-20a.xml
2025-09-20 19:55:41,300 - database_manager - INFO - Debates XML erfolgreich geparst: 0 Debatten, 0 Reden, 0 Wörter
2025-09-20 19:55:41,300 - database_manager - INFO - Verarbeite Datei 472/2945: debates2017-03-01b.xml
2025-09-20 19:55:41,300 - database_manager - INFO - Parse debates XML-Datei: debates2017-03-01b.xml
2025-09-20 19:55:41,315 - database_manager - INFO - Debates XML erfolgreich geparst: 18 Debatten, 396 Reden, 59806 Wörter
2025-09-20 19:55:41,316 - database_manager - INFO - Verarbeite Datei 473/2945: debates2021-12-13c.xml
2025-09-20 19:55:41,316 - database_manager - INFO - Parse debates XML-Datei: debates2021-12-13c.xml
2025-09-20 19:55:41,317 - database_manager - INFO - Debates XML erfolgreich geparst: 0 Debatten, 0 Reden, 0 Wörter
2025-09-20 19:55:41,317 - database_manager - INFO - Verarbeite Datei 474/2945: debates2012-10-26a.xml
2025-09-20 19:55:41,317 - database_manager - INFO - Parse debates XML-Datei: debates2012-10-26a.xml
2025-09-20 19:55:41,328 - database_manager - INFO - Debates XML erfolgreich geparst: 4 Debatten, 177 Reden, 42694 Wörter
2025-09-20 19:55:41,328 - database_manager - INFO - Verarbeite Datei 475/2945: debates2021-07-06b.xml
2025-09-20 19:55:41,328 - database_manager - INFO - Parse debates XML-Datei: debates2021-07-06b.xml
2025-09-20 19:55:41,329 - database_manager - INFO - Debates XML erfolgreich geparst: 0 Debatten, 0 Reden, 0 Wörter
2025-09-20 19:55:41,329 - database_manager - INFO - Verarbeite Datei 476/2945: debates2018-04-23a.xml
2025-09-20 19:55:41,329 - database_manager - INFO - Parse debates XML-Datei: debates2018-04-23a.xml
2025-09-20 19:55:41,330 - database_manager - INFO - Debates XML erfolgreich geparst: 0 Debatten, 0 Reden, 0 Wörter
2025-09-20 19:55:41,330 - database_manager - INFO - Verarbeite Datei 477/2945: debates2017-12-20a.xml
2025-09-20 19:55:41,330 - database_manager - INFO - Parse debates XML-Datei: debates2017-12-20a.xml
2025-09-20 19:55:41,331 - database_manager - INFO - Debates XML erfolgreich geparst: 0 Debatten, 0 Reden, 0 Wörter
2025-09-20 19:55:41,331 - database_manager - INFO - Verarbeite Datei 478/2945: debates2015-06-08b.xml
2025-09-20 19:55:41,331 - database_manager - INFO - Parse debates XML-Datei: debates2015-06-08b.xml
2025-09-20 19:55:41,349 - database_manager - INFO - Debates XML erfolgreich geparst: 17 Debatten, 482 Reden, 63873 Wörter
2025-09-20 19:55:41,350 - database_manager - INFO - Verarbeite Datei 479/2945: debates2019-11-05b.xml
2025-09-20 19:55:41,350 - database_manager - INFO - Parse debates XML-Datei: debates2019-11-05b.xml
2025-09-20 19:55:41,364 - database_manager - INFO - Debates XML erfolgreich geparst: 8 Debatten, 331 Reden, 60464 Wörter
2025-09-20 19:55:41,364 - database_manager - INFO - Verarbeite Datei 480/2945: debates2019-12-19a.xml
2025-09-20 19:55:41,364 - database_manager - INFO - Parse debates XML-Datei: debates2019-12-19a.xml
2025-09-20 19:55:41,365 - database_manager - INFO - Debates XML erfolgreich geparst: 0 Debatten, 0 Reden, 0 Wörter
2025-09-20 19:55:41,365 - database_manager - INFO - Verarbeite Datei 481/2945: debates2019-10-24a.xml
2025-09-20 19:55:41,365 - database_manager - INFO - Parse debates XML-Datei: debates2019-10-24a.xml
2025-09-20 19:55:41,367 - database_manager - INFO - Debates XML erfolgreich geparst: 0 Debatten, 0 Reden, 0 Wörter
2025-09-20 19:55:41,367 - database_manager - INFO - Verarbeite Datei 482/2945: debates2016-07-06b.xml
2025-09-20 19:55:41,367 - database_manager - INFO - Parse debates XML-Datei: debates2016-07-06b.xml
2025-09-20 19:55:41,386 - database_manager - INFO - Debates XML erfolgreich geparst: 13 Debatten, 542 Reden, 74280 Wörter
2025-09-20 19:55:41,387 - database_manager - INFO - Verarbeite Datei 483/2945: debates2016-06-27a.xml
2025-09-20 19:55:41,387 - database_manager - INFO - Parse debates XML-Datei: debates2016-06-27a.xml
2025-09-20 19:55:41,388 - database_manager - INFO - Debates XML erfolgreich geparst: 0 Debatten, 0 Reden, 0 Wörter
2025-09-20 19:55:41,388 - database_manager - INFO - Verarbeite Datei 484/2945: debates2014-01-13a.xml
2025-09-20 19:55:41,388 - database_manager - INFO - Parse debates XML-Datei: debates2014-01-13a.xml
2025-09-20 19:55:41,389 - database_manager - INFO - Debates XML erfolgreich geparst: 0 Debatten, 0 Reden, 0 Wörter
2025-09-20 19:55:41,389 - database_manager - INFO - Verarbeite Datei 485/2945: debates2019-02-19a.xml
2025-09-20 19:55:41,389 - database_manager - INFO - Parse debates XML-Datei: debates2019-02-19a.xml
2025-09-20 19:55:41,533 - database_manager - INFO - Debates XML erfolgreich geparst: 17 Debatten, 534 Reden, 64389 Wörter
2025-09-20 19:55:41,533 - database_manager - INFO - Verarbeite Datei 486/2945: debates2017-01-10c.xml
2025-09-20 19:55:41,533 - database_manager - INFO - Parse debates XML-Datei: debates2017-01-10c.xml
2025-09-20 19:55:41,552 - database_manager - INFO - Debates XML erfolgreich geparst: 24 Debatten, 474 Reden, 63660 Wörter
2025-09-20 19:55:41,553 - database_manager - INFO - Verarbeite Datei 487/2945: debates2021-11-23a.xml
2025-09-20 19:55:41,553 - database_manager - INFO - Parse debates XML-Datei: debates2021-11-23a.xml
2025-09-20 19:55:41,555 - database_manager - INFO - Debates XML erfolgreich geparst: 0 Debatten, 0 Reden, 0 Wörter
2025-09-20 19:55:41,555 - database_manager - INFO - Verarbeite Datei 488/2945: debates2015-12-10a.xml
2025-09-20 19:55:41,555 - database_manager - INFO - Parse debates XML-Datei: debates2015-12-10a.xml
2025-09-20 19:55:41,556 - database_manager - INFO - Debates XML erfolgreich geparst: 0 Debatten, 0 Reden, 0 Wörter
2025-09-20 19:55:41,556 - database_manager - INFO - Verarbeite Datei 489/2945: debates2017-07-19a.xml
2025-09-20 19:55:41,556 - database_manager - INFO - Parse debates XML-Datei: debates2017-07-19a.xml
2025-09-20 19:55:41,557 - database_manager - INFO - Debates XML erfolgreich geparst: 0 Debatten, 0 Reden, 0 Wörter
2025-09-20 19:55:41,557 - database_manager - INFO - Verarbeite Datei 490/2945: debates2017-09-07a.xml
2025-09-20 19:55:41,557 - database_manager - INFO - Parse debates XML-Datei: debates2017-09-07a.xml
2025-09-20 19:55:41,558 - database_manager - INFO - Debates XML erfolgreich geparst: 0 Debatten, 0 Reden, 0 Wörter
2025-09-20 19:55:41,558 - database_manager - INFO - Verarbeite Datei 491/2945: debates2015-02-10a.xml
2025-09-20 19:55:41,558 - database_manager - INFO - Parse debates XML-Datei: debates2015-02-10a.xml
2025-09-20 19:55:41,559 - database_manager - INFO - Debates XML erfolgreich geparst: 0 Debatten, 0 Reden, 0 Wörter
2025-09-20 19:55:41,559 - database_manager - INFO - Verarbeite Datei 492/2945: debates2018-03-27a.xml
2025-09-20 19:55:41,559 - database_manager - INFO - Parse debates XML-Datei: debates2018-03-27a.xml
2025-09-20 19:55:41,560 - database_manager - INFO - Debates XML erfolgreich geparst: 0 Debatten, 0 Reden, 0 Wörter
2025-09-20 19:55:41,560 - database_manager - INFO - Verarbeite Datei 493/2945: debates2018-02-06b.xml
2025-09-20 19:55:41,560 - database_manager - INFO - Parse debates XML-Datei: debates2018-02-06b.xml
2025-09-20 19:55:41,561 - database_manager - INFO - Debates XML erfolgreich geparst: 0 Debatten, 0 Reden, 0 Wörter
2025-09-20 19:55:41,561 - database_manager - INFO - Verarbeite Datei 494/2945: debates2013-01-18a.xml
2025-09-20 19:55:41,561 - database_manager - INFO - Parse debates XML-Datei: debates2013-01-18a.xml
2025-09-20 19:55:41,571 - database_manager - INFO - Debates XML erfolgreich geparst: 6 Debatten, 241 Reden, 39263 Wörter
2025-09-20 19:55:41,571 - database_manager - INFO - Verarbeite Datei 495/2945: debates2013-03-25a.xml
2025-09-20 19:55:41,571 - database_manager - INFO - Parse debates XML-Datei: debates2013-03-25a.xml
2025-09-20 19:55:41,595 - database_manager - INFO - Debates XML erfolgreich geparst: 35 Debatten, 561 Reden, 76467 Wörter
2025-09-20 19:55:41,596 - database_manager - INFO - Verarbeite Datei 496/2945: debates2020-09-07a.xml
2025-09-20 19:55:41,596 - database_manager - INFO - Parse debates XML-Datei: debates2020-09-07a.xml
2025-09-20 19:55:41,597 - database_manager - INFO - Debates XML erfolgreich geparst: 0 Debatten, 0 Reden, 0 Wörter
2025-09-20 19:55:41,597 - database_manager - INFO - Verarbeite Datei 497/2945: debates2020-11-10c.xml
2025-09-20 19:55:41,597 - database_manager - INFO - Parse debates XML-Datei: debates2020-11-10c.xml
2025-09-20 19:55:41,600 - database_manager - INFO - Debates XML erfolgreich geparst: 0 Debatten, 0 Reden, 0 Wörter
2025-09-20 19:55:41,600 - database_manager - INFO - Verarbeite Datei 498/2945: debates2019-03-14c.xml
2025-09-20 19:55:41,600 - database_manager - INFO - Parse debates XML-Datei: debates2019-03-14c.xml
2025-09-20 19:55:41,622 - database_manager - INFO - Debates XML erfolgreich geparst: 18 Debatten, 671 Reden, 62910 Wörter
2025-09-20 19:55:41,622 - database_manager - INFO - Verarbeite Datei 499/2945: debates2013-12-04b.xml
2025-09-20 19:55:41,622 - database_manager - INFO - Parse debates XML-Datei: debates2013-12-04b.xml
2025-09-20 19:55:41,643 - database_manager - INFO - Debates XML erfolgreich geparst: 21 Debatten, 543 Reden, 67425 Wörter
2025-09-20 19:55:41,643 - database_manager - INFO - Verarbeite Datei 500/2945: debates2013-11-18a.xml
2025-09-20 19:55:41,643 - database_manager - INFO - Parse debates XML-Datei: debates2013-11-18a.xml
2025-09-20 19:55:41,644 - database_manager - INFO - Debates XML erfolgreich geparst: 0 Debatten, 0 Reden, 0 Wörter
2025-09-20 19:55:41,645 - database_manager - INFO - Verarbeite Datei 501/2945: debates2014-06-17a.xml
2025-09-20 19:55:41,645 - database_manager - INFO - Parse debates XML-Datei: debates2014-06-17a.xml
2025-09-20 19:55:41,646 - database_manager - INFO - Debates XML erfolgreich geparst: 0 Debatten, 0 Reden, 0 Wörter
2025-09-20 19:55:41,646 - database_manager - INFO - Verarbeite Datei 502/2945: debates2016-11-23a.xml
2025-09-20 19:55:41,646 - database_manager - INFO - Parse debates XML-Datei: debates2016-11-23a.xml
2025-09-20 19:55:41,647 - database_manager - INFO - Debates XML erfolgreich geparst: 0 Debatten, 0 Reden, 0 Wörter
2025-09-20 19:55:41,647 - database_manager - INFO - Verarbeite Datei 503/2945: debates2015-10-21b.xml
2025-09-20 19:55:41,647 - database_manager - INFO - Parse debates XML-Datei: debates2015-10-21b.xml
2025-09-20 19:55:41,667 - database_manager - INFO - Debates XML erfolgreich geparst: 30 Debatten, 471 Reden, 73808 Wörter
2025-09-20 19:55:41,668 - database_manager - INFO - Verarbeite Datei 504/2945: debates2021-06-07c.xml
2025-09-20 19:55:41,668 - database_manager - INFO - Parse debates XML-Datei: debates2021-06-07c.xml
2025-09-20 19:55:41,684 - database_manager - INFO - Debates XML erfolgreich geparst: 23 Debatten, 350 Reden, 57090 Wörter
2025-09-20 19:55:41,685 - database_manager - INFO - Verarbeite Datei 505/2945: debates2018-01-16b.xml
2025-09-20 19:55:41,685 - database_manager - INFO - Parse debates XML-Datei: debates2018-01-16b.xml
2025-09-20 19:55:41,703 - database_manager - INFO - Debates XML erfolgreich geparst: 21 Debatten, 503 Reden, 62381 Wörter
2025-09-20 19:55:41,703 - database_manager - INFO - Verarbeite Datei 506/2945: debates2013-01-14b.xml
2025-09-20 19:55:41,704 - database_manager - INFO - Parse debates XML-Datei: debates2013-01-14b.xml
2025-09-20 19:55:41,704 - database_manager - INFO - Debates XML erfolgreich geparst: 0 Debatten, 0 Reden, 0 Wörter
2025-09-20 19:55:41,704 - database_manager - INFO - Verarbeite Datei 507/2945: debates2020-07-15b.xml
2025-09-20 19:55:41,705 - database_manager - INFO - Parse debates XML-Datei: debates2020-07-15b.xml
2025-09-20 19:55:41,724 - database_manager - INFO - Debates XML erfolgreich geparst: 11 Debatten, 410 Reden, 67926 Wörter
2025-09-20 19:55:41,724 - database_manager - INFO - Verarbeite Datei 508/2945: debates2014-05-07a.xml
2025-09-20 19:55:41,724 - database_manager - INFO - Parse debates XML-Datei: debates2014-05-07a.xml
2025-09-20 19:55:41,738 - database_manager - INFO - Debates XML erfolgreich geparst: 19 Debatten, 347 Reden, 50560 Wörter
2025-09-20 19:55:41,739 - database_manager - INFO - Verarbeite Datei 509/2945: debates2019-04-30a.xml
2025-09-20 19:55:41,739 - database_manager - INFO - Parse debates XML-Datei: debates2019-04-30a.xml
2025-09-20 19:55:41,750 - database_manager - INFO - Debates XML erfolgreich geparst: 16 Debatten, 298 Reden, 38906 Wörter
2025-09-20 19:55:41,750 - database_manager - INFO - Verarbeite Datei 510/2945: debates2017-09-11a.xml
2025-09-20 19:55:41,750 - database_manager - INFO - Parse debates XML-Datei: debates2017-09-11a.xml
2025-09-20 19:55:41,774 - database_manager - INFO - Debates XML erfolgreich geparst: 45 Debatten, 525 Reden, 80933 Wörter
2025-09-20 19:55:41,774 - database_manager - INFO - Verarbeite Datei 511/2945: debates2021-03-08a.xml
2025-09-20 19:55:41,774 - database_manager - INFO - Parse debates XML-Datei: debates2021-03-08a.xml
2025-09-20 19:55:41,775 - database_manager - INFO - Debates XML erfolgreich geparst: 0 Debatten, 0 Reden, 0 Wörter
2025-09-20 19:55:41,775 - database_manager - INFO - Verarbeite Datei 512/2945: debates2018-07-05c.xml
2025-09-20 19:55:41,775 - database_manager - INFO - Parse debates XML-Datei: debates2018-07-05c.xml
2025-09-20 19:55:41,776 - database_manager - INFO - Debates XML erfolgreich geparst: 0 Debatten, 0 Reden, 0 Wörter
2025-09-20 19:55:41,776 - database_manager - INFO - Verarbeite Datei 513/2945: debates2018-06-25d.xml
2025-09-20 19:55:41,776 - database_manager - INFO - Parse debates XML-Datei: debates2018-06-25d.xml
2025-09-20 19:55:41,796 - database_manager - INFO - Debates XML erfolgreich geparst: 26 Debatten, 679 Reden, 68358 Wörter
2025-09-20 19:55:41,796 - database_manager - INFO - Verarbeite Datei 514/2945: debates2021-09-22c.xml
2025-09-20 19:55:41,796 - database_manager - INFO - Parse debates XML-Datei: debates2021-09-22c.xml
2025-09-20 19:55:41,811 - database_manager - INFO - Debates XML erfolgreich geparst: 13 Debatten, 393 Reden, 57106 Wörter
2025-09-20 19:55:41,811 - database_manager - INFO - Verarbeite Datei 515/2945: debates2018-12-10b.xml
2025-09-20 19:55:41,811 - database_manager - INFO - Parse debates XML-Datei: debates2018-12-10b.xml
2025-09-20 19:55:41,839 - database_manager - INFO - Debates XML erfolgreich geparst: 18 Debatten, 752 Reden, 57065 Wörter
2025-09-20 19:55:41,839 - database_manager - INFO - Verarbeite Datei 516/2945: debates2012-05-09a.xml
2025-09-20 19:55:41,839 - database_manager - INFO - Parse debates XML-Datei: debates2012-05-09a.xml
2025-09-20 19:55:41,840 - database_manager - INFO - Debates XML erfolgreich geparst: 0 Debatten, 0 Reden, 0 Wörter
2025-09-20 19:55:41,840 - database_manager - INFO - Verarbeite Datei 517/2945: debates2016-02-29b.xml
2025-09-20 19:55:41,840 - database_manager - INFO - Parse debates XML-Datei: debates2016-02-29b.xml
2025-09-20 19:55:41,852 - database_manager - INFO - Debates XML erfolgreich geparst: 2 Debatten, 279 Reden, 43342 Wörter
2025-09-20 19:55:41,852 - database_manager - INFO - Verarbeite Datei 518/2945: debates2016-03-08a.xml
2025-09-20 19:55:41,852 - database_manager - INFO - Parse debates XML-Datei: debates2016-03-08a.xml
2025-09-20 19:55:41,866 - database_manager - INFO - Debates XML erfolgreich geparst: 7 Debatten, 259 Reden, 48205 Wörter
2025-09-20 19:55:41,867 - database_manager - INFO - Verarbeite Datei 519/2945: debates2020-09-11a.xml
2025-09-20 19:55:41,867 - database_manager - INFO - Parse debates XML-Datei: debates2020-09-11a.xml
2025-09-20 19:55:41,868 - database_manager - INFO - Debates XML erfolgreich geparst: 0 Debatten, 0 Reden, 0 Wörter
2025-09-20 19:55:41,869 - database_manager - INFO - Verarbeite Datei 520/2945: debates2015-01-16a.xml
2025-09-20 19:55:41,869 - database_manager - INFO - Parse debates XML-Datei: debates2015-01-16a.xml
2025-09-20 19:55:41,877 - database_manager - INFO - Debates XML erfolgreich geparst: 10 Debatten, 194 Reden, 36918 Wörter
2025-09-20 19:55:41,877 - database_manager - INFO - Verarbeite Datei 521/2945: debates2018-06-28c.xml
2025-09-20 19:55:41,878 - database_manager - INFO - Parse debates XML-Datei: debates2018-06-28c.xml
2025-09-20 19:55:41,880 - database_manager - INFO - Debates XML erfolgreich geparst: 1 Debatten, 11 Reden, 6882 Wörter
2025-09-20 19:55:41,881 - database_manager - INFO - Verarbeite Datei 522/2945: debates2021-02-25a.xml
2025-09-20 19:55:41,881 - database_manager - INFO - Parse debates XML-Datei: debates2021-02-25a.xml
2025-09-20 19:55:41,881 - database_manager - INFO - Debates XML erfolgreich geparst: 0 Debatten, 0 Reden, 0 Wörter
2025-09-20 19:55:41,882 - database_manager - INFO - Verarbeite Datei 523/2945: debates2021-03-04b.xml
2025-09-20 19:55:41,882 - database_manager - INFO - Parse debates XML-Datei: debates2021-03-04b.xml
2025-09-20 19:55:41,898 - database_manager - INFO - Debates XML erfolgreich geparst: 25 Debatten, 361 Reden, 66239 Wörter
2025-09-20 19:55:41,898 - database_manager - INFO - Verarbeite Datei 524/2945: debates2015-11-16a.xml
2025-09-20 19:55:41,898 - database_manager - INFO - Parse debates XML-Datei: debates2015-11-16a.xml
2025-09-20 19:55:41,918 - database_manager - INFO - Debates XML erfolgreich geparst: 15 Debatten, 632 Reden, 61991 Wörter
2025-09-20 19:55:41,918 - database_manager - INFO - Verarbeite Datei 525/2945: debates2017-07-03b.xml
2025-09-20 19:55:41,918 - database_manager - INFO - Parse debates XML-Datei: debates2017-07-03b.xml
2025-09-20 19:55:41,919 - database_manager - INFO - Debates XML erfolgreich geparst: 0 Debatten, 0 Reden, 0 Wörter
2025-09-20 19:55:41,920 - database_manager - INFO - Verarbeite Datei 526/2945: debates2017-06-22a.xml
2025-09-20 19:55:41,920 - database_manager - INFO - Parse debates XML-Datei: debates2017-06-22a.xml
2025-09-20 19:55:41,921 - database_manager - INFO - Debates XML erfolgreich geparst: 0 Debatten, 0 Reden, 0 Wörter
2025-09-20 19:55:41,921 - database_manager - INFO - Verarbeite Datei 527/2945: debates2012-04-24a.xml
2025-09-20 19:55:41,921 - database_manager - INFO - Parse debates XML-Datei: debates2012-04-24a.xml
2025-09-20 19:55:41,922 - database_manager - INFO - Debates XML erfolgreich geparst: 0 Debatten, 0 Reden, 0 Wörter
2025-09-20 19:55:41,922 - database_manager - INFO - Verarbeite Datei 528/2945: debates2012-06-19a.xml
2025-09-20 19:55:41,922 - database_manager - INFO - Parse debates XML-Datei: debates2012-06-19a.xml
2025-09-20 19:55:41,938 - database_manager - INFO - Debates XML erfolgreich geparst: 30 Debatten, 448 Reden, 57199 Wörter
2025-09-20 19:55:41,939 - database_manager - INFO - Verarbeite Datei 529/2945: debates2021-10-18a.xml
2025-09-20 19:55:41,939 - database_manager - INFO - Parse debates XML-Datei: debates2021-10-18a.xml
2025-09-20 19:55:41,939 - database_manager - INFO - Debates XML erfolgreich geparst: 0 Debatten, 0 Reden, 0 Wörter
2025-09-20 19:55:41,940 - database_manager - INFO - Verarbeite Datei 530/2945: debates2016-10-18a.xml
2025-09-20 19:55:41,940 - database_manager - INFO - Parse debates XML-Datei: debates2016-10-18a.xml
2025-09-20 19:55:41,940 - database_manager - INFO - Debates XML erfolgreich geparst: 0 Debatten, 0 Reden, 0 Wörter
2025-09-20 19:55:41,941 - database_manager - INFO - Verarbeite Datei 531/2945: debates2013-10-23a.xml
2025-09-20 19:55:41,941 - database_manager - INFO - Parse debates XML-Datei: debates2013-10-23a.xml
2025-09-20 19:55:42,093 - database_manager - INFO - Debates XML erfolgreich geparst: 14 Debatten, 413 Reden, 59423 Wörter
2025-09-20 19:55:42,093 - database_manager - INFO - Verarbeite Datei 532/2945: debates2020-06-22a.xml
2025-09-20 19:55:42,093 - database_manager - INFO - Parse debates XML-Datei: debates2020-06-22a.xml
2025-09-20 19:55:42,094 - database_manager - INFO - Debates XML erfolgreich geparst: 0 Debatten, 0 Reden, 0 Wörter
2025-09-20 19:55:42,094 - database_manager - INFO - Verarbeite Datei 533/2945: debates2016-02-25a.xml
2025-09-20 19:55:42,094 - database_manager - INFO - Parse debates XML-Datei: debates2016-02-25a.xml
2025-09-20 19:55:42,115 - database_manager - INFO - Debates XML erfolgreich geparst: 22 Debatten, 548 Reden, 66363 Wörter
2025-09-20 19:55:42,116 - database_manager - INFO - Verarbeite Datei 534/2945: debates2016-03-04b.xml
2025-09-20 19:55:42,116 - database_manager - INFO - Parse debates XML-Datei: debates2016-03-04b.xml
2025-09-20 19:55:42,126 - database_manager - INFO - Debates XML erfolgreich geparst: 2 Debatten, 239 Reden, 39617 Wörter
2025-09-20 19:55:42,126 - database_manager - INFO - Verarbeite Datei 535/2945: debates2018-06-04b.xml
2025-09-20 19:55:42,126 - database_manager - INFO - Parse debates XML-Datei: debates2018-06-04b.xml
2025-09-20 19:55:42,148 - database_manager - INFO - Debates XML erfolgreich geparst: 25 Debatten, 625 Reden, 68542 Wörter
2025-09-20 19:55:42,148 - database_manager - INFO - Verarbeite Datei 536/2945: debates2017-01-26a.xml
2025-09-20 19:55:42,148 - database_manager - INFO - Parse debates XML-Datei: debates2017-01-26a.xml
2025-09-20 19:55:42,165 - database_manager - INFO - Debates XML erfolgreich geparst: 17 Debatten, 550 Reden, 59380 Wörter
2025-09-20 19:55:42,165 - database_manager - INFO - Verarbeite Datei 537/2945: debates2021-11-15c.xml
2025-09-20 19:55:42,165 - database_manager - INFO - Parse debates XML-Datei: debates2021-11-15c.xml
2025-09-20 19:55:42,166 - database_manager - INFO - Debates XML erfolgreich geparst: 0 Debatten, 0 Reden, 0 Wörter
2025-09-20 19:55:42,166 - database_manager - INFO - Verarbeite Datei 538/2945: debates2012-03-20a.xml
2025-09-20 19:55:42,166 - database_manager - INFO - Parse debates XML-Datei: debates2012-03-20a.xml
2025-09-20 19:55:42,167 - database_manager - INFO - Debates XML erfolgreich geparst: 0 Debatten, 0 Reden, 0 Wörter
2025-09-20 19:55:42,167 - database_manager - INFO - Verarbeite Datei 539/2945: debates2014-01-09b.xml
2025-09-20 19:55:42,167 - database_manager - INFO - Parse debates XML-Datei: debates2014-01-09b.xml
2025-09-20 19:55:42,183 - database_manager - INFO - Debates XML erfolgreich geparst: 24 Debatten, 376 Reden, 62592 Wörter
2025-09-20 19:55:42,183 - database_manager - INFO - Verarbeite Datei 540/2945: debates2019-03-22a.xml
2025-09-20 19:55:42,183 - database_manager - INFO - Parse debates XML-Datei: debates2019-03-22a.xml
2025-09-20 19:55:42,201 - database_manager - INFO - Debates XML erfolgreich geparst: 3 Debatten, 452 Reden, 43979 Wörter
2025-09-20 19:55:42,202 - database_manager - INFO - Verarbeite Datei 541/2945: debates2020-05-12c.xml
2025-09-20 19:55:42,202 - database_manager - INFO - Parse debates XML-Datei: debates2020-05-12c.xml
2025-09-20 19:55:42,203 - database_manager - INFO - Debates XML erfolgreich geparst: 0 Debatten, 0 Reden, 0 Wörter
2025-09-20 19:55:42,203 - database_manager - INFO - Verarbeite Datei 542/2945: debates2014-10-28a.xml
2025-09-20 19:55:42,203 - database_manager - INFO - Parse debates XML-Datei: debates2014-10-28a.xml
2025-09-20 19:55:42,204 - database_manager - INFO - Debates XML erfolgreich geparst: 0 Debatten, 0 Reden, 0 Wörter
2025-09-20 19:55:42,204 - database_manager - INFO - Verarbeite Datei 543/2945: debates2014-12-15a.xml
2025-09-20 19:55:42,204 - database_manager - INFO - Parse debates XML-Datei: debates2014-12-15a.xml
2025-09-20 19:55:42,222 - database_manager - INFO - Debates XML erfolgreich geparst: 28 Debatten, 541 Reden, 61717 Wörter
2025-09-20 19:55:42,222 - database_manager - INFO - Verarbeite Datei 544/2945: debates2013-06-06b.xml
2025-09-20 19:55:42,222 - database_manager - INFO - Parse debates XML-Datei: debates2013-06-06b.xml
2025-09-20 19:55:42,239 - database_manager - INFO - Debates XML erfolgreich geparst: 17 Debatten, 537 Reden, 62432 Wörter
2025-09-20 19:55:42,239 - database_manager - INFO - Verarbeite Datei 545/2945: debates2020-10-07b.xml
2025-09-20 19:55:42,239 - database_manager - INFO - Parse debates XML-Datei: debates2020-10-07b.xml
2025-09-20 19:55:42,252 - database_manager - INFO - Debates XML erfolgreich geparst: 10 Debatten, 264 Reden, 56978 Wörter
2025-09-20 19:55:42,253 - database_manager - INFO - Verarbeite Datei 546/2945: debates2020-11-26a.xml
2025-09-20 19:55:42,253 - database_manager - INFO - Parse debates XML-Datei: debates2020-11-26a.xml
2025-09-20 19:55:42,254 - database_manager - INFO - Debates XML erfolgreich geparst: 0 Debatten, 0 Reden, 0 Wörter
2025-09-20 19:55:42,254 - database_manager - INFO - Verarbeite Datei 547/2945: debates2018-05-14b.xml
2025-09-20 19:55:42,254 - database_manager - INFO - Parse debates XML-Datei: debates2018-05-14b.xml
2025-09-20 19:55:42,255 - database_manager - INFO - Debates XML erfolgreich geparst: 0 Debatten, 0 Reden, 0 Wörter
2025-09-20 19:55:42,255 - database_manager - INFO - Verarbeite Datei 548/2945: debates2012-10-30a.xml
2025-09-20 19:55:42,255 - database_manager - INFO - Parse debates XML-Datei: debates2012-10-30a.xml
2025-09-20 19:55:42,264 - database_manager - INFO - Debates XML erfolgreich geparst: 25 Debatten, 296 Reden, 31976 Wörter
2025-09-20 19:55:42,265 - database_manager - INFO - Verarbeite Datei 549/2945: debates2021-11-18d.xml
2025-09-20 19:55:42,265 - database_manager - INFO - Parse debates XML-Datei: debates2021-11-18d.xml
2025-09-20 19:55:42,265 - database_manager - INFO - Debates XML erfolgreich geparst: 0 Debatten, 0 Reden, 0 Wörter
2025-09-20 19:55:42,265 - database_manager - INFO - Verarbeite Datei 550/2945: debates2021-01-18d.xml
2025-09-20 19:55:42,265 - database_manager - INFO - Parse debates XML-Datei: debates2021-01-18d.xml
2025-09-20 19:55:42,266 - database_manager - INFO - Debates XML erfolgreich geparst: 0 Debatten, 0 Reden, 0 Wörter
2025-09-20 19:55:42,266 - database_manager - INFO - Verarbeite Datei 551/2945: debates2012-01-11b.xml
2025-09-20 19:55:42,266 - database_manager - INFO - Parse debates XML-Datei: debates2012-01-11b.xml
2025-09-20 19:55:42,284 - database_manager - INFO - Debates XML erfolgreich geparst: 18 Debatten, 479 Reden, 62967 Wörter
2025-09-20 19:55:42,285 - database_manager - INFO - Verarbeite Datei 552/2945: debates2020-06-02c.xml
2025-09-20 19:55:42,285 - database_manager - INFO - Parse debates XML-Datei: debates2020-06-02c.xml
2025-09-20 19:55:42,286 - database_manager - INFO - Debates XML erfolgreich geparst: 0 Debatten, 0 Reden, 0 Wörter
2025-09-20 19:55:42,286 - database_manager - INFO - Verarbeite Datei 553/2945: debates2016-12-05c.xml
2025-09-20 19:55:42,286 - database_manager - INFO - Parse debates XML-Datei: debates2016-12-05c.xml
2025-09-20 19:55:42,297 - database_manager - INFO - Debates XML erfolgreich geparst: 25 Debatten, 339 Reden, 44470 Wörter
2025-09-20 19:55:42,298 - database_manager - INFO - Verarbeite Datei 554/2945: debates2020-03-17b.xml
2025-09-20 19:55:42,298 - database_manager - INFO - Parse debates XML-Datei: debates2020-03-17b.xml
2025-09-20 19:55:42,299 - database_manager - INFO - Debates XML erfolgreich geparst: 0 Debatten, 0 Reden, 0 Wörter
2025-09-20 19:55:42,299 - database_manager - INFO - Verarbeite Datei 555/2945: debates2014-11-05a.xml
2025-09-20 19:55:42,299 - database_manager - INFO - Parse debates XML-Datei: debates2014-11-05a.xml
2025-09-20 19:55:42,317 - database_manager - INFO - Debates XML erfolgreich geparst: 12 Debatten, 519 Reden, 62667 Wörter
2025-09-20 19:55:42,317 - database_manager - INFO - Verarbeite Datei 556/2945: debates2016-07-11d.xml
2025-09-20 19:55:42,317 - database_manager - INFO - Parse debates XML-Datei: debates2016-07-11d.xml
2025-09-20 19:55:42,334 - database_manager - INFO - Debates XML erfolgreich geparst: 35 Debatten, 399 Reden, 63394 Wörter
2025-09-20 19:55:42,334 - database_manager - INFO - Verarbeite Datei 557/2945: debates2016-12-05a.xml
2025-09-20 19:55:42,334 - database_manager - INFO - Parse debates XML-Datei: debates2016-12-05a.xml
2025-09-20 19:55:42,335 - database_manager - INFO - Debates XML erfolgreich geparst: 0 Debatten, 0 Reden, 0 Wörter
2025-09-20 19:55:42,335 - database_manager - INFO - Verarbeite Datei 558/2945: debates2013-11-22b.xml
2025-09-20 19:55:42,335 - database_manager - INFO - Parse debates XML-Datei: debates2013-11-22b.xml
2025-09-20 19:55:42,347 - database_manager - INFO - Debates XML erfolgreich geparst: 2 Debatten, 274 Reden, 30583 Wörter
2025-09-20 19:55:42,348 - database_manager - INFO - Verarbeite Datei 559/2945: debates2020-06-02a.xml
2025-09-20 19:55:42,348 - database_manager - INFO - Parse debates XML-Datei: debates2020-06-02a.xml
2025-09-20 19:55:42,349 - database_manager - INFO - Debates XML erfolgreich geparst: 0 Debatten, 0 Reden, 0 Wörter
2025-09-20 19:55:42,349 - database_manager - INFO - Verarbeite Datei 560/2945: debates2016-02-05a.xml
2025-09-20 19:55:42,349 - database_manager - INFO - Parse debates XML-Datei: debates2016-02-05a.xml
2025-09-20 19:55:42,358 - database_manager - INFO - Debates XML erfolgreich geparst: 6 Debatten, 141 Reden, 38931 Wörter
2025-09-20 19:55:42,358 - database_manager - INFO - Verarbeite Datei 561/2945: debates2014-09-12a.xml
2025-09-20 19:55:42,358 - database_manager - INFO - Parse debates XML-Datei: debates2014-09-12a.xml
2025-09-20 19:55:42,368 - database_manager - INFO - Debates XML erfolgreich geparst: 6 Debatten, 280 Reden, 40219 Wörter
2025-09-20 19:55:42,368 - database_manager - INFO - Verarbeite Datei 562/2945: debates2016-01-19b.xml
2025-09-20 19:55:42,368 - database_manager - INFO - Parse debates XML-Datei: debates2016-01-19b.xml
2025-09-20 19:55:42,370 - database_manager - INFO - Debates XML erfolgreich geparst: 3 Debatten, 0 Reden, 0 Wörter
2025-09-20 19:55:42,370 - database_manager - INFO - Verarbeite Datei 563/2945: debates2019-09-04b.xml
2025-09-20 19:55:42,370 - database_manager - INFO - Parse debates XML-Datei: debates2019-09-04b.xml
2025-09-20 19:55:42,371 - database_manager - INFO - Debates XML erfolgreich geparst: 0 Debatten, 0 Reden, 0 Wörter
2025-09-20 19:55:42,371 - database_manager - INFO - Verarbeite Datei 564/2945: debates2013-01-22b.xml
2025-09-20 19:55:42,371 - database_manager - INFO - Parse debates XML-Datei: debates2013-01-22b.xml
2025-09-20 19:55:42,389 - database_manager - INFO - Debates XML erfolgreich geparst: 30 Debatten, 625 Reden, 66325 Wörter
2025-09-20 19:55:42,390 - database_manager - INFO - Verarbeite Datei 565/2945: debates2021-01-19b.xml
2025-09-20 19:55:42,390 - database_manager - INFO - Parse debates XML-Datei: debates2021-01-19b.xml
2025-09-20 19:55:42,409 - database_manager - INFO - Debates XML erfolgreich geparst: 23 Debatten, 384 Reden, 63929 Wörter
2025-09-20 19:55:42,410 - database_manager - INFO - Verarbeite Datei 566/2945: debates2021-11-19b.xml
2025-09-20 19:55:42,410 - database_manager - INFO - Parse debates XML-Datei: debates2021-11-19b.xml
2025-09-20 19:55:42,411 - database_manager - INFO - Debates XML erfolgreich geparst: 0 Debatten, 0 Reden, 0 Wörter
2025-09-20 19:55:42,411 - database_manager - INFO - Verarbeite Datei 567/2945: debates2016-11-15a.xml
2025-09-20 19:55:42,411 - database_manager - INFO - Parse debates XML-Datei: debates2016-11-15a.xml
2025-09-20 19:55:42,413 - database_manager - INFO - Debates XML erfolgreich geparst: 0 Debatten, 0 Reden, 0 Wörter
2025-09-20 19:55:42,413 - database_manager - INFO - Verarbeite Datei 568/2945: debates2019-07-16a.xml
2025-09-20 19:55:42,413 - database_manager - INFO - Parse debates XML-Datei: debates2019-07-16a.xml
2025-09-20 19:55:42,428 - database_manager - INFO - Debates XML erfolgreich geparst: 20 Debatten, 416 Reden, 63487 Wörter
2025-09-20 19:55:42,428 - database_manager - INFO - Verarbeite Datei 569/2945: debates2020-05-12a.xml
2025-09-20 19:55:42,428 - database_manager - INFO - Parse debates XML-Datei: debates2020-05-12a.xml
2025-09-20 19:55:42,429 - database_manager - INFO - Debates XML erfolgreich geparst: 0 Debatten, 0 Reden, 0 Wörter
2025-09-20 19:55:42,429 - database_manager - INFO - Verarbeite Datei 570/2945: debates2020-11-26c.xml
2025-09-20 19:55:42,429 - database_manager - INFO - Parse debates XML-Datei: debates2020-11-26c.xml
2025-09-20 19:55:42,430 - database_manager - INFO - Debates XML erfolgreich geparst: 0 Debatten, 0 Reden, 0 Wörter
2025-09-20 19:55:42,430 - database_manager - INFO - Verarbeite Datei 571/2945: debates2016-02-09b.xml
2025-09-20 19:55:42,430 - database_manager - INFO - Parse debates XML-Datei: debates2016-02-09b.xml
2025-09-20 19:55:42,444 - database_manager - INFO - Debates XML erfolgreich geparst: 2 Debatten, 303 Reden, 51616 Wörter
2025-09-20 19:55:42,445 - database_manager - INFO - Verarbeite Datei 572/2945: debates2014-10-28c.xml
2025-09-20 19:55:42,445 - database_manager - INFO - Parse debates XML-Datei: debates2014-10-28c.xml
2025-09-20 19:55:42,462 - database_manager - INFO - Debates XML erfolgreich geparst: 15 Debatten, 489 Reden, 60931 Wörter
2025-09-20 19:55:42,462 - database_manager - INFO - Verarbeite Datei 573/2945: debates2016-11-14e.xml
2025-09-20 19:55:42,462 - database_manager - INFO - Parse debates XML-Datei: debates2016-11-14e.xml
2025-09-20 19:55:42,474 - database_manager - INFO - Debates XML erfolgreich geparst: 19 Debatten, 431 Reden, 47359 Wörter
2025-09-20 19:55:42,474 - database_manager - INFO - Verarbeite Datei 574/2945: debates2013-03-13a.xml
2025-09-20 19:55:42,474 - database_manager - INFO - Parse debates XML-Datei: debates2013-03-13a.xml
2025-09-20 19:55:42,476 - database_manager - INFO - Debates XML erfolgreich geparst: 0 Debatten, 0 Reden, 0 Wörter
2025-09-20 19:55:42,476 - database_manager - INFO - Verarbeite Datei 575/2945: debates2015-02-26a.xml
2025-09-20 19:55:42,476 - database_manager - INFO - Parse debates XML-Datei: debates2015-02-26a.xml
2025-09-20 19:55:42,476 - database_manager - INFO - Debates XML erfolgreich geparst: 0 Debatten, 0 Reden, 0 Wörter
2025-09-20 19:55:42,476 - database_manager - INFO - Verarbeite Datei 576/2945: debates2021-02-09b.xml
2025-09-20 19:55:42,476 - database_manager - INFO - Parse debates XML-Datei: debates2021-02-09b.xml
2025-09-20 19:55:42,477 - database_manager - INFO - Debates XML erfolgreich geparst: 0 Debatten, 0 Reden, 0 Wörter
2025-09-20 19:55:42,477 - database_manager - INFO - Verarbeite Datei 577/2945: debates2021-11-15a.xml
2025-09-20 19:55:42,477 - database_manager - INFO - Parse debates XML-Datei: debates2021-11-15a.xml
2025-09-20 19:55:42,479 - database_manager - INFO - Debates XML erfolgreich geparst: 0 Debatten, 0 Reden, 0 Wörter
2025-09-20 19:55:42,479 - database_manager - INFO - Verarbeite Datei 578/2945: debates2021-12-09b.xml
2025-09-20 19:55:42,479 - database_manager - INFO - Parse debates XML-Datei: debates2021-12-09b.xml
2025-09-20 19:55:42,495 - database_manager - INFO - Debates XML erfolgreich geparst: 21 Debatten, 411 Reden, 64547 Wörter
2025-09-20 19:55:42,495 - database_manager - INFO - Verarbeite Datei 579/2945: debates2014-03-18a.xml
2025-09-20 19:55:42,495 - database_manager - INFO - Parse debates XML-Datei: debates2014-03-18a.xml
2025-09-20 19:55:42,512 - database_manager - INFO - Debates XML erfolgreich geparst: 23 Debatten, 490 Reden, 62525 Wörter
2025-09-20 19:55:42,513 - database_manager - INFO - Verarbeite Datei 580/2945: debates2016-10-18c.xml
2025-09-20 19:55:42,513 - database_manager - INFO - Parse debates XML-Datei: debates2016-10-18c.xml
2025-09-20 19:55:42,514 - database_manager - INFO - Debates XML erfolgreich geparst: 1 Debatten, 3 Reden, 1225 Wörter
2025-09-20 19:55:42,514 - database_manager - INFO - Verarbeite Datei 581/2945: debates2014-11-25a.xml
2025-09-20 19:55:42,514 - database_manager - INFO - Parse debates XML-Datei: debates2014-11-25a.xml
2025-09-20 19:55:42,535 - database_manager - INFO - Debates XML erfolgreich geparst: 81 Debatten, 481 Reden, 83806 Wörter
2025-09-20 19:55:42,535 - database_manager - INFO - Verarbeite Datei 582/2945: debates2020-12-16a.xml
2025-09-20 19:55:42,535 - database_manager - INFO - Parse debates XML-Datei: debates2020-12-16a.xml
2025-09-20 19:55:42,536 - database_manager - INFO - Debates XML erfolgreich geparst: 0 Debatten, 0 Reden, 0 Wörter
2025-09-20 19:55:42,536 - database_manager - INFO - Verarbeite Datei 583/2945: debates2013-04-17a.xml
2025-09-20 19:55:42,536 - database_manager - INFO - Parse debates XML-Datei: debates2013-04-17a.xml
2025-09-20 19:55:42,553 - database_manager - INFO - Debates XML erfolgreich geparst: 6 Debatten, 412 Reden, 58843 Wörter
2025-09-20 19:55:42,554 - database_manager - INFO - Verarbeite Datei 584/2945: debates2021-02-25c.xml
2025-09-20 19:55:42,554 - database_manager - INFO - Parse debates XML-Datei: debates2021-02-25c.xml
2025-09-20 19:55:42,555 - database_manager - INFO - Debates XML erfolgreich geparst: 0 Debatten, 0 Reden, 0 Wörter
2025-09-20 19:55:42,555 - database_manager - INFO - Verarbeite Datei 585/2945: debates2018-06-28a.xml
2025-09-20 19:55:42,555 - database_manager - INFO - Parse debates XML-Datei: debates2018-06-28a.xml
2025-09-20 19:55:42,556 - database_manager - INFO - Debates XML erfolgreich geparst: 0 Debatten, 0 Reden, 0 Wörter
2025-09-20 19:55:42,556 - database_manager - INFO - Verarbeite Datei 586/2945: debates2018-07-09b.xml
2025-09-20 19:55:42,556 - database_manager - INFO - Parse debates XML-Datei: debates2018-07-09b.xml
2025-09-20 19:55:42,557 - database_manager - INFO - Debates XML erfolgreich geparst: 0 Debatten, 0 Reden, 0 Wörter
2025-09-20 19:55:42,557 - database_manager - INFO - Verarbeite Datei 587/2945: debates2021-10-18c.xml
2025-09-20 19:55:42,557 - database_manager - INFO - Parse debates XML-Datei: debates2021-10-18c.xml
2025-09-20 19:55:42,557 - database_manager - INFO - Debates XML erfolgreich geparst: 0 Debatten, 0 Reden, 0 Wörter
2025-09-20 19:55:42,557 - database_manager - INFO - Verarbeite Datei 588/2945: debates2012-01-31b.xml
2025-09-20 19:55:42,557 - database_manager - INFO - Parse debates XML-Datei: debates2012-01-31b.xml
2025-09-20 19:55:42,576 - database_manager - INFO - Debates XML erfolgreich geparst: 55 Debatten, 608 Reden, 59954 Wörter
2025-09-20 19:55:42,577 - database_manager - INFO - Verarbeite Datei 589/2945: debates2013-06-26b.xml
2025-09-20 19:55:42,577 - database_manager - INFO - Parse debates XML-Datei: debates2013-06-26b.xml
2025-09-20 19:55:42,753 - database_manager - INFO - Debates XML erfolgreich geparst: 18 Debatten, 601 Reden, 73492 Wörter
2025-09-20 19:55:42,753 - database_manager - INFO - Verarbeite Datei 590/2945: debates2018-07-05a.xml
2025-09-20 19:55:42,753 - database_manager - INFO - Parse debates XML-Datei: debates2018-07-05a.xml
2025-09-20 19:55:42,755 - database_manager - INFO - Debates XML erfolgreich geparst: 0 Debatten, 0 Reden, 0 Wörter
2025-09-20 19:55:42,755 - database_manager - INFO - Verarbeite Datei 591/2945: debates2017-11-06a.xml
2025-09-20 19:55:42,755 - database_manager - INFO - Parse debates XML-Datei: debates2017-11-06a.xml
2025-09-20 19:55:42,772 - database_manager - INFO - Debates XML erfolgreich geparst: 25 Debatten, 537 Reden, 64710 Wörter
2025-09-20 19:55:42,772 - database_manager - INFO - Verarbeite Datei 592/2945: debates2021-04-20b.xml
2025-09-20 19:55:42,772 - database_manager - INFO - Parse debates XML-Datei: debates2021-04-20b.xml
2025-09-20 19:55:42,773 - database_manager - INFO - Debates XML erfolgreich geparst: 0 Debatten, 0 Reden, 0 Wörter
2025-09-20 19:55:42,773 - database_manager - INFO - Verarbeite Datei 593/2945: debates2012-05-09c.xml
2025-09-20 19:55:42,773 - database_manager - INFO - Parse debates XML-Datei: debates2012-05-09c.xml
2025-09-20 19:55:42,789 - database_manager - INFO - Debates XML erfolgreich geparst: 3 Debatten, 273 Reden, 63037 Wörter
2025-09-20 19:55:42,789 - database_manager - INFO - Verarbeite Datei 594/2945: debates2012-02-21b.xml
2025-09-20 19:55:42,789 - database_manager - INFO - Parse debates XML-Datei: debates2012-02-21b.xml
2025-09-20 19:55:42,806 - database_manager - INFO - Debates XML erfolgreich geparst: 28 Debatten, 461 Reden, 54787 Wörter
2025-09-20 19:55:42,807 - database_manager - INFO - Verarbeite Datei 595/2945: debates2021-09-22a.xml
2025-09-20 19:55:42,807 - database_manager - INFO - Parse debates XML-Datei: debates2021-09-22a.xml
2025-09-20 19:55:42,808 - database_manager - INFO - Debates XML erfolgreich geparst: 0 Debatten, 0 Reden, 0 Wörter
2025-09-20 19:55:42,808 - database_manager - INFO - Verarbeite Datei 596/2945: debates2013-05-20b.xml
2025-09-20 19:55:42,808 - database_manager - INFO - Parse debates XML-Datei: debates2013-05-20b.xml
2025-09-20 19:55:42,826 - database_manager - INFO - Debates XML erfolgreich geparst: 29 Debatten, 544 Reden, 61580 Wörter
2025-09-20 19:55:42,827 - database_manager - INFO - Verarbeite Datei 597/2945: debates2016-06-07a.xml
2025-09-20 19:55:42,827 - database_manager - INFO - Parse debates XML-Datei: debates2016-06-07a.xml
2025-09-20 19:55:42,845 - database_manager - INFO - Debates XML erfolgreich geparst: 28 Debatten, 482 Reden, 67765 Wörter
2025-09-20 19:55:42,846 - database_manager - INFO - Verarbeite Datei 598/2945: debates2013-09-03b.xml
2025-09-20 19:55:42,846 - database_manager - INFO - Parse debates XML-Datei: debates2013-09-03b.xml
2025-09-20 19:55:42,869 - database_manager - INFO - Debates XML erfolgreich geparst: 21 Debatten, 522 Reden, 65039 Wörter
2025-09-20 19:55:42,869 - database_manager - INFO - Verarbeite Datei 599/2945: debates2019-03-18b.xml
2025-09-20 19:55:42,869 - database_manager - INFO - Parse debates XML-Datei: debates2019-03-18b.xml
2025-09-20 19:55:42,870 - database_manager - INFO - Debates XML erfolgreich geparst: 0 Debatten, 0 Reden, 0 Wörter
2025-09-20 19:55:42,870 - database_manager - INFO - Verarbeite Datei 600/2945: debates2015-09-17a.xml
2025-09-20 19:55:42,870 - database_manager - INFO - Parse debates XML-Datei: debates2015-09-17a.xml
2025-09-20 19:55:42,871 - database_manager - INFO - Debates XML erfolgreich geparst: 0 Debatten, 0 Reden, 0 Wörter
2025-09-20 19:55:42,871 - database_manager - INFO - Verarbeite Datei 601/2945: debates2017-03-21b.xml
2025-09-20 19:55:42,871 - database_manager - INFO - Parse debates XML-Datei: debates2017-03-21b.xml
2025-09-20 19:55:42,881 - database_manager - INFO - Debates XML erfolgreich geparst: 25 Debatten, 341 Reden, 41453 Wörter
2025-09-20 19:55:42,881 - database_manager - INFO - Verarbeite Datei 602/2945: debates2021-06-07a.xml
2025-09-20 19:55:42,881 - database_manager - INFO - Parse debates XML-Datei: debates2021-06-07a.xml
2025-09-20 19:55:42,883 - database_manager - INFO - Debates XML erfolgreich geparst: 0 Debatten, 0 Reden, 0 Wörter
2025-09-20 19:55:42,883 - database_manager - INFO - Verarbeite Datei 603/2945: debates2018-05-22b.xml
2025-09-20 19:55:42,883 - database_manager - INFO - Parse debates XML-Datei: debates2018-05-22b.xml
2025-09-20 19:55:42,899 - database_manager - INFO - Debates XML erfolgreich geparst: 18 Debatten, 465 Reden, 62903 Wörter
2025-09-20 19:55:42,899 - database_manager - INFO - Verarbeite Datei 604/2945: debates2015-07-09a.xml
2025-09-20 19:55:42,899 - database_manager - INFO - Parse debates XML-Datei: debates2015-07-09a.xml
2025-09-20 19:55:42,918 - database_manager - INFO - Debates XML erfolgreich geparst: 24 Debatten, 562 Reden, 66458 Wörter
2025-09-20 19:55:42,919 - database_manager - INFO - Verarbeite Datei 605/2945: debates2020-11-10a.xml
2025-09-20 19:55:42,919 - database_manager - INFO - Parse debates XML-Datei: debates2020-11-10a.xml
2025-09-20 19:55:42,922 - database_manager - INFO - Debates XML erfolgreich geparst: 0 Debatten, 0 Reden, 0 Wörter
2025-09-20 19:55:42,922 - database_manager - INFO - Verarbeite Datei 606/2945: debates2013-07-11a.xml
2025-09-20 19:55:42,922 - database_manager - INFO - Parse debates XML-Datei: debates2013-07-11a.xml
2025-09-20 19:55:42,939 - database_manager - INFO - Debates XML erfolgreich geparst: 18 Debatten, 456 Reden, 62792 Wörter
2025-09-20 19:55:42,940 - database_manager - INFO - Verarbeite Datei 607/2945: debates2020-09-07c.xml
2025-09-20 19:55:42,940 - database_manager - INFO - Parse debates XML-Datei: debates2020-09-07c.xml
2025-09-20 19:55:42,956 - database_manager - INFO - Debates XML erfolgreich geparst: 17 Debatten, 405 Reden, 61426 Wörter
2025-09-20 19:55:42,957 - database_manager - INFO - Verarbeite Datei 608/2945: debates2019-10-08b.xml
2025-09-20 19:55:42,957 - database_manager - INFO - Parse debates XML-Datei: debates2019-10-08b.xml
2025-09-20 19:55:42,958 - database_manager - INFO - Debates XML erfolgreich geparst: 0 Debatten, 0 Reden, 0 Wörter
2025-09-20 19:55:42,958 - database_manager - INFO - Verarbeite Datei 609/2945: debates2016-11-23c.xml
2025-09-20 19:55:42,958 - database_manager - INFO - Parse debates XML-Datei: debates2016-11-23c.xml
2025-09-20 19:55:42,974 - database_manager - INFO - Debates XML erfolgreich geparst: 10 Debatten, 466 Reden, 58732 Wörter
2025-09-20 19:55:42,974 - database_manager - INFO - Verarbeite Datei 610/2945: debates2019-01-29a.xml
2025-09-20 19:55:42,974 - database_manager - INFO - Parse debates XML-Datei: debates2019-01-29a.xml
2025-09-20 19:55:42,976 - database_manager - INFO - Debates XML erfolgreich geparst: 0 Debatten, 0 Reden, 0 Wörter
2025-09-20 19:55:42,976 - database_manager - INFO - Verarbeite Datei 611/2945: debates2019-03-14a.xml
2025-09-20 19:55:42,976 - database_manager - INFO - Parse debates XML-Datei: debates2019-03-14a.xml
2025-09-20 19:55:42,977 - database_manager - INFO - Debates XML erfolgreich geparst: 0 Debatten, 0 Reden, 0 Wörter
2025-09-20 19:55:42,977 - database_manager - INFO - Verarbeite Datei 612/2945: debates2017-07-19c.xml
2025-09-20 19:55:42,977 - database_manager - INFO - Parse debates XML-Datei: debates2017-07-19c.xml
2025-09-20 19:55:42,978 - database_manager - INFO - Debates XML erfolgreich geparst: 0 Debatten, 0 Reden, 0 Wörter
2025-09-20 19:55:42,978 - database_manager - INFO - Verarbeite Datei 613/2945: debates2015-12-10c.xml
2025-09-20 19:55:42,978 - database_manager - INFO - Parse debates XML-Datei: debates2015-12-10c.xml
2025-09-20 19:55:42,995 - database_manager - INFO - Debates XML erfolgreich geparst: 18 Debatten, 503 Reden, 64462 Wörter
2025-09-20 19:55:42,996 - database_manager - INFO - Verarbeite Datei 614/2945: debates2017-01-10a.xml
2025-09-20 19:55:42,996 - database_manager - INFO - Parse debates XML-Datei: debates2017-01-10a.xml
2025-09-20 19:55:42,997 - database_manager - INFO - Debates XML erfolgreich geparst: 0 Debatten, 0 Reden, 0 Wörter
2025-09-20 19:55:42,997 - database_manager - INFO - Verarbeite Datei 615/2945: debates2021-05-17a.xml
2025-09-20 19:55:42,997 - database_manager - INFO - Parse debates XML-Datei: debates2021-05-17a.xml
2025-09-20 19:55:43,012 - database_manager - INFO - Debates XML erfolgreich geparst: 16 Debatten, 357 Reden, 65523 Wörter
2025-09-20 19:55:43,012 - database_manager - INFO - Verarbeite Datei 616/2945: debates2018-03-27c.xml
2025-09-20 19:55:43,012 - database_manager - INFO - Parse debates XML-Datei: debates2018-03-27c.xml
2025-09-20 19:55:43,028 - database_manager - INFO - Debates XML erfolgreich geparst: 14 Debatten, 485 Reden, 52267 Wörter
2025-09-20 19:55:43,028 - database_manager - INFO - Verarbeite Datei 617/2945: debates2015-02-10c.xml
2025-09-20 19:55:43,028 - database_manager - INFO - Parse debates XML-Datei: debates2015-02-10c.xml
2025-09-20 19:55:43,030 - database_manager - INFO - Debates XML erfolgreich geparst: 0 Debatten, 0 Reden, 0 Wörter
2025-09-20 19:55:43,030 - database_manager - INFO - Verarbeite Datei 618/2945: debates2015-06-24a.xml
2025-09-20 19:55:43,030 - database_manager - INFO - Parse debates XML-Datei: debates2015-06-24a.xml
2025-09-20 19:55:43,048 - database_manager - INFO - Debates XML erfolgreich geparst: 31 Debatten, 515 Reden, 64804 Wörter
2025-09-20 19:55:43,048 - database_manager - INFO - Verarbeite Datei 619/2945: debates2019-12-19c.xml
2025-09-20 19:55:43,048 - database_manager - INFO - Parse debates XML-Datei: debates2019-12-19c.xml
2025-09-20 19:55:43,061 - database_manager - INFO - Debates XML erfolgreich geparst: 4 Debatten, 167 Reden, 59252 Wörter
2025-09-20 19:55:43,061 - database_manager - INFO - Verarbeite Datei 620/2945: debates2019-10-24c.xml
2025-09-20 19:55:43,061 - database_manager - INFO - Parse debates XML-Datei: debates2019-10-24c.xml
2025-09-20 19:55:43,082 - database_manager - INFO - Debates XML erfolgreich geparst: 14 Debatten, 626 Reden, 71160 Wörter
2025-09-20 19:55:43,083 - database_manager - INFO - Verarbeite Datei 621/2945: debates2013-02-28a.xml
2025-09-20 19:55:43,083 - database_manager - INFO - Parse debates XML-Datei: debates2013-02-28a.xml
2025-09-20 19:55:43,084 - database_manager - INFO - Debates XML erfolgreich geparst: 0 Debatten, 0 Reden, 0 Wörter
2025-09-20 19:55:43,084 - database_manager - INFO - Verarbeite Datei 622/2945: debates2014-09-04a.xml
2025-09-20 19:55:43,084 - database_manager - INFO - Parse debates XML-Datei: debates2014-09-04a.xml
2025-09-20 19:55:43,085 - database_manager - INFO - Debates XML erfolgreich geparst: 0 Debatten, 0 Reden, 0 Wörter
2025-09-20 19:55:43,085 - database_manager - INFO - Verarbeite Datei 623/2945: debates2020-04-29a.xml
2025-09-20 19:55:43,085 - database_manager - INFO - Parse debates XML-Datei: debates2020-04-29a.xml
2025-09-20 19:55:43,085 - database_manager - INFO - Debates XML erfolgreich geparst: 0 Debatten, 0 Reden, 0 Wörter
2025-09-20 19:55:43,085 - database_manager - INFO - Verarbeite Datei 624/2945: debates2013-10-15a.xml
2025-09-20 19:55:43,085 - database_manager - INFO - Parse debates XML-Datei: debates2013-10-15a.xml
2025-09-20 19:55:43,086 - database_manager - INFO - Debates XML erfolgreich geparst: 0 Debatten, 0 Reden, 0 Wörter
2025-09-20 19:55:43,086 - database_manager - INFO - Verarbeite Datei 625/2945: debates2014-01-13c.xml
2025-09-20 19:55:43,086 - database_manager - INFO - Parse debates XML-Datei: debates2014-01-13c.xml
2025-09-20 19:55:43,087 - database_manager - INFO - Debates XML erfolgreich geparst: 0 Debatten, 0 Reden, 0 Wörter
2025-09-20 19:55:43,087 - database_manager - INFO - Verarbeite Datei 626/2945: debates2016-12-13a.xml
2025-09-20 19:55:43,087 - database_manager - INFO - Parse debates XML-Datei: debates2016-12-13a.xml
2025-09-20 19:55:43,088 - database_manager - INFO - Debates XML erfolgreich geparst: 0 Debatten, 0 Reden, 0 Wörter
2025-09-20 19:55:43,088 - database_manager - INFO - Verarbeite Datei 627/2945: debates2019-04-10a.xml
2025-09-20 19:55:43,088 - database_manager - INFO - Parse debates XML-Datei: debates2019-04-10a.xml
2025-09-20 19:55:43,089 - database_manager - INFO - Debates XML erfolgreich geparst: 0 Debatten, 0 Reden, 0 Wörter
2025-09-20 19:55:43,089 - database_manager - INFO - Verarbeite Datei 628/2945: debates2021-12-13a.xml
2025-09-20 19:55:43,089 - database_manager - INFO - Parse debates XML-Datei: debates2021-12-13a.xml
2025-09-20 19:55:43,091 - database_manager - INFO - Debates XML erfolgreich geparst: 0 Debatten, 0 Reden, 0 Wörter
2025-09-20 19:55:43,091 - database_manager - INFO - Verarbeite Datei 629/2945: debates2017-06-14a.xml
2025-09-20 19:55:43,091 - database_manager - INFO - Parse debates XML-Datei: debates2017-06-14a.xml
2025-09-20 19:55:43,091 - database_manager - INFO - Debates XML erfolgreich geparst: 0 Debatten, 0 Reden, 0 Wörter
2025-09-20 19:55:43,091 - database_manager - INFO - Verarbeite Datei 630/2945: debates2015-11-20a.xml
2025-09-20 19:55:43,091 - database_manager - INFO - Parse debates XML-Datei: debates2015-11-20a.xml
2025-09-20 19:55:43,102 - database_manager - INFO - Debates XML erfolgreich geparst: 5 Debatten, 344 Reden, 42921 Wörter
2025-09-20 19:55:43,103 - database_manager - INFO - Verarbeite Datei 631/2945: debates2018-10-17a.xml
2025-09-20 19:55:43,103 - database_manager - INFO - Parse debates XML-Datei: debates2018-10-17a.xml
2025-09-20 19:55:43,104 - database_manager - INFO - Debates XML erfolgreich geparst: 0 Debatten, 0 Reden, 0 Wörter
2025-09-20 19:55:43,104 - database_manager - INFO - Verarbeite Datei 632/2945: debates2017-12-20c.xml
2025-09-20 19:55:43,104 - database_manager - INFO - Parse debates XML-Datei: debates2017-12-20c.xml
2025-09-20 19:55:43,132 - database_manager - INFO - Debates XML erfolgreich geparst: 22 Debatten, 731 Reden, 87907 Wörter
2025-09-20 19:55:43,132 - database_manager - INFO - Verarbeite Datei 633/2945: debates2012-09-10b.xml
2025-09-20 19:55:43,132 - database_manager - INFO - Parse debates XML-Datei: debates2012-09-10b.xml
2025-09-20 19:55:43,146 - database_manager - INFO - Debates XML erfolgreich geparst: 25 Debatten, 482 Reden, 49224 Wörter
2025-09-20 19:55:43,147 - database_manager - INFO - Verarbeite Datei 634/2945: debates2015-01-20a.xml
2025-09-20 19:55:43,147 - database_manager - INFO - Parse debates XML-Datei: debates2015-01-20a.xml
2025-09-20 19:55:43,148 - database_manager - INFO - Debates XML erfolgreich geparst: 0 Debatten, 0 Reden, 0 Wörter
2025-09-20 19:55:43,148 - database_manager - INFO - Verarbeite Datei 635/2945: debates2013-03-05a.xml
2025-09-20 19:55:43,148 - database_manager - INFO - Parse debates XML-Datei: debates2013-03-05a.xml
2025-09-20 19:55:43,149 - database_manager - INFO - Debates XML erfolgreich geparst: 0 Debatten, 0 Reden, 0 Wörter
2025-09-20 19:55:43,149 - database_manager - INFO - Verarbeite Datei 636/2945: debates2014-12-03c.xml
2025-09-20 19:55:43,149 - database_manager - INFO - Parse debates XML-Datei: debates2014-12-03c.xml
2025-09-20 19:55:43,164 - database_manager - INFO - Debates XML erfolgreich geparst: 26 Debatten, 400 Reden, 56564 Wörter
2025-09-20 19:55:43,164 - database_manager - INFO - Verarbeite Datei 637/2945: debates2016-09-14c.xml
2025-09-20 19:55:43,164 - database_manager - INFO - Parse debates XML-Datei: debates2016-09-14c.xml
2025-09-20 19:55:43,180 - database_manager - INFO - Debates XML erfolgreich geparst: 19 Debatten, 460 Reden, 59813 Wörter
2025-09-20 19:55:43,181 - database_manager - INFO - Verarbeite Datei 638/2945: debates2020-06-18b.xml
2025-09-20 19:55:43,181 - database_manager - INFO - Parse debates XML-Datei: debates2020-06-18b.xml
2025-09-20 19:55:43,181 - database_manager - INFO - Debates XML erfolgreich geparst: 0 Debatten, 0 Reden, 0 Wörter
2025-09-20 19:55:43,182 - database_manager - INFO - Verarbeite Datei 639/2945: debates2020-05-04a.xml
2025-09-20 19:55:43,182 - database_manager - INFO - Parse debates XML-Datei: debates2020-05-04a.xml
2025-09-20 19:55:43,189 - database_manager - INFO - Debates XML erfolgreich geparst: 19 Debatten, 257 Reden, 33110 Wörter
2025-09-20 19:55:43,190 - database_manager - INFO - Verarbeite Datei 640/2945: debates2014-07-16b.xml
2025-09-20 19:55:43,190 - database_manager - INFO - Parse debates XML-Datei: debates2014-07-16b.xml
2025-09-20 19:55:43,206 - database_manager - INFO - Debates XML erfolgreich geparst: 18 Debatten, 403 Reden, 64719 Wörter
2025-09-20 19:55:43,207 - database_manager - INFO - Verarbeite Datei 641/2945: debates2016-11-03a.xml
2025-09-20 19:55:43,207 - database_manager - INFO - Parse debates XML-Datei: debates2016-11-03a.xml
2025-09-20 19:55:43,226 - database_manager - INFO - Debates XML erfolgreich geparst: 18 Debatten, 557 Reden, 63207 Wörter
2025-09-20 19:55:43,227 - database_manager - INFO - Verarbeite Datei 642/2945: debates2012-07-02a.xml
2025-09-20 19:55:43,227 - database_manager - INFO - Parse debates XML-Datei: debates2012-07-02a.xml
2025-09-20 19:55:43,228 - database_manager - INFO - Debates XML erfolgreich geparst: 0 Debatten, 0 Reden, 0 Wörter
2025-09-20 19:55:43,228 - database_manager - INFO - Verarbeite Datei 643/2945: debates2021-10-22b.xml
2025-09-20 19:55:43,228 - database_manager - INFO - Parse debates XML-Datei: debates2021-10-22b.xml
2025-09-20 19:55:43,230 - database_manager - INFO - Debates XML erfolgreich geparst: 0 Debatten, 0 Reden, 0 Wörter
2025-09-20 19:55:43,231 - database_manager - INFO - Verarbeite Datei 644/2945: debates2021-11-03a.xml
2025-09-20 19:55:43,231 - database_manager - INFO - Parse debates XML-Datei: debates2021-11-03a.xml
2025-09-20 19:55:43,231 - database_manager - INFO - Debates XML erfolgreich geparst: 0 Debatten, 0 Reden, 0 Wörter
2025-09-20 19:55:43,231 - database_manager - INFO - Verarbeite Datei 645/2945: debates2017-10-10d.xml
2025-09-20 19:55:43,231 - database_manager - INFO - Parse debates XML-Datei: debates2017-10-10d.xml
2025-09-20 19:55:43,251 - database_manager - INFO - Debates XML erfolgreich geparst: 23 Debatten, 636 Reden, 75792 Wörter
2025-09-20 19:55:43,251 - database_manager - INFO - Verarbeite Datei 646/2945: debates2021-09-14c.xml
2025-09-20 19:55:43,251 - database_manager - INFO - Parse debates XML-Datei: debates2021-09-14c.xml
2025-09-20 19:55:43,252 - database_manager - INFO - Debates XML erfolgreich geparst: 0 Debatten, 0 Reden, 0 Wörter
2025-09-20 19:55:43,252 - database_manager - INFO - Verarbeite Datei 647/2945: debates2017-04-25b.xml
2025-09-20 19:55:43,252 - database_manager - INFO - Parse debates XML-Datei: debates2017-04-25b.xml
2025-09-20 19:55:43,264 - database_manager - INFO - Debates XML erfolgreich geparst: 43 Debatten, 385 Reden, 47036 Wörter
2025-09-20 19:55:43,264 - database_manager - INFO - Verarbeite Datei 648/2945: debates2015-06-04c.xml
2025-09-20 19:55:43,264 - database_manager - INFO - Parse debates XML-Datei: debates2015-06-04c.xml
2025-09-20 19:55:43,284 - database_manager - INFO - Debates XML erfolgreich geparst: 19 Debatten, 549 Reden, 66137 Wörter
2025-09-20 19:55:43,284 - database_manager - INFO - Verarbeite Datei 649/2945: debates2015-03-11b.xml
2025-09-20 19:55:43,284 - database_manager - INFO - Parse debates XML-Datei: debates2015-03-11b.xml
2025-09-20 19:55:43,296 - database_manager - INFO - Debates XML erfolgreich geparst: 14 Debatten, 330 Reden, 47333 Wörter
2025-09-20 19:55:43,296 - database_manager - INFO - Verarbeite Datei 650/2945: debates2018-03-07a.xml
2025-09-20 19:55:43,297 - database_manager - INFO - Parse debates XML-Datei: debates2018-03-07a.xml
2025-09-20 19:55:43,297 - database_manager - INFO - Debates XML erfolgreich geparst: 0 Debatten, 0 Reden, 0 Wörter
2025-09-20 19:55:43,297 - database_manager - INFO - Verarbeite Datei 651/2945: debates2018-02-26b.xml
2025-09-20 19:55:43,298 - database_manager - INFO - Parse debates XML-Datei: debates2018-02-26b.xml
2025-09-20 19:55:43,298 - database_manager - INFO - Debates XML erfolgreich geparst: 0 Debatten, 0 Reden, 0 Wörter
2025-09-20 19:55:43,298 - database_manager - INFO - Verarbeite Datei 652/2945: debates2015-05-18a.xml
2025-09-20 19:55:43,298 - database_manager - INFO - Parse debates XML-Datei: debates2015-05-18a.xml
2025-09-20 19:55:43,299 - database_manager - INFO - Debates XML erfolgreich geparst: 1 Debatten, 12 Reden, 2436 Wörter
2025-09-20 19:55:43,299 - database_manager - INFO - Verarbeite Datei 653/2945: debates2015-06-04b.xml
2025-09-20 19:55:43,299 - database_manager - INFO - Parse debates XML-Datei: debates2015-06-04b.xml
2025-09-20 19:55:43,301 - database_manager - INFO - Debates XML erfolgreich geparst: 0 Debatten, 0 Reden, 0 Wörter
2025-09-20 19:55:43,301 - database_manager - INFO - Verarbeite Datei 654/2945: debates2017-10-11a.xml
2025-09-20 19:55:43,301 - database_manager - INFO - Parse debates XML-Datei: debates2017-10-11a.xml
2025-09-20 19:55:43,303 - database_manager - INFO - Debates XML erfolgreich geparst: 0 Debatten, 0 Reden, 0 Wörter
2025-09-20 19:55:43,303 - database_manager - INFO - Verarbeite Datei 655/2945: debates2018-06-12a.xml
2025-09-20 19:55:43,303 - database_manager - INFO - Parse debates XML-Datei: debates2018-06-12a.xml
2025-09-20 19:55:43,304 - database_manager - INFO - Debates XML erfolgreich geparst: 0 Debatten, 0 Reden, 0 Wörter
2025-09-20 19:55:43,304 - database_manager - INFO - Verarbeite Datei 656/2945: debates2018-02-26c.xml
2025-09-20 19:55:43,304 - database_manager - INFO - Parse debates XML-Datei: debates2018-02-26c.xml
2025-09-20 19:55:43,491 - database_manager - INFO - Debates XML erfolgreich geparst: 20 Debatten, 513 Reden, 63852 Wörter
2025-09-20 19:55:43,491 - database_manager - INFO - Verarbeite Datei 657/2945: debates2012-12-17a.xml
2025-09-20 19:55:43,491 - database_manager - INFO - Parse debates XML-Datei: debates2012-12-17a.xml
2025-09-20 19:55:43,509 - database_manager - INFO - Debates XML erfolgreich geparst: 32 Debatten, 445 Reden, 59393 Wörter
2025-09-20 19:55:43,510 - database_manager - INFO - Verarbeite Datei 658/2945: debates2017-01-30b.xml
2025-09-20 19:55:43,510 - database_manager - INFO - Parse debates XML-Datei: debates2017-01-30b.xml
2025-09-20 19:55:43,530 - database_manager - INFO - Debates XML erfolgreich geparst: 18 Debatten, 626 Reden, 70878 Wörter
2025-09-20 19:55:43,531 - database_manager - INFO - Verarbeite Datei 659/2945: debates2021-09-14b.xml
2025-09-20 19:55:43,531 - database_manager - INFO - Parse debates XML-Datei: debates2021-09-14b.xml
2025-09-20 19:55:43,532 - database_manager - INFO - Debates XML erfolgreich geparst: 0 Debatten, 0 Reden, 0 Wörter
2025-09-20 19:55:43,532 - database_manager - INFO - Verarbeite Datei 660/2945: debates2020-06-18c.xml
2025-09-20 19:55:43,532 - database_manager - INFO - Parse debates XML-Datei: debates2020-06-18c.xml
2025-09-20 19:55:43,548 - database_manager - INFO - Debates XML erfolgreich geparst: 19 Debatten, 364 Reden, 64905 Wörter
2025-09-20 19:55:43,549 - database_manager - INFO - Verarbeite Datei 661/2945: debates2016-09-14b.xml
2025-09-20 19:55:43,549 - database_manager - INFO - Parse debates XML-Datei: debates2016-09-14b.xml
2025-09-20 19:55:43,550 - database_manager - INFO - Debates XML erfolgreich geparst: 0 Debatten, 0 Reden, 0 Wörter
2025-09-20 19:55:43,550 - database_manager - INFO - Verarbeite Datei 662/2945: debates2014-02-03b.xml
2025-09-20 19:55:43,550 - database_manager - INFO - Parse debates XML-Datei: debates2014-02-03b.xml
2025-09-20 19:55:43,565 - database_manager - INFO - Debates XML erfolgreich geparst: 20 Debatten, 422 Reden, 53238 Wörter
2025-09-20 19:55:43,566 - database_manager - INFO - Verarbeite Datei 663/2945: debates2020-01-30b.xml
2025-09-20 19:55:43,566 - database_manager - INFO - Parse debates XML-Datei: debates2020-01-30b.xml
2025-09-20 19:55:43,584 - database_manager - INFO - Debates XML erfolgreich geparst: 16 Debatten, 525 Reden, 66171 Wörter
2025-09-20 19:55:43,584 - database_manager - INFO - Verarbeite Datei 664/2945: debates2014-12-03b.xml
2025-09-20 19:55:43,584 - database_manager - INFO - Parse debates XML-Datei: debates2014-12-03b.xml
2025-09-20 19:55:43,585 - database_manager - INFO - Debates XML erfolgreich geparst: 0 Debatten, 0 Reden, 0 Wörter
2025-09-20 19:55:43,585 - database_manager - INFO - Verarbeite Datei 665/2945: debates2019-10-28a.xml
2025-09-20 19:55:43,585 - database_manager - INFO - Parse debates XML-Datei: debates2019-10-28a.xml
2025-09-20 19:55:43,586 - database_manager - INFO - Debates XML erfolgreich geparst: 0 Debatten, 0 Reden, 0 Wörter
2025-09-20 19:55:43,586 - database_manager - INFO - Verarbeite Datei 666/2945: debates2020-11-30b.xml
2025-09-20 19:55:43,586 - database_manager - INFO - Parse debates XML-Datei: debates2020-11-30b.xml
2025-09-20 19:55:43,604 - database_manager - INFO - Debates XML erfolgreich geparst: 24 Debatten, 464 Reden, 64672 Wörter
2025-09-20 19:55:43,604 - database_manager - INFO - Verarbeite Datei 667/2945: debates2013-06-10a.xml
2025-09-20 19:55:43,604 - database_manager - INFO - Parse debates XML-Datei: debates2013-06-10a.xml
2025-09-20 19:55:43,621 - database_manager - INFO - Debates XML erfolgreich geparst: 21 Debatten, 456 Reden, 64217 Wörter
2025-09-20 19:55:43,622 - database_manager - INFO - Verarbeite Datei 668/2945: debates2018-05-02a.xml
2025-09-20 19:55:43,622 - database_manager - INFO - Parse debates XML-Datei: debates2018-05-02a.xml
2025-09-20 19:55:43,640 - database_manager - INFO - Debates XML erfolgreich geparst: 17 Debatten, 526 Reden, 65331 Wörter
2025-09-20 19:55:43,640 - database_manager - INFO - Verarbeite Datei 669/2945: debates2018-04-23b.xml
2025-09-20 19:55:43,640 - database_manager - INFO - Parse debates XML-Datei: debates2018-04-23b.xml
2025-09-20 19:55:43,657 - database_manager - INFO - Debates XML erfolgreich geparst: 22 Debatten, 588 Reden, 59991 Wörter
2025-09-20 19:55:43,657 - database_manager - INFO - Verarbeite Datei 670/2945: debates2015-06-08a.xml
2025-09-20 19:55:43,657 - database_manager - INFO - Parse debates XML-Datei: debates2015-06-08a.xml
2025-09-20 19:55:43,658 - database_manager - INFO - Debates XML erfolgreich geparst: 0 Debatten, 0 Reden, 0 Wörter
2025-09-20 19:55:43,658 - database_manager - INFO - Verarbeite Datei 671/2945: debates2017-12-20b.xml
2025-09-20 19:55:43,658 - database_manager - INFO - Parse debates XML-Datei: debates2017-12-20b.xml
2025-09-20 19:55:43,659 - database_manager - INFO - Debates XML erfolgreich geparst: 0 Debatten, 0 Reden, 0 Wörter
2025-09-20 19:55:43,660 - database_manager - INFO - Verarbeite Datei 672/2945: debates2012-11-07a.xml
2025-09-20 19:55:43,660 - database_manager - INFO - Parse debates XML-Datei: debates2012-11-07a.xml
2025-09-20 19:55:43,677 - database_manager - INFO - Debates XML erfolgreich geparst: 17 Debatten, 471 Reden, 58945 Wörter
2025-09-20 19:55:43,677 - database_manager - INFO - Verarbeite Datei 673/2945: debates2021-07-06a.xml
2025-09-20 19:55:43,677 - database_manager - INFO - Parse debates XML-Datei: debates2021-07-06a.xml
2025-09-20 19:55:43,678 - database_manager - INFO - Debates XML erfolgreich geparst: 0 Debatten, 0 Reden, 0 Wörter
2025-09-20 19:55:43,678 - database_manager - INFO - Verarbeite Datei 674/2945: debates2017-02-20b.xml
2025-09-20 19:55:43,678 - database_manager - INFO - Parse debates XML-Datei: debates2017-02-20b.xml
2025-09-20 19:55:43,689 - database_manager - INFO - Debates XML erfolgreich geparst: 25 Debatten, 359 Reden, 43163 Wörter
2025-09-20 19:55:43,689 - database_manager - INFO - Verarbeite Datei 675/2945: debates2017-03-01a.xml
2025-09-20 19:55:43,689 - database_manager - INFO - Parse debates XML-Datei: debates2017-03-01a.xml
2025-09-20 19:55:43,690 - database_manager - INFO - Debates XML erfolgreich geparst: 0 Debatten, 0 Reden, 0 Wörter
2025-09-20 19:55:43,690 - database_manager - INFO - Verarbeite Datei 676/2945: debates2014-01-13b.xml
2025-09-20 19:55:43,690 - database_manager - INFO - Parse debates XML-Datei: debates2014-01-13b.xml
2025-09-20 19:55:43,691 - database_manager - INFO - Debates XML erfolgreich geparst: 0 Debatten, 0 Reden, 0 Wörter
2025-09-20 19:55:43,691 - database_manager - INFO - Verarbeite Datei 677/2945: debates2019-11-05a.xml
2025-09-20 19:55:43,691 - database_manager - INFO - Parse debates XML-Datei: debates2019-11-05a.xml
2025-09-20 19:55:43,692 - database_manager - INFO - Debates XML erfolgreich geparst: 0 Debatten, 0 Reden, 0 Wörter
2025-09-20 19:55:43,692 - database_manager - INFO - Verarbeite Datei 678/2945: debates2019-10-24b.xml
2025-09-20 19:55:43,692 - database_manager - INFO - Parse debates XML-Datei: debates2019-10-24b.xml
2025-09-20 19:55:43,693 - database_manager - INFO - Debates XML erfolgreich geparst: 2 Debatten, 1 Reden, 81 Wörter
2025-09-20 19:55:43,693 - database_manager - INFO - Verarbeite Datei 679/2945: debates2019-12-19b.xml
2025-09-20 19:55:43,693 - database_manager - INFO - Parse debates XML-Datei: debates2019-12-19b.xml
2025-09-20 19:55:43,694 - database_manager - INFO - Debates XML erfolgreich geparst: 0 Debatten, 0 Reden, 0 Wörter
2025-09-20 19:55:43,694 - database_manager - INFO - Verarbeite Datei 680/2945: debates2016-07-06a.xml
2025-09-20 19:55:43,694 - database_manager - INFO - Parse debates XML-Datei: debates2016-07-06a.xml
2025-09-20 19:55:43,694 - database_manager - INFO - Debates XML erfolgreich geparst: 0 Debatten, 0 Reden, 0 Wörter
2025-09-20 19:55:43,695 - database_manager - INFO - Verarbeite Datei 681/2945: debates2016-06-27b.xml
2025-09-20 19:55:43,695 - database_manager - INFO - Parse debates XML-Datei: debates2016-06-27b.xml
2025-09-20 19:55:43,713 - database_manager - INFO - Debates XML erfolgreich geparst: 25 Debatten, 524 Reden, 54578 Wörter
2025-09-20 19:55:43,713 - database_manager - INFO - Verarbeite Datei 682/2945: debates2015-02-10b.xml
2025-09-20 19:55:43,713 - database_manager - INFO - Parse debates XML-Datei: debates2015-02-10b.xml
2025-09-20 19:55:43,714 - database_manager - INFO - Debates XML erfolgreich geparst: 0 Debatten, 0 Reden, 0 Wörter
2025-09-20 19:55:43,715 - database_manager - INFO - Verarbeite Datei 683/2945: debates2017-09-07b.xml
2025-09-20 19:55:43,715 - database_manager - INFO - Parse debates XML-Datei: debates2017-09-07b.xml
2025-09-20 19:55:43,733 - database_manager - INFO - Debates XML erfolgreich geparst: 16 Debatten, 603 Reden, 66764 Wörter
2025-09-20 19:55:43,734 - database_manager - INFO - Verarbeite Datei 684/2945: debates2018-03-27b.xml
2025-09-20 19:55:43,734 - database_manager - INFO - Parse debates XML-Datei: debates2018-03-27b.xml
2025-09-20 19:55:43,735 - database_manager - INFO - Debates XML erfolgreich geparst: 0 Debatten, 0 Reden, 0 Wörter
2025-09-20 19:55:43,735 - database_manager - INFO - Verarbeite Datei 685/2945: debates2018-02-06a.xml
2025-09-20 19:55:43,735 - database_manager - INFO - Parse debates XML-Datei: debates2018-02-06a.xml
2025-09-20 19:55:43,736 - database_manager - INFO - Debates XML erfolgreich geparst: 0 Debatten, 0 Reden, 0 Wörter
2025-09-20 19:55:43,736 - database_manager - INFO - Verarbeite Datei 686/2945: debates2018-12-06a.xml
2025-09-20 19:55:43,736 - database_manager - INFO - Parse debates XML-Datei: debates2018-12-06a.xml
2025-09-20 19:55:43,759 - database_manager - INFO - Debates XML erfolgreich geparst: 21 Debatten, 594 Reden, 91614 Wörter
2025-09-20 19:55:43,760 - database_manager - INFO - Verarbeite Datei 687/2945: debates2015-12-10b.xml
2025-09-20 19:55:43,760 - database_manager - INFO - Parse debates XML-Datei: debates2015-12-10b.xml
2025-09-20 19:55:43,761 - database_manager - INFO - Debates XML erfolgreich geparst: 0 Debatten, 0 Reden, 0 Wörter
2025-09-20 19:55:43,761 - database_manager - INFO - Verarbeite Datei 688/2945: debates2017-07-19b.xml
2025-09-20 19:55:43,761 - database_manager - INFO - Parse debates XML-Datei: debates2017-07-19b.xml
2025-09-20 19:55:43,762 - database_manager - INFO - Debates XML erfolgreich geparst: 0 Debatten, 0 Reden, 0 Wörter
2025-09-20 19:55:43,762 - database_manager - INFO - Verarbeite Datei 689/2945: debates2021-11-23b.xml
2025-09-20 19:55:43,762 - database_manager - INFO - Parse debates XML-Datei: debates2021-11-23b.xml
2025-09-20 19:55:43,778 - database_manager - INFO - Debates XML erfolgreich geparst: 49 Debatten, 358 Reden, 63239 Wörter
2025-09-20 19:55:43,779 - database_manager - INFO - Verarbeite Datei 690/2945: debates2014-06-17b.xml
2025-09-20 19:55:43,779 - database_manager - INFO - Parse debates XML-Datei: debates2014-06-17b.xml
2025-09-20 19:55:43,797 - database_manager - INFO - Debates XML erfolgreich geparst: 34 Debatten, 417 Reden, 69407 Wörter
2025-09-20 19:55:43,798 - database_manager - INFO - Verarbeite Datei 691/2945: debates2016-11-23b.xml
2025-09-20 19:55:43,798 - database_manager - INFO - Parse debates XML-Datei: debates2016-11-23b.xml
2025-09-20 19:55:43,798 - database_manager - INFO - Debates XML erfolgreich geparst: 0 Debatten, 0 Reden, 0 Wörter
2025-09-20 19:55:43,799 - database_manager - INFO - Verarbeite Datei 692/2945: debates2013-12-04a.xml
2025-09-20 19:55:43,799 - database_manager - INFO - Parse debates XML-Datei: debates2013-12-04a.xml
2025-09-20 19:55:43,800 - database_manager - INFO - Debates XML erfolgreich geparst: 0 Debatten, 0 Reden, 0 Wörter
2025-09-20 19:55:43,800 - database_manager - INFO - Verarbeite Datei 693/2945: debates2013-11-18b.xml
2025-09-20 19:55:43,800 - database_manager - INFO - Parse debates XML-Datei: debates2013-11-18b.xml
2025-09-20 19:55:43,815 - database_manager - INFO - Debates XML erfolgreich geparst: 27 Debatten, 528 Reden, 58457 Wörter
2025-09-20 19:55:43,815 - database_manager - INFO - Verarbeite Datei 694/2945: debates2019-10-08c.xml
2025-09-20 19:55:43,815 - database_manager - INFO - Parse debates XML-Datei: debates2019-10-08c.xml
2025-09-20 19:55:43,853 - database_manager - INFO - Debates XML erfolgreich geparst: 19 Debatten, 562 Reden, 61821 Wörter
2025-09-20 19:55:43,854 - database_manager - INFO - Verarbeite Datei 695/2945: debates2013-02-04a.xml
2025-09-20 19:55:43,854 - database_manager - INFO - Parse debates XML-Datei: debates2013-02-04a.xml
2025-09-20 19:55:43,881 - database_manager - INFO - Debates XML erfolgreich geparst: 25 Debatten, 383 Reden, 43580 Wörter
2025-09-20 19:55:43,881 - database_manager - INFO - Verarbeite Datei 696/2945: debates2020-09-07b.xml
2025-09-20 19:55:43,882 - database_manager - INFO - Parse debates XML-Datei: debates2020-09-07b.xml
2025-09-20 19:55:43,883 - database_manager - INFO - Debates XML erfolgreich geparst: 0 Debatten, 0 Reden, 0 Wörter
2025-09-20 19:55:43,883 - database_manager - INFO - Verarbeite Datei 697/2945: debates2018-01-16a.xml
2025-09-20 19:55:43,884 - database_manager - INFO - Parse debates XML-Datei: debates2018-01-16a.xml
2025-09-20 19:55:43,887 - database_manager - INFO - Debates XML erfolgreich geparst: 0 Debatten, 0 Reden, 0 Wörter
2025-09-20 19:55:43,887 - database_manager - INFO - Verarbeite Datei 698/2945: debates2021-03-12a.xml
2025-09-20 19:55:43,887 - database_manager - INFO - Parse debates XML-Datei: debates2021-03-12a.xml
2025-09-20 19:55:43,897 - database_manager - INFO - Debates XML erfolgreich geparst: 6 Debatten, 113 Reden, 35355 Wörter
2025-09-20 19:55:43,897 - database_manager - INFO - Verarbeite Datei 699/2945: debates2015-10-21a.xml
2025-09-20 19:55:43,897 - database_manager - INFO - Parse debates XML-Datei: debates2015-10-21a.xml
2025-09-20 19:55:43,898 - database_manager - INFO - Debates XML erfolgreich geparst: 0 Debatten, 0 Reden, 0 Wörter
2025-09-20 19:55:43,899 - database_manager - INFO - Verarbeite Datei 700/2945: debates2020-07-15a.xml
2025-09-20 19:55:43,899 - database_manager - INFO - Parse debates XML-Datei: debates2020-07-15a.xml
2025-09-20 19:55:43,900 - database_manager - INFO - Debates XML erfolgreich geparst: 0 Debatten, 0 Reden, 0 Wörter
2025-09-20 19:55:43,900 - database_manager - INFO - Verarbeite Datei 701/2945: debates2019-03-18c.xml
2025-09-20 19:55:43,900 - database_manager - INFO - Parse debates XML-Datei: debates2019-03-18c.xml
2025-09-20 19:55:43,921 - database_manager - INFO - Debates XML erfolgreich geparst: 30 Debatten, 642 Reden, 71067 Wörter
2025-09-20 19:55:43,922 - database_manager - INFO - Verarbeite Datei 702/2945: debates2013-01-14a.xml
2025-09-20 19:55:43,922 - database_manager - INFO - Parse debates XML-Datei: debates2013-01-14a.xml
2025-09-20 19:55:43,923 - database_manager - INFO - Debates XML erfolgreich geparst: 0 Debatten, 0 Reden, 0 Wörter
2025-09-20 19:55:43,923 - database_manager - INFO - Verarbeite Datei 703/2945: debates2012-05-09b.xml
2025-09-20 19:55:43,923 - database_manager - INFO - Parse debates XML-Datei: debates2012-05-09b.xml
2025-09-20 19:55:43,924 - database_manager - INFO - Debates XML erfolgreich geparst: 0 Debatten, 0 Reden, 0 Wörter
2025-09-20 19:55:43,924 - database_manager - INFO - Verarbeite Datei 704/2945: debates2018-12-10a.xml
2025-09-20 19:55:43,924 - database_manager - INFO - Parse debates XML-Datei: debates2018-12-10a.xml
2025-09-20 19:55:43,925 - database_manager - INFO - Debates XML erfolgreich geparst: 0 Debatten, 0 Reden, 0 Wörter
2025-09-20 19:55:43,925 - database_manager - INFO - Verarbeite Datei 705/2945: debates2021-03-08b.xml
2025-09-20 19:55:43,925 - database_manager - INFO - Parse debates XML-Datei: debates2021-03-08b.xml
2025-09-20 19:55:43,941 - database_manager - INFO - Debates XML erfolgreich geparst: 20 Debatten, 336 Reden, 68346 Wörter
2025-09-20 19:55:43,941 - database_manager - INFO - Verarbeite Datei 706/2945: debates2021-04-20c.xml
2025-09-20 19:55:43,941 - database_manager - INFO - Parse debates XML-Datei: debates2021-04-20c.xml
2025-09-20 19:55:43,957 - database_manager - INFO - Debates XML erfolgreich geparst: 23 Debatten, 346 Reden, 57242 Wörter
2025-09-20 19:55:43,957 - database_manager - INFO - Verarbeite Datei 707/2945: debates2013-02-12a.xml
2025-09-20 19:55:43,957 - database_manager - INFO - Parse debates XML-Datei: debates2013-02-12a.xml
2025-09-20 19:55:43,975 - database_manager - INFO - Debates XML erfolgreich geparst: 25 Debatten, 487 Reden, 64199 Wörter
2025-09-20 19:55:43,976 - database_manager - INFO - Verarbeite Datei 708/2945: debates2016-02-29a.xml
2025-09-20 19:55:43,976 - database_manager - INFO - Parse debates XML-Datei: debates2016-02-29a.xml
2025-09-20 19:55:43,977 - database_manager - INFO - Debates XML erfolgreich geparst: 0 Debatten, 0 Reden, 0 Wörter
2025-09-20 19:55:43,977 - database_manager - INFO - Verarbeite Datei 709/2945: debates2016-03-08b.xml
2025-09-20 19:55:43,977 - database_manager - INFO - Parse debates XML-Datei: debates2016-03-08b.xml
2025-09-20 19:55:43,993 - database_manager - INFO - Debates XML erfolgreich geparst: 25 Debatten, 465 Reden, 59627 Wörter
2025-09-20 19:55:43,993 - database_manager - INFO - Verarbeite Datei 710/2945: debates2013-12-12a.xml
2025-09-20 19:55:43,993 - database_manager - INFO - Parse debates XML-Datei: debates2013-12-12a.xml
2025-09-20 19:55:44,008 - database_manager - INFO - Debates XML erfolgreich geparst: 17 Debatten, 437 Reden, 55862 Wörter
2025-09-20 19:55:44,008 - database_manager - INFO - Verarbeite Datei 711/2945: debates2019-06-17a.xml
2025-09-20 19:55:44,008 - database_manager - INFO - Parse debates XML-Datei: debates2019-06-17a.xml
2025-09-20 19:55:44,020 - database_manager - INFO - Debates XML erfolgreich geparst: 16 Debatten, 384 Reden, 41963 Wörter
2025-09-20 19:55:44,020 - database_manager - INFO - Verarbeite Datei 712/2945: debates2012-04-24b.xml
2025-09-20 19:55:44,020 - database_manager - INFO - Parse debates XML-Datei: debates2012-04-24b.xml
2025-09-20 19:55:44,038 - database_manager - INFO - Debates XML erfolgreich geparst: 35 Debatten, 535 Reden, 57406 Wörter
2025-09-20 19:55:44,038 - database_manager - INFO - Verarbeite Datei 713/2945: debates2021-10-18b.xml
2025-09-20 19:55:44,038 - database_manager - INFO - Parse debates XML-Datei: debates2021-10-18b.xml
2025-09-20 19:55:44,039 - database_manager - INFO - Debates XML erfolgreich geparst: 0 Debatten, 0 Reden, 0 Wörter
2025-09-20 19:55:44,039 - database_manager - INFO - Verarbeite Datei 714/2945: debates2017-07-03a.xml
2025-09-20 19:55:44,039 - database_manager - INFO - Parse debates XML-Datei: debates2017-07-03a.xml
2025-09-20 19:55:44,040 - database_manager - INFO - Debates XML erfolgreich geparst: 0 Debatten, 0 Reden, 0 Wörter
2025-09-20 19:55:44,040 - database_manager - INFO - Verarbeite Datei 715/2945: debates2017-06-22b.xml
2025-09-20 19:55:44,040 - database_manager - INFO - Parse debates XML-Datei: debates2017-06-22b.xml
2025-09-20 19:55:44,049 - database_manager - INFO - Debates XML erfolgreich geparst: 5 Debatten, 120 Reden, 37013 Wörter
2025-09-20 19:55:44,049 - database_manager - INFO - Verarbeite Datei 716/2945: debates2018-07-09c.xml
2025-09-20 19:55:44,049 - database_manager - INFO - Parse debates XML-Datei: debates2018-07-09c.xml
2025-09-20 19:55:44,067 - database_manager - INFO - Debates XML erfolgreich geparst: 31 Debatten, 586 Reden, 68217 Wörter
2025-09-20 19:55:44,068 - database_manager - INFO - Verarbeite Datei 717/2945: debates2021-02-25b.xml
2025-09-20 19:55:44,068 - database_manager - INFO - Parse debates XML-Datei: debates2021-02-25b.xml
2025-09-20 19:55:44,068 - database_manager - INFO - Debates XML erfolgreich geparst: 0 Debatten, 0 Reden, 0 Wörter
2025-09-20 19:55:44,069 - database_manager - INFO - Verarbeite Datei 718/2945: debates2021-03-04a.xml
2025-09-20 19:55:44,069 - database_manager - INFO - Parse debates XML-Datei: debates2021-03-04a.xml
2025-09-20 19:55:44,069 - database_manager - INFO - Debates XML erfolgreich geparst: 0 Debatten, 0 Reden, 0 Wörter
2025-09-20 19:55:44,069 - database_manager - INFO - Verarbeite Datei 719/2945: debates2016-03-04a.xml
2025-09-20 19:55:44,069 - database_manager - INFO - Parse debates XML-Datei: debates2016-03-04a.xml
2025-09-20 19:55:44,070 - database_manager - INFO - Debates XML erfolgreich geparst: 0 Debatten, 0 Reden, 0 Wörter
2025-09-20 19:55:44,070 - database_manager - INFO - Verarbeite Datei 720/2945: debates2020-06-22b.xml
2025-09-20 19:55:44,070 - database_manager - INFO - Parse debates XML-Datei: debates2020-06-22b.xml
2025-09-20 19:55:44,081 - database_manager - INFO - Debates XML erfolgreich geparst: 17 Debatten, 320 Reden, 40659 Wörter
2025-09-20 19:55:44,081 - database_manager - INFO - Verarbeite Datei 721/2945: debates2019-05-07a.xml
2025-09-20 19:55:44,081 - database_manager - INFO - Parse debates XML-Datei: debates2019-05-07a.xml
2025-09-20 19:55:44,097 - database_manager - INFO - Debates XML erfolgreich geparst: 24 Debatten, 474 Reden, 51181 Wörter
2025-09-20 19:55:44,097 - database_manager - INFO - Verarbeite Datei 722/2945: debates2016-10-18b.xml
2025-09-20 19:55:44,097 - database_manager - INFO - Parse debates XML-Datei: debates2016-10-18b.xml
2025-09-20 19:55:44,098 - database_manager - INFO - Debates XML erfolgreich geparst: 0 Debatten, 0 Reden, 0 Wörter
2025-09-20 19:55:44,098 - database_manager - INFO - Verarbeite Datei 723/2945: debates2014-04-30a.xml
2025-09-20 19:55:44,098 - database_manager - INFO - Parse debates XML-Datei: debates2014-04-30a.xml
2025-09-20 19:55:44,119 - database_manager - INFO - Debates XML erfolgreich geparst: 27 Debatten, 565 Reden, 72457 Wörter
2025-09-20 19:55:44,119 - database_manager - INFO - Verarbeite Datei 724/2945: debates2012-03-20b.xml
2025-09-20 19:55:44,119 - database_manager - INFO - Parse debates XML-Datei: debates2012-03-20b.xml
2025-09-20 19:55:44,137 - database_manager - INFO - Debates XML erfolgreich geparst: 29 Debatten, 497 Reden, 56341 Wörter
2025-09-20 19:55:44,137 - database_manager - INFO - Verarbeite Datei 725/2945: debates2012-02-01a.xml
2025-09-20 19:55:44,137 - database_manager - INFO - Parse debates XML-Datei: debates2012-02-01a.xml
2025-09-20 19:55:44,345 - database_manager - INFO - Debates XML erfolgreich geparst: 36 Debatten, 702 Reden, 60289 Wörter
2025-09-20 19:55:44,345 - database_manager - INFO - Verarbeite Datei 726/2945: debates2018-06-04a.xml
2025-09-20 19:55:44,345 - database_manager - INFO - Parse debates XML-Datei: debates2018-06-04a.xml
2025-09-20 19:55:44,347 - database_manager - INFO - Debates XML erfolgreich geparst: 0 Debatten, 0 Reden, 0 Wörter
2025-09-20 19:55:44,347 - database_manager - INFO - Verarbeite Datei 727/2945: debates2021-02-09c.xml
2025-09-20 19:55:44,347 - database_manager - INFO - Parse debates XML-Datei: debates2021-02-09c.xml
2025-09-20 19:55:44,365 - database_manager - INFO - Debates XML erfolgreich geparst: 21 Debatten, 403 Reden, 68792 Wörter
2025-09-20 19:55:44,366 - database_manager - INFO - Verarbeite Datei 728/2945: debates2016-02-09c.xml
2025-09-20 19:55:44,366 - database_manager - INFO - Parse debates XML-Datei: debates2016-02-09c.xml
2025-09-20 19:55:44,384 - database_manager - INFO - Debates XML erfolgreich geparst: 18 Debatten, 498 Reden, 62123 Wörter
2025-09-20 19:55:44,385 - database_manager - INFO - Verarbeite Datei 729/2945: debates2013-06-06a.xml
2025-09-20 19:55:44,385 - database_manager - INFO - Parse debates XML-Datei: debates2013-06-06a.xml
2025-09-20 19:55:44,386 - database_manager - INFO - Debates XML erfolgreich geparst: 0 Debatten, 0 Reden, 0 Wörter
2025-09-20 19:55:44,386 - database_manager - INFO - Verarbeite Datei 730/2945: debates2020-10-07a.xml
2025-09-20 19:55:44,386 - database_manager - INFO - Parse debates XML-Datei: debates2020-10-07a.xml
2025-09-20 19:55:44,386 - database_manager - INFO - Debates XML erfolgreich geparst: 0 Debatten, 0 Reden, 0 Wörter
2025-09-20 19:55:44,387 - database_manager - INFO - Verarbeite Datei 731/2945: debates2020-11-26b.xml
2025-09-20 19:55:44,387 - database_manager - INFO - Parse debates XML-Datei: debates2020-11-26b.xml
2025-09-20 19:55:44,387 - database_manager - INFO - Debates XML erfolgreich geparst: 0 Debatten, 0 Reden, 0 Wörter
2025-09-20 19:55:44,387 - database_manager - INFO - Verarbeite Datei 732/2945: debates2016-11-14d.xml
2025-09-20 19:55:44,387 - database_manager - INFO - Parse debates XML-Datei: debates2016-11-14d.xml
2025-09-20 19:55:44,388 - database_manager - INFO - Debates XML erfolgreich geparst: 0 Debatten, 0 Reden, 0 Wörter
2025-09-20 19:55:44,388 - database_manager - INFO - Verarbeite Datei 733/2945: debates2014-10-28b.xml
2025-09-20 19:55:44,388 - database_manager - INFO - Parse debates XML-Datei: debates2014-10-28b.xml
2025-09-20 19:55:44,389 - database_manager - INFO - Debates XML erfolgreich geparst: 0 Debatten, 0 Reden, 0 Wörter
2025-09-20 19:55:44,389 - database_manager - INFO - Verarbeite Datei 734/2945: debates2020-09-30d.xml
2025-09-20 19:55:44,389 - database_manager - INFO - Parse debates XML-Datei: debates2020-09-30d.xml
2025-09-20 19:55:44,410 - database_manager - INFO - Debates XML erfolgreich geparst: 17 Debatten, 441 Reden, 61376 Wörter
2025-09-20 19:55:44,411 - database_manager - INFO - Verarbeite Datei 735/2945: debates2014-01-09a.xml
2025-09-20 19:55:44,411 - database_manager - INFO - Parse debates XML-Datei: debates2014-01-09a.xml
2025-09-20 19:55:44,412 - database_manager - INFO - Debates XML erfolgreich geparst: 0 Debatten, 0 Reden, 0 Wörter
2025-09-20 19:55:44,412 - database_manager - INFO - Verarbeite Datei 736/2945: debates2012-01-11a.xml
2025-09-20 19:55:44,412 - database_manager - INFO - Parse debates XML-Datei: debates2012-01-11a.xml
2025-09-20 19:55:44,412 - database_manager - INFO - Debates XML erfolgreich geparst: 0 Debatten, 0 Reden, 0 Wörter
2025-09-20 19:55:44,412 - database_manager - INFO - Verarbeite Datei 737/2945: debates2018-05-14a.xml
2025-09-20 19:55:44,413 - database_manager - INFO - Parse debates XML-Datei: debates2018-05-14a.xml
2025-09-20 19:55:44,413 - database_manager - INFO - Debates XML erfolgreich geparst: 0 Debatten, 0 Reden, 0 Wörter
2025-09-20 19:55:44,413 - database_manager - INFO - Verarbeite Datei 738/2945: debates2019-09-04c.xml
2025-09-20 19:55:44,413 - database_manager - INFO - Parse debates XML-Datei: debates2019-09-04c.xml
2025-09-20 19:55:44,434 - database_manager - INFO - Debates XML erfolgreich geparst: 18 Debatten, 656 Reden, 72643 Wörter
2025-09-20 19:55:44,434 - database_manager - INFO - Verarbeite Datei 739/2945: debates2013-05-16a.xml
2025-09-20 19:55:44,434 - database_manager - INFO - Parse debates XML-Datei: debates2013-05-16a.xml
2025-09-20 19:55:44,448 - database_manager - INFO - Debates XML erfolgreich geparst: 23 Debatten, 434 Reden, 50475 Wörter
2025-09-20 19:55:44,449 - database_manager - INFO - Verarbeite Datei 740/2945: debates2016-01-19c.xml
2025-09-20 19:55:44,449 - database_manager - INFO - Parse debates XML-Datei: debates2016-01-19c.xml
2025-09-20 19:55:44,468 - database_manager - INFO - Debates XML erfolgreich geparst: 17 Debatten, 486 Reden, 62503 Wörter
2025-09-20 19:55:44,469 - database_manager - INFO - Verarbeite Datei 741/2945: debates2014-10-24a.xml
2025-09-20 19:55:44,469 - database_manager - INFO - Parse debates XML-Datei: debates2014-10-24a.xml
2025-09-20 19:55:44,477 - database_manager - INFO - Debates XML erfolgreich geparst: 6 Debatten, 103 Reden, 40374 Wörter
2025-09-20 19:55:44,477 - database_manager - INFO - Verarbeite Datei 742/2945: debates2020-03-17a.xml
2025-09-20 19:55:44,477 - database_manager - INFO - Parse debates XML-Datei: debates2020-03-17a.xml
2025-09-20 19:55:44,478 - database_manager - INFO - Debates XML erfolgreich geparst: 0 Debatten, 0 Reden, 0 Wörter
2025-09-20 19:55:44,479 - database_manager - INFO - Verarbeite Datei 743/2945: debates2021-09-09b.xml
2025-09-20 19:55:44,479 - database_manager - INFO - Parse debates XML-Datei: debates2021-09-09b.xml
2025-09-20 19:55:44,480 - database_manager - INFO - Debates XML erfolgreich geparst: 0 Debatten, 0 Reden, 0 Wörter
2025-09-20 19:55:44,480 - database_manager - INFO - Verarbeite Datei 744/2945: debates2021-03-22d.xml
2025-09-20 19:55:44,480 - database_manager - INFO - Parse debates XML-Datei: debates2021-03-22d.xml
2025-09-20 19:55:44,498 - database_manager - INFO - Debates XML erfolgreich geparst: 19 Debatten, 423 Reden, 67197 Wörter
2025-09-20 19:55:44,499 - database_manager - INFO - Verarbeite Datei 745/2945: debates2019-01-14b.xml
2025-09-20 19:55:44,499 - database_manager - INFO - Parse debates XML-Datei: debates2019-01-14b.xml
2025-09-20 19:55:44,525 - database_manager - INFO - Debates XML erfolgreich geparst: 29 Debatten, 739 Reden, 100081 Wörter
2025-09-20 19:55:44,525 - database_manager - INFO - Verarbeite Datei 746/2945: debates2019-02-08a.xml
2025-09-20 19:55:44,525 - database_manager - INFO - Parse debates XML-Datei: debates2019-02-08a.xml
2025-09-20 19:55:44,528 - database_manager - INFO - Debates XML erfolgreich geparst: 1 Debatten, 7 Reden, 3025 Wörter
2025-09-20 19:55:44,528 - database_manager - INFO - Verarbeite Datei 747/2945: debates2012-03-27a.xml
2025-09-20 19:55:44,528 - database_manager - INFO - Parse debates XML-Datei: debates2012-03-27a.xml
2025-09-20 19:55:44,545 - database_manager - INFO - Debates XML erfolgreich geparst: 24 Debatten, 482 Reden, 62809 Wörter
2025-09-20 19:55:44,545 - database_manager - INFO - Verarbeite Datei 748/2945: debates2012-02-06b.xml
2025-09-20 19:55:44,545 - database_manager - INFO - Parse debates XML-Datei: debates2012-02-06b.xml
2025-09-20 19:55:44,546 - database_manager - INFO - Debates XML erfolgreich geparst: 0 Debatten, 0 Reden, 0 Wörter
2025-09-20 19:55:44,546 - database_manager - INFO - Verarbeite Datei 749/2945: debates2015-06-15a.xml
2025-09-20 19:55:44,546 - database_manager - INFO - Parse debates XML-Datei: debates2015-06-15a.xml
2025-09-20 19:55:44,547 - database_manager - INFO - Debates XML erfolgreich geparst: 0 Debatten, 0 Reden, 0 Wörter
2025-09-20 19:55:44,547 - database_manager - INFO - Verarbeite Datei 750/2945: debates2017-11-21a.xml
2025-09-20 19:55:44,548 - database_manager - INFO - Parse debates XML-Datei: debates2017-11-21a.xml
2025-09-20 19:55:44,548 - database_manager - INFO - Debates XML erfolgreich geparst: 0 Debatten, 0 Reden, 0 Wörter
2025-09-20 19:55:44,549 - database_manager - INFO - Verarbeite Datei 751/2945: debates2021-05-26a.xml
2025-09-20 19:55:44,549 - database_manager - INFO - Parse debates XML-Datei: debates2021-05-26a.xml
2025-09-20 19:55:44,549 - database_manager - INFO - Debates XML erfolgreich geparst: 0 Debatten, 0 Reden, 0 Wörter
2025-09-20 19:55:44,549 - database_manager - INFO - Verarbeite Datei 752/2945: debates2020-01-20e.xml
2025-09-20 19:55:44,549 - database_manager - INFO - Parse debates XML-Datei: debates2020-01-20e.xml
2025-09-20 19:55:44,566 - database_manager - INFO - Debates XML erfolgreich geparst: 17 Debatten, 316 Reden, 67215 Wörter
2025-09-20 19:55:44,566 - database_manager - INFO - Verarbeite Datei 753/2945: debates2016-05-26a.xml
2025-09-20 19:55:44,566 - database_manager - INFO - Parse debates XML-Datei: debates2016-05-26a.xml
2025-09-20 19:55:44,567 - database_manager - INFO - Debates XML erfolgreich geparst: 0 Debatten, 0 Reden, 0 Wörter
2025-09-20 19:55:44,567 - database_manager - INFO - Verarbeite Datei 754/2945: debates2019-03-25a.xml
2025-09-20 19:55:44,567 - database_manager - INFO - Parse debates XML-Datei: debates2019-03-25a.xml
2025-09-20 19:55:44,569 - database_manager - INFO - Debates XML erfolgreich geparst: 0 Debatten, 0 Reden, 0 Wörter
2025-09-20 19:55:44,569 - database_manager - INFO - Verarbeite Datei 755/2945: debates2019-02-04b.xml
2025-09-20 19:55:44,569 - database_manager - INFO - Parse debates XML-Datei: debates2019-02-04b.xml
2025-09-20 19:55:44,570 - database_manager - INFO - Debates XML erfolgreich geparst: 0 Debatten, 0 Reden, 0 Wörter
2025-09-20 19:55:44,570 - database_manager - INFO - Verarbeite Datei 756/2945: debates2014-02-12a.xml
2025-09-20 19:55:44,570 - database_manager - INFO - Parse debates XML-Datei: debates2014-02-12a.xml
2025-09-20 19:55:44,571 - database_manager - INFO - Debates XML erfolgreich geparst: 0 Debatten, 0 Reden, 0 Wörter
2025-09-20 19:55:44,571 - database_manager - INFO - Verarbeite Datei 757/2945: debates2016-09-05a.xml
2025-09-20 19:55:44,571 - database_manager - INFO - Parse debates XML-Datei: debates2016-09-05a.xml
2025-09-20 19:55:44,595 - database_manager - INFO - Debates XML erfolgreich geparst: 30 Debatten, 612 Reden, 76539 Wörter
2025-09-20 19:55:44,596 - database_manager - INFO - Verarbeite Datei 758/2945: debates2020-01-21a.xml
2025-09-20 19:55:44,596 - database_manager - INFO - Parse debates XML-Datei: debates2020-01-21a.xml
2025-09-20 19:55:44,612 - database_manager - INFO - Debates XML erfolgreich geparst: 12 Debatten, 345 Reden, 62758 Wörter
2025-09-20 19:55:44,612 - database_manager - INFO - Verarbeite Datei 759/2945: debates2017-07-04b.xml
2025-09-20 19:55:44,612 - database_manager - INFO - Parse debates XML-Datei: debates2017-07-04b.xml
2025-09-20 19:55:44,613 - database_manager - INFO - Debates XML erfolgreich geparst: 0 Debatten, 0 Reden, 0 Wörter
2025-09-20 19:55:44,613 - database_manager - INFO - Verarbeite Datei 760/2945: debates2017-04-18a.xml
2025-09-20 19:55:44,613 - database_manager - INFO - Parse debates XML-Datei: debates2017-04-18a.xml
2025-09-20 19:55:44,614 - database_manager - INFO - Debates XML erfolgreich geparst: 0 Debatten, 0 Reden, 0 Wörter
2025-09-20 19:55:44,614 - database_manager - INFO - Verarbeite Datei 761/2945: debates2018-10-26a.xml
2025-09-20 19:55:44,614 - database_manager - INFO - Parse debates XML-Datei: debates2018-10-26a.xml
2025-09-20 19:55:44,625 - database_manager - INFO - Debates XML erfolgreich geparst: 4 Debatten, 277 Reden, 41489 Wörter
2025-09-20 19:55:44,625 - database_manager - INFO - Verarbeite Datei 762/2945: debates2012-04-23a.xml
2025-09-20 19:55:44,625 - database_manager - INFO - Parse debates XML-Datei: debates2012-04-23a.xml
2025-09-20 19:55:44,626 - database_manager - INFO - Debates XML erfolgreich geparst: 0 Debatten, 0 Reden, 0 Wörter
2025-09-20 19:55:44,626 - database_manager - INFO - Verarbeite Datei 763/2945: debates2021-06-16c.xml
2025-09-20 19:55:44,626 - database_manager - INFO - Parse debates XML-Datei: debates2021-06-16c.xml
2025-09-20 19:55:44,646 - database_manager - INFO - Debates XML erfolgreich geparst: 30 Debatten, 474 Reden, 66637 Wörter
2025-09-20 19:55:44,647 - database_manager - INFO - Verarbeite Datei 764/2945: debates2012-10-17c.xml
2025-09-20 19:55:44,647 - database_manager - INFO - Parse debates XML-Datei: debates2012-10-17c.xml
2025-09-20 19:55:44,666 - database_manager - INFO - Debates XML erfolgreich geparst: 42 Debatten, 467 Reden, 59644 Wörter
2025-09-20 19:55:44,666 - database_manager - INFO - Verarbeite Datei 765/2945: debates2017-12-11c.xml
2025-09-20 19:55:44,666 - database_manager - INFO - Parse debates XML-Datei: debates2017-12-11c.xml
2025-09-20 19:55:44,688 - database_manager - INFO - Debates XML erfolgreich geparst: 27 Debatten, 646 Reden, 67906 Wörter
2025-09-20 19:55:44,688 - database_manager - INFO - Verarbeite Datei 766/2945: debates2021-02-22a.xml
2025-09-20 19:55:44,688 - database_manager - INFO - Parse debates XML-Datei: debates2021-02-22a.xml
2025-09-20 19:55:44,689 - database_manager - INFO - Debates XML erfolgreich geparst: 0 Debatten, 0 Reden, 0 Wörter
2025-09-20 19:55:44,689 - database_manager - INFO - Verarbeite Datei 767/2945: debates2016-02-22a.xml
2025-09-20 19:55:44,689 - database_manager - INFO - Parse debates XML-Datei: debates2016-02-22a.xml
2025-09-20 19:55:44,690 - database_manager - INFO - Debates XML erfolgreich geparst: 0 Debatten, 0 Reden, 0 Wörter
2025-09-20 19:55:44,690 - database_manager - INFO - Verarbeite Datei 768/2945: debates2020-06-24e.xml
2025-09-20 19:55:44,690 - database_manager - INFO - Parse debates XML-Datei: debates2020-06-24e.xml
2025-09-20 19:55:44,708 - database_manager - INFO - Debates XML erfolgreich geparst: 14 Debatten, 441 Reden, 64336 Wörter
2025-09-20 19:55:44,708 - database_manager - INFO - Verarbeite Datei 769/2945: debates2016-03-03b.xml
2025-09-20 19:55:44,708 - database_manager - INFO - Parse debates XML-Datei: debates2016-03-03b.xml
2025-09-20 19:55:44,709 - database_manager - INFO - Debates XML erfolgreich geparst: 0 Debatten, 0 Reden, 0 Wörter
2025-09-20 19:55:44,709 - database_manager - INFO - Verarbeite Datei 770/2945: debates2019-10-15c.xml
2025-09-20 19:55:44,709 - database_manager - INFO - Parse debates XML-Datei: debates2019-10-15c.xml
2025-09-20 19:55:44,721 - database_manager - INFO - Debates XML erfolgreich geparst: 8 Debatten, 234 Reden, 42729 Wörter
2025-09-20 19:55:44,722 - database_manager - INFO - Verarbeite Datei 771/2945: debates2020-02-11c.xml
2025-09-20 19:55:44,722 - database_manager - INFO - Parse debates XML-Datei: debates2020-02-11c.xml
2025-09-20 19:55:44,723 - database_manager - INFO - Debates XML erfolgreich geparst: 0 Debatten, 0 Reden, 0 Wörter
2025-09-20 19:55:44,723 - database_manager - INFO - Verarbeite Datei 772/2945: debates2020-06-25a.xml
2025-09-20 19:55:44,723 - database_manager - INFO - Parse debates XML-Datei: debates2020-06-25a.xml
2025-09-20 19:55:44,724 - database_manager - INFO - Debates XML erfolgreich geparst: 0 Debatten, 0 Reden, 0 Wörter
2025-09-20 19:55:44,724 - database_manager - INFO - Verarbeite Datei 773/2945: debates2013-12-19a.xml
2025-09-20 19:55:44,724 - database_manager - INFO - Parse debates XML-Datei: debates2013-12-19a.xml
2025-09-20 19:55:44,725 - database_manager - INFO - Debates XML erfolgreich geparst: 0 Debatten, 0 Reden, 0 Wörter
2025-09-20 19:55:44,725 - database_manager - INFO - Verarbeite Datei 774/2945: debates2013-10-24a.xml
2025-09-20 19:55:44,725 - database_manager - INFO - Parse debates XML-Datei: debates2013-10-24a.xml
2025-09-20 19:55:44,744 - database_manager - INFO - Debates XML erfolgreich geparst: 17 Debatten, 489 Reden, 64000 Wörter
2025-09-20 19:55:44,744 - database_manager - INFO - Verarbeite Datei 775/2945: debates2018-12-17b.xml
2025-09-20 19:55:44,744 - database_manager - INFO - Parse debates XML-Datei: debates2018-12-17b.xml
2025-09-20 19:55:44,745 - database_manager - INFO - Debates XML erfolgreich geparst: 0 Debatten, 0 Reden, 0 Wörter
2025-09-20 19:55:44,746 - database_manager - INFO - Verarbeite Datei 776/2945: debates2015-12-01a.xml
2025-09-20 19:55:44,746 - database_manager - INFO - Parse debates XML-Datei: debates2015-12-01a.xml
2025-09-20 19:55:44,747 - database_manager - INFO - Debates XML erfolgreich geparst: 0 Debatten, 0 Reden, 0 Wörter
2025-09-20 19:55:44,747 - database_manager - INFO - Verarbeite Datei 777/2945: debates2017-06-29b.xml
2025-09-20 19:55:44,747 - database_manager - INFO - Parse debates XML-Datei: debates2017-06-29b.xml
2025-09-20 19:55:44,749 - database_manager - INFO - Debates XML erfolgreich geparst: 0 Debatten, 0 Reden, 0 Wörter
2025-09-20 19:55:44,749 - database_manager - INFO - Verarbeite Datei 778/2945: debates2021-04-26d.xml
2025-09-20 19:55:44,749 - database_manager - INFO - Parse debates XML-Datei: debates2021-04-26d.xml
2025-09-20 19:55:44,774 - database_manager - INFO - Debates XML erfolgreich geparst: 30 Debatten, 521 Reden, 80194 Wörter
2025-09-20 19:55:44,774 - database_manager - INFO - Verarbeite Datei 779/2945: debates2012-06-12b.xml
2025-09-20 19:55:44,774 - database_manager - INFO - Parse debates XML-Datei: debates2012-06-12b.xml
2025-09-20 19:55:44,794 - database_manager - INFO - Debates XML erfolgreich geparst: 31 Debatten, 485 Reden, 69966 Wörter
2025-09-20 19:55:44,794 - database_manager - INFO - Verarbeite Datei 780/2945: debates2015-03-20b.xml
2025-09-20 19:55:44,794 - database_manager - INFO - Parse debates XML-Datei: debates2015-03-20b.xml
2025-09-20 19:55:44,805 - database_manager - INFO - Debates XML erfolgreich geparst: 1 Debatten, 137 Reden, 42315 Wörter
2025-09-20 19:55:44,805 - database_manager - INFO - Verarbeite Datei 781/2945: debates2017-11-01c.xml
2025-09-20 19:55:44,805 - database_manager - INFO - Parse debates XML-Datei: debates2017-11-01c.xml
2025-09-20 19:55:44,831 - database_manager - INFO - Debates XML erfolgreich geparst: 12 Debatten, 681 Reden, 66296 Wörter
2025-09-20 19:55:44,832 - database_manager - INFO - Verarbeite Datei 782/2945: debates2019-02-25d.xml
2025-09-20 19:55:44,832 - database_manager - INFO - Parse debates XML-Datei: debates2019-02-25d.xml
2025-09-20 19:55:44,848 - database_manager - INFO - Debates XML erfolgreich geparst: 24 Debatten, 477 Reden, 64139 Wörter
2025-09-20 19:55:44,849 - database_manager - INFO - Verarbeite Datei 783/2945: debates2013-01-09a.xml
2025-09-20 19:55:44,849 - database_manager - INFO - Parse debates XML-Datei: debates2013-01-09a.xml
2025-09-20 19:55:44,850 - database_manager - INFO - Debates XML erfolgreich geparst: 0 Debatten, 0 Reden, 0 Wörter
2025-09-20 19:55:44,850 - database_manager - INFO - Verarbeite Datei 784/2945: debates2020-09-16a.xml
2025-09-20 19:55:44,850 - database_manager - INFO - Parse debates XML-Datei: debates2020-09-16a.xml
2025-09-20 19:55:44,852 - database_manager - INFO - Debates XML erfolgreich geparst: 0 Debatten, 0 Reden, 0 Wörter
2025-09-20 19:55:44,852 - database_manager - INFO - Verarbeite Datei 785/2945: debates2019-06-10b.xml
2025-09-20 19:55:44,852 - database_manager - INFO - Parse debates XML-Datei: debates2019-06-10b.xml
2025-09-20 19:55:44,868 - database_manager - INFO - Debates XML erfolgreich geparst: 21 Debatten, 464 Reden, 61827 Wörter
2025-09-20 19:55:44,869 - database_manager - INFO - Verarbeite Datei 786/2945: debates2016-10-13b.xml
2025-09-20 19:55:44,869 - database_manager - INFO - Parse debates XML-Datei: debates2016-10-13b.xml
2025-09-20 19:55:44,883 - database_manager - INFO - Debates XML erfolgreich geparst: 23 Debatten, 354 Reden, 63320 Wörter
2025-09-20 19:55:44,884 - database_manager - INFO - Verarbeite Datei 787/2945: debates2020-10-21d.xml
2025-09-20 19:55:44,884 - database_manager - INFO - Parse debates XML-Datei: debates2020-10-21d.xml
2025-09-20 19:55:44,884 - database_manager - INFO - Debates XML erfolgreich geparst: 0 Debatten, 0 Reden, 0 Wörter
2025-09-20 19:55:44,885 - database_manager - INFO - Verarbeite Datei 788/2945: debates2013-10-28b.xml
2025-09-20 19:55:44,885 - database_manager - INFO - Parse debates XML-Datei: debates2013-10-28b.xml
2025-09-20 19:55:44,898 - database_manager - INFO - Debates XML erfolgreich geparst: 21 Debatten, 356 Reden, 48318 Wörter
2025-09-20 19:55:44,898 - database_manager - INFO - Verarbeite Datei 789/2945: debates2020-07-08a.xml
2025-09-20 19:55:44,898 - database_manager - INFO - Parse debates XML-Datei: debates2020-07-08a.xml
2025-09-20 19:55:44,899 - database_manager - INFO - Debates XML erfolgreich geparst: 0 Debatten, 0 Reden, 0 Wörter
2025-09-20 19:55:44,899 - database_manager - INFO - Verarbeite Datei 790/2945: debates2020-06-29b.xml
2025-09-20 19:55:44,899 - database_manager - INFO - Parse debates XML-Datei: debates2020-06-29b.xml
2025-09-20 19:55:44,900 - database_manager - INFO - Debates XML erfolgreich geparst: 0 Debatten, 0 Reden, 0 Wörter
2025-09-20 19:55:44,900 - database_manager - INFO - Verarbeite Datei 791/2945: debates2021-01-28b.xml
2025-09-20 19:55:44,900 - database_manager - INFO - Parse debates XML-Datei: debates2021-01-28b.xml
2025-09-20 19:55:44,901 - database_manager - INFO - Debates XML erfolgreich geparst: 0 Debatten, 0 Reden, 0 Wörter
2025-09-20 19:55:44,901 - database_manager - INFO - Verarbeite Datei 792/2945: debates2021-03-15b.xml
2025-09-20 19:55:44,901 - database_manager - INFO - Parse debates XML-Datei: debates2021-03-15b.xml
2025-09-20 19:55:44,918 - database_manager - INFO - Debates XML erfolgreich geparst: 22 Debatten, 425 Reden, 69970 Wörter
2025-09-20 19:55:44,918 - database_manager - INFO - Verarbeite Datei 793/2945: debates2015-01-07a.xml
2025-09-20 19:55:44,918 - database_manager - INFO - Parse debates XML-Datei: debates2015-01-07a.xml
2025-09-20 19:55:44,919 - database_manager - INFO - Debates XML erfolgreich geparst: 0 Debatten, 0 Reden, 0 Wörter
2025-09-20 19:55:44,919 - database_manager - INFO - Verarbeite Datei 794/2945: debates2012-05-14b.xml
2025-09-20 19:55:44,919 - database_manager - INFO - Parse debates XML-Datei: debates2012-05-14b.xml
2025-09-20 19:55:44,920 - database_manager - INFO - Debates XML erfolgreich geparst: 0 Debatten, 0 Reden, 0 Wörter
2025-09-20 19:55:44,920 - database_manager - INFO - Verarbeite Datei 795/2945: debates2018-10-30a.xml
2025-09-20 19:55:44,920 - database_manager - INFO - Parse debates XML-Datei: debates2018-10-30a.xml
2025-09-20 19:55:44,921 - database_manager - INFO - Debates XML erfolgreich geparst: 0 Debatten, 0 Reden, 0 Wörter
2025-09-20 19:55:44,921 - database_manager - INFO - Verarbeite Datei 796/2945: debates2015-10-26b.xml
2025-09-20 19:55:44,921 - database_manager - INFO - Parse debates XML-Datei: debates2015-10-26b.xml
2025-09-20 19:55:44,923 - database_manager - INFO - Debates XML erfolgreich geparst: 0 Debatten, 0 Reden, 0 Wörter
2025-09-20 19:55:44,923 - database_manager - INFO - Verarbeite Datei 797/2945: debates2017-07-12b.xml
2025-09-20 19:55:44,923 - database_manager - INFO - Parse debates XML-Datei: debates2017-07-12b.xml
2025-09-20 19:55:44,938 - database_manager - INFO - Debates XML erfolgreich geparst: 12 Debatten, 376 Reden, 63390 Wörter
2025-09-20 19:55:44,938 - database_manager - INFO - Verarbeite Datei 798/2945: debates2019-05-16b.xml
2025-09-20 19:55:44,938 - database_manager - INFO - Parse debates XML-Datei: debates2019-05-16b.xml
2025-09-20 19:55:44,957 - database_manager - INFO - Debates XML erfolgreich geparst: 17 Debatten, 452 Reden, 65045 Wörter
2025-09-20 19:55:44,958 - database_manager - INFO - Verarbeite Datei 799/2945: debates2013-11-12f.xml
2025-09-20 19:55:44,958 - database_manager - INFO - Parse debates XML-Datei: debates2013-11-12f.xml
2025-09-20 19:55:45,197 - database_manager - INFO - Debates XML erfolgreich geparst: 29 Debatten, 664 Reden, 67815 Wörter
2025-09-20 19:55:45,197 - database_manager - INFO - Verarbeite Datei 800/2945: debates2016-01-28b.xml
2025-09-20 19:55:45,197 - database_manager - INFO - Parse debates XML-Datei: debates2016-01-28b.xml
2025-09-20 19:55:45,199 - database_manager - INFO - Debates XML erfolgreich geparst: 0 Debatten, 0 Reden, 0 Wörter
2025-09-20 19:55:45,199 - database_manager - INFO - Verarbeite Datei 801/2945: debates2020-12-07c.xml
2025-09-20 19:55:45,199 - database_manager - INFO - Parse debates XML-Datei: debates2020-12-07c.xml
2025-09-20 19:55:45,215 - database_manager - INFO - Debates XML erfolgreich geparst: 21 Debatten, 447 Reden, 55070 Wörter
2025-09-20 19:55:45,216 - database_manager - INFO - Verarbeite Datei 802/2945: debates2018-03-20a.xml
2025-09-20 19:55:45,216 - database_manager - INFO - Parse debates XML-Datei: debates2018-03-20a.xml
2025-09-20 19:55:45,217 - database_manager - INFO - Debates XML erfolgreich geparst: 0 Debatten, 0 Reden, 0 Wörter
2025-09-20 19:55:45,217 - database_manager - INFO - Verarbeite Datei 803/2945: debates2018-02-01b.xml
2025-09-20 19:55:45,217 - database_manager - INFO - Parse debates XML-Datei: debates2018-02-01b.xml
2025-09-20 19:55:45,218 - database_manager - INFO - Debates XML erfolgreich geparst: 0 Debatten, 0 Reden, 0 Wörter
2025-09-20 19:55:45,218 - database_manager - INFO - Verarbeite Datei 804/2945: debates2021-11-24a.xml
2025-09-20 19:55:45,218 - database_manager - INFO - Parse debates XML-Datei: debates2021-11-24a.xml
2025-09-20 19:55:45,218 - database_manager - INFO - Debates XML erfolgreich geparst: 0 Debatten, 0 Reden, 0 Wörter
2025-09-20 19:55:45,218 - database_manager - INFO - Verarbeite Datei 805/2945: debates2015-12-17a.xml
2025-09-20 19:55:45,218 - database_manager - INFO - Parse debates XML-Datei: debates2015-12-17a.xml
2025-09-20 19:55:45,235 - database_manager - INFO - Debates XML erfolgreich geparst: 25 Debatten, 471 Reden, 67812 Wörter
2025-09-20 19:55:45,236 - database_manager - INFO - Verarbeite Datei 806/2945: debates2021-03-18e.xml
2025-09-20 19:55:45,236 - database_manager - INFO - Parse debates XML-Datei: debates2021-03-18e.xml
2025-09-20 19:55:45,252 - database_manager - INFO - Debates XML erfolgreich geparst: 20 Debatten, 383 Reden, 62786 Wörter
2025-09-20 19:55:45,252 - database_manager - INFO - Verarbeite Datei 807/2945: debates2014-02-24c.xml
2025-09-20 19:55:45,252 - database_manager - INFO - Parse debates XML-Datei: debates2014-02-24c.xml
2025-09-20 19:55:45,270 - database_manager - INFO - Debates XML erfolgreich geparst: 24 Debatten, 483 Reden, 65808 Wörter
2025-09-20 19:55:45,270 - database_manager - INFO - Verarbeite Datei 808/2945: debates2014-06-10a.xml
2025-09-20 19:55:45,270 - database_manager - INFO - Parse debates XML-Datei: debates2014-06-10a.xml
2025-09-20 19:55:45,271 - database_manager - INFO - Debates XML erfolgreich geparst: 0 Debatten, 0 Reden, 0 Wörter
2025-09-20 19:55:45,271 - database_manager - INFO - Verarbeite Datei 809/2945: debates2016-11-24a.xml
2025-09-20 19:55:45,271 - database_manager - INFO - Parse debates XML-Datei: debates2016-11-24a.xml
2025-09-20 19:55:45,286 - database_manager - INFO - Debates XML erfolgreich geparst: 19 Debatten, 409 Reden, 64569 Wörter
2025-09-20 19:55:45,286 - database_manager - INFO - Verarbeite Datei 810/2945: debates2019-06-06b.xml
2025-09-20 19:55:45,286 - database_manager - INFO - Parse debates XML-Datei: debates2019-06-06b.xml
2025-09-20 19:55:45,287 - database_manager - INFO - Debates XML erfolgreich geparst: 0 Debatten, 0 Reden, 0 Wörter
2025-09-20 19:55:45,287 - database_manager - INFO - Verarbeite Datei 811/2945: debates2013-03-22a.xml
2025-09-20 19:55:45,287 - database_manager - INFO - Parse debates XML-Datei: debates2013-03-22a.xml
2025-09-20 19:55:45,287 - database_manager - INFO - Debates XML erfolgreich geparst: 0 Debatten, 0 Reden, 0 Wörter
2025-09-20 19:55:45,287 - database_manager - INFO - Verarbeite Datei 812/2945: debates2018-04-24a.xml
2025-09-20 19:55:45,287 - database_manager - INFO - Parse debates XML-Datei: debates2018-04-24a.xml
2025-09-20 19:55:45,288 - database_manager - INFO - Debates XML erfolgreich geparst: 0 Debatten, 0 Reden, 0 Wörter
2025-09-20 19:55:45,288 - database_manager - INFO - Verarbeite Datei 813/2945: debates2018-06-19a.xml
2025-09-20 19:55:45,288 - database_manager - INFO - Parse debates XML-Datei: debates2018-06-19a.xml
2025-09-20 19:55:45,289 - database_manager - INFO - Debates XML erfolgreich geparst: 0 Debatten, 0 Reden, 0 Wörter
2025-09-20 19:55:45,289 - database_manager - INFO - Verarbeite Datei 814/2945: debates2021-12-14c.xml
2025-09-20 19:55:45,289 - database_manager - INFO - Parse debates XML-Datei: debates2021-12-14c.xml
2025-09-20 19:55:45,290 - database_manager - INFO - Debates XML erfolgreich geparst: 0 Debatten, 0 Reden, 0 Wörter
2025-09-20 19:55:45,290 - database_manager - INFO - Verarbeite Datei 815/2945: debates2021-10-29c.xml
2025-09-20 19:55:45,290 - database_manager - INFO - Parse debates XML-Datei: debates2021-10-29c.xml
2025-09-20 19:55:45,292 - database_manager - INFO - Debates XML erfolgreich geparst: 0 Debatten, 0 Reden, 0 Wörter
2025-09-20 19:55:45,292 - database_manager - INFO - Verarbeite Datei 816/2945: debates2012-06-28c.xml
2025-09-20 19:55:45,292 - database_manager - INFO - Parse debates XML-Datei: debates2012-06-28c.xml
2025-09-20 19:55:45,309 - database_manager - INFO - Debates XML erfolgreich geparst: 23 Debatten, 481 Reden, 65315 Wörter
2025-09-20 19:55:45,310 - database_manager - INFO - Verarbeite Datei 817/2945: debates2017-02-27a.xml
2025-09-20 19:55:45,310 - database_manager - INFO - Parse debates XML-Datei: debates2017-02-27a.xml
2025-09-20 19:55:45,311 - database_manager - INFO - Debates XML erfolgreich geparst: 0 Debatten, 0 Reden, 0 Wörter
2025-09-20 19:55:45,311 - database_manager - INFO - Verarbeite Datei 818/2945: debates2020-02-27a.xml
2025-09-20 19:55:45,311 - database_manager - INFO - Parse debates XML-Datei: debates2020-02-27a.xml
2025-09-20 19:55:45,332 - database_manager - INFO - Debates XML erfolgreich geparst: 15 Debatten, 509 Reden, 66975 Wörter
2025-09-20 19:55:45,332 - database_manager - INFO - Verarbeite Datei 819/2945: debates2014-01-14a.xml
2025-09-20 19:55:45,332 - database_manager - INFO - Parse debates XML-Datei: debates2014-01-14a.xml
2025-09-20 19:55:45,333 - database_manager - INFO - Debates XML erfolgreich geparst: 0 Debatten, 0 Reden, 0 Wörter
2025-09-20 19:55:45,333 - database_manager - INFO - Verarbeite Datei 820/2945: debates2014-12-08b.xml
2025-09-20 19:55:45,333 - database_manager - INFO - Parse debates XML-Datei: debates2014-12-08b.xml
2025-09-20 19:55:45,350 - database_manager - INFO - Debates XML erfolgreich geparst: 30 Debatten, 393 Reden, 62754 Wörter
2025-09-20 19:55:45,350 - database_manager - INFO - Verarbeite Datei 821/2945: debates2016-06-20a.xml
2025-09-20 19:55:45,351 - database_manager - INFO - Parse debates XML-Datei: debates2016-06-20a.xml
2025-09-20 19:55:45,351 - database_manager - INFO - Debates XML erfolgreich geparst: 0 Debatten, 0 Reden, 0 Wörter
2025-09-20 19:55:45,351 - database_manager - INFO - Verarbeite Datei 822/2945: debates2019-10-23a.xml
2025-09-20 19:55:45,351 - database_manager - INFO - Parse debates XML-Datei: debates2019-10-23a.xml
2025-09-20 19:55:45,352 - database_manager - INFO - Debates XML erfolgreich geparst: 0 Debatten, 0 Reden, 0 Wörter
2025-09-20 19:55:45,352 - database_manager - INFO - Verarbeite Datei 823/2945: debates2018-05-09a.xml
2025-09-20 19:55:45,352 - database_manager - INFO - Parse debates XML-Datei: debates2018-05-09a.xml
2025-09-20 19:55:45,377 - database_manager - INFO - Debates XML erfolgreich geparst: 74 Debatten, 642 Reden, 92005 Wörter
2025-09-20 19:55:45,378 - database_manager - INFO - Verarbeite Datei 824/2945: debates2015-06-03a.xml
2025-09-20 19:55:45,378 - database_manager - INFO - Parse debates XML-Datei: debates2015-06-03a.xml
2025-09-20 19:55:45,379 - database_manager - INFO - Debates XML erfolgreich geparst: 0 Debatten, 0 Reden, 0 Wörter
2025-09-20 19:55:45,379 - database_manager - INFO - Verarbeite Datei 825/2945: debates2021-09-13a.xml
2025-09-20 19:55:45,379 - database_manager - INFO - Parse debates XML-Datei: debates2021-09-13a.xml
2025-09-20 19:55:45,381 - database_manager - INFO - Debates XML erfolgreich geparst: 0 Debatten, 0 Reden, 0 Wörter
2025-09-20 19:55:45,381 - database_manager - INFO - Verarbeite Datei 826/2945: debates2014-02-04a.xml
2025-09-20 19:55:45,381 - database_manager - INFO - Parse debates XML-Datei: debates2014-02-04a.xml
2025-09-20 19:55:45,382 - database_manager - INFO - Debates XML erfolgreich geparst: 0 Debatten, 0 Reden, 0 Wörter
2025-09-20 19:55:45,382 - database_manager - INFO - Verarbeite Datei 827/2945: debates2016-09-13a.xml
2025-09-20 19:55:45,382 - database_manager - INFO - Parse debates XML-Datei: debates2016-09-13a.xml
2025-09-20 19:55:45,397 - database_manager - INFO - Debates XML erfolgreich geparst: 23 Debatten, 389 Reden, 62938 Wörter
2025-09-20 19:55:45,397 - database_manager - INFO - Verarbeite Datei 828/2945: debates2014-03-25b.xml
2025-09-20 19:55:45,397 - database_manager - INFO - Parse debates XML-Datei: debates2014-03-25b.xml
2025-09-20 19:55:45,400 - database_manager - INFO - Debates XML erfolgreich geparst: 1 Debatten, 7 Reden, 3055 Wörter
2025-09-20 19:55:45,400 - database_manager - INFO - Verarbeite Datei 829/2945: debates2019-02-12b.xml
2025-09-20 19:55:45,400 - database_manager - INFO - Parse debates XML-Datei: debates2019-02-12b.xml
2025-09-20 19:55:45,403 - database_manager - INFO - Debates XML erfolgreich geparst: 0 Debatten, 0 Reden, 0 Wörter
2025-09-20 19:55:45,403 - database_manager - INFO - Verarbeite Datei 830/2945: debates2020-10-16b.xml
2025-09-20 19:55:45,403 - database_manager - INFO - Parse debates XML-Datei: debates2020-10-16b.xml
2025-09-20 19:55:45,405 - database_manager - INFO - Debates XML erfolgreich geparst: 0 Debatten, 0 Reden, 0 Wörter
2025-09-20 19:55:45,405 - database_manager - INFO - Verarbeite Datei 831/2945: debates2014-11-18b.xml
2025-09-20 19:55:45,405 - database_manager - INFO - Parse debates XML-Datei: debates2014-11-18b.xml
2025-09-20 19:55:45,422 - database_manager - INFO - Debates XML erfolgreich geparst: 31 Debatten, 456 Reden, 56887 Wörter
2025-09-20 19:55:45,422 - database_manager - INFO - Verarbeite Datei 832/2945: debates2014-12-04a.xml
2025-09-20 19:55:45,422 - database_manager - INFO - Parse debates XML-Datei: debates2014-12-04a.xml
2025-09-20 19:55:45,440 - database_manager - INFO - Debates XML erfolgreich geparst: 5 Debatten, 464 Reden, 65476 Wörter
2025-09-20 19:55:45,441 - database_manager - INFO - Verarbeite Datei 833/2945: debates2016-10-25a.xml
2025-09-20 19:55:45,441 - database_manager - INFO - Parse debates XML-Datei: debates2016-10-25a.xml
2025-09-20 19:55:45,442 - database_manager - INFO - Debates XML erfolgreich geparst: 0 Debatten, 0 Reden, 0 Wörter
2025-09-20 19:55:45,442 - database_manager - INFO - Verarbeite Datei 834/2945: debates2019-06-26a.xml
2025-09-20 19:55:45,442 - database_manager - INFO - Parse debates XML-Datei: debates2019-06-26a.xml
2025-09-20 19:55:45,458 - database_manager - INFO - Debates XML erfolgreich geparst: 15 Debatten, 420 Reden, 65010 Wörter
2025-09-20 19:55:45,459 - database_manager - INFO - Verarbeite Datei 835/2945: debates2020-04-22a.xml
2025-09-20 19:55:45,459 - database_manager - INFO - Parse debates XML-Datei: debates2020-04-22a.xml
2025-09-20 19:55:45,465 - database_manager - INFO - Debates XML erfolgreich geparst: 6 Debatten, 187 Reden, 26216 Wörter
2025-09-20 19:55:45,466 - database_manager - INFO - Verarbeite Datei 836/2945: debates2019-02-12c.xml
2025-09-20 19:55:45,466 - database_manager - INFO - Parse debates XML-Datei: debates2019-02-12c.xml
2025-09-20 19:55:45,487 - database_manager - INFO - Debates XML erfolgreich geparst: 31 Debatten, 584 Reden, 66049 Wörter
2025-09-20 19:55:45,488 - database_manager - INFO - Verarbeite Datei 837/2945: debates2014-03-25c.xml
2025-09-20 19:55:45,488 - database_manager - INFO - Parse debates XML-Datei: debates2014-03-25c.xml
2025-09-20 19:55:45,513 - database_manager - INFO - Debates XML erfolgreich geparst: 44 Debatten, 458 Reden, 81228 Wörter
2025-09-20 19:55:45,514 - database_manager - INFO - Verarbeite Datei 838/2945: debates2021-10-25a.xml
2025-09-20 19:55:45,514 - database_manager - INFO - Parse debates XML-Datei: debates2021-10-25a.xml
2025-09-20 19:55:45,527 - database_manager - INFO - Debates XML erfolgreich geparst: 16 Debatten, 384 Reden, 54344 Wörter
2025-09-20 19:55:45,527 - database_manager - INFO - Verarbeite Datei 839/2945: debates2021-11-04b.xml
2025-09-20 19:55:45,527 - database_manager - INFO - Parse debates XML-Datei: debates2021-11-04b.xml
2025-09-20 19:55:45,538 - database_manager - INFO - Debates XML erfolgreich geparst: 18 Debatten, 263 Reden, 41041 Wörter
2025-09-20 19:55:45,538 - database_manager - INFO - Verarbeite Datei 840/2945: debates2012-04-19a.xml
2025-09-20 19:55:45,538 - database_manager - INFO - Parse debates XML-Datei: debates2012-04-19a.xml
2025-09-20 19:55:45,561 - database_manager - INFO - Debates XML erfolgreich geparst: 22 Debatten, 730 Reden, 59307 Wörter
2025-09-20 19:55:45,561 - database_manager - INFO - Verarbeite Datei 841/2945: debates2018-02-21a.xml
2025-09-20 19:55:45,561 - database_manager - INFO - Parse debates XML-Datei: debates2018-02-21a.xml
2025-09-20 19:55:45,581 - database_manager - INFO - Debates XML erfolgreich geparst: 30 Debatten, 523 Reden, 65305 Wörter
2025-09-20 19:55:45,581 - database_manager - INFO - Verarbeite Datei 842/2945: debates2015-03-16a.xml
2025-09-20 19:55:45,581 - database_manager - INFO - Parse debates XML-Datei: debates2015-03-16a.xml
2025-09-20 19:55:45,582 - database_manager - INFO - Debates XML erfolgreich geparst: 0 Debatten, 0 Reden, 0 Wörter
2025-09-20 19:55:45,582 - database_manager - INFO - Verarbeite Datei 843/2945: debates2014-09-03b.xml
2025-09-20 19:55:45,582 - database_manager - INFO - Parse debates XML-Datei: debates2014-09-03b.xml
2025-09-20 19:55:45,600 - database_manager - INFO - Debates XML erfolgreich geparst: 16 Debatten, 490 Reden, 63935 Wörter
2025-09-20 19:55:45,600 - database_manager - INFO - Verarbeite Datei 844/2945: debates2019-10-22d.xml
2025-09-20 19:55:45,600 - database_manager - INFO - Parse debates XML-Datei: debates2019-10-22d.xml
2025-09-20 19:55:45,627 - database_manager - INFO - Debates XML erfolgreich geparst: 27 Debatten, 726 Reden, 68671 Wörter
2025-09-20 19:55:45,627 - database_manager - INFO - Verarbeite Datei 845/2945: debates2014-04-01a.xml
2025-09-20 19:55:45,627 - database_manager - INFO - Parse debates XML-Datei: debates2014-04-01a.xml
2025-09-20 19:55:45,629 - database_manager - INFO - Debates XML erfolgreich geparst: 0 Debatten, 0 Reden, 0 Wörter
2025-09-20 19:55:45,629 - database_manager - INFO - Verarbeite Datei 846/2945: debates2016-11-08a.xml
2025-09-20 19:55:45,629 - database_manager - INFO - Parse debates XML-Datei: debates2016-11-08a.xml
2025-09-20 19:55:45,630 - database_manager - INFO - Debates XML erfolgreich geparst: 0 Debatten, 0 Reden, 0 Wörter
2025-09-20 19:55:45,630 - database_manager - INFO - Verarbeite Datei 847/2945: debates2018-10-10b.xml
2025-09-20 19:55:45,630 - database_manager - INFO - Parse debates XML-Datei: debates2018-10-10b.xml
2025-09-20 19:55:45,647 - database_manager - INFO - Debates XML erfolgreich geparst: 10 Debatten, 426 Reden, 67222 Wörter
2025-09-20 19:55:45,647 - database_manager - INFO - Verarbeite Datei 848/2945: debates2017-06-13b.xml
2025-09-20 19:55:45,647 - database_manager - INFO - Parse debates XML-Datei: debates2017-06-13b.xml
2025-09-20 19:55:45,648 - database_manager - INFO - Debates XML erfolgreich geparst: 0 Debatten, 0 Reden, 0 Wörter
2025-09-20 19:55:45,648 - database_manager - INFO - Verarbeite Datei 849/2945: debates2021-06-21d.xml
2025-09-20 19:55:45,648 - database_manager - INFO - Parse debates XML-Datei: debates2021-06-21d.xml
2025-09-20 19:55:45,666 - database_manager - INFO - Debates XML erfolgreich geparst: 114 Debatten, 444 Reden, 68348 Wörter
2025-09-20 19:55:45,666 - database_manager - INFO - Verarbeite Datei 850/2945: debates2012-06-28b.xml
2025-09-20 19:55:45,666 - database_manager - INFO - Parse debates XML-Datei: debates2012-06-28b.xml
2025-09-20 19:55:45,667 - database_manager - INFO - Debates XML erfolgreich geparst: 0 Debatten, 0 Reden, 0 Wörter
2025-09-20 19:55:45,667 - database_manager - INFO - Verarbeite Datei 851/2945: debates2012-07-09a.xml
2025-09-20 19:55:45,667 - database_manager - INFO - Parse debates XML-Datei: debates2012-07-09a.xml
2025-09-20 19:55:45,691 - database_manager - INFO - Debates XML erfolgreich geparst: 27 Debatten, 621 Reden, 67154 Wörter
2025-09-20 19:55:45,692 - database_manager - INFO - Verarbeite Datei 852/2945: debates2021-10-29b.xml
2025-09-20 19:55:45,692 - database_manager - INFO - Parse debates XML-Datei: debates2021-10-29b.xml
2025-09-20 19:55:45,692 - database_manager - INFO - Debates XML erfolgreich geparst: 0 Debatten, 0 Reden, 0 Wörter
2025-09-20 19:55:45,692 - database_manager - INFO - Verarbeite Datei 853/2945: debates2021-12-14b.xml
2025-09-20 19:55:45,692 - database_manager - INFO - Parse debates XML-Datei: debates2021-12-14b.xml
2025-09-20 19:55:45,694 - database_manager - INFO - Debates XML erfolgreich geparst: 0 Debatten, 0 Reden, 0 Wörter
2025-09-20 19:55:45,694 - database_manager - INFO - Verarbeite Datei 854/2945: debates2021-11-08a.xml
2025-09-20 19:55:45,694 - database_manager - INFO - Parse debates XML-Datei: debates2021-11-08a.xml
2025-09-20 19:55:45,695 - database_manager - INFO - Debates XML erfolgreich geparst: 0 Debatten, 0 Reden, 0 Wörter
2025-09-20 19:55:45,695 - database_manager - INFO - Verarbeite Datei 855/2945: debates2018-01-31a.xml
2025-09-20 19:55:45,695 - database_manager - INFO - Parse debates XML-Datei: debates2018-01-31a.xml
2025-09-20 19:55:45,696 - database_manager - INFO - Debates XML erfolgreich geparst: 0 Debatten, 0 Reden, 0 Wörter
2025-09-20 19:55:45,696 - database_manager - INFO - Verarbeite Datei 856/2945: debates2012-09-17a.xml
2025-09-20 19:55:45,696 - database_manager - INFO - Parse debates XML-Datei: debates2012-09-17a.xml
2025-09-20 19:55:45,716 - database_manager - INFO - Debates XML erfolgreich geparst: 32 Debatten, 525 Reden, 65965 Wörter
2025-09-20 19:55:45,716 - database_manager - INFO - Verarbeite Datei 857/2945: debates2020-01-16f.xml
2025-09-20 19:55:45,716 - database_manager - INFO - Parse debates XML-Datei: debates2020-01-16f.xml
2025-09-20 19:55:45,734 - database_manager - INFO - Debates XML erfolgreich geparst: 14 Debatten, 421 Reden, 69283 Wörter
2025-09-20 19:55:45,735 - database_manager - INFO - Verarbeite Datei 858/2945: debates2014-02-24b.xml
2025-09-20 19:55:45,735 - database_manager - INFO - Parse debates XML-Datei: debates2014-02-24b.xml
2025-09-20 19:55:45,736 - database_manager - INFO - Debates XML erfolgreich geparst: 0 Debatten, 0 Reden, 0 Wörter
2025-09-20 19:55:45,736 - database_manager - INFO - Verarbeite Datei 859/2945: debates2014-03-05a.xml
2025-09-20 19:55:45,736 - database_manager - INFO - Parse debates XML-Datei: debates2014-03-05a.xml
2025-09-20 19:55:45,754 - database_manager - INFO - Debates XML erfolgreich geparst: 24 Debatten, 413 Reden, 62350 Wörter
2025-09-20 19:55:45,754 - database_manager - INFO - Verarbeite Datei 860/2945: debates2019-03-13b.xml
2025-09-20 19:55:45,754 - database_manager - INFO - Parse debates XML-Datei: debates2019-03-13b.xml
2025-09-20 19:55:45,781 - database_manager - INFO - Debates XML erfolgreich geparst: 19 Debatten, 751 Reden, 71972 Wörter
2025-09-20 19:55:45,782 - database_manager - INFO - Verarbeite Datei 861/2945: debates2019-06-06c.xml
2025-09-20 19:55:45,782 - database_manager - INFO - Parse debates XML-Datei: debates2019-06-06c.xml
2025-09-20 19:55:45,797 - database_manager - INFO - Debates XML erfolgreich geparst: 21 Debatten, 387 Reden, 64362 Wörter
2025-09-20 19:55:45,797 - database_manager - INFO - Verarbeite Datei 862/2945: debates2013-08-29a.xml
2025-09-20 19:55:45,797 - database_manager - INFO - Parse debates XML-Datei: debates2013-08-29a.xml
2025-09-20 19:55:45,798 - database_manager - INFO - Debates XML erfolgreich geparst: 0 Debatten, 0 Reden, 0 Wörter
2025-09-20 19:55:45,798 - database_manager - INFO - Verarbeite Datei 863/2945: debates2021-03-18d.xml
2025-09-20 19:55:45,798 - database_manager - INFO - Parse debates XML-Datei: debates2021-03-18d.xml
2025-09-20 19:55:45,799 - database_manager - INFO - Debates XML erfolgreich geparst: 0 Debatten, 0 Reden, 0 Wörter
2025-09-20 19:55:45,799 - database_manager - INFO - Verarbeite Datei 864/2945: debates2021-01-25d.xml
2025-09-20 19:55:45,799 - database_manager - INFO - Parse debates XML-Datei: debates2021-01-25d.xml
2025-09-20 19:55:45,815 - database_manager - INFO - Debates XML erfolgreich geparst: 22 Debatten, 309 Reden, 66140 Wörter
2025-09-20 19:55:45,816 - database_manager - INFO - Verarbeite Datei 865/2945: debates2015-07-02a.xml
2025-09-20 19:55:45,816 - database_manager - INFO - Parse debates XML-Datei: debates2015-07-02a.xml
2025-09-20 19:55:45,817 - database_manager - INFO - Debates XML erfolgreich geparst: 0 Debatten, 0 Reden, 0 Wörter
2025-09-20 19:55:45,817 - database_manager - INFO - Verarbeite Datei 866/2945: debates2018-02-01c.xml
2025-09-20 19:55:45,817 - database_manager - INFO - Parse debates XML-Datei: debates2018-02-01c.xml
2025-09-20 19:55:45,833 - database_manager - INFO - Debates XML erfolgreich geparst: 20 Debatten, 501 Reden, 65299 Wörter
2025-09-20 19:55:45,834 - database_manager - INFO - Verarbeite Datei 867/2945: debates2016-07-21a.xml
2025-09-20 19:55:45,834 - database_manager - INFO - Parse debates XML-Datei: debates2016-07-21a.xml
2025-09-20 19:55:45,835 - database_manager - INFO - Debates XML erfolgreich geparst: 1 Debatten, 2 Reden, 1027 Wörter
2025-09-20 19:55:45,835 - database_manager - INFO - Verarbeite Datei 868/2945: debates2014-10-15a.xml
2025-09-20 19:55:45,835 - database_manager - INFO - Parse debates XML-Datei: debates2014-10-15a.xml
2025-09-20 19:55:45,836 - database_manager - INFO - Debates XML erfolgreich geparst: 0 Debatten, 0 Reden, 0 Wörter
2025-09-20 19:55:45,836 - database_manager - INFO - Verarbeite Datei 869/2945: debates2019-10-03b.xml
2025-09-20 19:55:45,836 - database_manager - INFO - Parse debates XML-Datei: debates2019-10-03b.xml
2025-09-20 19:55:45,854 - database_manager - INFO - Debates XML erfolgreich geparst: 18 Debatten, 497 Reden, 62905 Wörter
2025-09-20 19:55:45,854 - database_manager - INFO - Verarbeite Datei 870/2945: debates2020-12-07b.xml
2025-09-20 19:55:45,854 - database_manager - INFO - Parse debates XML-Datei: debates2020-12-07b.xml
2025-09-20 19:55:45,855 - database_manager - INFO - Debates XML erfolgreich geparst: 0 Debatten, 0 Reden, 0 Wörter
2025-09-20 19:55:45,855 - database_manager - INFO - Verarbeite Datei 871/2945: debates2016-01-28c.xml
2025-09-20 19:55:45,855 - database_manager - INFO - Parse debates XML-Datei: debates2016-01-28c.xml
2025-09-20 19:55:45,856 - database_manager - INFO - Debates XML erfolgreich geparst: 0 Debatten, 0 Reden, 0 Wörter
2025-09-20 19:55:45,856 - database_manager - INFO - Verarbeite Datei 872/2945: debates2019-01-22a.xml
2025-09-20 19:55:45,856 - database_manager - INFO - Parse debates XML-Datei: debates2019-01-22a.xml
2025-09-20 19:55:45,857 - database_manager - INFO - Debates XML erfolgreich geparst: 0 Debatten, 0 Reden, 0 Wörter
2025-09-20 19:55:45,857 - database_manager - INFO - Verarbeite Datei 873/2945: debates2014-02-28a.xml
2025-09-20 19:55:45,857 - database_manager - INFO - Parse debates XML-Datei: debates2014-02-28a.xml
2025-09-20 19:55:45,866 - database_manager - INFO - Debates XML erfolgreich geparst: 7 Debatten, 237 Reden, 39822 Wörter
2025-09-20 19:55:45,866 - database_manager - INFO - Verarbeite Datei 874/2945: debates2013-09-04a.xml
2025-09-20 19:55:45,866 - database_manager - INFO - Parse debates XML-Datei: debates2013-09-04a.xml
2025-09-20 19:55:45,886 - database_manager - INFO - Debates XML erfolgreich geparst: 17 Debatten, 545 Reden, 65500 Wörter
2025-09-20 19:55:45,886 - database_manager - INFO - Verarbeite Datei 875/2945: debates2018-09-06a.xml
2025-09-20 19:55:45,886 - database_manager - INFO - Parse debates XML-Datei: debates2018-09-06a.xml
2025-09-20 19:55:45,902 - database_manager - INFO - Debates XML erfolgreich geparst: 22 Debatten, 446 Reden, 66326 Wörter
2025-09-20 19:55:45,902 - database_manager - INFO - Verarbeite Datei 876/2945: debates2012-05-14c.xml
2025-09-20 19:55:45,902 - database_manager - INFO - Parse debates XML-Datei: debates2012-05-14c.xml
2025-09-20 19:55:46,136 - database_manager - INFO - Debates XML erfolgreich geparst: 3 Debatten, 307 Reden, 64248 Wörter
2025-09-20 19:55:46,136 - database_manager - INFO - Verarbeite Datei 877/2945: debates2017-02-07b.xml
2025-09-20 19:55:46,136 - database_manager - INFO - Parse debates XML-Datei: debates2017-02-07b.xml
2025-09-20 19:55:46,168 - database_manager - INFO - Debates XML erfolgreich geparst: 27 Debatten, 986 Reden, 87120 Wörter
2025-09-20 19:55:46,168 - database_manager - INFO - Verarbeite Datei 878/2945: debates2015-10-26c.xml
2025-09-20 19:55:46,169 - database_manager - INFO - Parse debates XML-Datei: debates2015-10-26c.xml
2025-09-20 19:55:46,191 - database_manager - INFO - Debates XML erfolgreich geparst: 60 Debatten, 535 Reden, 72359 Wörter
2025-09-20 19:55:46,191 - database_manager - INFO - Verarbeite Datei 879/2945: debates2012-01-20a.xml
2025-09-20 19:55:46,191 - database_manager - INFO - Parse debates XML-Datei: debates2012-01-20a.xml
2025-09-20 19:55:46,203 - database_manager - INFO - Debates XML erfolgreich geparst: 4 Debatten, 409 Reden, 32574 Wörter
2025-09-20 19:55:46,203 - database_manager - INFO - Verarbeite Datei 880/2945: debates2017-12-07b.xml
2025-09-20 19:55:46,203 - database_manager - INFO - Parse debates XML-Datei: debates2017-12-07b.xml
2025-09-20 19:55:46,221 - database_manager - INFO - Debates XML erfolgreich geparst: 25 Debatten, 514 Reden, 67736 Wörter
2025-09-20 19:55:46,221 - database_manager - INFO - Verarbeite Datei 881/2945: debates2021-01-28c.xml
2025-09-20 19:55:46,221 - database_manager - INFO - Parse debates XML-Datei: debates2021-01-28c.xml
2025-09-20 19:55:46,222 - database_manager - INFO - Debates XML erfolgreich geparst: 0 Debatten, 0 Reden, 0 Wörter
2025-09-20 19:55:46,222 - database_manager - INFO - Verarbeite Datei 882/2945: debates2018-07-18a.xml
2025-09-20 19:55:46,222 - database_manager - INFO - Parse debates XML-Datei: debates2018-07-18a.xml
2025-09-20 19:55:46,223 - database_manager - INFO - Debates XML erfolgreich geparst: 0 Debatten, 0 Reden, 0 Wörter
2025-09-20 19:55:46,223 - database_manager - INFO - Verarbeite Datei 883/2945: debates2021-07-21a.xml
2025-09-20 19:55:46,223 - database_manager - INFO - Parse debates XML-Datei: debates2021-07-21a.xml
2025-09-20 19:55:46,243 - database_manager - INFO - Debates XML erfolgreich geparst: 12 Debatten, 470 Reden, 79120 Wörter
2025-09-20 19:55:46,244 - database_manager - INFO - Verarbeite Datei 884/2945: debates2012-11-20a.xml
2025-09-20 19:55:46,244 - database_manager - INFO - Parse debates XML-Datei: debates2012-11-20a.xml
2025-09-20 19:55:46,245 - database_manager - INFO - Debates XML erfolgreich geparst: 0 Debatten, 0 Reden, 0 Wörter
2025-09-20 19:55:46,245 - database_manager - INFO - Verarbeite Datei 885/2945: debates2020-06-29c.xml
2025-09-20 19:55:46,245 - database_manager - INFO - Parse debates XML-Datei: debates2020-06-29c.xml
2025-09-20 19:55:46,260 - database_manager - INFO - Debates XML erfolgreich geparst: 21 Debatten, 400 Reden, 61088 Wörter
2025-09-20 19:55:46,260 - database_manager - INFO - Verarbeite Datei 886/2945: debates2014-03-13a.xml
2025-09-20 19:55:46,260 - database_manager - INFO - Parse debates XML-Datei: debates2014-03-13a.xml
2025-09-20 19:55:46,262 - database_manager - INFO - Debates XML erfolgreich geparst: 0 Debatten, 0 Reden, 0 Wörter
2025-09-20 19:55:46,262 - database_manager - INFO - Verarbeite Datei 887/2945: debates2020-10-21e.xml
2025-09-20 19:55:46,262 - database_manager - INFO - Parse debates XML-Datei: debates2020-10-21e.xml
2025-09-20 19:55:46,281 - database_manager - INFO - Debates XML erfolgreich geparst: 23 Debatten, 432 Reden, 67345 Wörter
2025-09-20 19:55:46,281 - database_manager - INFO - Verarbeite Datei 888/2945: debates2020-10-20a.xml
2025-09-20 19:55:46,281 - database_manager - INFO - Parse debates XML-Datei: debates2020-10-20a.xml
2025-09-20 19:55:46,282 - database_manager - INFO - Debates XML erfolgreich geparst: 0 Debatten, 0 Reden, 0 Wörter
2025-09-20 19:55:46,282 - database_manager - INFO - Verarbeite Datei 889/2945: debates2016-04-27a.xml
2025-09-20 19:55:46,282 - database_manager - INFO - Parse debates XML-Datei: debates2016-04-27a.xml
2025-09-20 19:55:46,283 - database_manager - INFO - Debates XML erfolgreich geparst: 0 Debatten, 0 Reden, 0 Wörter
2025-09-20 19:55:46,283 - database_manager - INFO - Verarbeite Datei 890/2945: debates2019-10-19a.xml
2025-09-20 19:55:46,283 - database_manager - INFO - Parse debates XML-Datei: debates2019-10-19a.xml
2025-09-20 19:55:46,297 - database_manager - INFO - Debates XML erfolgreich geparst: 1 Debatten, 349 Reden, 33306 Wörter
2025-09-20 19:55:46,298 - database_manager - INFO - Verarbeite Datei 891/2945: debates2021-04-27a.xml
2025-09-20 19:55:46,298 - database_manager - INFO - Parse debates XML-Datei: debates2021-04-27a.xml
2025-09-20 19:55:46,299 - database_manager - INFO - Debates XML erfolgreich geparst: 0 Debatten, 0 Reden, 0 Wörter
2025-09-20 19:55:46,299 - database_manager - INFO - Verarbeite Datei 892/2945: debates2017-10-20a.xml
2025-09-20 19:55:46,299 - database_manager - INFO - Parse debates XML-Datei: debates2017-10-20a.xml
2025-09-20 19:55:46,300 - database_manager - INFO - Debates XML erfolgreich geparst: 0 Debatten, 0 Reden, 0 Wörter
2025-09-20 19:55:46,301 - database_manager - INFO - Verarbeite Datei 893/2945: debates2017-11-01b.xml
2025-09-20 19:55:46,301 - database_manager - INFO - Parse debates XML-Datei: debates2017-11-01b.xml
2025-09-20 19:55:46,302 - database_manager - INFO - Debates XML erfolgreich geparst: 0 Debatten, 0 Reden, 0 Wörter
2025-09-20 19:55:46,302 - database_manager - INFO - Verarbeite Datei 894/2945: debates2015-07-14a.xml
2025-09-20 19:55:46,302 - database_manager - INFO - Parse debates XML-Datei: debates2015-07-14a.xml
2025-09-20 19:55:46,302 - database_manager - INFO - Debates XML erfolgreich geparst: 0 Debatten, 0 Reden, 0 Wörter
2025-09-20 19:55:46,303 - database_manager - INFO - Verarbeite Datei 895/2945: debates2018-07-02b.xml
2025-09-20 19:55:46,303 - database_manager - INFO - Parse debates XML-Datei: debates2018-07-02b.xml
2025-09-20 19:55:46,321 - database_manager - INFO - Debates XML erfolgreich geparst: 18 Debatten, 515 Reden, 66986 Wörter
2025-09-20 19:55:46,322 - database_manager - INFO - Verarbeite Datei 896/2945: debates2017-06-29c.xml
2025-09-20 19:55:46,322 - database_manager - INFO - Parse debates XML-Datei: debates2017-06-29c.xml
2025-09-20 19:55:46,342 - database_manager - INFO - Debates XML erfolgreich geparst: 19 Debatten, 639 Reden, 66161 Wörter
2025-09-20 19:55:46,342 - database_manager - INFO - Verarbeite Datei 897/2945: debates2018-12-17c.xml
2025-09-20 19:55:46,342 - database_manager - INFO - Parse debates XML-Datei: debates2018-12-17c.xml
2025-09-20 19:55:46,359 - database_manager - INFO - Debates XML erfolgreich geparst: 19 Debatten, 573 Reden, 53299 Wörter
2025-09-20 19:55:46,359 - database_manager - INFO - Verarbeite Datei 898/2945: debates2013-09-12a.xml
2025-09-20 19:55:46,359 - database_manager - INFO - Parse debates XML-Datei: debates2013-09-12a.xml
2025-09-20 19:55:46,375 - database_manager - INFO - Debates XML erfolgreich geparst: 21 Debatten, 473 Reden, 65777 Wörter
2025-09-20 19:55:46,376 - database_manager - INFO - Verarbeite Datei 899/2945: debates2020-02-11b.xml
2025-09-20 19:55:46,376 - database_manager - INFO - Parse debates XML-Datei: debates2020-02-11b.xml
2025-09-20 19:55:46,377 - database_manager - INFO - Debates XML erfolgreich geparst: 0 Debatten, 0 Reden, 0 Wörter
2025-09-20 19:55:46,377 - database_manager - INFO - Verarbeite Datei 900/2945: debates2020-06-24d.xml
2025-09-20 19:55:46,377 - database_manager - INFO - Parse debates XML-Datei: debates2020-06-24d.xml
2025-09-20 19:55:46,378 - database_manager - INFO - Debates XML erfolgreich geparst: 0 Debatten, 0 Reden, 0 Wörter
2025-09-20 19:55:46,378 - database_manager - INFO - Verarbeite Datei 901/2945: debates2016-03-03c.xml
2025-09-20 19:55:46,378 - database_manager - INFO - Parse debates XML-Datei: debates2016-03-03c.xml
2025-09-20 19:55:46,395 - database_manager - INFO - Debates XML erfolgreich geparst: 21 Debatten, 454 Reden, 64377 Wörter
2025-09-20 19:55:46,395 - database_manager - INFO - Verarbeite Datei 902/2945: debates2013-04-10b.xml
2025-09-20 19:55:46,395 - database_manager - INFO - Parse debates XML-Datei: debates2013-04-10b.xml
2025-09-20 19:55:46,397 - database_manager - INFO - Debates XML erfolgreich geparst: 0 Debatten, 0 Reden, 0 Wörter
2025-09-20 19:55:46,398 - database_manager - INFO - Verarbeite Datei 903/2945: debates2019-10-15b.xml
2025-09-20 19:55:46,398 - database_manager - INFO - Parse debates XML-Datei: debates2019-10-15b.xml
2025-09-20 19:55:46,398 - database_manager - INFO - Debates XML erfolgreich geparst: 0 Debatten, 0 Reden, 0 Wörter
2025-09-20 19:55:46,398 - database_manager - INFO - Verarbeite Datei 904/2945: debates2012-10-17b.xml
2025-09-20 19:55:46,399 - database_manager - INFO - Parse debates XML-Datei: debates2012-10-17b.xml
2025-09-20 19:55:46,399 - database_manager - INFO - Debates XML erfolgreich geparst: 0 Debatten, 0 Reden, 0 Wörter
2025-09-20 19:55:46,400 - database_manager - INFO - Verarbeite Datei 905/2945: debates2021-06-16b.xml
2025-09-20 19:55:46,400 - database_manager - INFO - Parse debates XML-Datei: debates2021-06-16b.xml
2025-09-20 19:55:46,401 - database_manager - INFO - Debates XML erfolgreich geparst: 0 Debatten, 0 Reden, 0 Wörter
2025-09-20 19:55:46,401 - database_manager - INFO - Verarbeite Datei 906/2945: debates2017-12-11b.xml
2025-09-20 19:55:46,401 - database_manager - INFO - Parse debates XML-Datei: debates2017-12-11b.xml
2025-09-20 19:55:46,402 - database_manager - INFO - Debates XML erfolgreich geparst: 0 Debatten, 0 Reden, 0 Wörter
2025-09-20 19:55:46,402 - database_manager - INFO - Verarbeite Datei 907/2945: debates2017-07-04c.xml
2025-09-20 19:55:46,402 - database_manager - INFO - Parse debates XML-Datei: debates2017-07-04c.xml
2025-09-20 19:55:46,403 - database_manager - INFO - Debates XML erfolgreich geparst: 0 Debatten, 0 Reden, 0 Wörter
2025-09-20 19:55:46,403 - database_manager - INFO - Verarbeite Datei 908/2945: debates2017-03-30a.xml
2025-09-20 19:55:46,403 - database_manager - INFO - Parse debates XML-Datei: debates2017-03-30a.xml
2025-09-20 19:55:46,421 - database_manager - INFO - Debates XML erfolgreich geparst: 23 Debatten, 506 Reden, 63599 Wörter
2025-09-20 19:55:46,421 - database_manager - INFO - Verarbeite Datei 909/2945: debates2018-09-10a.xml
2025-09-20 19:55:46,421 - database_manager - INFO - Parse debates XML-Datei: debates2018-09-10a.xml
2025-09-20 19:55:46,422 - database_manager - INFO - Debates XML erfolgreich geparst: 0 Debatten, 0 Reden, 0 Wörter
2025-09-20 19:55:46,422 - database_manager - INFO - Verarbeite Datei 910/2945: debates2019-02-04c.xml
2025-09-20 19:55:46,422 - database_manager - INFO - Parse debates XML-Datei: debates2019-02-04c.xml
2025-09-20 19:55:46,440 - database_manager - INFO - Debates XML erfolgreich geparst: 22 Debatten, 554 Reden, 67144 Wörter
2025-09-20 19:55:46,440 - database_manager - INFO - Verarbeite Datei 911/2945: debates2013-11-29b.xml
2025-09-20 19:55:46,440 - database_manager - INFO - Parse debates XML-Datei: debates2013-11-29b.xml
2025-09-20 19:55:46,450 - database_manager - INFO - Debates XML erfolgreich geparst: 8 Debatten, 257 Reden, 29540 Wörter
2025-09-20 19:55:46,451 - database_manager - INFO - Verarbeite Datei 912/2945: debates2013-10-08a.xml
2025-09-20 19:55:46,451 - database_manager - INFO - Parse debates XML-Datei: debates2013-10-08a.xml
2025-09-20 19:55:46,467 - database_manager - INFO - Debates XML erfolgreich geparst: 38 Debatten, 482 Reden, 57901 Wörter
2025-09-20 19:55:46,468 - database_manager - INFO - Verarbeite Datei 913/2945: debates2020-06-09a.xml
2025-09-20 19:55:46,468 - database_manager - INFO - Parse debates XML-Datei: debates2020-06-09a.xml
2025-09-20 19:55:46,469 - database_manager - INFO - Debates XML erfolgreich geparst: 0 Debatten, 0 Reden, 0 Wörter
2025-09-20 19:55:46,469 - database_manager - INFO - Verarbeite Datei 914/2945: debates2014-07-07a.xml
2025-09-20 19:55:46,469 - database_manager - INFO - Parse debates XML-Datei: debates2014-07-07a.xml
2025-09-20 19:55:46,470 - database_manager - INFO - Debates XML erfolgreich geparst: 0 Debatten, 0 Reden, 0 Wörter
2025-09-20 19:55:46,470 - database_manager - INFO - Verarbeite Datei 915/2945: debates2013-01-29b.xml
2025-09-20 19:55:46,470 - database_manager - INFO - Parse debates XML-Datei: debates2013-01-29b.xml
2025-09-20 19:55:46,487 - database_manager - INFO - Debates XML erfolgreich geparst: 30 Debatten, 572 Reden, 54203 Wörter
2025-09-20 19:55:46,487 - database_manager - INFO - Verarbeite Datei 916/2945: debates2020-01-20d.xml
2025-09-20 19:55:46,487 - database_manager - INFO - Parse debates XML-Datei: debates2020-01-20d.xml
2025-09-20 19:55:46,488 - database_manager - INFO - Debates XML erfolgreich geparst: 0 Debatten, 0 Reden, 0 Wörter
2025-09-20 19:55:46,488 - database_manager - INFO - Verarbeite Datei 917/2945: debates2016-01-12b.xml
2025-09-20 19:55:46,488 - database_manager - INFO - Parse debates XML-Datei: debates2016-01-12b.xml
2025-09-20 19:55:46,507 - database_manager - INFO - Debates XML erfolgreich geparst: 33 Debatten, 496 Reden, 66945 Wörter
2025-09-20 19:55:46,508 - database_manager - INFO - Verarbeite Datei 918/2945: debates2021-01-12b.xml
2025-09-20 19:55:46,508 - database_manager - INFO - Parse debates XML-Datei: debates2021-01-12b.xml
2025-09-20 19:55:46,525 - database_manager - INFO - Debates XML erfolgreich geparst: 14 Debatten, 384 Reden, 66297 Wörter
2025-09-20 19:55:46,525 - database_manager - INFO - Verarbeite Datei 919/2945: debates2012-02-06c.xml
2025-09-20 19:55:46,525 - database_manager - INFO - Parse debates XML-Datei: debates2012-02-06c.xml
2025-09-20 19:55:46,544 - database_manager - INFO - Debates XML erfolgreich geparst: 27 Debatten, 516 Reden, 68579 Wörter
2025-09-20 19:55:46,544 - database_manager - INFO - Verarbeite Datei 920/2945: debates2020-05-19a.xml
2025-09-20 19:55:46,544 - database_manager - INFO - Parse debates XML-Datei: debates2020-05-19a.xml
2025-09-20 19:55:46,545 - database_manager - INFO - Debates XML erfolgreich geparst: 0 Debatten, 0 Reden, 0 Wörter
2025-09-20 19:55:46,545 - database_manager - INFO - Verarbeite Datei 921/2945: debates2013-11-25a.xml
2025-09-20 19:55:46,545 - database_manager - INFO - Parse debates XML-Datei: debates2013-11-25a.xml
2025-09-20 19:55:46,562 - database_manager - INFO - Debates XML erfolgreich geparst: 33 Debatten, 493 Reden, 63075 Wörter
2025-09-20 19:55:46,563 - database_manager - INFO - Verarbeite Datei 922/2945: debates2019-05-20a.xml
2025-09-20 19:55:46,563 - database_manager - INFO - Parse debates XML-Datei: debates2019-05-20a.xml
2025-09-20 19:55:46,564 - database_manager - INFO - Debates XML erfolgreich geparst: 0 Debatten, 0 Reden, 0 Wörter
2025-09-20 19:55:46,564 - database_manager - INFO - Verarbeite Datei 923/2945: debates2019-04-01b.xml
2025-09-20 19:55:46,564 - database_manager - INFO - Parse debates XML-Datei: debates2019-04-01b.xml
2025-09-20 19:55:46,582 - database_manager - INFO - Debates XML erfolgreich geparst: 17 Debatten, 537 Reden, 49820 Wörter
2025-09-20 19:55:46,583 - database_manager - INFO - Verarbeite Datei 924/2945: debates2013-03-18a.xml
2025-09-20 19:55:46,583 - database_manager - INFO - Parse debates XML-Datei: debates2013-03-18a.xml
2025-09-20 19:55:46,584 - database_manager - INFO - Debates XML erfolgreich geparst: 0 Debatten, 0 Reden, 0 Wörter
2025-09-20 19:55:46,584 - database_manager - INFO - Verarbeite Datei 925/2945: debates2013-01-25a.xml
2025-09-20 19:55:46,584 - database_manager - INFO - Parse debates XML-Datei: debates2013-01-25a.xml
2025-09-20 19:55:46,593 - database_manager - INFO - Debates XML erfolgreich geparst: 3 Debatten, 166 Reden, 38290 Wörter
2025-09-20 19:55:46,594 - database_manager - INFO - Verarbeite Datei 926/2945: debates2019-09-03a.xml
2025-09-20 19:55:46,594 - database_manager - INFO - Parse debates XML-Datei: debates2019-09-03a.xml
2025-09-20 19:55:46,595 - database_manager - INFO - Debates XML erfolgreich geparst: 0 Debatten, 0 Reden, 0 Wörter
2025-09-20 19:55:46,595 - database_manager - INFO - Verarbeite Datei 927/2945: debates2016-03-23a.xml
2025-09-20 19:55:46,595 - database_manager - INFO - Parse debates XML-Datei: debates2016-03-23a.xml
2025-09-20 19:55:46,616 - database_manager - INFO - Debates XML erfolgreich geparst: 22 Debatten, 469 Reden, 74418 Wörter
2025-09-20 19:55:46,616 - database_manager - INFO - Verarbeite Datei 928/2945: debates2021-02-02b.xml
2025-09-20 19:55:46,616 - database_manager - INFO - Parse debates XML-Datei: debates2021-02-02b.xml
2025-09-20 19:55:46,631 - database_manager - INFO - Debates XML erfolgreich geparst: 11 Debatten, 369 Reden, 57349 Wörter
2025-09-20 19:55:46,632 - database_manager - INFO - Verarbeite Datei 929/2945: debates2021-03-23a.xml
2025-09-20 19:55:46,632 - database_manager - INFO - Parse debates XML-Datei: debates2021-03-23a.xml
2025-09-20 19:55:46,633 - database_manager - INFO - Debates XML erfolgreich geparst: 0 Debatten, 0 Reden, 0 Wörter
2025-09-20 19:55:46,633 - database_manager - INFO - Verarbeite Datei 930/2945: debates2021-12-02b.xml
2025-09-20 19:55:46,633 - database_manager - INFO - Parse debates XML-Datei: debates2021-12-02b.xml
2025-09-20 19:55:46,648 - database_manager - INFO - Debates XML erfolgreich geparst: 14 Debatten, 410 Reden, 61352 Wörter
2025-09-20 19:55:46,649 - database_manager - INFO - Verarbeite Datei 931/2945: debates2012-05-22a.xml
2025-09-20 19:55:46,649 - database_manager - INFO - Parse debates XML-Datei: debates2012-05-22a.xml
2025-09-20 19:55:46,650 - database_manager - INFO - Debates XML erfolgreich geparst: 0 Debatten, 0 Reden, 0 Wörter
2025-09-20 19:55:46,650 - database_manager - INFO - Verarbeite Datei 932/2945: debates2021-09-09c.xml
2025-09-20 19:55:46,650 - database_manager - INFO - Parse debates XML-Datei: debates2021-09-09c.xml
2025-09-20 19:55:46,666 - database_manager - INFO - Debates XML erfolgreich geparst: 24 Debatten, 403 Reden, 56262 Wörter
2025-09-20 19:55:46,666 - database_manager - INFO - Verarbeite Datei 933/2945: debates2018-11-27a.xml
2025-09-20 19:55:46,666 - database_manager - INFO - Parse debates XML-Datei: debates2018-11-27a.xml
2025-09-20 19:55:46,667 - database_manager - INFO - Debates XML erfolgreich geparst: 0 Debatten, 0 Reden, 0 Wörter
2025-09-20 19:55:46,667 - database_manager - INFO - Verarbeite Datei 934/2945: debates2015-11-30d.xml
2025-09-20 19:55:46,667 - database_manager - INFO - Parse debates XML-Datei: debates2015-11-30d.xml
2025-09-20 19:55:46,685 - database_manager - INFO - Debates XML erfolgreich geparst: 15 Debatten, 449 Reden, 64258 Wörter
2025-09-20 19:55:46,685 - database_manager - INFO - Verarbeite Datei 935/2945: debates2012-01-16a.xml
2025-09-20 19:55:46,685 - database_manager - INFO - Parse debates XML-Datei: debates2012-01-16a.xml
2025-09-20 19:55:46,702 - database_manager - INFO - Debates XML erfolgreich geparst: 20 Debatten, 429 Reden, 63846 Wörter
2025-09-20 19:55:46,703 - database_manager - INFO - Verarbeite Datei 936/2945: debates2021-09-09a.xml
2025-09-20 19:55:46,703 - database_manager - INFO - Parse debates XML-Datei: debates2021-09-09a.xml
2025-09-20 19:55:46,703 - database_manager - INFO - Debates XML erfolgreich geparst: 0 Debatten, 0 Reden, 0 Wörter
2025-09-20 19:55:46,704 - database_manager - INFO - Verarbeite Datei 937/2945: debates2012-05-22c.xml
2025-09-20 19:55:46,704 - database_manager - INFO - Parse debates XML-Datei: debates2012-05-22c.xml
2025-09-20 19:55:46,705 - database_manager - INFO - Debates XML erfolgreich geparst: 0 Debatten, 0 Reden, 0 Wörter
2025-09-20 19:55:46,705 - database_manager - INFO - Verarbeite Datei 938/2945: debates2020-03-10a.xml
2025-09-20 19:55:46,705 - database_manager - INFO - Parse debates XML-Datei: debates2020-03-10a.xml
2025-09-20 19:55:46,719 - database_manager - INFO - Debates XML erfolgreich geparst: 20 Debatten, 406 Reden, 53152 Wörter
2025-09-20 19:55:46,720 - database_manager - INFO - Verarbeite Datei 939/2945: debates2019-03-29a.xml
2025-09-20 19:55:46,720 - database_manager - INFO - Parse debates XML-Datei: debates2019-03-29a.xml
2025-09-20 19:55:46,722 - database_manager - INFO - Debates XML erfolgreich geparst: 0 Debatten, 0 Reden, 0 Wörter
2025-09-20 19:55:46,722 - database_manager - INFO - Verarbeite Datei 940/2945: debates2019-01-14a.xml
2025-09-20 19:55:46,722 - database_manager - INFO - Parse debates XML-Datei: debates2019-01-14a.xml
2025-09-20 19:55:46,723 - database_manager - INFO - Debates XML erfolgreich geparst: 0 Debatten, 0 Reden, 0 Wörter
2025-09-20 19:55:46,723 - database_manager - INFO - Verarbeite Datei 941/2945: debates2013-03-18c.xml
2025-09-20 19:55:46,723 - database_manager - INFO - Parse debates XML-Datei: debates2013-03-18c.xml
2025-09-20 19:55:46,745 - database_manager - INFO - Debates XML erfolgreich geparst: 41 Debatten, 586 Reden, 76588 Wörter
2025-09-20 19:55:46,745 - database_manager - INFO - Verarbeite Datei 942/2945: debates2014-10-23a.xml
2025-09-20 19:55:46,745 - database_manager - INFO - Parse debates XML-Datei: debates2014-10-23a.xml
2025-09-20 19:55:46,761 - database_manager - INFO - Debates XML erfolgreich geparst: 23 Debatten, 470 Reden, 59352 Wörter
2025-09-20 19:55:46,762 - database_manager - INFO - Verarbeite Datei 943/2945: debates2021-05-26b.xml
2025-09-20 19:55:46,762 - database_manager - INFO - Parse debates XML-Datei: debates2021-05-26b.xml
2025-09-20 19:55:46,778 - database_manager - INFO - Debates XML erfolgreich geparst: 21 Debatten, 268 Reden, 58565 Wörter
2025-09-20 19:55:46,778 - database_manager - INFO - Verarbeite Datei 944/2945: debates2012-12-06a.xml
2025-09-20 19:55:46,778 - database_manager - INFO - Parse debates XML-Datei: debates2012-12-06a.xml
2025-09-20 19:55:46,794 - database_manager - INFO - Debates XML erfolgreich geparst: 21 Debatten, 485 Reden, 61104 Wörter
2025-09-20 19:55:46,795 - database_manager - INFO - Verarbeite Datei 945/2945: debates2015-06-15b.xml
2025-09-20 19:55:46,795 - database_manager - INFO - Parse debates XML-Datei: debates2015-06-15b.xml
2025-09-20 19:55:46,820 - database_manager - INFO - Debates XML erfolgreich geparst: 27 Debatten, 542 Reden, 63580 Wörter
2025-09-20 19:55:46,821 - database_manager - INFO - Verarbeite Datei 946/2945: debates2017-11-21b.xml
2025-09-20 19:55:46,821 - database_manager - INFO - Parse debates XML-Datei: debates2017-11-21b.xml
2025-09-20 19:55:46,822 - database_manager - INFO - Debates XML erfolgreich geparst: 0 Debatten, 0 Reden, 0 Wörter
2025-09-20 19:55:46,822 - database_manager - INFO - Verarbeite Datei 947/2945: debates2012-02-06a.xml
2025-09-20 19:55:46,822 - database_manager - INFO - Parse debates XML-Datei: debates2012-02-06a.xml
2025-09-20 19:55:46,823 - database_manager - INFO - Debates XML erfolgreich geparst: 0 Debatten, 0 Reden, 0 Wörter
2025-09-20 19:55:46,823 - database_manager - INFO - Verarbeite Datei 948/2945: debates2014-07-07c.xml
2025-09-20 19:55:46,823 - database_manager - INFO - Parse debates XML-Datei: debates2014-07-07c.xml
2025-09-20 19:55:46,842 - database_manager - INFO - Debates XML erfolgreich geparst: 65 Debatten, 511 Reden, 65514 Wörter
2025-09-20 19:55:46,842 - database_manager - INFO - Verarbeite Datei 949/2945: debates2020-06-09c.xml
2025-09-20 19:55:46,842 - database_manager - INFO - Parse debates XML-Datei: debates2020-06-09c.xml
2025-09-20 19:55:46,858 - database_manager - INFO - Debates XML erfolgreich geparst: 14 Debatten, 449 Reden, 63062 Wörter
2025-09-20 19:55:46,859 - database_manager - INFO - Verarbeite Datei 950/2945: debates2019-03-25b.xml
2025-09-20 19:55:46,859 - database_manager - INFO - Parse debates XML-Datei: debates2019-03-25b.xml
2025-09-20 19:55:46,862 - database_manager - INFO - Debates XML erfolgreich geparst: 2 Debatten, 35 Reden, 11599 Wörter
2025-09-20 19:55:46,862 - database_manager - INFO - Verarbeite Datei 951/2945: debates2019-02-04a.xml
2025-09-20 19:55:46,862 - database_manager - INFO - Parse debates XML-Datei: debates2019-02-04a.xml
2025-09-20 19:55:46,863 - database_manager - INFO - Debates XML erfolgreich geparst: 0 Debatten, 0 Reden, 0 Wörter
2025-09-20 19:55:46,863 - database_manager - INFO - Verarbeite Datei 952/2945: debates2014-02-12b.xml
2025-09-20 19:55:46,863 - database_manager - INFO - Parse debates XML-Datei: debates2014-02-12b.xml
2025-09-20 19:55:46,884 - database_manager - INFO - Debates XML erfolgreich geparst: 26 Debatten, 523 Reden, 71015 Wörter
2025-09-20 19:55:46,885 - database_manager - INFO - Verarbeite Datei 953/2945: debates2016-05-26b.xml
2025-09-20 19:55:46,885 - database_manager - INFO - Parse debates XML-Datei: debates2016-05-26b.xml
2025-09-20 19:55:46,905 - database_manager - INFO - Debates XML erfolgreich geparst: 20 Debatten, 598 Reden, 67632 Wörter
2025-09-20 19:55:46,906 - database_manager - INFO - Verarbeite Datei 954/2945: debates2021-02-22b.xml
2025-09-20 19:55:46,906 - database_manager - INFO - Parse debates XML-Datei: debates2021-02-22b.xml
2025-09-20 19:55:47,162 - database_manager - INFO - Debates XML erfolgreich geparst: 17 Debatten, 437 Reden, 64434 Wörter
2025-09-20 19:55:47,162 - database_manager - INFO - Verarbeite Datei 955/2945: debates2021-03-03a.xml
2025-09-20 19:55:47,162 - database_manager - INFO - Parse debates XML-Datei: debates2021-03-03a.xml
2025-09-20 19:55:47,177 - database_manager - INFO - Debates XML erfolgreich geparst: 12 Debatten, 251 Reden, 69588 Wörter
2025-09-20 19:55:47,178 - database_manager - INFO - Verarbeite Datei 956/2945: debates2018-09-10c.xml
2025-09-20 19:55:47,178 - database_manager - INFO - Parse debates XML-Datei: debates2018-09-10c.xml
2025-09-20 19:55:47,195 - database_manager - INFO - Debates XML erfolgreich geparst: 15 Debatten, 489 Reden, 66397 Wörter
2025-09-20 19:55:47,195 - database_manager - INFO - Verarbeite Datei 957/2945: debates2012-04-23b.xml
2025-09-20 19:55:47,196 - database_manager - INFO - Parse debates XML-Datei: debates2012-04-23b.xml
2025-09-20 19:55:47,214 - database_manager - INFO - Debates XML erfolgreich geparst: 26 Debatten, 466 Reden, 66150 Wörter
2025-09-20 19:55:47,215 - database_manager - INFO - Verarbeite Datei 958/2945: debates2017-07-04a.xml
2025-09-20 19:55:47,215 - database_manager - INFO - Parse debates XML-Datei: debates2017-07-04a.xml
2025-09-20 19:55:47,216 - database_manager - INFO - Debates XML erfolgreich geparst: 0 Debatten, 0 Reden, 0 Wörter
2025-09-20 19:55:47,216 - database_manager - INFO - Verarbeite Datei 959/2945: debates2015-10-30a.xml
2025-09-20 19:55:47,216 - database_manager - INFO - Parse debates XML-Datei: debates2015-10-30a.xml
2025-09-20 19:55:47,227 - database_manager - INFO - Debates XML erfolgreich geparst: 3 Debatten, 224 Reden, 39515 Wörter
2025-09-20 19:55:47,227 - database_manager - INFO - Verarbeite Datei 960/2945: debates2017-04-18b.xml
2025-09-20 19:55:47,227 - database_manager - INFO - Parse debates XML-Datei: debates2017-04-18b.xml
2025-09-20 19:55:47,243 - database_manager - INFO - Debates XML erfolgreich geparst: 20 Debatten, 485 Reden, 61275 Wörter
2025-09-20 19:55:47,244 - database_manager - INFO - Verarbeite Datei 961/2945: debates2020-06-25b.xml
2025-09-20 19:55:47,244 - database_manager - INFO - Parse debates XML-Datei: debates2020-06-25b.xml
2025-09-20 19:55:47,260 - database_manager - INFO - Debates XML erfolgreich geparst: 26 Debatten, 417 Reden, 66741 Wörter
2025-09-20 19:55:47,260 - database_manager - INFO - Verarbeite Datei 962/2945: debates2013-11-05a.xml
2025-09-20 19:55:47,260 - database_manager - INFO - Parse debates XML-Datei: debates2013-11-05a.xml
2025-09-20 19:55:47,276 - database_manager - INFO - Debates XML erfolgreich geparst: 20 Debatten, 440 Reden, 61777 Wörter
2025-09-20 19:55:47,277 - database_manager - INFO - Verarbeite Datei 963/2945: debates2013-12-19b.xml
2025-09-20 19:55:47,277 - database_manager - INFO - Parse debates XML-Datei: debates2013-12-19b.xml
2025-09-20 19:55:47,292 - database_manager - INFO - Debates XML erfolgreich geparst: 20 Debatten, 432 Reden, 59308 Wörter
2025-09-20 19:55:47,292 - database_manager - INFO - Verarbeite Datei 964/2945: debates2016-02-22b.xml
2025-09-20 19:55:47,292 - database_manager - INFO - Parse debates XML-Datei: debates2016-02-22b.xml
2025-09-20 19:55:47,306 - database_manager - INFO - Debates XML erfolgreich geparst: 1 Debatten, 258 Reden, 46112 Wörter
2025-09-20 19:55:47,306 - database_manager - INFO - Verarbeite Datei 965/2945: debates2016-03-03a.xml
2025-09-20 19:55:47,306 - database_manager - INFO - Parse debates XML-Datei: debates2016-03-03a.xml
2025-09-20 19:55:47,307 - database_manager - INFO - Debates XML erfolgreich geparst: 0 Debatten, 0 Reden, 0 Wörter
2025-09-20 19:55:47,307 - database_manager - INFO - Verarbeite Datei 966/2945: debates2015-03-20a.xml
2025-09-20 19:55:47,307 - database_manager - INFO - Parse debates XML-Datei: debates2015-03-20a.xml
2025-09-20 19:55:47,308 - database_manager - INFO - Debates XML erfolgreich geparst: 0 Debatten, 0 Reden, 0 Wörter
2025-09-20 19:55:47,308 - database_manager - INFO - Verarbeite Datei 967/2945: debates2021-04-27c.xml
2025-09-20 19:55:47,308 - database_manager - INFO - Parse debates XML-Datei: debates2021-04-27c.xml
2025-09-20 19:55:47,323 - database_manager - INFO - Debates XML erfolgreich geparst: 24 Debatten, 363 Reden, 52533 Wörter
2025-09-20 19:55:47,324 - database_manager - INFO - Verarbeite Datei 968/2945: debates2012-06-12a.xml
2025-09-20 19:55:47,324 - database_manager - INFO - Parse debates XML-Datei: debates2012-06-12a.xml
2025-09-20 19:55:47,325 - database_manager - INFO - Debates XML erfolgreich geparst: 0 Debatten, 0 Reden, 0 Wörter
2025-09-20 19:55:47,325 - database_manager - INFO - Verarbeite Datei 969/2945: debates2018-12-17a.xml
2025-09-20 19:55:47,325 - database_manager - INFO - Parse debates XML-Datei: debates2018-12-17a.xml
2025-09-20 19:55:47,325 - database_manager - INFO - Debates XML erfolgreich geparst: 0 Debatten, 0 Reden, 0 Wörter
2025-09-20 19:55:47,326 - database_manager - INFO - Verarbeite Datei 970/2945: debates2018-07-03d.xml
2025-09-20 19:55:47,326 - database_manager - INFO - Parse debates XML-Datei: debates2018-07-03d.xml
2025-09-20 19:55:47,344 - database_manager - INFO - Debates XML erfolgreich geparst: 31 Debatten, 561 Reden, 64603 Wörter
2025-09-20 19:55:47,344 - database_manager - INFO - Verarbeite Datei 971/2945: debates2017-06-29a.xml
2025-09-20 19:55:47,344 - database_manager - INFO - Parse debates XML-Datei: debates2017-06-29a.xml
2025-09-20 19:55:47,346 - database_manager - INFO - Debates XML erfolgreich geparst: 0 Debatten, 0 Reden, 0 Wörter
2025-09-20 19:55:47,346 - database_manager - INFO - Verarbeite Datei 972/2945: debates2015-12-01b.xml
2025-09-20 19:55:47,346 - database_manager - INFO - Parse debates XML-Datei: debates2015-12-01b.xml
2025-09-20 19:55:47,347 - database_manager - INFO - Debates XML erfolgreich geparst: 0 Debatten, 0 Reden, 0 Wörter
2025-09-20 19:55:47,347 - database_manager - INFO - Verarbeite Datei 973/2945: debates2013-10-28a.xml
2025-09-20 19:55:47,347 - database_manager - INFO - Parse debates XML-Datei: debates2013-10-28a.xml
2025-09-20 19:55:47,347 - database_manager - INFO - Debates XML erfolgreich geparst: 0 Debatten, 0 Reden, 0 Wörter
2025-09-20 19:55:47,347 - database_manager - INFO - Verarbeite Datei 974/2945: debates2020-07-08b.xml
2025-09-20 19:55:47,347 - database_manager - INFO - Parse debates XML-Datei: debates2020-07-08b.xml
2025-09-20 19:55:47,369 - database_manager - INFO - Debates XML erfolgreich geparst: 9 Debatten, 471 Reden, 71394 Wörter
2025-09-20 19:55:47,369 - database_manager - INFO - Verarbeite Datei 975/2945: debates2020-06-29a.xml
2025-09-20 19:55:47,369 - database_manager - INFO - Parse debates XML-Datei: debates2020-06-29a.xml
2025-09-20 19:55:47,370 - database_manager - INFO - Debates XML erfolgreich geparst: 0 Debatten, 0 Reden, 0 Wörter
2025-09-20 19:55:47,370 - database_manager - INFO - Verarbeite Datei 976/2945: debates2019-06-10a.xml
2025-09-20 19:55:47,370 - database_manager - INFO - Parse debates XML-Datei: debates2019-06-10a.xml
2025-09-20 19:55:47,371 - database_manager - INFO - Debates XML erfolgreich geparst: 0 Debatten, 0 Reden, 0 Wörter
2025-09-20 19:55:47,371 - database_manager - INFO - Verarbeite Datei 977/2945: debates2016-10-13a.xml
2025-09-20 19:55:47,371 - database_manager - INFO - Parse debates XML-Datei: debates2016-10-13a.xml
2025-09-20 19:55:47,371 - database_manager - INFO - Debates XML erfolgreich geparst: 0 Debatten, 0 Reden, 0 Wörter
2025-09-20 19:55:47,371 - database_manager - INFO - Verarbeite Datei 978/2945: debates2013-01-09b.xml
2025-09-20 19:55:47,372 - database_manager - INFO - Parse debates XML-Datei: debates2013-01-09b.xml
2025-09-20 19:55:47,390 - database_manager - INFO - Debates XML erfolgreich geparst: 14 Debatten, 543 Reden, 63452 Wörter
2025-09-20 19:55:47,390 - database_manager - INFO - Verarbeite Datei 979/2945: debates2020-09-16b.xml
2025-09-20 19:55:47,390 - database_manager - INFO - Parse debates XML-Datei: debates2020-09-16b.xml
2025-09-20 19:55:47,411 - database_manager - INFO - Debates XML erfolgreich geparst: 17 Debatten, 525 Reden, 77314 Wörter
2025-09-20 19:55:47,412 - database_manager - INFO - Verarbeite Datei 980/2945: debates2020-10-20c.xml
2025-09-20 19:55:47,412 - database_manager - INFO - Parse debates XML-Datei: debates2020-10-20c.xml
2025-09-20 19:55:47,430 - database_manager - INFO - Debates XML erfolgreich geparst: 22 Debatten, 400 Reden, 73205 Wörter
2025-09-20 19:55:47,430 - database_manager - INFO - Verarbeite Datei 981/2945: debates2018-10-30b.xml
2025-09-20 19:55:47,430 - database_manager - INFO - Parse debates XML-Datei: debates2018-10-30b.xml
2025-09-20 19:55:47,431 - database_manager - INFO - Debates XML erfolgreich geparst: 0 Debatten, 0 Reden, 0 Wörter
2025-09-20 19:55:47,431 - database_manager - INFO - Verarbeite Datei 982/2945: debates2015-10-26a.xml
2025-09-20 19:55:47,431 - database_manager - INFO - Parse debates XML-Datei: debates2015-10-26a.xml
2025-09-20 19:55:47,432 - database_manager - INFO - Debates XML erfolgreich geparst: 0 Debatten, 0 Reden, 0 Wörter
2025-09-20 19:55:47,432 - database_manager - INFO - Verarbeite Datei 983/2945: debates2017-07-12a.xml
2025-09-20 19:55:47,432 - database_manager - INFO - Parse debates XML-Datei: debates2017-07-12a.xml
2025-09-20 19:55:47,433 - database_manager - INFO - Debates XML erfolgreich geparst: 0 Debatten, 0 Reden, 0 Wörter
2025-09-20 19:55:47,433 - database_manager - INFO - Verarbeite Datei 984/2945: debates2012-05-14a.xml
2025-09-20 19:55:47,433 - database_manager - INFO - Parse debates XML-Datei: debates2012-05-14a.xml
2025-09-20 19:55:47,433 - database_manager - INFO - Debates XML erfolgreich geparst: 0 Debatten, 0 Reden, 0 Wörter
2025-09-20 19:55:47,433 - database_manager - INFO - Verarbeite Datei 985/2945: debates2015-01-07b.xml
2025-09-20 19:55:47,433 - database_manager - INFO - Parse debates XML-Datei: debates2015-01-07b.xml
2025-09-20 19:55:47,448 - database_manager - INFO - Debates XML erfolgreich geparst: 20 Debatten, 436 Reden, 55633 Wörter
2025-09-20 19:55:47,448 - database_manager - INFO - Verarbeite Datei 986/2945: debates2018-01-11a.xml
2025-09-20 19:55:47,448 - database_manager - INFO - Parse debates XML-Datei: debates2018-01-11a.xml
2025-09-20 19:55:47,464 - database_manager - INFO - Debates XML erfolgreich geparst: 20 Debatten, 478 Reden, 65303 Wörter
2025-09-20 19:55:47,465 - database_manager - INFO - Verarbeite Datei 987/2945: debates2018-07-18c.xml
2025-09-20 19:55:47,465 - database_manager - INFO - Parse debates XML-Datei: debates2018-07-18c.xml
2025-09-20 19:55:47,487 - database_manager - INFO - Debates XML erfolgreich geparst: 25 Debatten, 612 Reden, 67131 Wörter
2025-09-20 19:55:47,488 - database_manager - INFO - Verarbeite Datei 988/2945: debates2021-03-15a.xml
2025-09-20 19:55:47,488 - database_manager - INFO - Parse debates XML-Datei: debates2021-03-15a.xml
2025-09-20 19:55:47,488 - database_manager - INFO - Debates XML erfolgreich geparst: 0 Debatten, 0 Reden, 0 Wörter
2025-09-20 19:55:47,489 - database_manager - INFO - Verarbeite Datei 989/2945: debates2021-01-28a.xml
2025-09-20 19:55:47,489 - database_manager - INFO - Parse debates XML-Datei: debates2021-01-28a.xml
2025-09-20 19:55:47,489 - database_manager - INFO - Debates XML erfolgreich geparst: 0 Debatten, 0 Reden, 0 Wörter
2025-09-20 19:55:47,489 - database_manager - INFO - Verarbeite Datei 990/2945: debates2013-11-12e.xml
2025-09-20 19:55:47,489 - database_manager - INFO - Parse debates XML-Datei: debates2013-11-12e.xml
2025-09-20 19:55:47,490 - database_manager - INFO - Debates XML erfolgreich geparst: 0 Debatten, 0 Reden, 0 Wörter
2025-09-20 19:55:47,490 - database_manager - INFO - Verarbeite Datei 991/2945: debates2016-03-15a.xml
2025-09-20 19:55:47,490 - database_manager - INFO - Parse debates XML-Datei: debates2016-03-15a.xml
2025-09-20 19:55:47,512 - database_manager - INFO - Debates XML erfolgreich geparst: 16 Debatten, 494 Reden, 74464 Wörter
2025-09-20 19:55:47,512 - database_manager - INFO - Verarbeite Datei 992/2945: debates2016-01-28a.xml
2025-09-20 19:55:47,512 - database_manager - INFO - Parse debates XML-Datei: debates2016-01-28a.xml
2025-09-20 19:55:47,513 - database_manager - INFO - Debates XML erfolgreich geparst: 0 Debatten, 0 Reden, 0 Wörter
2025-09-20 19:55:47,513 - database_manager - INFO - Verarbeite Datei 993/2945: debates2016-07-21c.xml
2025-09-20 19:55:47,513 - database_manager - INFO - Parse debates XML-Datei: debates2016-07-21c.xml
2025-09-20 19:55:47,529 - database_manager - INFO - Debates XML erfolgreich geparst: 23 Debatten, 423 Reden, 62009 Wörter
2025-09-20 19:55:47,529 - database_manager - INFO - Verarbeite Datei 994/2945: debates2019-05-16a.xml
2025-09-20 19:55:47,529 - database_manager - INFO - Parse debates XML-Datei: debates2019-05-16a.xml
2025-09-20 19:55:47,530 - database_manager - INFO - Debates XML erfolgreich geparst: 0 Debatten, 0 Reden, 0 Wörter
2025-09-20 19:55:47,530 - database_manager - INFO - Verarbeite Datei 995/2945: debates2016-11-28a.xml
2025-09-20 19:55:47,530 - database_manager - INFO - Parse debates XML-Datei: debates2016-11-28a.xml
2025-09-20 19:55:47,549 - database_manager - INFO - Debates XML erfolgreich geparst: 44 Debatten, 521 Reden, 66505 Wörter
2025-09-20 19:55:47,549 - database_manager - INFO - Verarbeite Datei 996/2945: debates2019-01-22c.xml
2025-09-20 19:55:47,549 - database_manager - INFO - Parse debates XML-Datei: debates2019-01-22c.xml
2025-09-20 19:55:47,562 - database_manager - INFO - Debates XML erfolgreich geparst: 26 Debatten, 407 Reden, 42006 Wörter
2025-09-20 19:55:47,563 - database_manager - INFO - Verarbeite Datei 997/2945: debates2021-11-24b.xml
2025-09-20 19:55:47,563 - database_manager - INFO - Parse debates XML-Datei: debates2021-11-24b.xml
2025-09-20 19:55:47,563 - database_manager - INFO - Debates XML erfolgreich geparst: 0 Debatten, 0 Reden, 0 Wörter
2025-09-20 19:55:47,563 - database_manager - INFO - Verarbeite Datei 998/2945: debates2018-03-20b.xml
2025-09-20 19:55:47,563 - database_manager - INFO - Parse debates XML-Datei: debates2018-03-20b.xml
2025-09-20 19:55:47,578 - database_manager - INFO - Debates XML erfolgreich geparst: 34 Debatten, 476 Reden, 54999 Wörter
2025-09-20 19:55:47,579 - database_manager - INFO - Verarbeite Datei 999/2945: debates2018-02-01a.xml
2025-09-20 19:55:47,579 - database_manager - INFO - Parse debates XML-Datei: debates2018-02-01a.xml
2025-09-20 19:55:47,580 - database_manager - INFO - Debates XML erfolgreich geparst: 0 Debatten, 0 Reden, 0 Wörter
2025-09-20 19:55:47,580 - database_manager - INFO - Verarbeite Datei 1000/2945: debates2020-01-16d.xml
2025-09-20 19:55:47,580 - database_manager - INFO - Parse debates XML-Datei: debates2020-01-16d.xml
2025-09-20 19:55:47,581 - database_manager - INFO - Debates XML erfolgreich geparst: 0 Debatten, 0 Reden, 0 Wörter
2025-09-20 19:55:47,581 - database_manager - INFO - Verarbeite Datei 1001/2945: debates2013-03-22b.xml
2025-09-20 19:55:47,581 - database_manager - INFO - Parse debates XML-Datei: debates2013-03-22b.xml
2025-09-20 19:55:47,593 - database_manager - INFO - Debates XML erfolgreich geparst: 1 Debatten, 223 Reden, 42886 Wörter
2025-09-20 19:55:47,594 - database_manager - INFO - Verarbeite Datei 1002/2945: debates2014-06-10b.xml
2025-09-20 19:55:47,594 - database_manager - INFO - Parse debates XML-Datei: debates2014-06-10b.xml
2025-09-20 19:55:47,595 - database_manager - INFO - Debates XML erfolgreich geparst: 0 Debatten, 0 Reden, 0 Wörter
2025-09-20 19:55:47,595 - database_manager - INFO - Verarbeite Datei 1003/2945: debates2019-06-06a.xml
2025-09-20 19:55:47,595 - database_manager - INFO - Parse debates XML-Datei: debates2019-06-06a.xml
2025-09-20 19:55:47,595 - database_manager - INFO - Debates XML erfolgreich geparst: 0 Debatten, 0 Reden, 0 Wörter
2025-09-20 19:55:47,596 - database_manager - INFO - Verarbeite Datei 1004/2945: debates2013-08-29c.xml
2025-09-20 19:55:47,596 - database_manager - INFO - Parse debates XML-Datei: debates2013-08-29c.xml
2025-09-20 19:55:47,599 - database_manager - INFO - Debates XML erfolgreich geparst: 0 Debatten, 0 Reden, 0 Wörter
2025-09-20 19:55:47,599 - database_manager - INFO - Verarbeite Datei 1005/2945: debates2013-12-03a.xml
2025-09-20 19:55:47,600 - database_manager - INFO - Parse debates XML-Datei: debates2013-12-03a.xml
2025-09-20 19:55:47,616 - database_manager - INFO - Debates XML erfolgreich geparst: 22 Debatten, 463 Reden, 62876 Wörter
2025-09-20 19:55:47,616 - database_manager - INFO - Verarbeite Datei 1006/2945: debates2021-11-08c.xml
2025-09-20 19:55:47,617 - database_manager - INFO - Parse debates XML-Datei: debates2021-11-08c.xml
2025-09-20 19:55:47,634 - database_manager - INFO - Debates XML erfolgreich geparst: 21 Debatten, 443 Reden, 65496 Wörter
2025-09-20 19:55:47,635 - database_manager - INFO - Verarbeite Datei 1007/2945: debates2015-01-26d.xml
2025-09-20 19:55:47,635 - database_manager - INFO - Parse debates XML-Datei: debates2015-01-26d.xml
2025-09-20 19:55:47,655 - database_manager - INFO - Debates XML erfolgreich geparst: 52 Debatten, 533 Reden, 62381 Wörter
2025-09-20 19:55:47,655 - database_manager - INFO - Verarbeite Datei 1008/2945: debates2017-02-27b.xml
2025-09-20 19:55:47,655 - database_manager - INFO - Parse debates XML-Datei: debates2017-02-27b.xml
2025-09-20 19:55:47,670 - database_manager - INFO - Debates XML erfolgreich geparst: 28 Debatten, 454 Reden, 63368 Wörter
2025-09-20 19:55:47,671 - database_manager - INFO - Verarbeite Datei 1009/2945: debates2017-03-06a.xml
2025-09-20 19:55:47,671 - database_manager - INFO - Parse debates XML-Datei: debates2017-03-06a.xml
2025-09-20 19:55:47,684 - database_manager - INFO - Debates XML erfolgreich geparst: 23 Debatten, 421 Reden, 50359 Wörter
2025-09-20 19:55:47,684 - database_manager - INFO - Verarbeite Datei 1010/2945: debates2018-06-19b.xml
2025-09-20 19:55:47,684 - database_manager - INFO - Parse debates XML-Datei: debates2018-06-19b.xml
2025-09-20 19:55:47,704 - database_manager - INFO - Debates XML erfolgreich geparst: 23 Debatten, 609 Reden, 62875 Wörter
2025-09-20 19:55:47,705 - database_manager - INFO - Verarbeite Datei 1011/2945: debates2018-04-24b.xml
2025-09-20 19:55:47,705 - database_manager - INFO - Parse debates XML-Datei: debates2018-04-24b.xml
2025-09-20 19:55:47,706 - database_manager - INFO - Debates XML erfolgreich geparst: 0 Debatten, 0 Reden, 0 Wörter
2025-09-20 19:55:47,706 - database_manager - INFO - Verarbeite Datei 1012/2945: debates2021-07-01a.xml
2025-09-20 19:55:47,706 - database_manager - INFO - Parse debates XML-Datei: debates2021-07-01a.xml
2025-09-20 19:55:47,719 - database_manager - INFO - Debates XML erfolgreich geparst: 16 Debatten, 253 Reden, 60674 Wörter
2025-09-20 19:55:47,719 - database_manager - INFO - Verarbeite Datei 1013/2945: debates2016-06-20b.xml
2025-09-20 19:55:47,719 - database_manager - INFO - Parse debates XML-Datei: debates2016-06-20b.xml
2025-09-20 19:55:47,720 - database_manager - INFO - Debates XML erfolgreich geparst: 0 Debatten, 0 Reden, 0 Wörter
2025-09-20 19:55:47,720 - database_manager - INFO - Verarbeite Datei 1014/2945: debates2014-12-08a.xml
2025-09-20 19:55:47,720 - database_manager - INFO - Parse debates XML-Datei: debates2014-12-08a.xml
2025-09-20 19:55:47,720 - database_manager - INFO - Debates XML erfolgreich geparst: 0 Debatten, 0 Reden, 0 Wörter
2025-09-20 19:55:47,720 - database_manager - INFO - Verarbeite Datei 1015/2945: debates2019-10-23b.xml
2025-09-20 19:55:47,720 - database_manager - INFO - Parse debates XML-Datei: debates2019-10-23b.xml
2025-09-20 19:55:47,721 - database_manager - INFO - Debates XML erfolgreich geparst: 2 Debatten, 0 Reden, 0 Wörter
2025-09-20 19:55:47,722 - database_manager - INFO - Verarbeite Datei 1016/2945: debates2014-01-14b.xml
2025-09-20 19:55:47,722 - database_manager - INFO - Parse debates XML-Datei: debates2014-01-14b.xml
2025-09-20 19:55:47,738 - database_manager - INFO - Debates XML erfolgreich geparst: 27 Debatten, 435 Reden, 60110 Wörter
2025-09-20 19:55:47,738 - database_manager - INFO - Verarbeite Datei 1017/2945: debates2016-11-08c.xml
2025-09-20 19:55:47,738 - database_manager - INFO - Parse debates XML-Datei: debates2016-11-08c.xml
2025-09-20 19:55:47,752 - database_manager - INFO - Debates XML erfolgreich geparst: 17 Debatten, 384 Reden, 57629 Wörter
2025-09-20 19:55:47,752 - database_manager - INFO - Verarbeite Datei 1018/2945: debates2021-09-13b.xml
2025-09-20 19:55:47,752 - database_manager - INFO - Parse debates XML-Datei: debates2021-09-13b.xml
2025-09-20 19:55:47,753 - database_manager - INFO - Debates XML erfolgreich geparst: 0 Debatten, 0 Reden, 0 Wörter
2025-09-20 19:55:47,753 - database_manager - INFO - Verarbeite Datei 1019/2945: debates2018-06-15a.xml
2025-09-20 19:55:47,753 - database_manager - INFO - Parse debates XML-Datei: debates2018-06-15a.xml
2025-09-20 19:55:47,763 - database_manager - INFO - Debates XML erfolgreich geparst: 6 Debatten, 197 Reden, 42827 Wörter
2025-09-20 19:55:47,763 - database_manager - INFO - Verarbeite Datei 1020/2945: debates2017-10-16a.xml
2025-09-20 19:55:47,763 - database_manager - INFO - Parse debates XML-Datei: debates2017-10-16a.xml
2025-09-20 19:55:47,781 - database_manager - INFO - Debates XML erfolgreich geparst: 27 Debatten, 603 Reden, 63134 Wörter
2025-09-20 19:55:47,782 - database_manager - INFO - Verarbeite Datei 1021/2945: debates2015-06-03b.xml
2025-09-20 19:55:47,782 - database_manager - INFO - Parse debates XML-Datei: debates2015-06-03b.xml
2025-09-20 19:55:47,797 - database_manager - INFO - Debates XML erfolgreich geparst: 6 Debatten, 240 Reden, 65463 Wörter
2025-09-20 19:55:47,798 - database_manager - INFO - Verarbeite Datei 1022/2945: debates2012-12-10a.xml
2025-09-20 19:55:47,798 - database_manager - INFO - Parse debates XML-Datei: debates2012-12-10a.xml
2025-09-20 19:55:47,814 - database_manager - INFO - Debates XML erfolgreich geparst: 34 Debatten, 501 Reden, 57096 Wörter
2025-09-20 19:55:47,815 - database_manager - INFO - Verarbeite Datei 1023/2945: debates2014-11-18a.xml
2025-09-20 19:55:47,815 - database_manager - INFO - Parse debates XML-Datei: debates2014-11-18a.xml
2025-09-20 19:55:47,816 - database_manager - INFO - Debates XML erfolgreich geparst: 0 Debatten, 0 Reden, 0 Wörter
2025-09-20 19:55:47,816 - database_manager - INFO - Verarbeite Datei 1024/2945: debates2016-04-11a.xml
2025-09-20 19:55:47,816 - database_manager - INFO - Parse debates XML-Datei: debates2016-04-11a.xml
2025-09-20 19:55:47,841 - database_manager - INFO - Debates XML erfolgreich geparst: 17 Debatten, 581 Reden, 74395 Wörter
2025-09-20 19:55:47,841 - database_manager - INFO - Verarbeite Datei 1025/2945: debates2014-12-04b.xml
2025-09-20 19:55:47,841 - database_manager - INFO - Parse debates XML-Datei: debates2014-12-04b.xml
2025-09-20 19:55:47,857 - database_manager - INFO - Debates XML erfolgreich geparst: 18 Debatten, 464 Reden, 66037 Wörter
2025-09-20 19:55:47,858 - database_manager - INFO - Verarbeite Datei 1026/2945: debates2013-06-17a.xml
2025-09-20 19:55:47,858 - database_manager - INFO - Parse debates XML-Datei: debates2013-06-17a.xml
2025-09-20 19:55:47,883 - database_manager - INFO - Debates XML erfolgreich geparst: 30 Debatten, 424 Reden, 63966 Wörter
2025-09-20 19:55:47,884 - database_manager - INFO - Verarbeite Datei 1027/2945: debates2020-10-16a.xml
2025-09-20 19:55:47,884 - database_manager - INFO - Parse debates XML-Datei: debates2020-10-16a.xml
2025-09-20 19:55:47,885 - database_manager - INFO - Debates XML erfolgreich geparst: 0 Debatten, 0 Reden, 0 Wörter
2025-09-20 19:55:47,885 - database_manager - INFO - Verarbeite Datei 1028/2945: debates2014-02-04b.xml
2025-09-20 19:55:47,885 - database_manager - INFO - Parse debates XML-Datei: debates2014-02-04b.xml
2025-09-20 19:55:47,888 - database_manager - INFO - Debates XML erfolgreich geparst: 0 Debatten, 0 Reden, 0 Wörter
2025-09-20 19:55:47,889 - database_manager - INFO - Verarbeite Datei 1029/2945: debates2014-03-25a.xml
2025-09-20 19:55:47,889 - database_manager - INFO - Parse debates XML-Datei: debates2014-03-25a.xml
2025-09-20 19:55:47,892 - database_manager - INFO - Debates XML erfolgreich geparst: 0 Debatten, 0 Reden, 0 Wörter
2025-09-20 19:55:47,892 - database_manager - INFO - Verarbeite Datei 1030/2945: debates2019-02-12a.xml
2025-09-20 19:55:47,892 - database_manager - INFO - Parse debates XML-Datei: debates2019-02-12a.xml
2025-09-20 19:55:47,896 - database_manager - INFO - Debates XML erfolgreich geparst: 0 Debatten, 0 Reden, 0 Wörter
2025-09-20 19:55:47,897 - database_manager - INFO - Verarbeite Datei 1031/2945: debates2016-01-05d.xml
2025-09-20 19:55:47,897 - database_manager - INFO - Parse debates XML-Datei: debates2016-01-05d.xml
2025-09-20 19:55:47,960 - database_manager - INFO - Debates XML erfolgreich geparst: 85 Debatten, 859 Reden, 117448 Wörter
2025-09-20 19:55:47,960 - database_manager - INFO - Verarbeite Datei 1032/2945: debates2020-09-21d.xml
2025-09-20 19:55:47,960 - database_manager - INFO - Parse debates XML-Datei: debates2020-09-21d.xml
2025-09-20 19:55:47,980 - database_manager - INFO - Debates XML erfolgreich geparst: 30 Debatten, 444 Reden, 74112 Wörter
2025-09-20 19:55:47,980 - database_manager - INFO - Verarbeite Datei 1033/2945: debates2014-02-04c.xml
2025-09-20 19:55:47,980 - database_manager - INFO - Parse debates XML-Datei: debates2014-02-04c.xml
2025-09-20 19:55:47,997 - database_manager - INFO - Debates XML erfolgreich geparst: 24 Debatten, 486 Reden, 58563 Wörter
2025-09-20 19:55:47,997 - database_manager - INFO - Verarbeite Datei 1034/2945: debates2014-06-30a.xml
2025-09-20 19:55:47,997 - database_manager - INFO - Parse debates XML-Datei: debates2014-06-30a.xml
2025-09-20 19:55:48,018 - database_manager - INFO - Debates XML erfolgreich geparst: 25 Debatten, 591 Reden, 66587 Wörter
2025-09-20 19:55:48,019 - database_manager - INFO - Verarbeite Datei 1035/2945: debates2016-10-25b.xml
2025-09-20 19:55:48,019 - database_manager - INFO - Parse debates XML-Datei: debates2016-10-25b.xml
2025-09-20 19:55:48,036 - database_manager - INFO - Debates XML erfolgreich geparst: 19 Debatten, 501 Reden, 62835 Wörter
2025-09-20 19:55:48,036 - database_manager - INFO - Verarbeite Datei 1036/2945: debates2016-11-04a.xml
2025-09-20 19:55:48,036 - database_manager - INFO - Parse debates XML-Datei: debates2016-11-04a.xml
2025-09-20 19:55:48,038 - database_manager - INFO - Debates XML erfolgreich geparst: 1 Debatten, 5 Reden, 3240 Wörter
2025-09-20 19:55:48,039 - database_manager - INFO - Verarbeite Datei 1037/2945: debates2015-06-03c.xml
2025-09-20 19:55:48,039 - database_manager - INFO - Parse debates XML-Datei: debates2015-06-03c.xml
2025-09-20 19:55:48,039 - database_manager - INFO - Debates XML erfolgreich geparst: 0 Debatten, 0 Reden, 0 Wörter
2025-09-20 19:55:48,040 - database_manager - INFO - Verarbeite Datei 1038/2945: debates2015-03-16b.xml
2025-09-20 19:55:48,040 - database_manager - INFO - Parse debates XML-Datei: debates2015-03-16b.xml
2025-09-20 19:55:48,053 - database_manager - INFO - Debates XML erfolgreich geparst: 22 Debatten, 392 Reden, 45206 Wörter
2025-09-20 19:55:48,054 - database_manager - INFO - Verarbeite Datei 1039/2945: debates2021-11-04a.xml
2025-09-20 19:55:48,054 - database_manager - INFO - Parse debates XML-Datei: debates2021-11-04a.xml
2025-09-20 19:55:48,054 - database_manager - INFO - Debates XML erfolgreich geparst: 0 Debatten, 0 Reden, 0 Wörter
2025-09-20 19:55:48,054 - database_manager - INFO - Verarbeite Datei 1040/2945: debates2012-07-05a.xml
2025-09-20 19:55:48,054 - database_manager - INFO - Parse debates XML-Datei: debates2012-07-05a.xml
2025-09-20 19:55:48,075 - database_manager - INFO - Debates XML erfolgreich geparst: 25 Debatten, 667 Reden, 60090 Wörter
2025-09-20 19:55:48,075 - database_manager - INFO - Verarbeite Datei 1041/2945: debates2021-09-13c.xml
2025-09-20 19:55:48,075 - database_manager - INFO - Parse debates XML-Datei: debates2021-09-13c.xml
2025-09-20 19:55:48,093 - database_manager - INFO - Debates XML erfolgreich geparst: 25 Debatten, 545 Reden, 61577 Wörter
2025-09-20 19:55:48,094 - database_manager - INFO - Verarbeite Datei 1042/2945: debates2016-12-14a.xml
2025-09-20 19:55:48,094 - database_manager - INFO - Parse debates XML-Datei: debates2016-12-14a.xml
2025-09-20 19:55:48,113 - database_manager - INFO - Debates XML erfolgreich geparst: 22 Debatten, 497 Reden, 70258 Wörter
2025-09-20 19:55:48,114 - database_manager - INFO - Verarbeite Datei 1043/2945: debates2014-04-01b.xml
2025-09-20 19:55:48,114 - database_manager - INFO - Parse debates XML-Datei: debates2014-04-01b.xml
2025-09-20 19:55:48,405 - database_manager - INFO - Debates XML erfolgreich geparst: 21 Debatten, 613 Reden, 70545 Wörter
2025-09-20 19:55:48,405 - database_manager - INFO - Verarbeite Datei 1044/2945: debates2016-11-08b.xml
2025-09-20 19:55:48,405 - database_manager - INFO - Parse debates XML-Datei: debates2016-11-08b.xml
2025-09-20 19:55:48,406 - database_manager - INFO - Debates XML erfolgreich geparst: 0 Debatten, 0 Reden, 0 Wörter
2025-09-20 19:55:48,406 - database_manager - INFO - Verarbeite Datei 1045/2945: debates2019-10-23c.xml
2025-09-20 19:55:48,406 - database_manager - INFO - Parse debates XML-Datei: debates2019-10-23c.xml
2025-09-20 19:55:48,426 - database_manager - INFO - Debates XML erfolgreich geparst: 17 Debatten, 552 Reden, 63855 Wörter
2025-09-20 19:55:48,426 - database_manager - INFO - Verarbeite Datei 1046/2945: debates2016-06-20c.xml
2025-09-20 19:55:48,426 - database_manager - INFO - Parse debates XML-Datei: debates2016-06-20c.xml
2025-09-20 19:55:48,428 - database_manager - INFO - Debates XML erfolgreich geparst: 1 Debatten, 22 Reden, 9495 Wörter
2025-09-20 19:55:48,428 - database_manager - INFO - Verarbeite Datei 1047/2945: debates2014-09-03a.xml
2025-09-20 19:55:48,429 - database_manager - INFO - Parse debates XML-Datei: debates2014-09-03a.xml
2025-09-20 19:55:48,429 - database_manager - INFO - Debates XML erfolgreich geparst: 0 Debatten, 0 Reden, 0 Wörter
2025-09-20 19:55:48,430 - database_manager - INFO - Verarbeite Datei 1048/2945: debates2018-04-24c.xml
2025-09-20 19:55:48,430 - database_manager - INFO - Parse debates XML-Datei: debates2018-04-24c.xml
2025-09-20 19:55:48,430 - database_manager - INFO - Debates XML erfolgreich geparst: 0 Debatten, 0 Reden, 0 Wörter
2025-09-20 19:55:48,430 - database_manager - INFO - Verarbeite Datei 1049/2945: debates2015-01-27a.xml
2025-09-20 19:55:48,430 - database_manager - INFO - Parse debates XML-Datei: debates2015-01-27a.xml
2025-09-20 19:55:48,446 - database_manager - INFO - Debates XML erfolgreich geparst: 20 Debatten, 323 Reden, 63053 Wörter
2025-09-20 19:55:48,446 - database_manager - INFO - Verarbeite Datei 1050/2945: debates2018-01-31b.xml
2025-09-20 19:55:48,446 - database_manager - INFO - Parse debates XML-Datei: debates2018-01-31b.xml
2025-09-20 19:55:48,468 - database_manager - INFO - Debates XML erfolgreich geparst: 14 Debatten, 564 Reden, 65572 Wörter
2025-09-20 19:55:48,468 - database_manager - INFO - Verarbeite Datei 1051/2945: debates2012-06-28a.xml
2025-09-20 19:55:48,468 - database_manager - INFO - Parse debates XML-Datei: debates2012-06-28a.xml
2025-09-20 19:55:48,470 - database_manager - INFO - Debates XML erfolgreich geparst: 0 Debatten, 0 Reden, 0 Wörter
2025-09-20 19:55:48,470 - database_manager - INFO - Verarbeite Datei 1052/2945: debates2021-12-14a.xml
2025-09-20 19:55:48,470 - database_manager - INFO - Parse debates XML-Datei: debates2021-12-14a.xml
2025-09-20 19:55:48,471 - database_manager - INFO - Debates XML erfolgreich geparst: 0 Debatten, 0 Reden, 0 Wörter
2025-09-20 19:55:48,471 - database_manager - INFO - Verarbeite Datei 1053/2945: debates2021-10-29a.xml
2025-09-20 19:55:48,471 - database_manager - INFO - Parse debates XML-Datei: debates2021-10-29a.xml
2025-09-20 19:55:48,471 - database_manager - INFO - Debates XML erfolgreich geparst: 0 Debatten, 0 Reden, 0 Wörter
2025-09-20 19:55:48,471 - database_manager - INFO - Verarbeite Datei 1054/2945: debates2021-11-08b.xml
2025-09-20 19:55:48,471 - database_manager - INFO - Parse debates XML-Datei: debates2021-11-08b.xml
2025-09-20 19:55:48,472 - database_manager - INFO - Debates XML erfolgreich geparst: 0 Debatten, 0 Reden, 0 Wörter
2025-09-20 19:55:48,473 - database_manager - INFO - Verarbeite Datei 1055/2945: debates2018-10-10a.xml
2025-09-20 19:55:48,473 - database_manager - INFO - Parse debates XML-Datei: debates2018-10-10a.xml
2025-09-20 19:55:48,473 - database_manager - INFO - Debates XML erfolgreich geparst: 0 Debatten, 0 Reden, 0 Wörter
2025-09-20 19:55:48,473 - database_manager - INFO - Verarbeite Datei 1056/2945: debates2017-06-13a.xml
2025-09-20 19:55:48,473 - database_manager - INFO - Parse debates XML-Datei: debates2017-06-13a.xml
2025-09-20 19:55:48,474 - database_manager - INFO - Debates XML erfolgreich geparst: 0 Debatten, 0 Reden, 0 Wörter
2025-09-20 19:55:48,474 - database_manager - INFO - Verarbeite Datei 1057/2945: debates2013-08-29b.xml
2025-09-20 19:55:48,474 - database_manager - INFO - Parse debates XML-Datei: debates2013-08-29b.xml
2025-09-20 19:55:48,475 - database_manager - INFO - Debates XML erfolgreich geparst: 0 Debatten, 0 Reden, 0 Wörter
2025-09-20 19:55:48,475 - database_manager - INFO - Verarbeite Datei 1058/2945: debates2014-06-10c.xml
2025-09-20 19:55:48,475 - database_manager - INFO - Parse debates XML-Datei: debates2014-06-10c.xml
2025-09-20 19:55:48,493 - database_manager - INFO - Debates XML erfolgreich geparst: 24 Debatten, 410 Reden, 65748 Wörter
2025-09-20 19:55:48,493 - database_manager - INFO - Verarbeite Datei 1059/2945: debates2014-02-24a.xml
2025-09-20 19:55:48,493 - database_manager - INFO - Parse debates XML-Datei: debates2014-02-24a.xml
2025-09-20 19:55:48,494 - database_manager - INFO - Debates XML erfolgreich geparst: 0 Debatten, 0 Reden, 0 Wörter
2025-09-20 19:55:48,494 - database_manager - INFO - Verarbeite Datei 1060/2945: debates2019-03-13a.xml
2025-09-20 19:55:48,494 - database_manager - INFO - Parse debates XML-Datei: debates2019-03-13a.xml
2025-09-20 19:55:48,496 - database_manager - INFO - Debates XML erfolgreich geparst: 0 Debatten, 0 Reden, 0 Wörter
2025-09-20 19:55:48,496 - database_manager - INFO - Verarbeite Datei 1061/2945: debates2013-07-16a.xml
2025-09-20 19:55:48,496 - database_manager - INFO - Parse debates XML-Datei: debates2013-07-16a.xml
2025-09-20 19:55:48,521 - database_manager - INFO - Debates XML erfolgreich geparst: 46 Debatten, 647 Reden, 84476 Wörter
2025-09-20 19:55:48,521 - database_manager - INFO - Verarbeite Datei 1062/2945: debates2020-11-17a.xml
2025-09-20 19:55:48,522 - database_manager - INFO - Parse debates XML-Datei: debates2020-11-17a.xml
2025-09-20 19:55:48,539 - database_manager - INFO - Debates XML erfolgreich geparst: 20 Debatten, 387 Reden, 58593 Wörter
2025-09-20 19:55:48,540 - database_manager - INFO - Verarbeite Datei 1063/2945: debates2016-05-10a.xml
2025-09-20 19:55:48,540 - database_manager - INFO - Parse debates XML-Datei: debates2016-05-10a.xml
2025-09-20 19:55:48,553 - database_manager - INFO - Debates XML erfolgreich geparst: 17 Debatten, 334 Reden, 40786 Wörter
2025-09-20 19:55:48,554 - database_manager - INFO - Verarbeite Datei 1064/2945: debates2020-01-16e.xml
2025-09-20 19:55:48,554 - database_manager - INFO - Parse debates XML-Datei: debates2020-01-16e.xml
2025-09-20 19:55:48,555 - database_manager - INFO - Debates XML erfolgreich geparst: 0 Debatten, 0 Reden, 0 Wörter
2025-09-20 19:55:48,555 - database_manager - INFO - Verarbeite Datei 1065/2945: debates2015-07-02b.xml
2025-09-20 19:55:48,555 - database_manager - INFO - Parse debates XML-Datei: debates2015-07-02b.xml
2025-09-20 19:55:48,575 - database_manager - INFO - Debates XML erfolgreich geparst: 22 Debatten, 538 Reden, 67078 Wörter
2025-09-20 19:55:48,575 - database_manager - INFO - Verarbeite Datei 1066/2945: debates2015-06-23a.xml
2025-09-20 19:55:48,575 - database_manager - INFO - Parse debates XML-Datei: debates2015-06-23a.xml
2025-09-20 19:55:48,592 - database_manager - INFO - Debates XML erfolgreich geparst: 19 Debatten, 521 Reden, 58109 Wörter
2025-09-20 19:55:48,593 - database_manager - INFO - Verarbeite Datei 1067/2945: debates2017-01-17a.xml
2025-09-20 19:55:48,593 - database_manager - INFO - Parse debates XML-Datei: debates2017-01-17a.xml
2025-09-20 19:55:48,615 - database_manager - INFO - Debates XML erfolgreich geparst: 18 Debatten, 631 Reden, 76418 Wörter
2025-09-20 19:55:48,615 - database_manager - INFO - Verarbeite Datei 1068/2945: debates2021-11-24c.xml
2025-09-20 19:55:48,615 - database_manager - INFO - Parse debates XML-Datei: debates2021-11-24c.xml
2025-09-20 19:55:48,628 - database_manager - INFO - Debates XML erfolgreich geparst: 15 Debatten, 353 Reden, 46537 Wörter
2025-09-20 19:55:48,628 - database_manager - INFO - Verarbeite Datei 1069/2945: debates2019-01-22b.xml
2025-09-20 19:55:48,628 - database_manager - INFO - Parse debates XML-Datei: debates2019-01-22b.xml
2025-09-20 19:55:48,629 - database_manager - INFO - Debates XML erfolgreich geparst: 0 Debatten, 0 Reden, 0 Wörter
2025-09-20 19:55:48,629 - database_manager - INFO - Verarbeite Datei 1070/2945: debates2020-12-07a.xml
2025-09-20 19:55:48,629 - database_manager - INFO - Parse debates XML-Datei: debates2020-12-07a.xml
2025-09-20 19:55:48,630 - database_manager - INFO - Debates XML erfolgreich geparst: 0 Debatten, 0 Reden, 0 Wörter
2025-09-20 19:55:48,630 - database_manager - INFO - Verarbeite Datei 1071/2945: debates2013-11-12d.xml
2025-09-20 19:55:48,630 - database_manager - INFO - Parse debates XML-Datei: debates2013-11-12d.xml
2025-09-20 19:55:48,631 - database_manager - INFO - Debates XML erfolgreich geparst: 0 Debatten, 0 Reden, 0 Wörter
2025-09-20 19:55:48,631 - database_manager - INFO - Verarbeite Datei 1072/2945: debates2016-07-21b.xml
2025-09-20 19:55:48,631 - database_manager - INFO - Parse debates XML-Datei: debates2016-07-21b.xml
2025-09-20 19:55:48,637 - database_manager - INFO - Debates XML erfolgreich geparst: 1 Debatten, 57 Reden, 21399 Wörter
2025-09-20 19:55:48,637 - database_manager - INFO - Verarbeite Datei 1073/2945: debates2014-10-15b.xml
2025-09-20 19:55:48,637 - database_manager - INFO - Parse debates XML-Datei: debates2014-10-15b.xml
2025-09-20 19:55:48,655 - database_manager - INFO - Debates XML erfolgreich geparst: 14 Debatten, 446 Reden, 61537 Wörter
2025-09-20 19:55:48,655 - database_manager - INFO - Verarbeite Datei 1074/2945: debates2019-10-03a.xml
2025-09-20 19:55:48,655 - database_manager - INFO - Parse debates XML-Datei: debates2019-10-03a.xml
2025-09-20 19:55:48,656 - database_manager - INFO - Debates XML erfolgreich geparst: 0 Debatten, 0 Reden, 0 Wörter
2025-09-20 19:55:48,656 - database_manager - INFO - Verarbeite Datei 1075/2945: debates2012-11-20b.xml
2025-09-20 19:55:48,656 - database_manager - INFO - Parse debates XML-Datei: debates2012-11-20b.xml
2025-09-20 19:55:48,672 - database_manager - INFO - Debates XML erfolgreich geparst: 24 Debatten, 486 Reden, 62995 Wörter
2025-09-20 19:55:48,673 - database_manager - INFO - Verarbeite Datei 1076/2945: debates2017-12-07a.xml
2025-09-20 19:55:48,673 - database_manager - INFO - Parse debates XML-Datei: debates2017-12-07a.xml
2025-09-20 19:55:48,674 - database_manager - INFO - Debates XML erfolgreich geparst: 0 Debatten, 0 Reden, 0 Wörter
2025-09-20 19:55:48,674 - database_manager - INFO - Verarbeite Datei 1077/2945: debates2018-07-18b.xml
2025-09-20 19:55:48,674 - database_manager - INFO - Parse debates XML-Datei: debates2018-07-18b.xml
2025-09-20 19:55:48,675 - database_manager - INFO - Debates XML erfolgreich geparst: 0 Debatten, 0 Reden, 0 Wörter
2025-09-20 19:55:48,675 - database_manager - INFO - Verarbeite Datei 1078/2945: debates2018-10-30c.xml
2025-09-20 19:55:48,675 - database_manager - INFO - Parse debates XML-Datei: debates2018-10-30c.xml
2025-09-20 19:55:48,692 - database_manager - INFO - Debates XML erfolgreich geparst: 14 Debatten, 391 Reden, 67574 Wörter
2025-09-20 19:55:48,692 - database_manager - INFO - Verarbeite Datei 1079/2945: debates2015-09-10a.xml
2025-09-20 19:55:48,692 - database_manager - INFO - Parse debates XML-Datei: debates2015-09-10a.xml
2025-09-20 19:55:48,707 - database_manager - INFO - Debates XML erfolgreich geparst: 24 Debatten, 379 Reden, 63174 Wörter
2025-09-20 19:55:48,707 - database_manager - INFO - Verarbeite Datei 1080/2945: debates2017-02-07a.xml
2025-09-20 19:55:48,707 - database_manager - INFO - Parse debates XML-Datei: debates2017-02-07a.xml
2025-09-20 19:55:48,709 - database_manager - INFO - Debates XML erfolgreich geparst: 0 Debatten, 0 Reden, 0 Wörter
2025-09-20 19:55:48,709 - database_manager - INFO - Verarbeite Datei 1081/2945: debates2016-04-27b.xml
2025-09-20 19:55:48,709 - database_manager - INFO - Parse debates XML-Datei: debates2016-04-27b.xml
2025-09-20 19:55:48,723 - database_manager - INFO - Debates XML erfolgreich geparst: 12 Debatten, 388 Reden, 46141 Wörter
2025-09-20 19:55:48,723 - database_manager - INFO - Verarbeite Datei 1082/2945: debates2020-10-20b.xml
2025-09-20 19:55:48,723 - database_manager - INFO - Parse debates XML-Datei: debates2020-10-20b.xml
2025-09-20 19:55:48,724 - database_manager - INFO - Debates XML erfolgreich geparst: 0 Debatten, 0 Reden, 0 Wörter
2025-09-20 19:55:48,724 - database_manager - INFO - Verarbeite Datei 1083/2945: debates2019-03-05a.xml
2025-09-20 19:55:48,724 - database_manager - INFO - Parse debates XML-Datei: debates2019-03-05a.xml
2025-09-20 19:55:48,743 - database_manager - INFO - Debates XML erfolgreich geparst: 23 Debatten, 575 Reden, 69371 Wörter
2025-09-20 19:55:48,743 - database_manager - INFO - Verarbeite Datei 1084/2945: debates2014-03-13b.xml
2025-09-20 19:55:48,743 - database_manager - INFO - Parse debates XML-Datei: debates2014-03-13b.xml
2025-09-20 19:55:48,761 - database_manager - INFO - Debates XML erfolgreich geparst: 21 Debatten, 559 Reden, 63892 Wörter
2025-09-20 19:55:48,761 - database_manager - INFO - Verarbeite Datei 1085/2945: debates2015-12-01c.xml
2025-09-20 19:55:48,762 - database_manager - INFO - Parse debates XML-Datei: debates2015-12-01c.xml
2025-09-20 19:55:48,783 - database_manager - INFO - Debates XML erfolgreich geparst: 40 Debatten, 531 Reden, 77676 Wörter
2025-09-20 19:55:48,784 - database_manager - INFO - Verarbeite Datei 1086/2945: debates2012-03-07a.xml
2025-09-20 19:55:48,784 - database_manager - INFO - Parse debates XML-Datei: debates2012-03-07a.xml
2025-09-20 19:55:48,802 - database_manager - INFO - Debates XML erfolgreich geparst: 24 Debatten, 482 Reden, 73764 Wörter
2025-09-20 19:55:48,803 - database_manager - INFO - Verarbeite Datei 1087/2945: debates2017-11-01a.xml
2025-09-20 19:55:48,803 - database_manager - INFO - Parse debates XML-Datei: debates2017-11-01a.xml
2025-09-20 19:55:48,804 - database_manager - INFO - Debates XML erfolgreich geparst: 0 Debatten, 0 Reden, 0 Wörter
2025-09-20 19:55:48,804 - database_manager - INFO - Verarbeite Datei 1088/2945: debates2015-07-14b.xml
2025-09-20 19:55:48,804 - database_manager - INFO - Parse debates XML-Datei: debates2015-07-14b.xml
2025-09-20 19:55:48,825 - database_manager - INFO - Debates XML erfolgreich geparst: 20 Debatten, 510 Reden, 67142 Wörter
2025-09-20 19:55:48,826 - database_manager - INFO - Verarbeite Datei 1089/2945: debates2017-06-28d.xml
2025-09-20 19:55:48,826 - database_manager - INFO - Parse debates XML-Datei: debates2017-06-28d.xml
2025-09-20 19:55:48,843 - database_manager - INFO - Debates XML erfolgreich geparst: 12 Debatten, 411 Reden, 65600 Wörter
2025-09-20 19:55:48,843 - database_manager - INFO - Verarbeite Datei 1090/2945: debates2018-07-02a.xml
2025-09-20 19:55:48,843 - database_manager - INFO - Parse debates XML-Datei: debates2018-07-02a.xml
2025-09-20 19:55:48,844 - database_manager - INFO - Debates XML erfolgreich geparst: 0 Debatten, 0 Reden, 0 Wörter
2025-09-20 19:55:48,844 - database_manager - INFO - Verarbeite Datei 1091/2945: debates2021-04-27b.xml
2025-09-20 19:55:48,844 - database_manager - INFO - Parse debates XML-Datei: debates2021-04-27b.xml
2025-09-20 19:55:48,846 - database_manager - INFO - Debates XML erfolgreich geparst: 0 Debatten, 0 Reden, 0 Wörter
2025-09-20 19:55:48,846 - database_manager - INFO - Verarbeite Datei 1092/2945: debates2019-10-15a.xml
2025-09-20 19:55:48,846 - database_manager - INFO - Parse debates XML-Datei: debates2019-10-15a.xml
2025-09-20 19:55:48,847 - database_manager - INFO - Debates XML erfolgreich geparst: 0 Debatten, 0 Reden, 0 Wörter
2025-09-20 19:55:48,847 - database_manager - INFO - Verarbeite Datei 1093/2945: debates2016-02-22c.xml
2025-09-20 19:55:48,847 - database_manager - INFO - Parse debates XML-Datei: debates2016-02-22c.xml
2025-09-20 19:55:48,863 - database_manager - INFO - Debates XML erfolgreich geparst: 18 Debatten, 494 Reden, 61237 Wörter
2025-09-20 19:55:48,863 - database_manager - INFO - Verarbeite Datei 1094/2945: debates2013-04-10a.xml
2025-09-20 19:55:48,863 - database_manager - INFO - Parse debates XML-Datei: debates2013-04-10a.xml
2025-09-20 19:55:48,864 - database_manager - INFO - Debates XML erfolgreich geparst: 0 Debatten, 0 Reden, 0 Wörter
2025-09-20 19:55:48,864 - database_manager - INFO - Verarbeite Datei 1095/2945: debates2014-01-22a.xml
2025-09-20 19:55:48,864 - database_manager - INFO - Parse debates XML-Datei: debates2014-01-22a.xml
2025-09-20 19:55:48,880 - database_manager - INFO - Debates XML erfolgreich geparst: 19 Debatten, 467 Reden, 56056 Wörter
2025-09-20 19:55:48,881 - database_manager - INFO - Verarbeite Datei 1096/2945: debates2019-02-28a.xml
2025-09-20 19:55:48,881 - database_manager - INFO - Parse debates XML-Datei: debates2019-02-28a.xml
2025-09-20 19:55:48,899 - database_manager - INFO - Debates XML erfolgreich geparst: 21 Debatten, 544 Reden, 66475 Wörter
2025-09-20 19:55:48,900 - database_manager - INFO - Verarbeite Datei 1097/2945: debates2020-02-11a.xml
2025-09-20 19:55:48,900 - database_manager - INFO - Parse debates XML-Datei: debates2020-02-11a.xml
2025-09-20 19:55:48,901 - database_manager - INFO - Debates XML erfolgreich geparst: 0 Debatten, 0 Reden, 0 Wörter
2025-09-20 19:55:48,901 - database_manager - INFO - Verarbeite Datei 1098/2945: debates2018-09-10b.xml
2025-09-20 19:55:48,901 - database_manager - INFO - Parse debates XML-Datei: debates2018-09-10b.xml
2025-09-20 19:55:48,902 - database_manager - INFO - Debates XML erfolgreich geparst: 0 Debatten, 0 Reden, 0 Wörter
2025-09-20 19:55:48,902 - database_manager - INFO - Verarbeite Datei 1099/2945: debates2017-12-11a.xml
2025-09-20 19:55:48,902 - database_manager - INFO - Parse debates XML-Datei: debates2017-12-11a.xml
2025-09-20 19:55:48,903 - database_manager - INFO - Debates XML erfolgreich geparst: 0 Debatten, 0 Reden, 0 Wörter
2025-09-20 19:55:48,903 - database_manager - INFO - Verarbeite Datei 1100/2945: debates2012-10-17a.xml
2025-09-20 19:55:48,903 - database_manager - INFO - Parse debates XML-Datei: debates2012-10-17a.xml
2025-09-20 19:55:48,904 - database_manager - INFO - Debates XML erfolgreich geparst: 0 Debatten, 0 Reden, 0 Wörter
2025-09-20 19:55:48,904 - database_manager - INFO - Verarbeite Datei 1101/2945: debates2021-06-16a.xml
2025-09-20 19:55:48,904 - database_manager - INFO - Parse debates XML-Datei: debates2021-06-16a.xml
2025-09-20 19:55:48,905 - database_manager - INFO - Debates XML erfolgreich geparst: 0 Debatten, 0 Reden, 0 Wörter
2025-09-20 19:55:48,905 - database_manager - INFO - Verarbeite Datei 1102/2945: debates2019-02-05d.xml
2025-09-20 19:55:48,906 - database_manager - INFO - Parse debates XML-Datei: debates2019-02-05d.xml
2025-09-20 19:55:48,926 - database_manager - INFO - Debates XML erfolgreich geparst: 24 Debatten, 587 Reden, 73149 Wörter
2025-09-20 19:55:48,927 - database_manager - INFO - Verarbeite Datei 1103/2945: debates2016-01-12a.xml
2025-09-20 19:55:48,927 - database_manager - INFO - Parse debates XML-Datei: debates2016-01-12a.xml
2025-09-20 19:55:48,928 - database_manager - INFO - Debates XML erfolgreich geparst: 3 Debatten, 0 Reden, 0 Wörter
2025-09-20 19:55:48,928 - database_manager - INFO - Verarbeite Datei 1104/2945: debates2013-01-29a.xml
2025-09-20 19:55:48,928 - database_manager - INFO - Parse debates XML-Datei: debates2013-01-29a.xml
2025-09-20 19:55:48,929 - database_manager - INFO - Debates XML erfolgreich geparst: 0 Debatten, 0 Reden, 0 Wörter
2025-09-20 19:55:48,929 - database_manager - INFO - Verarbeite Datei 1105/2945: debates2013-03-14a.xml
2025-09-20 19:55:48,929 - database_manager - INFO - Parse debates XML-Datei: debates2013-03-14a.xml
2025-09-20 19:55:48,947 - database_manager - INFO - Debates XML erfolgreich geparst: 21 Debatten, 568 Reden, 65752 Wörter
2025-09-20 19:55:48,947 - database_manager - INFO - Verarbeite Datei 1106/2945: debates2019-07-11a.xml
2025-09-20 19:55:48,947 - database_manager - INFO - Parse debates XML-Datei: debates2019-07-11a.xml
2025-09-20 19:55:48,964 - database_manager - INFO - Debates XML erfolgreich geparst: 24 Debatten, 466 Reden, 67002 Wörter
2025-09-20 19:55:48,964 - database_manager - INFO - Verarbeite Datei 1107/2945: debates2014-07-07b.xml
2025-09-20 19:55:48,964 - database_manager - INFO - Parse debates XML-Datei: debates2014-07-07b.xml
2025-09-20 19:55:48,965 - database_manager - INFO - Debates XML erfolgreich geparst: 0 Debatten, 0 Reden, 0 Wörter
2025-09-20 19:55:48,965 - database_manager - INFO - Verarbeite Datei 1108/2945: debates2014-06-26a.xml
2025-09-20 19:55:48,965 - database_manager - INFO - Parse debates XML-Datei: debates2014-06-26a.xml
2025-09-20 19:55:48,980 - database_manager - INFO - Debates XML erfolgreich geparst: 20 Debatten, 364 Reden, 58522 Wörter
2025-09-20 19:55:48,981 - database_manager - INFO - Verarbeite Datei 1109/2945: debates2013-11-29a.xml
2025-09-20 19:55:48,981 - database_manager - INFO - Parse debates XML-Datei: debates2013-11-29a.xml
2025-09-20 19:55:48,981 - database_manager - INFO - Debates XML erfolgreich geparst: 0 Debatten, 0 Reden, 0 Wörter
2025-09-20 19:55:48,981 - database_manager - INFO - Verarbeite Datei 1110/2945: debates2019-03-25c.xml
2025-09-20 19:55:48,981 - database_manager - INFO - Parse debates XML-Datei: debates2019-03-25c.xml
2025-09-20 19:55:49,006 - database_manager - INFO - Debates XML erfolgreich geparst: 23 Debatten, 648 Reden, 62364 Wörter
2025-09-20 19:55:49,006 - database_manager - INFO - Verarbeite Datei 1111/2945: debates2020-06-09b.xml
2025-09-20 19:55:49,006 - database_manager - INFO - Parse debates XML-Datei: debates2020-06-09b.xml
2025-09-20 19:55:49,007 - database_manager - INFO - Debates XML erfolgreich geparst: 0 Debatten, 0 Reden, 0 Wörter
2025-09-20 19:55:49,007 - database_manager - INFO - Verarbeite Datei 1112/2945: debates2012-07-13a.xml
2025-09-20 19:55:49,007 - database_manager - INFO - Parse debates XML-Datei: debates2012-07-13a.xml
2025-09-20 19:55:49,016 - database_manager - INFO - Debates XML erfolgreich geparst: 5 Debatten, 147 Reden, 38533 Wörter
2025-09-20 19:55:49,016 - database_manager - INFO - Verarbeite Datei 1113/2945: debates2018-03-16a.xml
2025-09-20 19:55:49,016 - database_manager - INFO - Parse debates XML-Datei: debates2018-03-16a.xml
2025-09-20 19:55:49,019 - database_manager - INFO - Debates XML erfolgreich geparst: 1 Debatten, 13 Reden, 3726 Wörter
2025-09-20 19:55:49,019 - database_manager - INFO - Verarbeite Datei 1114/2945: debates2021-01-12a.xml
2025-09-20 19:55:49,019 - database_manager - INFO - Parse debates XML-Datei: debates2021-01-12a.xml
2025-09-20 19:55:49,020 - database_manager - INFO - Debates XML erfolgreich geparst: 0 Debatten, 0 Reden, 0 Wörter
2025-09-20 19:55:49,020 - database_manager - INFO - Verarbeite Datei 1115/2945: debates2017-11-21c.xml
2025-09-20 19:55:49,020 - database_manager - INFO - Parse debates XML-Datei: debates2017-11-21c.xml
2025-09-20 19:55:49,045 - database_manager - INFO - Debates XML erfolgreich geparst: 19 Debatten, 587 Reden, 80218 Wörter
2025-09-20 19:55:49,046 - database_manager - INFO - Verarbeite Datei 1116/2945: debates2019-09-03b.xml
2025-09-20 19:55:49,046 - database_manager - INFO - Parse debates XML-Datei: debates2019-09-03b.xml
2025-09-20 19:55:49,070 - database_manager - INFO - Debates XML erfolgreich geparst: 10 Debatten, 626 Reden, 64832 Wörter
2025-09-20 19:55:49,070 - database_manager - INFO - Verarbeite Datei 1117/2945: debates2016-02-02a.xml
2025-09-20 19:55:49,070 - database_manager - INFO - Parse debates XML-Datei: debates2016-02-02a.xml
2025-09-20 19:55:49,093 - database_manager - INFO - Debates XML erfolgreich geparst: 18 Debatten, 556 Reden, 67421 Wörter
2025-09-20 19:55:49,093 - database_manager - INFO - Verarbeite Datei 1118/2945: debates2013-03-18b.xml
2025-09-20 19:55:49,093 - database_manager - INFO - Parse debates XML-Datei: debates2013-03-18b.xml
2025-09-20 19:55:49,095 - database_manager - INFO - Debates XML erfolgreich geparst: 0 Debatten, 0 Reden, 0 Wörter
2025-09-20 19:55:49,095 - database_manager - INFO - Verarbeite Datei 1119/2945: debates2016-12-02a.xml
2025-09-20 19:55:49,095 - database_manager - INFO - Parse debates XML-Datei: debates2016-12-02a.xml
2025-09-20 19:55:49,106 - database_manager - INFO - Debates XML erfolgreich geparst: 1 Debatten, 280 Reden, 32878 Wörter
2025-09-20 19:55:49,106 - database_manager - INFO - Verarbeite Datei 1120/2945: debates2019-05-20b.xml
2025-09-20 19:55:49,106 - database_manager - INFO - Parse debates XML-Datei: debates2019-05-20b.xml
2025-09-20 19:55:49,120 - database_manager - INFO - Debates XML erfolgreich geparst: 20 Debatten, 427 Reden, 53179 Wörter
2025-09-20 19:55:49,120 - database_manager - INFO - Verarbeite Datei 1121/2945: debates2019-04-01a.xml
2025-09-20 19:55:49,120 - database_manager - INFO - Parse debates XML-Datei: debates2019-04-01a.xml
2025-09-20 19:55:49,121 - database_manager - INFO - Debates XML erfolgreich geparst: 0 Debatten, 0 Reden, 0 Wörter
2025-09-20 19:55:49,121 - database_manager - INFO - Verarbeite Datei 1122/2945: debates2020-05-19b.xml
2025-09-20 19:55:49,121 - database_manager - INFO - Parse debates XML-Datei: debates2020-05-19b.xml
2025-09-20 19:55:49,130 - database_manager - INFO - Debates XML erfolgreich geparst: 27 Debatten, 290 Reden, 37776 Wörter
2025-09-20 19:55:49,130 - database_manager - INFO - Verarbeite Datei 1123/2945: debates2018-11-27b.xml
2025-09-20 19:55:49,130 - database_manager - INFO - Parse debates XML-Datei: debates2018-11-27b.xml
2025-09-20 19:55:49,143 - database_manager - INFO - Debates XML erfolgreich geparst: 21 Debatten, 420 Reden, 44926 Wörter
2025-09-20 19:55:49,144 - database_manager - INFO - Verarbeite Datei 1124/2945: debates2021-12-02a.xml
2025-09-20 19:55:49,144 - database_manager - INFO - Parse debates XML-Datei: debates2021-12-02a.xml
2025-09-20 19:55:49,145 - database_manager - INFO - Debates XML erfolgreich geparst: 0 Debatten, 0 Reden, 0 Wörter
2025-09-20 19:55:49,145 - database_manager - INFO - Verarbeite Datei 1125/2945: debates2012-05-22b.xml
2025-09-20 19:55:49,145 - database_manager - INFO - Parse debates XML-Datei: debates2012-05-22b.xml
2025-09-20 19:55:49,146 - database_manager - INFO - Debates XML erfolgreich geparst: 0 Debatten, 0 Reden, 0 Wörter
2025-09-20 19:55:49,146 - database_manager - INFO - Verarbeite Datei 1126/2945: debates2021-02-02a.xml
2025-09-20 19:55:49,146 - database_manager - INFO - Parse debates XML-Datei: debates2021-02-02a.xml
2025-09-20 19:55:49,146 - database_manager - INFO - Debates XML erfolgreich geparst: 0 Debatten, 0 Reden, 0 Wörter
2025-09-20 19:55:49,146 - database_manager - INFO - Verarbeite Datei 1127/2945: debates2021-03-23b.xml
2025-09-20 19:55:49,146 - database_manager - INFO - Parse debates XML-Datei: debates2021-03-23b.xml
2025-09-20 19:55:49,160 - database_manager - INFO - Debates XML erfolgreich geparst: 21 Debatten, 285 Reden, 58393 Wörter
2025-09-20 19:55:49,160 - database_manager - INFO - Verarbeite Datei 1128/2945: debates2016-02-03a.xml
2025-09-20 19:55:49,160 - database_manager - INFO - Parse debates XML-Datei: debates2016-02-03a.xml
2025-09-20 19:55:49,179 - database_manager - INFO - Debates XML erfolgreich geparst: 3 Debatten, 335 Reden, 50257 Wörter
2025-09-20 19:55:49,180 - database_manager - INFO - Verarbeite Datei 1129/2945: debates2020-06-04a.xml
2025-09-20 19:55:49,180 - database_manager - INFO - Parse debates XML-Datei: debates2020-06-04a.xml
2025-09-20 19:55:49,181 - database_manager - INFO - Debates XML erfolgreich geparst: 0 Debatten, 0 Reden, 0 Wörter
2025-09-20 19:55:49,181 - database_manager - INFO - Verarbeite Datei 1130/2945: debates2015-11-30a.xml
2025-09-20 19:55:49,181 - database_manager - INFO - Parse debates XML-Datei: debates2015-11-30a.xml
2025-09-20 19:55:49,182 - database_manager - INFO - Debates XML erfolgreich geparst: 0 Debatten, 0 Reden, 0 Wörter
2025-09-20 19:55:49,182 - database_manager - INFO - Verarbeite Datei 1131/2945: debates2018-11-26b.xml
2025-09-20 19:55:49,182 - database_manager - INFO - Parse debates XML-Datei: debates2018-11-26b.xml
2025-09-20 19:55:49,183 - database_manager - INFO - Debates XML erfolgreich geparst: 0 Debatten, 0 Reden, 0 Wörter
2025-09-20 19:55:49,183 - database_manager - INFO - Verarbeite Datei 1132/2945: debates2012-05-23b.xml
2025-09-20 19:55:49,183 - database_manager - INFO - Parse debates XML-Datei: debates2012-05-23b.xml
2025-09-20 19:55:49,184 - database_manager - INFO - Debates XML erfolgreich geparst: 0 Debatten, 0 Reden, 0 Wörter
2025-09-20 19:55:49,184 - database_manager - INFO - Verarbeite Datei 1133/2945: debates2021-12-03a.xml
2025-09-20 19:55:49,184 - database_manager - INFO - Parse debates XML-Datei: debates2021-12-03a.xml
2025-09-20 19:55:49,185 - database_manager - INFO - Debates XML erfolgreich geparst: 0 Debatten, 0 Reden, 0 Wörter
2025-09-20 19:55:49,185 - database_manager - INFO - Verarbeite Datei 1134/2945: debates2021-02-03a.xml
2025-09-20 19:55:49,185 - database_manager - INFO - Parse debates XML-Datei: debates2021-02-03a.xml
2025-09-20 19:55:49,185 - database_manager - INFO - Debates XML erfolgreich geparst: 0 Debatten, 0 Reden, 0 Wörter
2025-09-20 19:55:49,185 - database_manager - INFO - Verarbeite Datei 1135/2945: debates2021-03-22b.xml
2025-09-20 19:55:49,185 - database_manager - INFO - Parse debates XML-Datei: debates2021-03-22b.xml
2025-09-20 19:55:49,186 - database_manager - INFO - Debates XML erfolgreich geparst: 0 Debatten, 0 Reden, 0 Wörter
2025-09-20 19:55:49,186 - database_manager - INFO - Verarbeite Datei 1136/2945: debates2016-01-13a.xml
2025-09-20 19:55:49,186 - database_manager - INFO - Parse debates XML-Datei: debates2016-01-13a.xml
2025-09-20 19:55:49,187 - database_manager - INFO - Debates XML erfolgreich geparst: 0 Debatten, 0 Reden, 0 Wörter
2025-09-20 19:55:49,187 - database_manager - INFO - Verarbeite Datei 1137/2945: debates2013-01-28a.xml
2025-09-20 19:55:49,187 - database_manager - INFO - Parse debates XML-Datei: debates2013-01-28a.xml
2025-09-20 19:55:49,188 - database_manager - INFO - Debates XML erfolgreich geparst: 0 Debatten, 0 Reden, 0 Wörter
2025-09-20 19:55:49,188 - database_manager - INFO - Verarbeite Datei 1138/2945: debates2020-01-20c.xml
2025-09-20 19:55:49,188 - database_manager - INFO - Parse debates XML-Datei: debates2020-01-20c.xml
2025-09-20 19:55:49,191 - database_manager - INFO - Debates XML erfolgreich geparst: 0 Debatten, 0 Reden, 0 Wörter
2025-09-20 19:55:49,192 - database_manager - INFO - Verarbeite Datei 1139/2945: debates2019-07-10a.xml
2025-09-20 19:55:49,192 - database_manager - INFO - Parse debates XML-Datei: debates2019-07-10a.xml
2025-09-20 19:55:49,192 - database_manager - INFO - Debates XML erfolgreich geparst: 0 Debatten, 0 Reden, 0 Wörter
2025-09-20 19:55:49,193 - database_manager - INFO - Verarbeite Datei 1140/2945: debates2020-06-08b.xml
2025-09-20 19:55:49,193 - database_manager - INFO - Parse debates XML-Datei: debates2020-06-08b.xml
2025-09-20 19:55:49,194 - database_manager - INFO - Debates XML erfolgreich geparst: 0 Debatten, 0 Reden, 0 Wörter
2025-09-20 19:55:49,194 - database_manager - INFO - Verarbeite Datei 1141/2945: debates2013-11-28a.xml
2025-09-20 19:55:49,194 - database_manager - INFO - Parse debates XML-Datei: debates2013-11-28a.xml
2025-09-20 19:55:49,195 - database_manager - INFO - Debates XML erfolgreich geparst: 0 Debatten, 0 Reden, 0 Wörter
2025-09-20 19:55:49,195 - database_manager - INFO - Verarbeite Datei 1142/2945: debates2012-07-12a.xml
2025-09-20 19:55:49,195 - database_manager - INFO - Parse debates XML-Datei: debates2012-07-12a.xml
2025-09-20 19:55:49,196 - database_manager - INFO - Debates XML erfolgreich geparst: 0 Debatten, 0 Reden, 0 Wörter
2025-09-20 19:55:49,196 - database_manager - INFO - Verarbeite Datei 1143/2945: debates2021-05-27c.xml
2025-09-20 19:55:49,196 - database_manager - INFO - Parse debates XML-Datei: debates2021-05-27c.xml
2025-09-20 19:55:49,216 - database_manager - INFO - Debates XML erfolgreich geparst: 16 Debatten, 431 Reden, 65056 Wörter
2025-09-20 19:55:49,217 - database_manager - INFO - Verarbeite Datei 1144/2945: debates2021-01-13a.xml
2025-09-20 19:55:49,217 - database_manager - INFO - Parse debates XML-Datei: debates2021-01-13a.xml
2025-09-20 19:55:49,218 - database_manager - INFO - Debates XML erfolgreich geparst: 0 Debatten, 0 Reden, 0 Wörter
2025-09-20 19:55:49,218 - database_manager - INFO - Verarbeite Datei 1145/2945: debates2019-10-14a.xml
2025-09-20 19:55:49,218 - database_manager - INFO - Parse debates XML-Datei: debates2019-10-14a.xml
2025-09-20 19:55:49,233 - database_manager - INFO - Debates XML erfolgreich geparst: 2 Debatten, 256 Reden, 59639 Wörter
2025-09-20 19:55:49,234 - database_manager - INFO - Verarbeite Datei 1146/2945: debates2020-02-11e.xml
2025-09-20 19:55:49,234 - database_manager - INFO - Parse debates XML-Datei: debates2020-02-11e.xml
2025-09-20 19:55:49,257 - database_manager - INFO - Debates XML erfolgreich geparst: 19 Debatten, 523 Reden, 65739 Wörter
2025-09-20 19:55:49,257 - database_manager - INFO - Verarbeite Datei 1147/2945: debates2020-12-10a.xml
2025-09-20 19:55:49,257 - database_manager - INFO - Parse debates XML-Datei: debates2020-12-10a.xml
2025-09-20 19:55:49,258 - database_manager - INFO - Debates XML erfolgreich geparst: 0 Debatten, 0 Reden, 0 Wörter
2025-09-20 19:55:49,258 - database_manager - INFO - Verarbeite Datei 1148/2945: debates2014-01-23a.xml
2025-09-20 19:55:49,258 - database_manager - INFO - Parse debates XML-Datei: debates2014-01-23a.xml
2025-09-20 19:55:49,259 - database_manager - INFO - Debates XML erfolgreich geparst: 0 Debatten, 0 Reden, 0 Wörter
2025-09-20 19:55:49,259 - database_manager - INFO - Verarbeite Datei 1149/2945: debates2020-06-24c.xml
2025-09-20 19:55:49,259 - database_manager - INFO - Parse debates XML-Datei: debates2020-06-24c.xml
2025-09-20 19:55:49,260 - database_manager - INFO - Debates XML erfolgreich geparst: 0 Debatten, 0 Reden, 0 Wörter
2025-09-20 19:55:49,260 - database_manager - INFO - Verarbeite Datei 1150/2945: debates2020-02-10a.xml
2025-09-20 19:55:49,260 - database_manager - INFO - Parse debates XML-Datei: debates2020-02-10a.xml
2025-09-20 19:55:49,261 - database_manager - INFO - Debates XML erfolgreich geparst: 0 Debatten, 0 Reden, 0 Wörter
2025-09-20 19:55:49,261 - database_manager - INFO - Verarbeite Datei 1151/2945: debates2015-09-07a.xml
2025-09-20 19:55:49,261 - database_manager - INFO - Parse debates XML-Datei: debates2015-09-07a.xml
2025-09-20 19:55:49,262 - database_manager - INFO - Debates XML erfolgreich geparst: 0 Debatten, 0 Reden, 0 Wörter
2025-09-20 19:55:49,262 - database_manager - INFO - Verarbeite Datei 1152/2945: debates2018-09-11b.xml
2025-09-20 19:55:49,262 - database_manager - INFO - Parse debates XML-Datei: debates2018-09-11b.xml
2025-09-20 19:55:49,286 - database_manager - INFO - Debates XML erfolgreich geparst: 32 Debatten, 500 Reden, 64638 Wörter
2025-09-20 19:55:49,287 - database_manager - INFO - Verarbeite Datei 1153/2945: debates2017-07-04d.xml
2025-09-20 19:55:49,287 - database_manager - INFO - Parse debates XML-Datei: debates2017-07-04d.xml
2025-09-20 19:55:49,288 - database_manager - INFO - Debates XML erfolgreich geparst: 0 Debatten, 0 Reden, 0 Wörter
2025-09-20 19:55:49,288 - database_manager - INFO - Verarbeite Datei 1154/2945: debates2021-06-17a.xml
2025-09-20 19:55:49,288 - database_manager - INFO - Parse debates XML-Datei: debates2021-06-17a.xml
2025-09-20 19:55:49,289 - database_manager - INFO - Debates XML erfolgreich geparst: 0 Debatten, 0 Reden, 0 Wörter
2025-09-20 19:55:49,289 - database_manager - INFO - Verarbeite Datei 1155/2945: debates2012-10-16a.xml
2025-09-20 19:55:49,289 - database_manager - INFO - Parse debates XML-Datei: debates2012-10-16a.xml
2025-09-20 19:55:49,310 - database_manager - INFO - Debates XML erfolgreich geparst: 37 Debatten, 521 Reden, 68050 Wörter
2025-09-20 19:55:49,310 - database_manager - INFO - Verarbeite Datei 1156/2945: debates2013-06-20b.xml
2025-09-20 19:55:49,310 - database_manager - INFO - Parse debates XML-Datei: debates2013-06-20b.xml
2025-09-20 19:55:49,328 - database_manager - INFO - Debates XML erfolgreich geparst: 21 Debatten, 414 Reden, 62449 Wörter
2025-09-20 19:55:49,328 - database_manager - INFO - Verarbeite Datei 1157/2945: debates2013-07-01a.xml
2025-09-20 19:55:49,328 - database_manager - INFO - Parse debates XML-Datei: debates2013-07-01a.xml
2025-09-20 19:55:49,347 - database_manager - INFO - Debates XML erfolgreich geparst: 29 Debatten, 565 Reden, 62925 Wörter
2025-09-20 19:55:49,347 - database_manager - INFO - Verarbeite Datei 1158/2945: debates2020-10-21b.xml
2025-09-20 19:55:49,348 - database_manager - INFO - Parse debates XML-Datei: debates2020-10-21b.xml
2025-09-20 19:55:49,348 - database_manager - INFO - Debates XML erfolgreich geparst: 0 Debatten, 0 Reden, 0 Wörter
2025-09-20 19:55:49,349 - database_manager - INFO - Verarbeite Datei 1159/2945: debates2019-03-04a.xml
2025-09-20 19:55:49,349 - database_manager - INFO - Parse debates XML-Datei: debates2019-03-04a.xml
2025-09-20 19:55:49,350 - database_manager - INFO - Debates XML erfolgreich geparst: 0 Debatten, 0 Reden, 0 Wörter
2025-09-20 19:55:49,350 - database_manager - INFO - Verarbeite Datei 1160/2945: debates2019-02-25b.xml
2025-09-20 19:55:49,350 - database_manager - INFO - Parse debates XML-Datei: debates2019-02-25b.xml
2025-09-20 19:55:49,350 - database_manager - INFO - Debates XML erfolgreich geparst: 0 Debatten, 0 Reden, 0 Wörter
2025-09-20 19:55:49,350 - database_manager - INFO - Verarbeite Datei 1161/2945: debates2020-07-09c.xml
2025-09-20 19:55:49,350 - database_manager - INFO - Parse debates XML-Datei: debates2020-07-09c.xml
2025-09-20 19:55:49,366 - database_manager - INFO - Debates XML erfolgreich geparst: 28 Debatten, 442 Reden, 63782 Wörter
2025-09-20 19:55:49,367 - database_manager - INFO - Verarbeite Datei 1162/2945: debates2012-03-06a.xml
2025-09-20 19:55:49,367 - database_manager - INFO - Parse debates XML-Datei: debates2012-03-06a.xml
2025-09-20 19:55:49,381 - database_manager - INFO - Debates XML erfolgreich geparst: 28 Debatten, 420 Reden, 60759 Wörter
2025-09-20 19:55:49,381 - database_manager - INFO - Verarbeite Datei 1163/2945: debates2015-05-28b.xml
2025-09-20 19:55:49,381 - database_manager - INFO - Parse debates XML-Datei: debates2015-05-28b.xml
2025-09-20 19:55:49,397 - database_manager - INFO - Debates XML erfolgreich geparst: 7 Debatten, 250 Reden, 70281 Wörter
2025-09-20 19:55:49,398 - database_manager - INFO - Verarbeite Datei 1164/2945: debates2018-07-03a.xml
2025-09-20 19:55:49,398 - database_manager - INFO - Parse debates XML-Datei: debates2018-07-03a.xml
2025-09-20 19:55:49,399 - database_manager - INFO - Debates XML erfolgreich geparst: 0 Debatten, 0 Reden, 0 Wörter
2025-09-20 19:55:49,399 - database_manager - INFO - Verarbeite Datei 1165/2945: debates2021-04-26b.xml
2025-09-20 19:55:49,399 - database_manager - INFO - Parse debates XML-Datei: debates2021-04-26b.xml
2025-09-20 19:55:49,400 - database_manager - INFO - Debates XML erfolgreich geparst: 0 Debatten, 0 Reden, 0 Wörter
2025-09-20 19:55:49,400 - database_manager - INFO - Verarbeite Datei 1166/2945: debates2013-09-05b.xml
2025-09-20 19:55:49,400 - database_manager - INFO - Parse debates XML-Datei: debates2013-09-05b.xml
2025-09-20 19:55:49,417 - database_manager - INFO - Debates XML erfolgreich geparst: 22 Debatten, 460 Reden, 65463 Wörter
2025-09-20 19:55:49,417 - database_manager - INFO - Verarbeite Datei 1167/2945: debates2020-02-06a.xml
2025-09-20 19:55:49,417 - database_manager - INFO - Parse debates XML-Datei: debates2020-02-06a.xml
2025-09-20 19:55:49,418 - database_manager - INFO - Debates XML erfolgreich geparst: 0 Debatten, 0 Reden, 0 Wörter
2025-09-20 19:55:49,418 - database_manager - INFO - Verarbeite Datei 1168/2945: debates2019-01-23b.xml
2025-09-20 19:55:49,418 - database_manager - INFO - Parse debates XML-Datei: debates2019-01-23b.xml
2025-09-20 19:55:49,429 - database_manager - INFO - Debates XML erfolgreich geparst: 19 Debatten, 342 Reden, 39737 Wörter
2025-09-20 19:55:49,429 - database_manager - INFO - Verarbeite Datei 1169/2945: debates2016-01-28d.xml
2025-09-20 19:55:49,429 - database_manager - INFO - Parse debates XML-Datei: debates2016-01-28d.xml
2025-09-20 19:55:49,448 - database_manager - INFO - Debates XML erfolgreich geparst: 17 Debatten, 530 Reden, 64372 Wörter
2025-09-20 19:55:49,448 - database_manager - INFO - Verarbeite Datei 1170/2945: debates2016-07-20b.xml
2025-09-20 19:55:49,448 - database_manager - INFO - Parse debates XML-Datei: debates2016-07-20b.xml
2025-09-20 19:55:49,766 - database_manager - INFO - Debates XML erfolgreich geparst: 14 Debatten, 388 Reden, 58475 Wörter
2025-09-20 19:55:49,766 - database_manager - INFO - Verarbeite Datei 1171/2945: debates2014-10-14b.xml
2025-09-20 19:55:49,766 - database_manager - INFO - Parse debates XML-Datei: debates2014-10-14b.xml
2025-09-20 19:55:49,789 - database_manager - INFO - Debates XML erfolgreich geparst: 20 Debatten, 579 Reden, 64833 Wörter
2025-09-20 19:55:49,790 - database_manager - INFO - Verarbeite Datei 1172/2945: debates2019-10-02a.xml
2025-09-20 19:55:49,790 - database_manager - INFO - Parse debates XML-Datei: debates2019-10-02a.xml
2025-09-20 19:55:49,791 - database_manager - INFO - Debates XML erfolgreich geparst: 0 Debatten, 0 Reden, 0 Wörter
2025-09-20 19:55:49,791 - database_manager - INFO - Verarbeite Datei 1173/2945: debates2021-07-20b.xml
2025-09-20 19:55:49,791 - database_manager - INFO - Parse debates XML-Datei: debates2021-07-20b.xml
2025-09-20 19:55:49,809 - database_manager - INFO - Debates XML erfolgreich geparst: 20 Debatten, 408 Reden, 69260 Wörter
2025-09-20 19:55:49,809 - database_manager - INFO - Verarbeite Datei 1174/2945: debates2015-01-06c.xml
2025-09-20 19:55:49,809 - database_manager - INFO - Parse debates XML-Datei: debates2015-01-06c.xml
2025-09-20 19:55:49,823 - database_manager - INFO - Debates XML erfolgreich geparst: 25 Debatten, 339 Reden, 48843 Wörter
2025-09-20 19:55:49,823 - database_manager - INFO - Verarbeite Datei 1175/2945: debates2017-12-06a.xml
2025-09-20 19:55:49,824 - database_manager - INFO - Parse debates XML-Datei: debates2017-12-06a.xml
2025-09-20 19:55:49,825 - database_manager - INFO - Debates XML erfolgreich geparst: 0 Debatten, 0 Reden, 0 Wörter
2025-09-20 19:55:49,825 - database_manager - INFO - Verarbeite Datei 1176/2945: debates2018-07-19b.xml
2025-09-20 19:55:49,825 - database_manager - INFO - Parse debates XML-Datei: debates2018-07-19b.xml
2025-09-20 19:55:49,840 - database_manager - INFO - Debates XML erfolgreich geparst: 21 Debatten, 441 Reden, 65111 Wörter
2025-09-20 19:55:49,841 - database_manager - INFO - Verarbeite Datei 1177/2945: debates2021-01-28d.xml
2025-09-20 19:55:49,841 - database_manager - INFO - Parse debates XML-Datei: debates2021-01-28d.xml
2025-09-20 19:55:49,841 - database_manager - INFO - Debates XML erfolgreich geparst: 0 Debatten, 0 Reden, 0 Wörter
2025-09-20 19:55:49,841 - database_manager - INFO - Verarbeite Datei 1178/2945: debates2015-09-11a.xml
2025-09-20 19:55:49,841 - database_manager - INFO - Parse debates XML-Datei: debates2015-09-11a.xml
2025-09-20 19:55:49,852 - database_manager - INFO - Debates XML erfolgreich geparst: 3 Debatten, 207 Reden, 38729 Wörter
2025-09-20 19:55:49,852 - database_manager - INFO - Verarbeite Datei 1179/2945: debates2017-02-06a.xml
2025-09-20 19:55:49,852 - database_manager - INFO - Parse debates XML-Datei: debates2017-02-06a.xml
2025-09-20 19:55:49,854 - database_manager - INFO - Debates XML erfolgreich geparst: 0 Debatten, 0 Reden, 0 Wörter
2025-09-20 19:55:49,854 - database_manager - INFO - Verarbeite Datei 1180/2945: debates2020-01-16a.xml
2025-09-20 19:55:49,854 - database_manager - INFO - Parse debates XML-Datei: debates2020-01-16a.xml
2025-09-20 19:55:49,855 - database_manager - INFO - Debates XML erfolgreich geparst: 0 Debatten, 0 Reden, 0 Wörter
2025-09-20 19:55:49,855 - database_manager - INFO - Verarbeite Datei 1181/2945: debates2013-09-09a.xml
2025-09-20 19:55:49,855 - database_manager - INFO - Parse debates XML-Datei: debates2013-09-09a.xml
2025-09-20 19:55:49,856 - database_manager - INFO - Debates XML erfolgreich geparst: 0 Debatten, 0 Reden, 0 Wörter
2025-09-20 19:55:49,856 - database_manager - INFO - Verarbeite Datei 1182/2945: debates2014-02-25a.xml
2025-09-20 19:55:49,856 - database_manager - INFO - Parse debates XML-Datei: debates2014-02-25a.xml
2025-09-20 19:55:49,857 - database_manager - INFO - Debates XML erfolgreich geparst: 0 Debatten, 0 Reden, 0 Wörter
2025-09-20 19:55:49,857 - database_manager - INFO - Verarbeite Datei 1183/2945: debates2019-03-12a.xml
2025-09-20 19:55:49,857 - database_manager - INFO - Parse debates XML-Datei: debates2019-03-12a.xml
2025-09-20 19:55:49,858 - database_manager - INFO - Debates XML erfolgreich geparst: 0 Debatten, 0 Reden, 0 Wörter
2025-09-20 19:55:49,858 - database_manager - INFO - Verarbeite Datei 1184/2945: debates2016-01-25c.xml
2025-09-20 19:55:49,858 - database_manager - INFO - Parse debates XML-Datei: debates2016-01-25c.xml
2025-09-20 19:55:49,874 - database_manager - INFO - Debates XML erfolgreich geparst: 19 Debatten, 444 Reden, 53720 Wörter
2025-09-20 19:55:49,874 - database_manager - INFO - Verarbeite Datei 1185/2945: debates2020-11-16a.xml
2025-09-20 19:55:49,874 - database_manager - INFO - Parse debates XML-Datei: debates2020-11-16a.xml
2025-09-20 19:55:49,876 - database_manager - INFO - Debates XML erfolgreich geparst: 0 Debatten, 0 Reden, 0 Wörter
2025-09-20 19:55:49,876 - database_manager - INFO - Verarbeite Datei 1186/2945: debates2013-07-17a.xml
2025-09-20 19:55:49,876 - database_manager - INFO - Parse debates XML-Datei: debates2013-07-17a.xml
2025-09-20 19:55:49,877 - database_manager - INFO - Debates XML erfolgreich geparst: 0 Debatten, 0 Reden, 0 Wörter
2025-09-20 19:55:49,877 - database_manager - INFO - Verarbeite Datei 1187/2945: debates2016-05-11a.xml
2025-09-20 19:55:49,877 - database_manager - INFO - Parse debates XML-Datei: debates2016-05-11a.xml
2025-09-20 19:55:49,878 - database_manager - INFO - Debates XML erfolgreich geparst: 0 Debatten, 0 Reden, 0 Wörter
2025-09-20 19:55:49,878 - database_manager - INFO - Verarbeite Datei 1188/2945: debates2021-05-11a.xml
2025-09-20 19:55:49,878 - database_manager - INFO - Parse debates XML-Datei: debates2021-05-11a.xml
2025-09-20 19:55:49,879 - database_manager - INFO - Debates XML erfolgreich geparst: 0 Debatten, 0 Reden, 0 Wörter
2025-09-20 19:55:49,879 - database_manager - INFO - Verarbeite Datei 1189/2945: debates2021-03-18c.xml
2025-09-20 19:55:49,879 - database_manager - INFO - Parse debates XML-Datei: debates2021-03-18c.xml
2025-09-20 19:55:49,879 - database_manager - INFO - Debates XML erfolgreich geparst: 0 Debatten, 0 Reden, 0 Wörter
2025-09-20 19:55:49,879 - database_manager - INFO - Verarbeite Datei 1190/2945: debates2021-01-25c.xml
2025-09-20 19:55:49,879 - database_manager - INFO - Parse debates XML-Datei: debates2021-01-25c.xml
2025-09-20 19:55:49,880 - database_manager - INFO - Debates XML erfolgreich geparst: 0 Debatten, 0 Reden, 0 Wörter
2025-09-20 19:55:49,880 - database_manager - INFO - Verarbeite Datei 1191/2945: debates2017-11-16a.xml
2025-09-20 19:55:49,880 - database_manager - INFO - Parse debates XML-Datei: debates2017-11-16a.xml
2025-09-20 19:55:49,901 - database_manager - INFO - Debates XML erfolgreich geparst: 20 Debatten, 571 Reden, 67169 Wörter
2025-09-20 19:55:49,901 - database_manager - INFO - Verarbeite Datei 1192/2945: debates2015-06-22a.xml
2025-09-20 19:55:49,901 - database_manager - INFO - Parse debates XML-Datei: debates2015-06-22a.xml
2025-09-20 19:55:49,902 - database_manager - INFO - Debates XML erfolgreich geparst: 0 Debatten, 0 Reden, 0 Wörter
2025-09-20 19:55:49,902 - database_manager - INFO - Verarbeite Datei 1193/2945: debates2015-12-16c.xml
2025-09-20 19:55:49,902 - database_manager - INFO - Parse debates XML-Datei: debates2015-12-16c.xml
2025-09-20 19:55:49,919 - database_manager - INFO - Debates XML erfolgreich geparst: 34 Debatten, 528 Reden, 62418 Wörter
2025-09-20 19:55:49,920 - database_manager - INFO - Verarbeite Datei 1194/2945: debates2017-01-16a.xml
2025-09-20 19:55:49,920 - database_manager - INFO - Parse debates XML-Datei: debates2017-01-16a.xml
2025-09-20 19:55:49,920 - database_manager - INFO - Debates XML erfolgreich geparst: 0 Debatten, 0 Reden, 0 Wörter
2025-09-20 19:55:49,920 - database_manager - INFO - Verarbeite Datei 1195/2945: debates2016-10-28a.xml
2025-09-20 19:55:49,920 - database_manager - INFO - Parse debates XML-Datei: debates2016-10-28a.xml
2025-09-20 19:55:49,922 - database_manager - INFO - Debates XML erfolgreich geparst: 1 Debatten, 3 Reden, 2164 Wörter
2025-09-20 19:55:49,922 - database_manager - INFO - Verarbeite Datei 1196/2945: debates2016-12-15a.xml
2025-09-20 19:55:49,922 - database_manager - INFO - Parse debates XML-Datei: debates2016-12-15a.xml
2025-09-20 19:55:49,938 - database_manager - INFO - Debates XML erfolgreich geparst: 18 Debatten, 536 Reden, 61790 Wörter
2025-09-20 19:55:49,939 - database_manager - INFO - Verarbeite Datei 1197/2945: debates2019-10-22c.xml
2025-09-20 19:55:49,939 - database_manager - INFO - Parse debates XML-Datei: debates2019-10-22c.xml
2025-09-20 19:55:49,940 - database_manager - INFO - Debates XML erfolgreich geparst: 0 Debatten, 0 Reden, 0 Wörter
2025-09-20 19:55:49,940 - database_manager - INFO - Verarbeite Datei 1198/2945: debates2014-09-02a.xml
2025-09-20 19:55:49,940 - database_manager - INFO - Parse debates XML-Datei: debates2014-09-02a.xml
2025-09-20 19:55:49,954 - database_manager - INFO - Debates XML erfolgreich geparst: 24 Debatten, 366 Reden, 58717 Wörter
2025-09-20 19:55:49,954 - database_manager - INFO - Verarbeite Datei 1199/2945: debates2015-01-26a.xml
2025-09-20 19:55:49,954 - database_manager - INFO - Parse debates XML-Datei: debates2015-01-26a.xml
2025-09-20 19:55:49,956 - database_manager - INFO - Debates XML erfolgreich geparst: 0 Debatten, 0 Reden, 0 Wörter
2025-09-20 19:55:49,956 - database_manager - INFO - Verarbeite Datei 1200/2945: debates2021-06-21c.xml
2025-09-20 19:55:49,956 - database_manager - INFO - Parse debates XML-Datei: debates2021-06-21c.xml
2025-09-20 19:55:49,957 - database_manager - INFO - Debates XML erfolgreich geparst: 0 Debatten, 0 Reden, 0 Wörter
2025-09-20 19:55:49,957 - database_manager - INFO - Verarbeite Datei 1201/2945: debates2021-10-28a.xml
2025-09-20 19:55:49,957 - database_manager - INFO - Parse debates XML-Datei: debates2021-10-28a.xml
2025-09-20 19:55:49,973 - database_manager - INFO - Debates XML erfolgreich geparst: 19 Debatten, 385 Reden, 63767 Wörter
2025-09-20 19:55:49,973 - database_manager - INFO - Verarbeite Datei 1202/2945: debates2021-12-15a.xml
2025-09-20 19:55:49,973 - database_manager - INFO - Parse debates XML-Datei: debates2021-12-15a.xml
2025-09-20 19:55:49,983 - database_manager - INFO - Debates XML erfolgreich geparst: 11 Debatten, 294 Reden, 36735 Wörter
2025-09-20 19:55:49,984 - database_manager - INFO - Verarbeite Datei 1203/2945: debates2021-11-09b.xml
2025-09-20 19:55:49,984 - database_manager - INFO - Parse debates XML-Datei: debates2021-11-09b.xml
2025-09-20 19:55:49,999 - database_manager - INFO - Debates XML erfolgreich geparst: 15 Debatten, 346 Reden, 66561 Wörter
2025-09-20 19:55:50,000 - database_manager - INFO - Verarbeite Datei 1204/2945: debates2018-10-11a.xml
2025-09-20 19:55:50,000 - database_manager - INFO - Parse debates XML-Datei: debates2018-10-11a.xml
2025-09-20 19:55:50,001 - database_manager - INFO - Debates XML erfolgreich geparst: 0 Debatten, 0 Reden, 0 Wörter
2025-09-20 19:55:50,001 - database_manager - INFO - Verarbeite Datei 1205/2945: debates2015-11-26a.xml
2025-09-20 19:55:50,001 - database_manager - INFO - Parse debates XML-Datei: debates2015-11-26a.xml
2025-09-20 19:55:50,002 - database_manager - INFO - Debates XML erfolgreich geparst: 0 Debatten, 0 Reden, 0 Wörter
2025-09-20 19:55:50,002 - database_manager - INFO - Verarbeite Datei 1206/2945: debates2016-12-19b.xml
2025-09-20 19:55:50,002 - database_manager - INFO - Parse debates XML-Datei: debates2016-12-19b.xml
2025-09-20 19:55:50,003 - database_manager - INFO - Debates XML erfolgreich geparst: 0 Debatten, 0 Reden, 0 Wörter
2025-09-20 19:55:50,003 - database_manager - INFO - Verarbeite Datei 1207/2945: debates2014-07-10b.xml
2025-09-20 19:55:50,003 - database_manager - INFO - Parse debates XML-Datei: debates2014-07-10b.xml
2025-09-20 19:55:50,004 - database_manager - INFO - Debates XML erfolgreich geparst: 0 Debatten, 0 Reden, 0 Wörter
2025-09-20 19:55:50,004 - database_manager - INFO - Verarbeite Datei 1208/2945: debates2019-06-27b.xml
2025-09-20 19:55:50,004 - database_manager - INFO - Parse debates XML-Datei: debates2019-06-27b.xml
2025-09-20 19:55:50,017 - database_manager - INFO - Debates XML erfolgreich geparst: 19 Debatten, 332 Reden, 56999 Wörter
2025-09-20 19:55:50,017 - database_manager - INFO - Verarbeite Datei 1209/2945: debates2020-09-21a.xml
2025-09-20 19:55:50,017 - database_manager - INFO - Parse debates XML-Datei: debates2020-09-21a.xml
2025-09-20 19:55:50,019 - database_manager - INFO - Debates XML erfolgreich geparst: 0 Debatten, 0 Reden, 0 Wörter
2025-09-20 19:55:50,019 - database_manager - INFO - Verarbeite Datei 1210/2945: debates2016-01-05a.xml
2025-09-20 19:55:50,019 - database_manager - INFO - Parse debates XML-Datei: debates2016-01-05a.xml
2025-09-20 19:55:50,021 - database_manager - INFO - Debates XML erfolgreich geparst: 0 Debatten, 0 Reden, 0 Wörter
2025-09-20 19:55:50,021 - database_manager - INFO - Verarbeite Datei 1211/2945: debates2018-03-01a.xml
2025-09-20 19:55:50,021 - database_manager - INFO - Parse debates XML-Datei: debates2018-03-01a.xml
2025-09-20 19:55:50,025 - database_manager - INFO - Debates XML erfolgreich geparst: 2 Debatten, 48 Reden, 18733 Wörter
2025-09-20 19:55:50,025 - database_manager - INFO - Verarbeite Datei 1212/2945: debates2018-02-20b.xml
2025-09-20 19:55:50,025 - database_manager - INFO - Parse debates XML-Datei: debates2018-02-20b.xml
2025-09-20 19:55:50,046 - database_manager - INFO - Debates XML erfolgreich geparst: 29 Debatten, 526 Reden, 64489 Wörter
2025-09-20 19:55:50,046 - database_manager - INFO - Verarbeite Datei 1213/2945: debates2015-03-17b.xml
2025-09-20 19:55:50,046 - database_manager - INFO - Parse debates XML-Datei: debates2015-03-17b.xml
2025-09-20 19:55:50,060 - database_manager - INFO - Debates XML erfolgreich geparst: 32 Debatten, 378 Reden, 56346 Wörter
2025-09-20 19:55:50,060 - database_manager - INFO - Verarbeite Datei 1214/2945: debates2012-07-04a.xml
2025-09-20 19:55:50,060 - database_manager - INFO - Parse debates XML-Datei: debates2012-07-04a.xml
2025-09-20 19:55:50,078 - database_manager - INFO - Debates XML erfolgreich geparst: 33 Debatten, 404 Reden, 66065 Wörter
2025-09-20 19:55:50,078 - database_manager - INFO - Verarbeite Datei 1215/2945: debates2018-12-20b.xml
2025-09-20 19:55:50,078 - database_manager - INFO - Parse debates XML-Datei: debates2018-12-20b.xml
2025-09-20 19:55:50,092 - database_manager - INFO - Debates XML erfolgreich geparst: 18 Debatten, 381 Reden, 57378 Wörter
2025-09-20 19:55:50,092 - database_manager - INFO - Verarbeite Datei 1216/2945: debates2018-05-08b.xml
2025-09-20 19:55:50,092 - database_manager - INFO - Parse debates XML-Datei: debates2018-05-08b.xml
2025-09-20 19:55:50,109 - database_manager - INFO - Debates XML erfolgreich geparst: 24 Debatten, 526 Reden, 59008 Wörter
2025-09-20 19:55:50,109 - database_manager - INFO - Verarbeite Datei 1217/2945: debates2018-06-14a.xml
2025-09-20 19:55:50,109 - database_manager - INFO - Parse debates XML-Datei: debates2018-06-14a.xml
2025-09-20 19:55:50,110 - database_manager - INFO - Debates XML erfolgreich geparst: 0 Debatten, 0 Reden, 0 Wörter
2025-09-20 19:55:50,110 - database_manager - INFO - Verarbeite Datei 1218/2945: debates2015-06-02b.xml
2025-09-20 19:55:50,110 - database_manager - INFO - Parse debates XML-Datei: debates2015-06-02b.xml
2025-09-20 19:55:50,126 - database_manager - INFO - Debates XML erfolgreich geparst: 18 Debatten, 323 Reden, 67365 Wörter
2025-09-20 19:55:50,126 - database_manager - INFO - Verarbeite Datei 1219/2945: debates2017-10-17a.xml
2025-09-20 19:55:50,126 - database_manager - INFO - Parse debates XML-Datei: debates2017-10-17a.xml
2025-09-20 19:55:50,127 - database_manager - INFO - Debates XML erfolgreich geparst: 0 Debatten, 0 Reden, 0 Wörter
2025-09-20 19:55:50,127 - database_manager - INFO - Verarbeite Datei 1220/2945: debates2012-12-11a.xml
2025-09-20 19:55:50,127 - database_manager - INFO - Parse debates XML-Datei: debates2012-12-11a.xml
2025-09-20 19:55:50,146 - database_manager - INFO - Debates XML erfolgreich geparst: 23 Debatten, 570 Reden, 67505 Wörter
2025-09-20 19:55:50,147 - database_manager - INFO - Verarbeite Datei 1221/2945: debates2014-11-19a.xml
2025-09-20 19:55:50,147 - database_manager - INFO - Parse debates XML-Datei: debates2014-11-19a.xml
2025-09-20 19:55:50,164 - database_manager - INFO - Debates XML erfolgreich geparst: 21 Debatten, 495 Reden, 60960 Wörter
2025-09-20 19:55:50,165 - database_manager - INFO - Verarbeite Datei 1222/2945: debates2016-09-12b.xml
2025-09-20 19:55:50,165 - database_manager - INFO - Parse debates XML-Datei: debates2016-09-12b.xml
2025-09-20 19:55:50,186 - database_manager - INFO - Debates XML erfolgreich geparst: 46 Debatten, 525 Reden, 76297 Wörter
2025-09-20 19:55:50,186 - database_manager - INFO - Verarbeite Datei 1223/2945: debates2014-03-24a.xml
2025-09-20 19:55:50,187 - database_manager - INFO - Parse debates XML-Datei: debates2014-03-24a.xml
2025-09-20 19:55:50,187 - database_manager - INFO - Debates XML erfolgreich geparst: 0 Debatten, 0 Reden, 0 Wörter
2025-09-20 19:55:50,188 - database_manager - INFO - Verarbeite Datei 1224/2945: debates2019-02-13a.xml
2025-09-20 19:55:50,188 - database_manager - INFO - Parse debates XML-Datei: debates2019-02-13a.xml
2025-09-20 19:55:50,189 - database_manager - INFO - Debates XML erfolgreich geparst: 0 Debatten, 0 Reden, 0 Wörter
2025-09-20 19:55:50,189 - database_manager - INFO - Verarbeite Datei 1225/2945: debates2014-07-10c.xml
2025-09-20 19:55:50,189 - database_manager - INFO - Parse debates XML-Datei: debates2014-07-10c.xml
2025-09-20 19:55:50,206 - database_manager - INFO - Debates XML erfolgreich geparst: 22 Debatten, 499 Reden, 63781 Wörter
2025-09-20 19:55:50,206 - database_manager - INFO - Verarbeite Datei 1226/2945: debates2016-12-19c.xml
2025-09-20 19:55:50,206 - database_manager - INFO - Parse debates XML-Datei: debates2016-12-19c.xml
2025-09-20 19:55:50,225 - database_manager - INFO - Debates XML erfolgreich geparst: 22 Debatten, 535 Reden, 63093 Wörter
2025-09-20 19:55:50,225 - database_manager - INFO - Verarbeite Datei 1227/2945: debates2017-03-07a.xml
2025-09-20 19:55:50,225 - database_manager - INFO - Parse debates XML-Datei: debates2017-03-07a.xml
2025-09-20 19:55:50,241 - database_manager - INFO - Debates XML erfolgreich geparst: 46 Debatten, 491 Reden, 55994 Wörter
2025-09-20 19:55:50,241 - database_manager - INFO - Verarbeite Datei 1228/2945: debates2018-04-25b.xml
2025-09-20 19:55:50,242 - database_manager - INFO - Parse debates XML-Datei: debates2018-04-25b.xml
2025-09-20 19:55:50,258 - database_manager - INFO - Debates XML erfolgreich geparst: 19 Debatten, 476 Reden, 63806 Wörter
2025-09-20 19:55:50,258 - database_manager - INFO - Verarbeite Datei 1229/2945: debates2018-06-18b.xml
2025-09-20 19:55:50,258 - database_manager - INFO - Parse debates XML-Datei: debates2018-06-18b.xml
2025-09-20 19:55:50,277 - database_manager - INFO - Debates XML erfolgreich geparst: 20 Debatten, 622 Reden, 72213 Wörter
2025-09-20 19:55:50,278 - database_manager - INFO - Verarbeite Datei 1230/2945: debates2012-11-01a.xml
2025-09-20 19:55:50,278 - database_manager - INFO - Parse debates XML-Datei: debates2012-11-01a.xml
2025-09-20 19:55:50,295 - database_manager - INFO - Debates XML erfolgreich geparst: 17 Debatten, 535 Reden, 63185 Wörter
2025-09-20 19:55:50,296 - database_manager - INFO - Verarbeite Datei 1231/2945: debates2021-06-21b.xml
2025-09-20 19:55:50,296 - database_manager - INFO - Parse debates XML-Datei: debates2021-06-21b.xml
2025-09-20 19:55:50,297 - database_manager - INFO - Debates XML erfolgreich geparst: 0 Debatten, 0 Reden, 0 Wörter
2025-09-20 19:55:50,297 - database_manager - INFO - Verarbeite Datei 1232/2945: debates2021-12-14d.xml
2025-09-20 19:55:50,297 - database_manager - INFO - Parse debates XML-Datei: debates2021-12-14d.xml
2025-09-20 19:55:50,317 - database_manager - INFO - Debates XML erfolgreich geparst: 23 Debatten, 472 Reden, 65793 Wörter
2025-09-20 19:55:50,317 - database_manager - INFO - Verarbeite Datei 1233/2945: debates2014-12-09a.xml
2025-09-20 19:55:50,317 - database_manager - INFO - Parse debates XML-Datei: debates2014-12-09a.xml
2025-09-20 19:55:50,329 - database_manager - INFO - Debates XML erfolgreich geparst: 28 Debatten, 319 Reden, 46481 Wörter
2025-09-20 19:55:50,330 - database_manager - INFO - Verarbeite Datei 1234/2945: debates2019-10-22b.xml
2025-09-20 19:55:50,330 - database_manager - INFO - Parse debates XML-Datei: debates2019-10-22b.xml
2025-09-20 19:55:50,331 - database_manager - INFO - Debates XML erfolgreich geparst: 1 Debatten, 0 Reden, 0 Wörter
2025-09-20 19:55:50,331 - database_manager - INFO - Verarbeite Datei 1235/2945: debates2020-02-26b.xml
2025-09-20 19:55:50,331 - database_manager - INFO - Parse debates XML-Datei: debates2020-02-26b.xml
2025-09-20 19:55:50,348 - database_manager - INFO - Debates XML erfolgreich geparst: 18 Debatten, 416 Reden, 71262 Wörter
2025-09-20 19:55:50,348 - database_manager - INFO - Verarbeite Datei 1236/2945: debates2015-12-16b.xml
2025-09-20 19:55:50,348 - database_manager - INFO - Parse debates XML-Datei: debates2015-12-16b.xml
2025-09-20 19:55:50,350 - database_manager - INFO - Debates XML erfolgreich geparst: 0 Debatten, 0 Reden, 0 Wörter
2025-09-20 19:55:50,350 - database_manager - INFO - Verarbeite Datei 1237/2945: debates2021-01-25b.xml
2025-09-20 19:55:50,350 - database_manager - INFO - Parse debates XML-Datei: debates2021-01-25b.xml
2025-09-20 19:55:50,350 - database_manager - INFO - Debates XML erfolgreich geparst: 0 Debatten, 0 Reden, 0 Wörter
2025-09-20 19:55:50,350 - database_manager - INFO - Verarbeite Datei 1238/2945: debates2021-03-18b.xml
2025-09-20 19:55:50,350 - database_manager - INFO - Parse debates XML-Datei: debates2021-03-18b.xml
2025-09-20 19:55:50,351 - database_manager - INFO - Debates XML erfolgreich geparst: 0 Debatten, 0 Reden, 0 Wörter
2025-09-20 19:55:50,351 - database_manager - INFO - Verarbeite Datei 1239/2945: debates2016-01-25b.xml
2025-09-20 19:55:50,351 - database_manager - INFO - Parse debates XML-Datei: debates2016-01-25b.xml
2025-09-20 19:55:50,352 - database_manager - INFO - Debates XML erfolgreich geparst: 0 Debatten, 0 Reden, 0 Wörter
2025-09-20 19:55:50,352 - database_manager - INFO - Verarbeite Datei 1240/2945: debates2020-09-01b.xml
2025-09-20 19:55:50,352 - database_manager - INFO - Parse debates XML-Datei: debates2020-09-01b.xml
2025-09-20 19:55:50,369 - database_manager - INFO - Debates XML erfolgreich geparst: 20 Debatten, 407 Reden, 63960 Wörter
2025-09-20 19:55:50,369 - database_manager - INFO - Verarbeite Datei 1241/2945: debates2014-06-11b.xml
2025-09-20 19:55:50,369 - database_manager - INFO - Parse debates XML-Datei: debates2014-06-11b.xml
2025-09-20 19:55:50,387 - database_manager - INFO - Debates XML erfolgreich geparst: 13 Debatten, 418 Reden, 67738 Wörter
2025-09-20 19:55:50,387 - database_manager - INFO - Verarbeite Datei 1242/2945: debates2013-12-02a.xml
2025-09-20 19:55:50,387 - database_manager - INFO - Parse debates XML-Datei: debates2013-12-02a.xml
2025-09-20 19:55:50,406 - database_manager - INFO - Debates XML erfolgreich geparst: 31 Debatten, 532 Reden, 69741 Wörter
2025-09-20 19:55:50,406 - database_manager - INFO - Verarbeite Datei 1243/2945: debates2021-01-28e.xml
2025-09-20 19:55:50,406 - database_manager - INFO - Parse debates XML-Datei: debates2021-01-28e.xml
2025-09-20 19:55:50,407 - database_manager - INFO - Debates XML erfolgreich geparst: 0 Debatten, 0 Reden, 0 Wörter
2025-09-20 19:55:50,407 - database_manager - INFO - Verarbeite Datei 1244/2945: debates2015-10-27a.xml
2025-09-20 19:55:50,407 - database_manager - INFO - Parse debates XML-Datei: debates2015-10-27a.xml
2025-09-20 19:55:50,408 - database_manager - INFO - Debates XML erfolgreich geparst: 0 Debatten, 0 Reden, 0 Wörter
2025-09-20 19:55:50,408 - database_manager - INFO - Verarbeite Datei 1245/2945: debates2015-11-06b.xml
2025-09-20 19:55:50,408 - database_manager - INFO - Parse debates XML-Datei: debates2015-11-06b.xml
2025-09-20 19:55:50,419 - database_manager - INFO - Debates XML erfolgreich geparst: 4 Debatten, 289 Reden, 40167 Wörter
2025-09-20 19:55:50,419 - database_manager - INFO - Verarbeite Datei 1246/2945: debates2017-07-13a.xml
2025-09-20 19:55:50,419 - database_manager - INFO - Parse debates XML-Datei: debates2017-07-13a.xml
2025-09-20 19:55:50,434 - database_manager - INFO - Debates XML erfolgreich geparst: 17 Debatten, 424 Reden, 55882 Wörter
2025-09-20 19:55:50,435 - database_manager - INFO - Verarbeite Datei 1247/2945: debates2021-11-29a.xml
2025-09-20 19:55:50,435 - database_manager - INFO - Parse debates XML-Datei: debates2021-11-29a.xml
2025-09-20 19:55:50,446 - database_manager - INFO - Debates XML erfolgreich geparst: 16 Debatten, 396 Reden, 44814 Wörter
2025-09-20 19:55:50,447 - database_manager - INFO - Verarbeite Datei 1248/2945: debates2012-05-15a.xml
2025-09-20 19:55:50,447 - database_manager - INFO - Parse debates XML-Datei: debates2012-05-15a.xml
2025-09-20 19:55:50,447 - database_manager - INFO - Debates XML erfolgreich geparst: 0 Debatten, 0 Reden, 0 Wörter
2025-09-20 19:55:50,448 - database_manager - INFO - Verarbeite Datei 1249/2945: debates2015-01-06b.xml
2025-09-20 19:55:50,448 - database_manager - INFO - Parse debates XML-Datei: debates2015-01-06b.xml
2025-09-20 19:55:50,449 - database_manager - INFO - Debates XML erfolgreich geparst: 0 Debatten, 0 Reden, 0 Wörter
2025-09-20 19:55:50,449 - database_manager - INFO - Verarbeite Datei 1250/2945: debates2018-01-10a.xml
2025-09-20 19:55:50,449 - database_manager - INFO - Parse debates XML-Datei: debates2018-01-10a.xml
2025-09-20 19:55:50,450 - database_manager - INFO - Debates XML erfolgreich geparst: 0 Debatten, 0 Reden, 0 Wörter
2025-09-20 19:55:50,450 - database_manager - INFO - Verarbeite Datei 1251/2945: debates2016-01-29a.xml
2025-09-20 19:55:50,450 - database_manager - INFO - Parse debates XML-Datei: debates2016-01-29a.xml
2025-09-20 19:55:50,450 - database_manager - INFO - Debates XML erfolgreich geparst: 0 Debatten, 0 Reden, 0 Wörter
2025-09-20 19:55:50,450 - database_manager - INFO - Verarbeite Datei 1252/2945: debates2016-03-14a.xml
2025-09-20 19:55:50,450 - database_manager - INFO - Parse debates XML-Datei: debates2016-03-14a.xml
2025-09-20 19:55:50,451 - database_manager - INFO - Debates XML erfolgreich geparst: 0 Debatten, 0 Reden, 0 Wörter
2025-09-20 19:55:50,451 - database_manager - INFO - Verarbeite Datei 1253/2945: debates2016-11-29a.xml
2025-09-20 19:55:50,451 - database_manager - INFO - Parse debates XML-Datei: debates2016-11-29a.xml
2025-09-20 19:55:50,452 - database_manager - INFO - Debates XML erfolgreich geparst: 0 Debatten, 0 Reden, 0 Wörter
2025-09-20 19:55:50,452 - database_manager - INFO - Verarbeite Datei 1254/2945: debates2020-07-13a.xml
2025-09-20 19:55:50,452 - database_manager - INFO - Parse debates XML-Datei: debates2020-07-13a.xml
2025-09-20 19:55:50,467 - database_manager - INFO - Debates XML erfolgreich geparst: 15 Debatten, 398 Reden, 56285 Wörter
2025-09-20 19:55:50,467 - database_manager - INFO - Verarbeite Datei 1255/2945: debates2013-11-12a.xml
2025-09-20 19:55:50,467 - database_manager - INFO - Parse debates XML-Datei: debates2013-11-12a.xml
2025-09-20 19:55:50,468 - database_manager - INFO - Debates XML erfolgreich geparst: 0 Debatten, 0 Reden, 0 Wörter
2025-09-20 19:55:50,469 - database_manager - INFO - Verarbeite Datei 1256/2945: debates2021-04-26c.xml
2025-09-20 19:55:50,469 - database_manager - INFO - Parse debates XML-Datei: debates2021-04-26c.xml
2025-09-20 19:55:50,469 - database_manager - INFO - Debates XML erfolgreich geparst: 0 Debatten, 0 Reden, 0 Wörter
2025-09-20 19:55:50,469 - database_manager - INFO - Verarbeite Datei 1257/2945: debates2012-06-13a.xml
2025-09-20 19:55:50,470 - database_manager - INFO - Parse debates XML-Datei: debates2012-06-13a.xml
2025-09-20 19:55:50,470 - database_manager - INFO - Debates XML erfolgreich geparst: 0 Debatten, 0 Reden, 0 Wörter
2025-09-20 19:55:50,470 - database_manager - INFO - Verarbeite Datei 1258/2945: debates2017-06-28a.xml
2025-09-20 19:55:50,470 - database_manager - INFO - Parse debates XML-Datei: debates2017-06-28a.xml
2025-09-20 19:55:50,471 - database_manager - INFO - Debates XML erfolgreich geparst: 0 Debatten, 0 Reden, 0 Wörter
2025-09-20 19:55:50,471 - database_manager - INFO - Verarbeite Datei 1259/2945: debates2020-07-09b.xml
2025-09-20 19:55:50,471 - database_manager - INFO - Parse debates XML-Datei: debates2020-07-09b.xml
2025-09-20 19:55:50,472 - database_manager - INFO - Debates XML erfolgreich geparst: 1 Debatten, 0 Reden, 0 Wörter
2025-09-20 19:55:50,472 - database_manager - INFO - Verarbeite Datei 1260/2945: debates2019-02-25c.xml
2025-09-20 19:55:50,472 - database_manager - INFO - Parse debates XML-Datei: debates2019-02-25c.xml
2025-09-20 19:55:50,473 - database_manager - INFO - Debates XML erfolgreich geparst: 0 Debatten, 0 Reden, 0 Wörter
2025-09-20 19:55:50,473 - database_manager - INFO - Verarbeite Datei 1261/2945: debates2013-10-29a.xml
2025-09-20 19:55:50,473 - database_manager - INFO - Parse debates XML-Datei: debates2013-10-29a.xml
2025-09-20 19:55:50,474 - database_manager - INFO - Debates XML erfolgreich geparst: 0 Debatten, 0 Reden, 0 Wörter
2025-09-20 19:55:50,474 - database_manager - INFO - Verarbeite Datei 1262/2945: debates2019-06-11a.xml
2025-09-20 19:55:50,474 - database_manager - INFO - Parse debates XML-Datei: debates2019-06-11a.xml
2025-09-20 19:55:50,488 - database_manager - INFO - Debates XML erfolgreich geparst: 16 Debatten, 406 Reden, 54232 Wörter
2025-09-20 19:55:50,488 - database_manager - INFO - Verarbeite Datei 1263/2945: debates2016-10-12a.xml
2025-09-20 19:55:50,488 - database_manager - INFO - Parse debates XML-Datei: debates2016-10-12a.xml
2025-09-20 19:55:50,489 - database_manager - INFO - Debates XML erfolgreich geparst: 0 Debatten, 0 Reden, 0 Wörter
2025-09-20 19:55:50,489 - database_manager - INFO - Verarbeite Datei 1264/2945: debates2020-09-17b.xml
2025-09-20 19:55:50,489 - database_manager - INFO - Parse debates XML-Datei: debates2020-09-17b.xml
2025-09-20 19:55:50,508 - database_manager - INFO - Debates XML erfolgreich geparst: 21 Debatten, 474 Reden, 63884 Wörter
2025-09-20 19:55:50,508 - database_manager - INFO - Verarbeite Datei 1265/2945: debates2013-02-14a.xml
2025-09-20 19:55:50,508 - database_manager - INFO - Parse debates XML-Datei: debates2013-02-14a.xml
2025-09-20 19:55:50,526 - database_manager - INFO - Debates XML erfolgreich geparst: 25 Debatten, 526 Reden, 63776 Wörter
2025-09-20 19:55:50,526 - database_manager - INFO - Verarbeite Datei 1266/2945: debates2013-01-08b.xml
2025-09-20 19:55:50,526 - database_manager - INFO - Parse debates XML-Datei: debates2013-01-08b.xml
2025-09-20 19:55:50,549 - database_manager - INFO - Debates XML erfolgreich geparst: 25 Debatten, 643 Reden, 66379 Wörter
2025-09-20 19:55:50,549 - database_manager - INFO - Verarbeite Datei 1267/2945: debates2020-10-21c.xml
2025-09-20 19:55:50,549 - database_manager - INFO - Parse debates XML-Datei: debates2020-10-21c.xml
2025-09-20 19:55:50,550 - database_manager - INFO - Debates XML erfolgreich geparst: 0 Debatten, 0 Reden, 0 Wörter
2025-09-20 19:55:50,550 - database_manager - INFO - Verarbeite Datei 1268/2945: debates2017-07-04e.xml
2025-09-20 19:55:50,550 - database_manager - INFO - Parse debates XML-Datei: debates2017-07-04e.xml
2025-09-20 19:55:50,567 - database_manager - INFO - Debates XML erfolgreich geparst: 20 Debatten, 518 Reden, 65674 Wörter
2025-09-20 19:55:50,567 - database_manager - INFO - Verarbeite Datei 1269/2945: debates2021-02-23b.xml
2025-09-20 19:55:50,567 - database_manager - INFO - Parse debates XML-Datei: debates2021-02-23b.xml
2025-09-20 19:55:50,583 - database_manager - INFO - Debates XML erfolgreich geparst: 19 Debatten, 280 Reden, 65554 Wörter
2025-09-20 19:55:50,584 - database_manager - INFO - Verarbeite Datei 1270/2945: debates2021-03-02a.xml
2025-09-20 19:55:50,584 - database_manager - INFO - Parse debates XML-Datei: debates2021-03-02a.xml
2025-09-20 19:55:50,585 - database_manager - INFO - Debates XML erfolgreich geparst: 0 Debatten, 0 Reden, 0 Wörter
2025-09-20 19:55:50,585 - database_manager - INFO - Verarbeite Datei 1271/2945: debates2017-07-05a.xml
2025-09-20 19:55:50,585 - database_manager - INFO - Parse debates XML-Datei: debates2017-07-05a.xml
2025-09-20 19:55:50,602 - database_manager - INFO - Debates XML erfolgreich geparst: 11 Debatten, 517 Reden, 66513 Wörter
2025-09-20 19:55:50,603 - database_manager - INFO - Verarbeite Datei 1272/2945: debates2018-11-06a.xml
2025-09-20 19:55:50,603 - database_manager - INFO - Parse debates XML-Datei: debates2018-11-06a.xml
2025-09-20 19:55:50,604 - database_manager - INFO - Debates XML erfolgreich geparst: 0 Debatten, 0 Reden, 0 Wörter
2025-09-20 19:55:50,604 - database_manager - INFO - Verarbeite Datei 1273/2945: debates2013-11-04a.xml
2025-09-20 19:55:50,604 - database_manager - INFO - Parse debates XML-Datei: debates2013-11-04a.xml
2025-09-20 19:55:50,605 - database_manager - INFO - Debates XML erfolgreich geparst: 0 Debatten, 0 Reden, 0 Wörter
2025-09-20 19:55:50,605 - database_manager - INFO - Verarbeite Datei 1274/2945: debates2013-12-18b.xml
2025-09-20 19:55:50,605 - database_manager - INFO - Parse debates XML-Datei: debates2013-12-18b.xml
2025-09-20 19:55:50,628 - database_manager - INFO - Debates XML erfolgreich geparst: 11 Debatten, 689 Reden, 63655 Wörter
2025-09-20 19:55:50,628 - database_manager - INFO - Verarbeite Datei 1275/2945: debates2020-06-24b.xml
2025-09-20 19:55:50,628 - database_manager - INFO - Parse debates XML-Datei: debates2020-06-24b.xml
2025-09-20 19:55:50,629 - database_manager - INFO - Debates XML erfolgreich geparst: 0 Debatten, 0 Reden, 0 Wörter
2025-09-20 19:55:50,629 - database_manager - INFO - Verarbeite Datei 1276/2945: debates2019-05-01a.xml
2025-09-20 19:55:50,629 - database_manager - INFO - Parse debates XML-Datei: debates2019-05-01a.xml
2025-09-20 19:55:50,630 - database_manager - INFO - Debates XML erfolgreich geparst: 0 Debatten, 0 Reden, 0 Wörter
2025-09-20 19:55:50,630 - database_manager - INFO - Verarbeite Datei 1277/2945: debates2020-02-11d.xml
2025-09-20 19:55:50,630 - database_manager - INFO - Parse debates XML-Datei: debates2020-02-11d.xml
2025-09-20 19:55:50,634 - database_manager - INFO - Debates XML erfolgreich geparst: 1 Debatten, 53 Reden, 17071 Wörter
2025-09-20 19:55:50,634 - database_manager - INFO - Verarbeite Datei 1278/2945: debates2016-02-23b.xml
2025-09-20 19:55:50,634 - database_manager - INFO - Parse debates XML-Datei: debates2016-02-23b.xml
2025-09-20 19:55:50,654 - database_manager - INFO - Debates XML erfolgreich geparst: 22 Debatten, 500 Reden, 60602 Wörter
2025-09-20 19:55:50,654 - database_manager - INFO - Verarbeite Datei 1279/2945: debates2016-03-02a.xml
2025-09-20 19:55:50,655 - database_manager - INFO - Parse debates XML-Datei: debates2016-03-02a.xml
2025-09-20 19:55:50,656 - database_manager - INFO - Debates XML erfolgreich geparst: 0 Debatten, 0 Reden, 0 Wörter
2025-09-20 19:55:50,656 - database_manager - INFO - Verarbeite Datei 1280/2945: debates2021-05-27b.xml
2025-09-20 19:55:50,656 - database_manager - INFO - Parse debates XML-Datei: debates2021-05-27b.xml
2025-09-20 19:55:50,657 - database_manager - INFO - Debates XML erfolgreich geparst: 0 Debatten, 0 Reden, 0 Wörter
2025-09-20 19:55:50,657 - database_manager - INFO - Verarbeite Datei 1281/2945: debates2017-11-20b.xml
2025-09-20 19:55:50,657 - database_manager - INFO - Parse debates XML-Datei: debates2017-11-20b.xml
2025-09-20 19:55:50,673 - database_manager - INFO - Debates XML erfolgreich geparst: 22 Debatten, 540 Reden, 59586 Wörter
2025-09-20 19:55:50,674 - database_manager - INFO - Verarbeite Datei 1282/2945: debates2012-03-26b.xml
2025-09-20 19:55:50,674 - database_manager - INFO - Parse debates XML-Datei: debates2012-03-26b.xml
2025-09-20 19:55:50,700 - database_manager - INFO - Debates XML erfolgreich geparst: 20 Debatten, 683 Reden, 74746 Wörter
2025-09-20 19:55:50,700 - database_manager - INFO - Verarbeite Datei 1283/2945: debates2012-02-07a.xml
2025-09-20 19:55:50,700 - database_manager - INFO - Parse debates XML-Datei: debates2012-02-07a.xml
2025-09-20 19:55:50,701 - database_manager - INFO - Debates XML erfolgreich geparst: 0 Debatten, 0 Reden, 0 Wörter
2025-09-20 19:55:50,701 - database_manager - INFO - Verarbeite Datei 1284/2945: debates2020-01-20b.xml
2025-09-20 19:55:50,701 - database_manager - INFO - Parse debates XML-Datei: debates2020-01-20b.xml
2025-09-20 19:55:50,702 - database_manager - INFO - Debates XML erfolgreich geparst: 0 Debatten, 0 Reden, 0 Wörter
2025-09-20 19:55:50,702 - database_manager - INFO - Verarbeite Datei 1285/2945: debates2019-02-05a.xml
2025-09-20 19:55:50,702 - database_manager - INFO - Parse debates XML-Datei: debates2019-02-05a.xml
2025-09-20 19:55:50,703 - database_manager - INFO - Debates XML erfolgreich geparst: 0 Debatten, 0 Reden, 0 Wörter
2025-09-20 19:55:50,703 - database_manager - INFO - Verarbeite Datei 1286/2945: debates2020-06-08c.xml
2025-09-20 19:55:50,703 - database_manager - INFO - Parse debates XML-Datei: debates2020-06-08c.xml
2025-09-20 19:55:50,725 - database_manager - INFO - Debates XML erfolgreich geparst: 21 Debatten, 552 Reden, 65425 Wörter
2025-09-20 19:55:50,726 - database_manager - INFO - Verarbeite Datei 1287/2945: debates2020-10-01a.xml
2025-09-20 19:55:50,726 - database_manager - INFO - Parse debates XML-Datei: debates2020-10-01a.xml
2025-09-20 19:55:50,726 - database_manager - INFO - Debates XML erfolgreich geparst: 0 Debatten, 0 Reden, 0 Wörter
2025-09-20 19:55:50,726 - database_manager - INFO - Verarbeite Datei 1288/2945: debates2021-03-22c.xml
2025-09-20 19:55:50,727 - database_manager - INFO - Parse debates XML-Datei: debates2021-03-22c.xml
2025-09-20 19:55:50,727 - database_manager - INFO - Debates XML erfolgreich geparst: 0 Debatten, 0 Reden, 0 Wörter
2025-09-20 19:55:50,727 - database_manager - INFO - Verarbeite Datei 1289/2945: debates2015-06-18a.xml
2025-09-20 19:55:50,727 - database_manager - INFO - Parse debates XML-Datei: debates2015-06-18a.xml
2025-09-20 19:55:50,729 - database_manager - INFO - Debates XML erfolgreich geparst: 0 Debatten, 0 Reden, 0 Wörter
2025-09-20 19:55:50,729 - database_manager - INFO - Verarbeite Datei 1290/2945: debates2021-09-08a.xml
2025-09-20 19:55:50,729 - database_manager - INFO - Parse debates XML-Datei: debates2021-09-08a.xml
2025-09-20 19:55:50,731 - database_manager - INFO - Debates XML erfolgreich geparst: 0 Debatten, 0 Reden, 0 Wörter
2025-09-20 19:55:50,731 - database_manager - INFO - Verarbeite Datei 1291/2945: debates2012-01-17a.xml
2025-09-20 19:55:50,731 - database_manager - INFO - Parse debates XML-Datei: debates2012-01-17a.xml
2025-09-20 19:55:50,731 - database_manager - INFO - Debates XML erfolgreich geparst: 0 Debatten, 0 Reden, 0 Wörter
2025-09-20 19:55:50,731 - database_manager - INFO - Verarbeite Datei 1292/2945: debates2018-11-26c.xml
2025-09-20 19:55:50,731 - database_manager - INFO - Parse debates XML-Datei: debates2018-11-26c.xml
2025-09-20 19:55:50,750 - database_manager - INFO - Debates XML erfolgreich geparst: 21 Debatten, 584 Reden, 60894 Wörter
2025-09-20 19:55:50,750 - database_manager - INFO - Verarbeite Datei 1293/2945: debates2012-05-23c.xml
2025-09-20 19:55:50,750 - database_manager - INFO - Parse debates XML-Datei: debates2012-05-23c.xml
2025-09-20 19:55:50,768 - database_manager - INFO - Debates XML erfolgreich geparst: 24 Debatten, 500 Reden, 65639 Wörter
2025-09-20 19:55:50,769 - database_manager - INFO - Verarbeite Datei 1294/2945: debates2020-03-11a.xml
2025-09-20 19:55:50,769 - database_manager - INFO - Parse debates XML-Datei: debates2020-03-11a.xml
2025-09-20 19:55:50,770 - database_manager - INFO - Debates XML erfolgreich geparst: 0 Debatten, 0 Reden, 0 Wörter
2025-09-20 19:55:50,770 - database_manager - INFO - Verarbeite Datei 1295/2945: debates2016-09-08a.xml
2025-09-20 19:55:50,770 - database_manager - INFO - Parse debates XML-Datei: debates2016-09-08a.xml
2025-09-20 19:55:50,787 - database_manager - INFO - Debates XML erfolgreich geparst: 15 Debatten, 441 Reden, 62616 Wörter
2025-09-20 19:55:50,788 - database_manager - INFO - Verarbeite Datei 1296/2945: debates2019-01-15a.xml
2025-09-20 19:55:50,788 - database_manager - INFO - Parse debates XML-Datei: debates2019-01-15a.xml
2025-09-20 19:55:50,789 - database_manager - INFO - Debates XML erfolgreich geparst: 0 Debatten, 0 Reden, 0 Wörter
2025-09-20 19:55:50,789 - database_manager - INFO - Verarbeite Datei 1297/2945: debates2019-03-28a.xml
2025-09-20 19:55:50,789 - database_manager - INFO - Parse debates XML-Datei: debates2019-03-28a.xml
2025-09-20 19:55:50,790 - database_manager - INFO - Debates XML erfolgreich geparst: 0 Debatten, 0 Reden, 0 Wörter
2025-09-20 19:55:50,790 - database_manager - INFO - Verarbeite Datei 1298/2945: debates2020-12-30b.xml
2025-09-20 19:55:50,790 - database_manager - INFO - Parse debates XML-Datei: debates2020-12-30b.xml
2025-09-20 19:55:50,824 - database_manager - INFO - Debates XML erfolgreich geparst: 1 Debatten, 554 Reden, 99700 Wörter
2025-09-20 19:55:50,824 - database_manager - INFO - Verarbeite Datei 1299/2945: debates2013-05-10a.xml
2025-09-20 19:55:50,824 - database_manager - INFO - Parse debates XML-Datei: debates2013-05-10a.xml
2025-09-20 19:55:50,836 - database_manager - INFO - Debates XML erfolgreich geparst: 1 Debatten, 233 Reden, 42749 Wörter
2025-09-20 19:55:50,836 - database_manager - INFO - Verarbeite Datei 1300/2945: debates2014-10-22a.xml
2025-09-20 19:55:50,836 - database_manager - INFO - Parse debates XML-Datei: debates2014-10-22a.xml
2025-09-20 19:55:50,853 - database_manager - INFO - Debates XML erfolgreich geparst: 18 Debatten, 441 Reden, 61763 Wörter
2025-09-20 19:55:50,853 - database_manager - INFO - Verarbeite Datei 1301/2945: debates2020-05-18a.xml
2025-09-20 19:55:50,854 - database_manager - INFO - Parse debates XML-Datei: debates2020-05-18a.xml
2025-09-20 19:55:50,867 - database_manager - INFO - Debates XML erfolgreich geparst: 26 Debatten, 333 Reden, 51361 Wörter
2025-09-20 19:55:50,867 - database_manager - INFO - Verarbeite Datei 1302/2945: debates2020-06-04b.xml
2025-09-20 19:55:50,867 - database_manager - INFO - Parse debates XML-Datei: debates2020-06-04b.xml
2025-09-20 19:55:50,868 - database_manager - INFO - Debates XML erfolgreich geparst: 1 Debatten, 0 Reden, 0 Wörter
2025-09-20 19:55:50,868 - database_manager - INFO - Verarbeite Datei 1303/2945: debates2019-05-21a.xml
2025-09-20 19:55:50,868 - database_manager - INFO - Parse debates XML-Datei: debates2019-05-21a.xml
2025-09-20 19:55:50,882 - database_manager - INFO - Debates XML erfolgreich geparst: 15 Debatten, 433 Reden, 52446 Wörter
2025-09-20 19:55:50,882 - database_manager - INFO - Verarbeite Datei 1304/2945: debates2013-01-24a.xml
2025-09-20 19:55:50,882 - database_manager - INFO - Parse debates XML-Datei: debates2013-01-24a.xml
2025-09-20 19:55:50,899 - database_manager - INFO - Debates XML erfolgreich geparst: 23 Debatten, 478 Reden, 59983 Wörter
2025-09-20 19:55:50,899 - database_manager - INFO - Verarbeite Datei 1305/2945: debates2013-03-19a.xml
2025-09-20 19:55:50,899 - database_manager - INFO - Parse debates XML-Datei: debates2013-03-19a.xml
2025-09-20 19:55:51,249 - database_manager - INFO - Debates XML erfolgreich geparst: 27 Debatten, 487 Reden, 60108 Wörter
2025-09-20 19:55:51,250 - database_manager - INFO - Verarbeite Datei 1306/2945: debates2016-02-03b.xml
2025-09-20 19:55:51,250 - database_manager - INFO - Parse debates XML-Datei: debates2016-02-03b.xml
2025-09-20 19:55:51,275 - database_manager - INFO - Debates XML erfolgreich geparst: 13 Debatten, 569 Reden, 64828 Wörter
2025-09-20 19:55:51,276 - database_manager - INFO - Verarbeite Datei 1307/2945: debates2016-03-22a.xml
2025-09-20 19:55:51,276 - database_manager - INFO - Parse debates XML-Datei: debates2016-03-22a.xml
2025-09-20 19:55:51,302 - database_manager - INFO - Debates XML erfolgreich geparst: 103 Debatten, 559 Reden, 82323 Wörter
2025-09-20 19:55:51,302 - database_manager - INFO - Verarbeite Datei 1308/2945: debates2021-02-03b.xml
2025-09-20 19:55:51,302 - database_manager - INFO - Parse debates XML-Datei: debates2021-02-03b.xml
2025-09-20 19:55:51,317 - database_manager - INFO - Debates XML erfolgreich geparst: 12 Debatten, 322 Reden, 59661 Wörter
2025-09-20 19:55:51,318 - database_manager - INFO - Verarbeite Datei 1309/2945: debates2021-03-22a.xml
2025-09-20 19:55:51,318 - database_manager - INFO - Parse debates XML-Datei: debates2021-03-22a.xml
2025-09-20 19:55:51,319 - database_manager - INFO - Debates XML erfolgreich geparst: 0 Debatten, 0 Reden, 0 Wörter
2025-09-20 19:55:51,319 - database_manager - INFO - Verarbeite Datei 1310/2945: debates2012-05-23a.xml
2025-09-20 19:55:51,319 - database_manager - INFO - Parse debates XML-Datei: debates2012-05-23a.xml
2025-09-20 19:55:51,320 - database_manager - INFO - Debates XML erfolgreich geparst: 0 Debatten, 0 Reden, 0 Wörter
2025-09-20 19:55:51,320 - database_manager - INFO - Verarbeite Datei 1311/2945: debates2021-12-03b.xml
2025-09-20 19:55:51,320 - database_manager - INFO - Parse debates XML-Datei: debates2021-12-03b.xml
2025-09-20 19:55:51,322 - database_manager - INFO - Debates XML erfolgreich geparst: 0 Debatten, 0 Reden, 0 Wörter
2025-09-20 19:55:51,322 - database_manager - INFO - Verarbeite Datei 1312/2945: debates2015-11-30b.xml
2025-09-20 19:55:51,322 - database_manager - INFO - Parse debates XML-Datei: debates2015-11-30b.xml
2025-09-20 19:55:51,323 - database_manager - INFO - Debates XML erfolgreich geparst: 0 Debatten, 0 Reden, 0 Wörter
2025-09-20 19:55:51,323 - database_manager - INFO - Verarbeite Datei 1313/2945: debates2018-11-26a.xml
2025-09-20 19:55:51,323 - database_manager - INFO - Parse debates XML-Datei: debates2018-11-26a.xml
2025-09-20 19:55:51,324 - database_manager - INFO - Debates XML erfolgreich geparst: 0 Debatten, 0 Reden, 0 Wörter
2025-09-20 19:55:51,324 - database_manager - INFO - Verarbeite Datei 1314/2945: debates2020-06-08a.xml
2025-09-20 19:55:51,324 - database_manager - INFO - Parse debates XML-Datei: debates2020-06-08a.xml
2025-09-20 19:55:51,325 - database_manager - INFO - Debates XML erfolgreich geparst: 0 Debatten, 0 Reden, 0 Wörter
2025-09-20 19:55:51,325 - database_manager - INFO - Verarbeite Datei 1315/2945: debates2013-11-28b.xml
2025-09-20 19:55:51,325 - database_manager - INFO - Parse debates XML-Datei: debates2013-11-28b.xml
2025-09-20 19:55:51,343 - database_manager - INFO - Debates XML erfolgreich geparst: 15 Debatten, 559 Reden, 64735 Wörter
2025-09-20 19:55:51,343 - database_manager - INFO - Verarbeite Datei 1316/2945: debates2019-02-05c.xml
2025-09-20 19:55:51,343 - database_manager - INFO - Parse debates XML-Datei: debates2019-02-05c.xml
2025-09-20 19:55:51,344 - database_manager - INFO - Debates XML erfolgreich geparst: 0 Debatten, 0 Reden, 0 Wörter
2025-09-20 19:55:51,344 - database_manager - INFO - Verarbeite Datei 1317/2945: debates2013-10-09a.xml
2025-09-20 19:55:51,344 - database_manager - INFO - Parse debates XML-Datei: debates2013-10-09a.xml
2025-09-20 19:55:51,360 - database_manager - INFO - Debates XML erfolgreich geparst: 21 Debatten, 424 Reden, 58066 Wörter
2025-09-20 19:55:51,361 - database_manager - INFO - Verarbeite Datei 1318/2945: debates2019-07-10b.xml
2025-09-20 19:55:51,361 - database_manager - INFO - Parse debates XML-Datei: debates2019-07-10b.xml
2025-09-20 19:55:51,362 - database_manager - INFO - Debates XML erfolgreich geparst: 0 Debatten, 0 Reden, 0 Wörter
2025-09-20 19:55:51,362 - database_manager - INFO - Verarbeite Datei 1319/2945: debates2013-01-28b.xml
2025-09-20 19:55:51,362 - database_manager - INFO - Parse debates XML-Datei: debates2013-01-28b.xml
2025-09-20 19:55:51,363 - database_manager - INFO - Debates XML erfolgreich geparst: 0 Debatten, 0 Reden, 0 Wörter
2025-09-20 19:55:51,363 - database_manager - INFO - Verarbeite Datei 1320/2945: debates2016-01-13b.xml
2025-09-20 19:55:51,363 - database_manager - INFO - Parse debates XML-Datei: debates2016-01-13b.xml
2025-09-20 19:55:51,363 - database_manager - INFO - Debates XML erfolgreich geparst: 1 Debatten, 0 Reden, 0 Wörter
2025-09-20 19:55:51,364 - database_manager - INFO - Verarbeite Datei 1321/2945: debates2020-10-01c.xml
2025-09-20 19:55:51,364 - database_manager - INFO - Parse debates XML-Datei: debates2020-10-01c.xml
2025-09-20 19:55:51,379 - database_manager - INFO - Debates XML erfolgreich geparst: 15 Debatten, 414 Reden, 52649 Wörter
2025-09-20 19:55:51,379 - database_manager - INFO - Verarbeite Datei 1322/2945: debates2021-01-13b.xml
2025-09-20 19:55:51,379 - database_manager - INFO - Parse debates XML-Datei: debates2021-01-13b.xml
2025-09-20 19:55:51,400 - database_manager - INFO - Debates XML erfolgreich geparst: 23 Debatten, 417 Reden, 76692 Wörter
2025-09-20 19:55:51,401 - database_manager - INFO - Verarbeite Datei 1323/2945: debates2012-07-12b.xml
2025-09-20 19:55:51,401 - database_manager - INFO - Parse debates XML-Datei: debates2012-07-12b.xml
2025-09-20 19:55:51,420 - database_manager - INFO - Debates XML erfolgreich geparst: 26 Debatten, 603 Reden, 65899 Wörter
2025-09-20 19:55:51,420 - database_manager - INFO - Verarbeite Datei 1324/2945: debates2020-02-10b.xml
2025-09-20 19:55:51,420 - database_manager - INFO - Parse debates XML-Datei: debates2020-02-10b.xml
2025-09-20 19:55:51,436 - database_manager - INFO - Debates XML erfolgreich geparst: 72 Debatten, 480 Reden, 58338 Wörter
2025-09-20 19:55:51,436 - database_manager - INFO - Verarbeite Datei 1325/2945: debates2019-05-01c.xml
2025-09-20 19:55:51,436 - database_manager - INFO - Parse debates XML-Datei: debates2019-05-01c.xml
2025-09-20 19:55:51,454 - database_manager - INFO - Debates XML erfolgreich geparst: 14 Debatten, 497 Reden, 67700 Wörter
2025-09-20 19:55:51,454 - database_manager - INFO - Verarbeite Datei 1326/2945: debates2013-09-13a.xml
2025-09-20 19:55:51,454 - database_manager - INFO - Parse debates XML-Datei: debates2013-09-13a.xml
2025-09-20 19:55:51,464 - database_manager - INFO - Debates XML erfolgreich geparst: 3 Debatten, 226 Reden, 36517 Wörter
2025-09-20 19:55:51,464 - database_manager - INFO - Verarbeite Datei 1327/2945: debates2014-01-23b.xml
2025-09-20 19:55:51,464 - database_manager - INFO - Parse debates XML-Datei: debates2014-01-23b.xml
2025-09-20 19:55:51,482 - database_manager - INFO - Debates XML erfolgreich geparst: 18 Debatten, 517 Reden, 59614 Wörter
2025-09-20 19:55:51,482 - database_manager - INFO - Verarbeite Datei 1328/2945: debates2020-12-10b.xml
2025-09-20 19:55:51,482 - database_manager - INFO - Parse debates XML-Datei: debates2020-12-10b.xml
2025-09-20 19:55:51,500 - database_manager - INFO - Debates XML erfolgreich geparst: 21 Debatten, 421 Reden, 61201 Wörter
2025-09-20 19:55:51,500 - database_manager - INFO - Verarbeite Datei 1329/2945: debates2021-06-17b.xml
2025-09-20 19:55:51,500 - database_manager - INFO - Parse debates XML-Datei: debates2021-06-17b.xml
2025-09-20 19:55:51,501 - database_manager - INFO - Debates XML erfolgreich geparst: 0 Debatten, 0 Reden, 0 Wörter
2025-09-20 19:55:51,501 - database_manager - INFO - Verarbeite Datei 1330/2945: debates2021-03-02c.xml
2025-09-20 19:55:51,501 - database_manager - INFO - Parse debates XML-Datei: debates2021-03-02c.xml
2025-09-20 19:55:51,516 - database_manager - INFO - Debates XML erfolgreich geparst: 18 Debatten, 353 Reden, 64292 Wörter
2025-09-20 19:55:51,516 - database_manager - INFO - Verarbeite Datei 1331/2945: debates2015-09-07b.xml
2025-09-20 19:55:51,516 - database_manager - INFO - Parse debates XML-Datei: debates2015-09-07b.xml
2025-09-20 19:55:51,542 - database_manager - INFO - Debates XML erfolgreich geparst: 25 Debatten, 635 Reden, 79270 Wörter
2025-09-20 19:55:51,542 - database_manager - INFO - Verarbeite Datei 1332/2945: debates2018-09-11a.xml
2025-09-20 19:55:51,542 - database_manager - INFO - Parse debates XML-Datei: debates2018-09-11a.xml
2025-09-20 19:55:51,543 - database_manager - INFO - Debates XML erfolgreich geparst: 0 Debatten, 0 Reden, 0 Wörter
2025-09-20 19:55:51,543 - database_manager - INFO - Verarbeite Datei 1333/2945: debates2019-03-04b.xml
2025-09-20 19:55:51,543 - database_manager - INFO - Parse debates XML-Datei: debates2019-03-04b.xml
2025-09-20 19:55:51,566 - database_manager - INFO - Debates XML erfolgreich geparst: 29 Debatten, 678 Reden, 66991 Wörter
2025-09-20 19:55:51,567 - database_manager - INFO - Verarbeite Datei 1334/2945: debates2019-02-25a.xml
2025-09-20 19:55:51,567 - database_manager - INFO - Parse debates XML-Datei: debates2019-02-25a.xml
2025-09-20 19:55:51,568 - database_manager - INFO - Debates XML erfolgreich geparst: 0 Debatten, 0 Reden, 0 Wörter
2025-09-20 19:55:51,568 - database_manager - INFO - Verarbeite Datei 1335/2945: debates2014-03-12a.xml
2025-09-20 19:55:51,568 - database_manager - INFO - Parse debates XML-Datei: debates2014-03-12a.xml
2025-09-20 19:55:51,578 - database_manager - INFO - Debates XML erfolgreich geparst: 20 Debatten, 299 Reden, 40231 Wörter
2025-09-20 19:55:51,579 - database_manager - INFO - Verarbeite Datei 1336/2945: debates2013-06-20a.xml
2025-09-20 19:55:51,579 - database_manager - INFO - Parse debates XML-Datei: debates2013-06-20a.xml
2025-09-20 19:55:51,579 - database_manager - INFO - Debates XML erfolgreich geparst: 0 Debatten, 0 Reden, 0 Wörter
2025-09-20 19:55:51,579 - database_manager - INFO - Verarbeite Datei 1337/2945: debates2020-10-21a.xml
2025-09-20 19:55:51,580 - database_manager - INFO - Parse debates XML-Datei: debates2020-10-21a.xml
2025-09-20 19:55:51,581 - database_manager - INFO - Debates XML erfolgreich geparst: 0 Debatten, 0 Reden, 0 Wörter
2025-09-20 19:55:51,581 - database_manager - INFO - Verarbeite Datei 1338/2945: debates2016-04-26a.xml
2025-09-20 19:55:51,581 - database_manager - INFO - Parse debates XML-Datei: debates2016-04-26a.xml
2025-09-20 19:55:51,599 - database_manager - INFO - Debates XML erfolgreich geparst: 24 Debatten, 452 Reden, 59517 Wörter
2025-09-20 19:55:51,600 - database_manager - INFO - Verarbeite Datei 1339/2945: debates2021-04-26a.xml
2025-09-20 19:55:51,600 - database_manager - INFO - Parse debates XML-Datei: debates2021-04-26a.xml
2025-09-20 19:55:51,601 - database_manager - INFO - Debates XML erfolgreich geparst: 0 Debatten, 0 Reden, 0 Wörter
2025-09-20 19:55:51,601 - database_manager - INFO - Verarbeite Datei 1340/2945: debates2015-05-28a.xml
2025-09-20 19:55:51,601 - database_manager - INFO - Parse debates XML-Datei: debates2015-05-28a.xml
2025-09-20 19:55:51,602 - database_manager - INFO - Debates XML erfolgreich geparst: 0 Debatten, 0 Reden, 0 Wörter
2025-09-20 19:55:51,602 - database_manager - INFO - Verarbeite Datei 1341/2945: debates2015-07-15a.xml
2025-09-20 19:55:51,602 - database_manager - INFO - Parse debates XML-Datei: debates2015-07-15a.xml
2025-09-20 19:55:51,631 - database_manager - INFO - Debates XML erfolgreich geparst: 18 Debatten, 781 Reden, 87217 Wörter
2025-09-20 19:55:51,632 - database_manager - INFO - Verarbeite Datei 1342/2945: debates2018-07-03b.xml
2025-09-20 19:55:51,632 - database_manager - INFO - Parse debates XML-Datei: debates2018-07-03b.xml
2025-09-20 19:55:51,633 - database_manager - INFO - Debates XML erfolgreich geparst: 0 Debatten, 0 Reden, 0 Wörter
2025-09-20 19:55:51,633 - database_manager - INFO - Verarbeite Datei 1343/2945: debates2017-06-28c.xml
2025-09-20 19:55:51,633 - database_manager - INFO - Parse debates XML-Datei: debates2017-06-28c.xml
2025-09-20 19:55:51,635 - database_manager - INFO - Debates XML erfolgreich geparst: 0 Debatten, 0 Reden, 0 Wörter
2025-09-20 19:55:51,635 - database_manager - INFO - Verarbeite Datei 1344/2945: debates2012-02-27a.xml
2025-09-20 19:55:51,635 - database_manager - INFO - Parse debates XML-Datei: debates2012-02-27a.xml
2025-09-20 19:55:51,652 - database_manager - INFO - Debates XML erfolgreich geparst: 24 Debatten, 473 Reden, 59358 Wörter
2025-09-20 19:55:51,652 - database_manager - INFO - Verarbeite Datei 1345/2945: debates2016-07-20a.xml
2025-09-20 19:55:51,652 - database_manager - INFO - Parse debates XML-Datei: debates2016-07-20a.xml
2025-09-20 19:55:51,654 - database_manager - INFO - Debates XML erfolgreich geparst: 1 Debatten, 4 Reden, 2700 Wörter
2025-09-20 19:55:51,654 - database_manager - INFO - Verarbeite Datei 1346/2945: debates2014-10-14a.xml
2025-09-20 19:55:51,654 - database_manager - INFO - Parse debates XML-Datei: debates2014-10-14a.xml
2025-09-20 19:55:51,655 - database_manager - INFO - Debates XML erfolgreich geparst: 0 Debatten, 0 Reden, 0 Wörter
2025-09-20 19:55:51,655 - database_manager - INFO - Verarbeite Datei 1347/2945: debates2019-10-02b.xml
2025-09-20 19:55:51,655 - database_manager - INFO - Parse debates XML-Datei: debates2019-10-02b.xml
2025-09-20 19:55:51,673 - database_manager - INFO - Debates XML erfolgreich geparst: 10 Debatten, 432 Reden, 63376 Wörter
2025-09-20 19:55:51,673 - database_manager - INFO - Verarbeite Datei 1348/2945: debates2013-11-12c.xml
2025-09-20 19:55:51,673 - database_manager - INFO - Parse debates XML-Datei: debates2013-11-12c.xml
2025-09-20 19:55:51,674 - database_manager - INFO - Debates XML erfolgreich geparst: 0 Debatten, 0 Reden, 0 Wörter
2025-09-20 19:55:51,674 - database_manager - INFO - Verarbeite Datei 1349/2945: debates2019-01-23a.xml
2025-09-20 19:55:51,674 - database_manager - INFO - Parse debates XML-Datei: debates2019-01-23a.xml
2025-09-20 19:55:51,675 - database_manager - INFO - Debates XML erfolgreich geparst: 0 Debatten, 0 Reden, 0 Wörter
2025-09-20 19:55:51,675 - database_manager - INFO - Verarbeite Datei 1350/2945: debates2013-09-05a.xml
2025-09-20 19:55:51,675 - database_manager - INFO - Parse debates XML-Datei: debates2013-09-05a.xml
2025-09-20 19:55:51,676 - database_manager - INFO - Debates XML erfolgreich geparst: 0 Debatten, 0 Reden, 0 Wörter
2025-09-20 19:55:51,676 - database_manager - INFO - Verarbeite Datei 1351/2945: debates2020-02-06b.xml
2025-09-20 19:55:51,676 - database_manager - INFO - Parse debates XML-Datei: debates2020-02-06b.xml
2025-09-20 19:55:51,677 - database_manager - INFO - Debates XML erfolgreich geparst: 1 Debatten, 3 Reden, 2242 Wörter
2025-09-20 19:55:51,677 - database_manager - INFO - Verarbeite Datei 1352/2945: debates2012-05-15c.xml
2025-09-20 19:55:51,678 - database_manager - INFO - Parse debates XML-Datei: debates2012-05-15c.xml
2025-09-20 19:55:51,696 - database_manager - INFO - Debates XML erfolgreich geparst: 22 Debatten, 436 Reden, 65930 Wörter
2025-09-20 19:55:51,696 - database_manager - INFO - Verarbeite Datei 1353/2945: debates2017-02-06b.xml
2025-09-20 19:55:51,696 - database_manager - INFO - Parse debates XML-Datei: debates2017-02-06b.xml
2025-09-20 19:55:51,726 - database_manager - INFO - Debates XML erfolgreich geparst: 26 Debatten, 922 Reden, 87624 Wörter
2025-09-20 19:55:51,727 - database_manager - INFO - Verarbeite Datei 1354/2945: debates2017-03-27a.xml
2025-09-20 19:55:51,727 - database_manager - INFO - Parse debates XML-Datei: debates2017-03-27a.xml
2025-09-20 19:55:51,738 - database_manager - INFO - Debates XML erfolgreich geparst: 27 Debatten, 390 Reden, 40890 Wörter
2025-09-20 19:55:51,738 - database_manager - INFO - Verarbeite Datei 1355/2945: debates2017-12-06b.xml
2025-09-20 19:55:51,738 - database_manager - INFO - Parse debates XML-Datei: debates2017-12-06b.xml
2025-09-20 19:55:51,759 - database_manager - INFO - Debates XML erfolgreich geparst: 21 Debatten, 549 Reden, 71906 Wörter
2025-09-20 19:55:51,759 - database_manager - INFO - Verarbeite Datei 1356/2945: debates2018-07-19a.xml
2025-09-20 19:55:51,759 - database_manager - INFO - Parse debates XML-Datei: debates2018-07-19a.xml
2025-09-20 19:55:51,760 - database_manager - INFO - Debates XML erfolgreich geparst: 0 Debatten, 0 Reden, 0 Wörter
2025-09-20 19:55:51,760 - database_manager - INFO - Verarbeite Datei 1357/2945: debates2018-05-24a.xml
2025-09-20 19:55:51,760 - database_manager - INFO - Parse debates XML-Datei: debates2018-05-24a.xml
2025-09-20 19:55:51,775 - database_manager - INFO - Debates XML erfolgreich geparst: 16 Debatten, 431 Reden, 52905 Wörter
2025-09-20 19:55:51,775 - database_manager - INFO - Verarbeite Datei 1358/2945: debates2012-11-21a.xml
2025-09-20 19:55:51,775 - database_manager - INFO - Parse debates XML-Datei: debates2012-11-21a.xml
2025-09-20 19:55:51,790 - database_manager - INFO - Debates XML erfolgreich geparst: 17 Debatten, 359 Reden, 62736 Wörter
2025-09-20 19:55:51,791 - database_manager - INFO - Verarbeite Datei 1359/2945: debates2021-07-20a.xml
2025-09-20 19:55:51,791 - database_manager - INFO - Parse debates XML-Datei: debates2021-07-20a.xml
2025-09-20 19:55:51,792 - database_manager - INFO - Debates XML erfolgreich geparst: 0 Debatten, 0 Reden, 0 Wörter
2025-09-20 19:55:51,792 - database_manager - INFO - Verarbeite Datei 1360/2945: debates2016-05-11b.xml
2025-09-20 19:55:51,792 - database_manager - INFO - Parse debates XML-Datei: debates2016-05-11b.xml
2025-09-20 19:55:51,802 - database_manager - INFO - Debates XML erfolgreich geparst: 8 Debatten, 303 Reden, 39955 Wörter
2025-09-20 19:55:51,803 - database_manager - INFO - Verarbeite Datei 1361/2945: debates2020-11-16b.xml
2025-09-20 19:55:51,803 - database_manager - INFO - Parse debates XML-Datei: debates2020-11-16b.xml
2025-09-20 19:55:51,806 - database_manager - INFO - Debates XML erfolgreich geparst: 0 Debatten, 0 Reden, 0 Wörter
2025-09-20 19:55:51,806 - database_manager - INFO - Verarbeite Datei 1362/2945: debates2013-07-17b.xml
2025-09-20 19:55:51,806 - database_manager - INFO - Parse debates XML-Datei: debates2013-07-17b.xml
2025-09-20 19:55:51,832 - database_manager - INFO - Debates XML erfolgreich geparst: 32 Debatten, 760 Reden, 86811 Wörter
2025-09-20 19:55:51,833 - database_manager - INFO - Verarbeite Datei 1363/2945: debates2014-02-25b.xml
2025-09-20 19:55:51,833 - database_manager - INFO - Parse debates XML-Datei: debates2014-02-25b.xml
2025-09-20 19:55:51,834 - database_manager - INFO - Debates XML erfolgreich geparst: 0 Debatten, 0 Reden, 0 Wörter
2025-09-20 19:55:51,834 - database_manager - INFO - Verarbeite Datei 1364/2945: debates2014-03-04a.xml
2025-09-20 19:55:51,834 - database_manager - INFO - Parse debates XML-Datei: debates2014-03-04a.xml
2025-09-20 19:55:51,850 - database_manager - INFO - Debates XML erfolgreich geparst: 30 Debatten, 487 Reden, 62569 Wörter
2025-09-20 19:55:51,851 - database_manager - INFO - Verarbeite Datei 1365/2945: debates2019-03-12b.xml
2025-09-20 19:55:51,851 - database_manager - INFO - Parse debates XML-Datei: debates2019-03-12b.xml
2025-09-20 19:55:51,852 - database_manager - INFO - Debates XML erfolgreich geparst: 0 Debatten, 0 Reden, 0 Wörter
2025-09-20 19:55:51,852 - database_manager - INFO - Verarbeite Datei 1366/2945: debates2020-01-16b.xml
2025-09-20 19:55:51,852 - database_manager - INFO - Parse debates XML-Datei: debates2020-01-16b.xml
2025-09-20 19:55:51,853 - database_manager - INFO - Debates XML erfolgreich geparst: 0 Debatten, 0 Reden, 0 Wörter
2025-09-20 19:55:51,853 - database_manager - INFO - Verarbeite Datei 1367/2945: debates2013-09-09b.xml
2025-09-20 19:55:51,853 - database_manager - INFO - Parse debates XML-Datei: debates2013-09-09b.xml
2025-09-20 19:55:51,874 - database_manager - INFO - Debates XML erfolgreich geparst: 31 Debatten, 620 Reden, 65345 Wörter
2025-09-20 19:55:51,875 - database_manager - INFO - Verarbeite Datei 1368/2945: debates2017-01-16b.xml
2025-09-20 19:55:51,875 - database_manager - INFO - Parse debates XML-Datei: debates2017-01-16b.xml
2025-09-20 19:55:51,875 - database_manager - INFO - Debates XML erfolgreich geparst: 0 Debatten, 0 Reden, 0 Wörter
2025-09-20 19:55:51,876 - database_manager - INFO - Verarbeite Datei 1369/2945: debates2015-06-22b.xml
2025-09-20 19:55:51,876 - database_manager - INFO - Parse debates XML-Datei: debates2015-06-22b.xml
2025-09-20 19:55:51,895 - database_manager - INFO - Debates XML erfolgreich geparst: 15 Debatten, 484 Reden, 63932 Wörter
2025-09-20 19:55:51,895 - database_manager - INFO - Verarbeite Datei 1370/2945: debates2021-05-11b.xml
2025-09-20 19:55:51,895 - database_manager - INFO - Parse debates XML-Datei: debates2021-05-11b.xml
2025-09-20 19:55:51,908 - database_manager - INFO - Debates XML erfolgreich geparst: 2 Debatten, 146 Reden, 61169 Wörter
2025-09-20 19:55:51,909 - database_manager - INFO - Verarbeite Datei 1371/2945: debates2018-10-11b.xml
2025-09-20 19:55:51,909 - database_manager - INFO - Parse debates XML-Datei: debates2018-10-11b.xml
2025-09-20 19:55:51,925 - database_manager - INFO - Debates XML erfolgreich geparst: 19 Debatten, 440 Reden, 58941 Wörter
2025-09-20 19:55:51,925 - database_manager - INFO - Verarbeite Datei 1372/2945: debates2015-11-26b.xml
2025-09-20 19:55:51,925 - database_manager - INFO - Parse debates XML-Datei: debates2015-11-26b.xml
2025-09-20 19:55:51,927 - database_manager - INFO - Debates XML erfolgreich geparst: 0 Debatten, 0 Reden, 0 Wörter
2025-09-20 19:55:51,927 - database_manager - INFO - Verarbeite Datei 1373/2945: debates2018-04-24d.xml
2025-09-20 19:55:51,927 - database_manager - INFO - Parse debates XML-Datei: debates2018-04-24d.xml
2025-09-20 19:55:51,956 - database_manager - INFO - Debates XML erfolgreich geparst: 39 Debatten, 479 Reden, 62664 Wörter
2025-09-20 19:55:51,958 - database_manager - INFO - Verarbeite Datei 1374/2945: debates2021-11-09a.xml
2025-09-20 19:55:51,958 - database_manager - INFO - Parse debates XML-Datei: debates2021-11-09a.xml
2025-09-20 19:55:51,959 - database_manager - INFO - Debates XML erfolgreich geparst: 0 Debatten, 0 Reden, 0 Wörter
2025-09-20 19:55:51,959 - database_manager - INFO - Verarbeite Datei 1375/2945: debates2015-01-26b.xml
2025-09-20 19:55:51,959 - database_manager - INFO - Parse debates XML-Datei: debates2015-01-26b.xml
2025-09-20 19:55:51,964 - database_manager - INFO - Debates XML erfolgreich geparst: 0 Debatten, 0 Reden, 0 Wörter
2025-09-20 19:55:51,964 - database_manager - INFO - Verarbeite Datei 1376/2945: debates2018-01-30a.xml
2025-09-20 19:55:51,964 - database_manager - INFO - Parse debates XML-Datei: debates2018-01-30a.xml
2025-09-20 19:55:52,007 - database_manager - INFO - Debates XML erfolgreich geparst: 22 Debatten, 621 Reden, 66477 Wörter
2025-09-20 19:55:52,007 - database_manager - INFO - Verarbeite Datei 1377/2945: debates2016-01-05b.xml
2025-09-20 19:55:52,007 - database_manager - INFO - Parse debates XML-Datei: debates2016-01-05b.xml
2025-09-20 19:55:52,009 - database_manager - INFO - Debates XML erfolgreich geparst: 0 Debatten, 0 Reden, 0 Wörter
2025-09-20 19:55:52,009 - database_manager - INFO - Verarbeite Datei 1378/2945: debates2020-09-21b.xml
2025-09-20 19:55:52,009 - database_manager - INFO - Parse debates XML-Datei: debates2020-09-21b.xml
2025-09-20 19:55:52,010 - database_manager - INFO - Debates XML erfolgreich geparst: 0 Debatten, 0 Reden, 0 Wörter
2025-09-20 19:55:52,010 - database_manager - INFO - Verarbeite Datei 1379/2945: debates2016-12-19a.xml
2025-09-20 19:55:52,010 - database_manager - INFO - Parse debates XML-Datei: debates2016-12-19a.xml
2025-09-20 19:55:52,011 - database_manager - INFO - Debates XML erfolgreich geparst: 0 Debatten, 0 Reden, 0 Wörter
2025-09-20 19:55:52,011 - database_manager - INFO - Verarbeite Datei 1380/2945: debates2016-10-24a.xml
2025-09-20 19:55:52,011 - database_manager - INFO - Parse debates XML-Datei: debates2016-10-24a.xml
2025-09-20 19:55:52,028 - database_manager - INFO - Debates XML erfolgreich geparst: 22 Debatten, 534 Reden, 61611 Wörter
2025-09-20 19:55:52,028 - database_manager - INFO - Verarbeite Datei 1381/2945: debates2014-07-10a.xml
2025-09-20 19:55:52,028 - database_manager - INFO - Parse debates XML-Datei: debates2014-07-10a.xml
2025-09-20 19:55:52,029 - database_manager - INFO - Debates XML erfolgreich geparst: 0 Debatten, 0 Reden, 0 Wörter
2025-09-20 19:55:52,029 - database_manager - INFO - Verarbeite Datei 1382/2945: debates2019-06-27a.xml
2025-09-20 19:55:52,029 - database_manager - INFO - Parse debates XML-Datei: debates2019-06-27a.xml
2025-09-20 19:55:52,030 - database_manager - INFO - Debates XML erfolgreich geparst: 0 Debatten, 0 Reden, 0 Wörter
2025-09-20 19:55:52,030 - database_manager - INFO - Verarbeite Datei 1383/2945: debates2019-02-13c.xml
2025-09-20 19:55:52,030 - database_manager - INFO - Parse debates XML-Datei: debates2019-02-13c.xml
2025-09-20 19:55:52,046 - database_manager - INFO - Debates XML erfolgreich geparst: 15 Debatten, 431 Reden, 64228 Wörter
2025-09-20 19:55:52,047 - database_manager - INFO - Verarbeite Datei 1384/2945: debates2018-12-20a.xml
2025-09-20 19:55:52,047 - database_manager - INFO - Parse debates XML-Datei: debates2018-12-20a.xml
2025-09-20 19:55:52,047 - database_manager - INFO - Debates XML erfolgreich geparst: 0 Debatten, 0 Reden, 0 Wörter
2025-09-20 19:55:52,047 - database_manager - INFO - Verarbeite Datei 1385/2945: debates2015-06-03d.xml
2025-09-20 19:55:52,047 - database_manager - INFO - Parse debates XML-Datei: debates2015-06-03d.xml
2025-09-20 19:55:52,065 - database_manager - INFO - Debates XML erfolgreich geparst: 17 Debatten, 377 Reden, 73559 Wörter
2025-09-20 19:55:52,066 - database_manager - INFO - Verarbeite Datei 1386/2945: debates2012-04-18a.xml
2025-09-20 19:55:52,066 - database_manager - INFO - Parse debates XML-Datei: debates2012-04-18a.xml
2025-09-20 19:55:52,090 - database_manager - INFO - Debates XML erfolgreich geparst: 26 Debatten, 727 Reden, 70090 Wörter
2025-09-20 19:55:52,091 - database_manager - INFO - Verarbeite Datei 1387/2945: debates2012-06-25a.xml
2025-09-20 19:55:52,091 - database_manager - INFO - Parse debates XML-Datei: debates2012-06-25a.xml
2025-09-20 19:55:52,107 - database_manager - INFO - Debates XML erfolgreich geparst: 47 Debatten, 485 Reden, 60665 Wörter
2025-09-20 19:55:52,107 - database_manager - INFO - Verarbeite Datei 1388/2945: debates2018-03-01b.xml
2025-09-20 19:55:52,107 - database_manager - INFO - Parse debates XML-Datei: debates2018-03-01b.xml
2025-09-20 19:55:52,121 - database_manager - INFO - Debates XML erfolgreich geparst: 17 Debatten, 427 Reden, 53497 Wörter
2025-09-20 19:55:52,122 - database_manager - INFO - Verarbeite Datei 1389/2945: debates2018-02-20a.xml
2025-09-20 19:55:52,122 - database_manager - INFO - Parse debates XML-Datei: debates2018-02-20a.xml
2025-09-20 19:55:52,123 - database_manager - INFO - Debates XML erfolgreich geparst: 0 Debatten, 0 Reden, 0 Wörter
2025-09-20 19:55:52,123 - database_manager - INFO - Verarbeite Datei 1390/2945: debates2015-03-17a.xml
2025-09-20 19:55:52,123 - database_manager - INFO - Parse debates XML-Datei: debates2015-03-17a.xml
2025-09-20 19:55:52,124 - database_manager - INFO - Debates XML erfolgreich geparst: 0 Debatten, 0 Reden, 0 Wörter
2025-09-20 19:55:52,124 - database_manager - INFO - Verarbeite Datei 1391/2945: debates2018-06-14c.xml
2025-09-20 19:55:52,124 - database_manager - INFO - Parse debates XML-Datei: debates2018-06-14c.xml
2025-09-20 19:55:52,144 - database_manager - INFO - Debates XML erfolgreich geparst: 15 Debatten, 549 Reden, 64669 Wörter
2025-09-20 19:55:52,145 - database_manager - INFO - Verarbeite Datei 1392/2945: debates2018-05-08a.xml
2025-09-20 19:55:52,145 - database_manager - INFO - Parse debates XML-Datei: debates2018-05-08a.xml
2025-09-20 19:55:52,146 - database_manager - INFO - Debates XML erfolgreich geparst: 0 Debatten, 0 Reden, 0 Wörter
2025-09-20 19:55:52,146 - database_manager - INFO - Verarbeite Datei 1393/2945: debates2018-06-14b.xml
2025-09-20 19:55:52,146 - database_manager - INFO - Parse debates XML-Datei: debates2018-06-14b.xml
2025-09-20 19:55:52,147 - database_manager - INFO - Debates XML erfolgreich geparst: 0 Debatten, 0 Reden, 0 Wörter
2025-09-20 19:55:52,147 - database_manager - INFO - Verarbeite Datei 1394/2945: debates2015-06-02a.xml
2025-09-20 19:55:52,147 - database_manager - INFO - Parse debates XML-Datei: debates2015-06-02a.xml
2025-09-20 19:55:52,147 - database_manager - INFO - Debates XML erfolgreich geparst: 0 Debatten, 0 Reden, 0 Wörter
2025-09-20 19:55:52,147 - database_manager - INFO - Verarbeite Datei 1395/2945: debates2017-10-17b.xml
2025-09-20 19:55:52,147 - database_manager - INFO - Parse debates XML-Datei: debates2017-10-17b.xml
2025-09-20 19:55:52,162 - database_manager - INFO - Debates XML erfolgreich geparst: 17 Debatten, 448 Reden, 58751 Wörter
2025-09-20 19:55:52,162 - database_manager - INFO - Verarbeite Datei 1396/2945: debates2014-02-05a.xml
2025-09-20 19:55:52,163 - database_manager - INFO - Parse debates XML-Datei: debates2014-02-05a.xml
2025-09-20 19:55:52,180 - database_manager - INFO - Debates XML erfolgreich geparst: 19 Debatten, 481 Reden, 62654 Wörter
2025-09-20 19:55:52,181 - database_manager - INFO - Verarbeite Datei 1397/2945: debates2016-09-12a.xml
2025-09-20 19:55:52,181 - database_manager - INFO - Parse debates XML-Datei: debates2016-09-12a.xml
2025-09-20 19:55:52,182 - database_manager - INFO - Debates XML erfolgreich geparst: 0 Debatten, 0 Reden, 0 Wörter
2025-09-20 19:55:52,182 - database_manager - INFO - Verarbeite Datei 1398/2945: debates2014-03-24b.xml
2025-09-20 19:55:52,182 - database_manager - INFO - Parse debates XML-Datei: debates2014-03-24b.xml
2025-09-20 19:55:52,198 - database_manager - INFO - Debates XML erfolgreich geparst: 21 Debatten, 432 Reden, 62010 Wörter
2025-09-20 19:55:52,198 - database_manager - INFO - Verarbeite Datei 1399/2945: debates2019-02-13b.xml
2025-09-20 19:55:52,198 - database_manager - INFO - Parse debates XML-Datei: debates2019-02-13b.xml
2025-09-20 19:55:52,199 - database_manager - INFO - Debates XML erfolgreich geparst: 0 Debatten, 0 Reden, 0 Wörter
2025-09-20 19:55:52,199 - database_manager - INFO - Verarbeite Datei 1400/2945: debates2016-01-05c.xml
2025-09-20 19:55:52,199 - database_manager - INFO - Parse debates XML-Datei: debates2016-01-05c.xml
2025-09-20 19:55:52,201 - database_manager - INFO - Debates XML erfolgreich geparst: 7 Debatten, 0 Reden, 0 Wörter
2025-09-20 19:55:52,201 - database_manager - INFO - Verarbeite Datei 1401/2945: debates2020-09-21c.xml
2025-09-20 19:55:52,201 - database_manager - INFO - Parse debates XML-Datei: debates2020-09-21c.xml
2025-09-20 19:55:52,202 - database_manager - INFO - Debates XML erfolgreich geparst: 0 Debatten, 0 Reden, 0 Wörter
2025-09-20 19:55:52,202 - database_manager - INFO - Verarbeite Datei 1402/2945: debates2014-12-05a.xml
2025-09-20 19:55:52,202 - database_manager - INFO - Parse debates XML-Datei: debates2014-12-05a.xml
2025-09-20 19:55:52,211 - database_manager - INFO - Debates XML erfolgreich geparst: 8 Debatten, 196 Reden, 32951 Wörter
2025-09-20 19:55:52,211 - database_manager - INFO - Verarbeite Datei 1403/2945: debates2021-06-21a.xml
2025-09-20 19:55:52,211 - database_manager - INFO - Parse debates XML-Datei: debates2021-06-21a.xml
2025-09-20 19:55:52,213 - database_manager - INFO - Debates XML erfolgreich geparst: 0 Debatten, 0 Reden, 0 Wörter
2025-09-20 19:55:52,213 - database_manager - INFO - Verarbeite Datei 1404/2945: debates2015-01-26c.xml
2025-09-20 19:55:52,213 - database_manager - INFO - Parse debates XML-Datei: debates2015-01-26c.xml
2025-09-20 19:55:52,214 - database_manager - INFO - Debates XML erfolgreich geparst: 0 Debatten, 0 Reden, 0 Wörter
2025-09-20 19:55:52,214 - database_manager - INFO - Verarbeite Datei 1405/2945: debates2018-06-18a.xml
2025-09-20 19:55:52,214 - database_manager - INFO - Parse debates XML-Datei: debates2018-06-18a.xml
2025-09-20 19:55:52,215 - database_manager - INFO - Debates XML erfolgreich geparst: 0 Debatten, 0 Reden, 0 Wörter
2025-09-20 19:55:52,215 - database_manager - INFO - Verarbeite Datei 1406/2945: debates2018-04-25a.xml
2025-09-20 19:55:52,215 - database_manager - INFO - Parse debates XML-Datei: debates2018-04-25a.xml
2025-09-20 19:55:52,216 - database_manager - INFO - Debates XML erfolgreich geparst: 0 Debatten, 0 Reden, 0 Wörter
2025-09-20 19:55:52,216 - database_manager - INFO - Verarbeite Datei 1407/2945: debates2015-11-26c.xml
2025-09-20 19:55:52,216 - database_manager - INFO - Parse debates XML-Datei: debates2015-11-26c.xml
2025-09-20 19:55:52,235 - database_manager - INFO - Debates XML erfolgreich geparst: 23 Debatten, 573 Reden, 66825 Wörter
2025-09-20 19:55:52,235 - database_manager - INFO - Verarbeite Datei 1408/2945: debates2020-02-26a.xml
2025-09-20 19:55:52,235 - database_manager - INFO - Parse debates XML-Datei: debates2020-02-26a.xml
2025-09-20 19:55:52,236 - database_manager - INFO - Debates XML erfolgreich geparst: 0 Debatten, 0 Reden, 0 Wörter
2025-09-20 19:55:52,236 - database_manager - INFO - Verarbeite Datei 1409/2945: debates2014-01-15a.xml
2025-09-20 19:55:52,236 - database_manager - INFO - Parse debates XML-Datei: debates2014-01-15a.xml
2025-09-20 19:55:52,255 - database_manager - INFO - Debates XML erfolgreich geparst: 12 Debatten, 471 Reden, 60434 Wörter
2025-09-20 19:55:52,255 - database_manager - INFO - Verarbeite Datei 1410/2945: debates2019-10-22a.xml
2025-09-20 19:55:52,255 - database_manager - INFO - Parse debates XML-Datei: debates2019-10-22a.xml
2025-09-20 19:55:52,256 - database_manager - INFO - Debates XML erfolgreich geparst: 0 Debatten, 0 Reden, 0 Wörter
2025-09-20 19:55:52,256 - database_manager - INFO - Verarbeite Datei 1411/2945: debates2021-03-18a.xml
2025-09-20 19:55:52,256 - database_manager - INFO - Parse debates XML-Datei: debates2021-03-18a.xml
2025-09-20 19:55:52,257 - database_manager - INFO - Debates XML erfolgreich geparst: 0 Debatten, 0 Reden, 0 Wörter
2025-09-20 19:55:52,257 - database_manager - INFO - Verarbeite Datei 1412/2945: debates2021-01-25a.xml
2025-09-20 19:55:52,257 - database_manager - INFO - Parse debates XML-Datei: debates2021-01-25a.xml
2025-09-20 19:55:52,258 - database_manager - INFO - Debates XML erfolgreich geparst: 0 Debatten, 0 Reden, 0 Wörter
2025-09-20 19:55:52,258 - database_manager - INFO - Verarbeite Datei 1413/2945: debates2018-03-21a.xml
2025-09-20 19:55:52,258 - database_manager - INFO - Parse debates XML-Datei: debates2018-03-21a.xml
2025-09-20 19:55:52,272 - database_manager - INFO - Debates XML erfolgreich geparst: 19 Debatten, 465 Reden, 52157 Wörter
2025-09-20 19:55:52,272 - database_manager - INFO - Verarbeite Datei 1414/2945: debates2021-11-25a.xml
2025-09-20 19:55:52,272 - database_manager - INFO - Parse debates XML-Datei: debates2021-11-25a.xml
2025-09-20 19:55:52,291 - database_manager - INFO - Debates XML erfolgreich geparst: 12 Debatten, 403 Reden, 65650 Wörter
2025-09-20 19:55:52,291 - database_manager - INFO - Verarbeite Datei 1415/2945: debates2017-01-16c.xml
2025-09-20 19:55:52,291 - database_manager - INFO - Parse debates XML-Datei: debates2017-01-16c.xml
2025-09-20 19:55:52,301 - database_manager - INFO - Debates XML erfolgreich geparst: 27 Debatten, 311 Reden, 41108 Wörter
2025-09-20 19:55:52,301 - database_manager - INFO - Verarbeite Datei 1416/2945: debates2015-12-16a.xml
2025-09-20 19:55:52,301 - database_manager - INFO - Parse debates XML-Datei: debates2015-12-16a.xml
2025-09-20 19:55:52,302 - database_manager - INFO - Debates XML erfolgreich geparst: 0 Debatten, 0 Reden, 0 Wörter
2025-09-20 19:55:52,302 - database_manager - INFO - Verarbeite Datei 1417/2945: debates2019-03-12c.xml
2025-09-20 19:55:52,302 - database_manager - INFO - Parse debates XML-Datei: debates2019-03-12c.xml
2025-09-20 19:55:52,325 - database_manager - INFO - Debates XML erfolgreich geparst: 32 Debatten, 667 Reden, 73852 Wörter
2025-09-20 19:55:52,326 - database_manager - INFO - Verarbeite Datei 1418/2945: debates2014-02-25c.xml
2025-09-20 19:55:52,326 - database_manager - INFO - Parse debates XML-Datei: debates2014-02-25c.xml
2025-09-20 19:55:52,338 - database_manager - INFO - Debates XML erfolgreich geparst: 19 Debatten, 384 Reden, 47226 Wörter
2025-09-20 19:55:52,338 - database_manager - INFO - Verarbeite Datei 1419/2945: debates2014-06-11a.xml
2025-09-20 19:55:52,339 - database_manager - INFO - Parse debates XML-Datei: debates2014-06-11a.xml
2025-09-20 19:55:52,339 - database_manager - INFO - Debates XML erfolgreich geparst: 0 Debatten, 0 Reden, 0 Wörter
2025-09-20 19:55:52,340 - database_manager - INFO - Verarbeite Datei 1420/2945: debates2016-11-25a.xml
2025-09-20 19:55:52,340 - database_manager - INFO - Parse debates XML-Datei: debates2016-11-25a.xml
2025-09-20 19:55:52,342 - database_manager - INFO - Debates XML erfolgreich geparst: 1 Debatten, 3 Reden, 3465 Wörter
2025-09-20 19:55:52,342 - database_manager - INFO - Verarbeite Datei 1421/2945: debates2020-01-16c.xml
2025-09-20 19:55:52,342 - database_manager - INFO - Parse debates XML-Datei: debates2020-01-16c.xml
2025-09-20 19:55:52,343 - database_manager - INFO - Debates XML erfolgreich geparst: 0 Debatten, 0 Reden, 0 Wörter
2025-09-20 19:55:52,343 - database_manager - INFO - Verarbeite Datei 1422/2945: debates2020-09-01a.xml
2025-09-20 19:55:52,343 - database_manager - INFO - Parse debates XML-Datei: debates2020-09-01a.xml
2025-09-20 19:55:52,344 - database_manager - INFO - Debates XML erfolgreich geparst: 0 Debatten, 0 Reden, 0 Wörter
2025-09-20 19:55:52,344 - database_manager - INFO - Verarbeite Datei 1423/2945: debates2020-11-16c.xml
2025-09-20 19:55:52,344 - database_manager - INFO - Parse debates XML-Datei: debates2020-11-16c.xml
2025-09-20 19:55:52,362 - database_manager - INFO - Debates XML erfolgreich geparst: 30 Debatten, 370 Reden, 61481 Wörter
2025-09-20 19:55:52,362 - database_manager - INFO - Verarbeite Datei 1424/2945: debates2016-01-25a.xml
2025-09-20 19:55:52,362 - database_manager - INFO - Parse debates XML-Datei: debates2016-01-25a.xml
2025-09-20 19:55:52,363 - database_manager - INFO - Debates XML erfolgreich geparst: 6 Debatten, 0 Reden, 0 Wörter
2025-09-20 19:55:52,363 - database_manager - INFO - Verarbeite Datei 1425/2945: debates2015-01-06a.xml
2025-09-20 19:55:52,363 - database_manager - INFO - Parse debates XML-Datei: debates2015-01-06a.xml
2025-09-20 19:55:52,365 - database_manager - INFO - Debates XML erfolgreich geparst: 0 Debatten, 0 Reden, 0 Wörter
2025-09-20 19:55:52,365 - database_manager - INFO - Verarbeite Datei 1426/2945: debates2018-01-10b.xml
2025-09-20 19:55:52,365 - database_manager - INFO - Parse debates XML-Datei: debates2018-01-10b.xml
2025-09-20 19:55:52,383 - database_manager - INFO - Debates XML erfolgreich geparst: 14 Debatten, 549 Reden, 68714 Wörter
2025-09-20 19:55:52,383 - database_manager - INFO - Verarbeite Datei 1427/2945: debates2012-05-15b.xml
2025-09-20 19:55:52,383 - database_manager - INFO - Parse debates XML-Datei: debates2012-05-15b.xml
2025-09-20 19:55:52,384 - database_manager - INFO - Debates XML erfolgreich geparst: 0 Debatten, 0 Reden, 0 Wörter
2025-09-20 19:55:52,384 - database_manager - INFO - Verarbeite Datei 1428/2945: debates2018-10-31a.xml
2025-09-20 19:55:52,384 - database_manager - INFO - Parse debates XML-Datei: debates2018-10-31a.xml
2025-09-20 19:55:52,400 - database_manager - INFO - Debates XML erfolgreich geparst: 12 Debatten, 372 Reden, 65620 Wörter
2025-09-20 19:55:52,401 - database_manager - INFO - Verarbeite Datei 1429/2945: debates2015-10-27b.xml
2025-09-20 19:55:52,401 - database_manager - INFO - Parse debates XML-Datei: debates2015-10-27b.xml
2025-09-20 19:55:52,419 - database_manager - INFO - Debates XML erfolgreich geparst: 23 Debatten, 522 Reden, 59865 Wörter
2025-09-20 19:55:52,420 - database_manager - INFO - Verarbeite Datei 1430/2945: debates2021-01-28f.xml
2025-09-20 19:55:52,420 - database_manager - INFO - Parse debates XML-Datei: debates2021-01-28f.xml
2025-09-20 19:55:52,802 - database_manager - INFO - Debates XML erfolgreich geparst: 23 Debatten, 348 Reden, 63606 Wörter
2025-09-20 19:55:52,802 - database_manager - INFO - Verarbeite Datei 1431/2945: debates2015-11-06a.xml
2025-09-20 19:55:52,802 - database_manager - INFO - Parse debates XML-Datei: debates2015-11-06a.xml
2025-09-20 19:55:52,803 - database_manager - INFO - Debates XML erfolgreich geparst: 0 Debatten, 0 Reden, 0 Wörter
2025-09-20 19:55:52,803 - database_manager - INFO - Verarbeite Datei 1432/2945: debates2013-11-12b.xml
2025-09-20 19:55:52,803 - database_manager - INFO - Parse debates XML-Datei: debates2013-11-12b.xml
2025-09-20 19:55:52,804 - database_manager - INFO - Debates XML erfolgreich geparst: 0 Debatten, 0 Reden, 0 Wörter
2025-09-20 19:55:52,804 - database_manager - INFO - Verarbeite Datei 1433/2945: debates2020-02-06c.xml
2025-09-20 19:55:52,804 - database_manager - INFO - Parse debates XML-Datei: debates2020-02-06c.xml
2025-09-20 19:55:52,819 - database_manager - INFO - Debates XML erfolgreich geparst: 19 Debatten, 411 Reden, 57204 Wörter
2025-09-20 19:55:52,819 - database_manager - INFO - Verarbeite Datei 1434/2945: debates2014-05-01a.xml
2025-09-20 19:55:52,819 - database_manager - INFO - Parse debates XML-Datei: debates2014-05-01a.xml
2025-09-20 19:55:52,835 - database_manager - INFO - Debates XML erfolgreich geparst: 21 Debatten, 450 Reden, 61072 Wörter
2025-09-20 19:55:52,836 - database_manager - INFO - Verarbeite Datei 1435/2945: debates2016-11-29b.xml
2025-09-20 19:55:52,836 - database_manager - INFO - Parse debates XML-Datei: debates2016-11-29b.xml
2025-09-20 19:55:52,851 - database_manager - INFO - Debates XML erfolgreich geparst: 13 Debatten, 406 Reden, 57601 Wörter
2025-09-20 19:55:52,851 - database_manager - INFO - Verarbeite Datei 1436/2945: debates2016-03-14b.xml
2025-09-20 19:55:52,851 - database_manager - INFO - Parse debates XML-Datei: debates2016-03-14b.xml
2025-09-20 19:55:52,867 - database_manager - INFO - Debates XML erfolgreich geparst: 26 Debatten, 413 Reden, 52968 Wörter
2025-09-20 19:55:52,868 - database_manager - INFO - Verarbeite Datei 1437/2945: debates2016-01-29b.xml
2025-09-20 19:55:52,868 - database_manager - INFO - Parse debates XML-Datei: debates2016-01-29b.xml
2025-09-20 19:55:52,878 - database_manager - INFO - Debates XML erfolgreich geparst: 9 Debatten, 192 Reden, 40909 Wörter
2025-09-20 19:55:52,878 - database_manager - INFO - Verarbeite Datei 1438/2945: debates2017-06-28b.xml
2025-09-20 19:55:52,878 - database_manager - INFO - Parse debates XML-Datei: debates2017-06-28b.xml
2025-09-20 19:55:52,879 - database_manager - INFO - Debates XML erfolgreich geparst: 0 Debatten, 0 Reden, 0 Wörter
2025-09-20 19:55:52,879 - database_manager - INFO - Verarbeite Datei 1439/2945: debates2012-06-13b.xml
2025-09-20 19:55:52,879 - database_manager - INFO - Parse debates XML-Datei: debates2012-06-13b.xml
2025-09-20 19:55:52,897 - database_manager - INFO - Debates XML erfolgreich geparst: 22 Debatten, 539 Reden, 60085 Wörter
2025-09-20 19:55:52,898 - database_manager - INFO - Verarbeite Datei 1440/2945: debates2018-07-03c.xml
2025-09-20 19:55:52,898 - database_manager - INFO - Parse debates XML-Datei: debates2018-07-03c.xml
2025-09-20 19:55:52,900 - database_manager - INFO - Debates XML erfolgreich geparst: 0 Debatten, 0 Reden, 0 Wörter
2025-09-20 19:55:52,900 - database_manager - INFO - Verarbeite Datei 1441/2945: debates2020-09-17a.xml
2025-09-20 19:55:52,900 - database_manager - INFO - Parse debates XML-Datei: debates2020-09-17a.xml
2025-09-20 19:55:52,901 - database_manager - INFO - Debates XML erfolgreich geparst: 0 Debatten, 0 Reden, 0 Wörter
2025-09-20 19:55:52,901 - database_manager - INFO - Verarbeite Datei 1442/2945: debates2013-01-08a.xml
2025-09-20 19:55:52,901 - database_manager - INFO - Parse debates XML-Datei: debates2013-01-08a.xml
2025-09-20 19:55:52,902 - database_manager - INFO - Debates XML erfolgreich geparst: 0 Debatten, 0 Reden, 0 Wörter
2025-09-20 19:55:52,902 - database_manager - INFO - Verarbeite Datei 1443/2945: debates2016-10-12b.xml
2025-09-20 19:55:52,902 - database_manager - INFO - Parse debates XML-Datei: debates2016-10-12b.xml
2025-09-20 19:55:52,924 - database_manager - INFO - Debates XML erfolgreich geparst: 11 Debatten, 553 Reden, 64334 Wörter
2025-09-20 19:55:52,924 - database_manager - INFO - Verarbeite Datei 1444/2945: debates2020-07-09a.xml
2025-09-20 19:55:52,924 - database_manager - INFO - Parse debates XML-Datei: debates2020-07-09a.xml
2025-09-20 19:55:52,925 - database_manager - INFO - Debates XML erfolgreich geparst: 0 Debatten, 0 Reden, 0 Wörter
2025-09-20 19:55:52,925 - database_manager - INFO - Verarbeite Datei 1445/2945: debates2013-11-08a.xml
2025-09-20 19:55:52,925 - database_manager - INFO - Parse debates XML-Datei: debates2013-11-08a.xml
2025-09-20 19:55:52,938 - database_manager - INFO - Debates XML erfolgreich geparst: 6 Debatten, 372 Reden, 34849 Wörter
2025-09-20 19:55:52,938 - database_manager - INFO - Verarbeite Datei 1446/2945: debates2013-10-29b.xml
2025-09-20 19:55:52,938 - database_manager - INFO - Parse debates XML-Datei: debates2013-10-29b.xml
2025-09-20 19:55:52,957 - database_manager - INFO - Debates XML erfolgreich geparst: 43 Debatten, 406 Reden, 70384 Wörter
2025-09-20 19:55:52,957 - database_manager - INFO - Verarbeite Datei 1447/2945: debates2015-11-10a.xml
2025-09-20 19:55:52,957 - database_manager - INFO - Parse debates XML-Datei: debates2015-11-10a.xml
2025-09-20 19:55:52,979 - database_manager - INFO - Debates XML erfolgreich geparst: 28 Debatten, 679 Reden, 62197 Wörter
2025-09-20 19:55:52,979 - database_manager - INFO - Verarbeite Datei 1448/2945: debates2017-04-19a.xml
2025-09-20 19:55:52,979 - database_manager - INFO - Parse debates XML-Datei: debates2017-04-19a.xml
2025-09-20 19:55:52,992 - database_manager - INFO - Debates XML erfolgreich geparst: 12 Debatten, 405 Reden, 41701 Wörter
2025-09-20 19:55:52,992 - database_manager - INFO - Verarbeite Datei 1449/2945: debates2018-11-06b.xml
2025-09-20 19:55:52,992 - database_manager - INFO - Parse debates XML-Datei: debates2018-11-06b.xml
2025-09-20 19:55:53,005 - database_manager - INFO - Debates XML erfolgreich geparst: 19 Debatten, 405 Reden, 54365 Wörter
2025-09-20 19:55:53,006 - database_manager - INFO - Verarbeite Datei 1450/2945: debates2021-06-17c.xml
2025-09-20 19:55:53,006 - database_manager - INFO - Parse debates XML-Datei: debates2021-06-17c.xml
2025-09-20 19:55:53,023 - database_manager - INFO - Debates XML erfolgreich geparst: 25 Debatten, 368 Reden, 66231 Wörter
2025-09-20 19:55:53,023 - database_manager - INFO - Verarbeite Datei 1451/2945: debates2021-02-23a.xml
2025-09-20 19:55:53,023 - database_manager - INFO - Parse debates XML-Datei: debates2021-02-23a.xml
2025-09-20 19:55:53,024 - database_manager - INFO - Debates XML erfolgreich geparst: 0 Debatten, 0 Reden, 0 Wörter
2025-09-20 19:55:53,024 - database_manager - INFO - Verarbeite Datei 1452/2945: debates2021-03-02b.xml
2025-09-20 19:55:53,024 - database_manager - INFO - Parse debates XML-Datei: debates2021-03-02b.xml
2025-09-20 19:55:53,025 - database_manager - INFO - Debates XML erfolgreich geparst: 0 Debatten, 0 Reden, 0 Wörter
2025-09-20 19:55:53,025 - database_manager - INFO - Verarbeite Datei 1453/2945: debates2016-02-23a.xml
2025-09-20 19:55:53,025 - database_manager - INFO - Parse debates XML-Datei: debates2016-02-23a.xml
2025-09-20 19:55:53,026 - database_manager - INFO - Debates XML erfolgreich geparst: 0 Debatten, 0 Reden, 0 Wörter
2025-09-20 19:55:53,026 - database_manager - INFO - Verarbeite Datei 1454/2945: debates2016-03-02b.xml
2025-09-20 19:55:53,026 - database_manager - INFO - Parse debates XML-Datei: debates2016-03-02b.xml
2025-09-20 19:55:53,044 - database_manager - INFO - Debates XML erfolgreich geparst: 31 Debatten, 418 Reden, 65198 Wörter
2025-09-20 19:55:53,045 - database_manager - INFO - Verarbeite Datei 1455/2945: debates2019-05-01b.xml
2025-09-20 19:55:53,045 - database_manager - INFO - Parse debates XML-Datei: debates2019-05-01b.xml
2025-09-20 19:55:53,046 - database_manager - INFO - Debates XML erfolgreich geparst: 0 Debatten, 0 Reden, 0 Wörter
2025-09-20 19:55:53,046 - database_manager - INFO - Verarbeite Datei 1456/2945: debates2013-11-04b.xml
2025-09-20 19:55:53,046 - database_manager - INFO - Parse debates XML-Datei: debates2013-11-04b.xml
2025-09-20 19:55:53,059 - database_manager - INFO - Debates XML erfolgreich geparst: 31 Debatten, 422 Reden, 43604 Wörter
2025-09-20 19:55:53,059 - database_manager - INFO - Verarbeite Datei 1457/2945: debates2013-10-25a.xml
2025-09-20 19:55:53,059 - database_manager - INFO - Parse debates XML-Datei: debates2013-10-25a.xml
2025-09-20 19:55:53,069 - database_manager - INFO - Debates XML erfolgreich geparst: 2 Debatten, 155 Reden, 39775 Wörter
2025-09-20 19:55:53,069 - database_manager - INFO - Verarbeite Datei 1458/2945: debates2013-12-18a.xml
2025-09-20 19:55:53,070 - database_manager - INFO - Parse debates XML-Datei: debates2013-12-18a.xml
2025-09-20 19:55:53,071 - database_manager - INFO - Debates XML erfolgreich geparst: 0 Debatten, 0 Reden, 0 Wörter
2025-09-20 19:55:53,071 - database_manager - INFO - Verarbeite Datei 1459/2945: debates2020-06-24a.xml
2025-09-20 19:55:53,071 - database_manager - INFO - Parse debates XML-Datei: debates2020-06-24a.xml
2025-09-20 19:55:53,072 - database_manager - INFO - Debates XML erfolgreich geparst: 0 Debatten, 0 Reden, 0 Wörter
2025-09-20 19:55:53,072 - database_manager - INFO - Verarbeite Datei 1460/2945: debates2017-01-20a.xml
2025-09-20 19:55:53,072 - database_manager - INFO - Parse debates XML-Datei: debates2017-01-20a.xml
2025-09-20 19:55:53,074 - database_manager - INFO - Debates XML erfolgreich geparst: 2 Debatten, 19 Reden, 4584 Wörter
2025-09-20 19:55:53,074 - database_manager - INFO - Verarbeite Datei 1461/2945: debates2012-03-26a.xml
2025-09-20 19:55:53,074 - database_manager - INFO - Parse debates XML-Datei: debates2012-03-26a.xml
2025-09-20 19:55:53,076 - database_manager - INFO - Debates XML erfolgreich geparst: 0 Debatten, 0 Reden, 0 Wörter
2025-09-20 19:55:53,076 - database_manager - INFO - Verarbeite Datei 1462/2945: debates2012-02-07b.xml
2025-09-20 19:55:53,076 - database_manager - INFO - Parse debates XML-Datei: debates2012-02-07b.xml
2025-09-20 19:55:53,093 - database_manager - INFO - Debates XML erfolgreich geparst: 27 Debatten, 537 Reden, 63660 Wörter
2025-09-20 19:55:53,094 - database_manager - INFO - Verarbeite Datei 1463/2945: debates2017-11-20a.xml
2025-09-20 19:55:53,094 - database_manager - INFO - Parse debates XML-Datei: debates2017-11-20a.xml
2025-09-20 19:55:53,095 - database_manager - INFO - Debates XML erfolgreich geparst: 0 Debatten, 0 Reden, 0 Wörter
2025-09-20 19:55:53,095 - database_manager - INFO - Verarbeite Datei 1464/2945: debates2018-07-23a.xml
2025-09-20 19:55:53,095 - database_manager - INFO - Parse debates XML-Datei: debates2018-07-23a.xml
2025-09-20 19:55:53,114 - database_manager - INFO - Debates XML erfolgreich geparst: 24 Debatten, 617 Reden, 68905 Wörter
2025-09-20 19:55:53,114 - database_manager - INFO - Verarbeite Datei 1465/2945: debates2021-05-27a.xml
2025-09-20 19:55:53,114 - database_manager - INFO - Parse debates XML-Datei: debates2021-05-27a.xml
2025-09-20 19:55:53,115 - database_manager - INFO - Debates XML erfolgreich geparst: 0 Debatten, 0 Reden, 0 Wörter
2025-09-20 19:55:53,115 - database_manager - INFO - Verarbeite Datei 1466/2945: debates2013-01-28c.xml
2025-09-20 19:55:53,115 - database_manager - INFO - Parse debates XML-Datei: debates2013-01-28c.xml
2025-09-20 19:55:53,129 - database_manager - INFO - Debates XML erfolgreich geparst: 23 Debatten, 494 Reden, 47662 Wörter
2025-09-20 19:55:53,130 - database_manager - INFO - Verarbeite Datei 1467/2945: debates2020-10-01b.xml
2025-09-20 19:55:53,130 - database_manager - INFO - Parse debates XML-Datei: debates2020-10-01b.xml
2025-09-20 19:55:53,131 - database_manager - INFO - Debates XML erfolgreich geparst: 0 Debatten, 0 Reden, 0 Wörter
2025-09-20 19:55:53,131 - database_manager - INFO - Verarbeite Datei 1468/2945: debates2016-01-13c.xml
2025-09-20 19:55:53,131 - database_manager - INFO - Parse debates XML-Datei: debates2016-01-13c.xml
2025-09-20 19:55:53,149 - database_manager - INFO - Debates XML erfolgreich geparst: 9 Debatten, 386 Reden, 59326 Wörter
2025-09-20 19:55:53,149 - database_manager - INFO - Verarbeite Datei 1469/2945: debates2019-02-05b.xml
2025-09-20 19:55:53,149 - database_manager - INFO - Parse debates XML-Datei: debates2019-02-05b.xml
2025-09-20 19:55:53,150 - database_manager - INFO - Debates XML erfolgreich geparst: 0 Debatten, 0 Reden, 0 Wörter
2025-09-20 19:55:53,150 - database_manager - INFO - Verarbeite Datei 1470/2945: debates2014-02-13a.xml
2025-09-20 19:55:53,150 - database_manager - INFO - Parse debates XML-Datei: debates2014-02-13a.xml
2025-09-20 19:55:53,165 - database_manager - INFO - Debates XML erfolgreich geparst: 22 Debatten, 360 Reden, 59023 Wörter
2025-09-20 19:55:53,166 - database_manager - INFO - Verarbeite Datei 1471/2945: debates2019-07-10c.xml
2025-09-20 19:55:53,166 - database_manager - INFO - Parse debates XML-Datei: debates2019-07-10c.xml
2025-09-20 19:55:53,181 - database_manager - INFO - Debates XML erfolgreich geparst: 11 Debatten, 412 Reden, 61280 Wörter
2025-09-20 19:55:53,182 - database_manager - INFO - Verarbeite Datei 1472/2945: debates2020-01-20a.xml
2025-09-20 19:55:53,182 - database_manager - INFO - Parse debates XML-Datei: debates2020-01-20a.xml
2025-09-20 19:55:53,182 - database_manager - INFO - Debates XML erfolgreich geparst: 0 Debatten, 0 Reden, 0 Wörter
2025-09-20 19:55:53,182 - database_manager - INFO - Verarbeite Datei 1473/2945: debates2021-09-08b.xml
2025-09-20 19:55:53,182 - database_manager - INFO - Parse debates XML-Datei: debates2021-09-08b.xml
2025-09-20 19:55:53,201 - database_manager - INFO - Debates XML erfolgreich geparst: 12 Debatten, 474 Reden, 67776 Wörter
2025-09-20 19:55:53,202 - database_manager - INFO - Verarbeite Datei 1474/2945: debates2012-01-17b.xml
2025-09-20 19:55:53,202 - database_manager - INFO - Parse debates XML-Datei: debates2012-01-17b.xml
2025-09-20 19:55:53,218 - database_manager - INFO - Debates XML erfolgreich geparst: 19 Debatten, 360 Reden, 64674 Wörter
2025-09-20 19:55:53,218 - database_manager - INFO - Verarbeite Datei 1475/2945: debates2015-11-30c.xml
2025-09-20 19:55:53,218 - database_manager - INFO - Parse debates XML-Datei: debates2015-11-30c.xml
2025-09-20 19:55:53,230 - database_manager - INFO - Debates XML erfolgreich geparst: 7 Debatten, 230 Reden, 50916 Wörter
2025-09-20 19:55:53,230 - database_manager - INFO - Verarbeite Datei 1476/2945: debates2015-06-18b.xml
2025-09-20 19:55:53,230 - database_manager - INFO - Parse debates XML-Datei: debates2015-06-18b.xml
2025-09-20 19:55:53,252 - database_manager - INFO - Debates XML erfolgreich geparst: 26 Debatten, 708 Reden, 62140 Wörter
2025-09-20 19:55:53,252 - database_manager - INFO - Verarbeite Datei 1477/2945: debates2012-05-22d.xml
2025-09-20 19:55:53,252 - database_manager - INFO - Parse debates XML-Datei: debates2012-05-22d.xml
2025-09-20 19:55:53,269 - database_manager - INFO - Debates XML erfolgreich geparst: 36 Debatten, 454 Reden, 60395 Wörter
2025-09-20 19:55:53,270 - database_manager - INFO - Verarbeite Datei 1478/2945: debates2014-11-03a.xml
2025-09-20 19:55:53,270 - database_manager - INFO - Parse debates XML-Datei: debates2014-11-03a.xml
2025-09-20 19:55:53,285 - database_manager - INFO - Debates XML erfolgreich geparst: 30 Debatten, 541 Reden, 52030 Wörter
2025-09-20 19:55:53,285 - database_manager - INFO - Verarbeite Datei 1479/2945: debates2020-12-30a.xml
2025-09-20 19:55:53,285 - database_manager - INFO - Parse debates XML-Datei: debates2020-12-30a.xml
2025-09-20 19:55:53,287 - database_manager - INFO - Debates XML erfolgreich geparst: 0 Debatten, 0 Reden, 0 Wörter
2025-09-20 19:55:53,287 - database_manager - INFO - Verarbeite Datei 1480/2945: debates2020-06-04c.xml
2025-09-20 19:55:53,287 - database_manager - INFO - Parse debates XML-Datei: debates2020-06-04c.xml
2025-09-20 19:55:53,303 - database_manager - INFO - Debates XML erfolgreich geparst: 15 Debatten, 466 Reden, 56558 Wörter
2025-09-20 19:55:53,303 - database_manager - INFO - Verarbeite Datei 1481/2945: debates2019-03-28b.xml
2025-09-20 19:55:53,303 - database_manager - INFO - Parse debates XML-Datei: debates2019-03-28b.xml
2025-09-20 19:55:53,325 - database_manager - INFO - Debates XML erfolgreich geparst: 23 Debatten, 752 Reden, 73104 Wörter
2025-09-20 19:55:53,325 - database_manager - INFO - Verarbeite Datei 1482/2945: debates2019-01-15b.xml
2025-09-20 19:55:53,325 - database_manager - INFO - Parse debates XML-Datei: debates2019-01-15b.xml
2025-09-20 19:55:53,345 - database_manager - INFO - Debates XML erfolgreich geparst: 21 Debatten, 528 Reden, 68372 Wörter
2025-09-20 19:55:53,346 - database_manager - INFO - Verarbeite Datei 1483/2945: debates2020-03-11b.xml
2025-09-20 19:55:53,346 - database_manager - INFO - Parse debates XML-Datei: debates2020-03-11b.xml
2025-09-20 19:55:53,365 - database_manager - INFO - Debates XML erfolgreich geparst: 13 Debatten, 387 Reden, 77615 Wörter
2025-09-20 19:55:53,365 - database_manager - INFO - Verarbeite Datei 1484/2945: debates2015-10-12a.xml
2025-09-20 19:55:53,365 - database_manager - INFO - Parse debates XML-Datei: debates2015-10-12a.xml
2025-09-20 19:55:53,366 - database_manager - INFO - Debates XML erfolgreich geparst: 0 Debatten, 0 Reden, 0 Wörter
2025-09-20 19:55:53,366 - database_manager - INFO - Verarbeite Datei 1485/2945: debates2012-09-03a.xml
2025-09-20 19:55:53,366 - database_manager - INFO - Parse debates XML-Datei: debates2012-09-03a.xml
2025-09-20 19:55:53,382 - database_manager - INFO - Debates XML erfolgreich geparst: 21 Debatten, 501 Reden, 61130 Wörter
2025-09-20 19:55:53,382 - database_manager - INFO - Verarbeite Datei 1486/2945: debates2018-01-25a.xml
2025-09-20 19:55:53,382 - database_manager - INFO - Parse debates XML-Datei: debates2018-01-25a.xml
2025-09-20 19:55:53,384 - database_manager - INFO - Debates XML erfolgreich geparst: 0 Debatten, 0 Reden, 0 Wörter
2025-09-20 19:55:53,384 - database_manager - INFO - Verarbeite Datei 1487/2945: debates2014-10-21c.xml
2025-09-20 19:55:53,384 - database_manager - INFO - Parse debates XML-Datei: debates2014-10-21c.xml
2025-09-20 19:55:53,404 - database_manager - INFO - Debates XML erfolgreich geparst: 26 Debatten, 593 Reden, 62460 Wörter
2025-09-20 19:55:53,405 - database_manager - INFO - Verarbeite Datei 1488/2945: debates2016-03-21a.xml
2025-09-20 19:55:53,405 - database_manager - INFO - Parse debates XML-Datei: debates2016-03-21a.xml
2025-09-20 19:55:53,431 - database_manager - INFO - Debates XML erfolgreich geparst: 16 Debatten, 626 Reden, 69977 Wörter
2025-09-20 19:55:53,431 - database_manager - INFO - Verarbeite Datei 1489/2945: debates2019-01-16c.xml
2025-09-20 19:55:53,431 - database_manager - INFO - Parse debates XML-Datei: debates2019-01-16c.xml
2025-09-20 19:55:53,432 - database_manager - INFO - Debates XML erfolgreich geparst: 0 Debatten, 0 Reden, 0 Wörter
2025-09-20 19:55:53,433 - database_manager - INFO - Verarbeite Datei 1490/2945: debates2013-11-27a.xml
2025-09-20 19:55:53,433 - database_manager - INFO - Parse debates XML-Datei: debates2013-11-27a.xml
2025-09-20 19:55:53,457 - database_manager - INFO - Debates XML erfolgreich geparst: 14 Debatten, 646 Reden, 64679 Wörter
2025-09-20 19:55:53,457 - database_manager - INFO - Verarbeite Datei 1491/2945: debates2019-04-03b.xml
2025-09-20 19:55:53,457 - database_manager - INFO - Parse debates XML-Datei: debates2019-04-03b.xml
2025-09-20 19:55:53,486 - database_manager - INFO - Debates XML erfolgreich geparst: 19 Debatten, 799 Reden, 80146 Wörter
2025-09-20 19:55:53,486 - database_manager - INFO - Verarbeite Datei 1492/2945: debates2019-05-22a.xml
2025-09-20 19:55:53,486 - database_manager - INFO - Parse debates XML-Datei: debates2019-05-22a.xml
2025-09-20 19:55:53,487 - database_manager - INFO - Debates XML erfolgreich geparst: 0 Debatten, 0 Reden, 0 Wörter
2025-09-20 19:55:53,487 - database_manager - INFO - Verarbeite Datei 1493/2945: debates2018-11-29b.xml
2025-09-20 19:55:53,487 - database_manager - INFO - Parse debates XML-Datei: debates2018-11-29b.xml
2025-09-20 19:55:53,488 - database_manager - INFO - Debates XML erfolgreich geparst: 0 Debatten, 0 Reden, 0 Wörter
2025-09-20 19:55:53,488 - database_manager - INFO - Verarbeite Datei 1494/2945: debates2021-09-06d.xml
2025-09-20 19:55:53,488 - database_manager - INFO - Parse debates XML-Datei: debates2021-09-06d.xml
2025-09-20 19:55:53,506 - database_manager - INFO - Debates XML erfolgreich geparst: 21 Debatten, 563 Reden, 61257 Wörter
2025-09-20 19:55:53,507 - database_manager - INFO - Verarbeite Datei 1495/2945: debates2015-03-02a.xml
2025-09-20 19:55:53,507 - database_manager - INFO - Parse debates XML-Datei: debates2015-03-02a.xml
2025-09-20 19:55:53,507 - database_manager - INFO - Debates XML erfolgreich geparst: 0 Debatten, 0 Reden, 0 Wörter
2025-09-20 19:55:53,508 - database_manager - INFO - Verarbeite Datei 1496/2945: debates2015-02-23b.xml
2025-09-20 19:55:53,508 - database_manager - INFO - Parse debates XML-Datei: debates2015-02-23b.xml
2025-09-20 19:55:53,509 - database_manager - INFO - Debates XML erfolgreich geparst: 0 Debatten, 0 Reden, 0 Wörter
2025-09-20 19:55:53,509 - database_manager - INFO - Verarbeite Datei 1497/2945: debates2018-01-29b.xml
2025-09-20 19:55:53,509 - database_manager - INFO - Parse debates XML-Datei: debates2018-01-29b.xml
2025-09-20 19:55:53,510 - database_manager - INFO - Debates XML erfolgreich geparst: 0 Debatten, 0 Reden, 0 Wörter
2025-09-20 19:55:53,510 - database_manager - INFO - Verarbeite Datei 1498/2945: debates2020-01-22d.xml
2025-09-20 19:55:53,510 - database_manager - INFO - Parse debates XML-Datei: debates2020-01-22d.xml
2025-09-20 19:55:53,522 - database_manager - INFO - Debates XML erfolgreich geparst: 18 Debatten, 370 Reden, 40792 Wörter
2025-09-20 19:55:53,523 - database_manager - INFO - Verarbeite Datei 1499/2945: debates2016-10-31a.xml
2025-09-20 19:55:53,523 - database_manager - INFO - Parse debates XML-Datei: debates2016-10-31a.xml
2025-09-20 19:55:53,524 - database_manager - INFO - Debates XML erfolgreich geparst: 0 Debatten, 0 Reden, 0 Wörter
2025-09-20 19:55:53,524 - database_manager - INFO - Verarbeite Datei 1500/2945: debates2014-06-24b.xml
2025-09-20 19:55:53,524 - database_manager - INFO - Parse debates XML-Datei: debates2014-06-24b.xml
2025-09-20 19:55:53,539 - database_manager - INFO - Debates XML erfolgreich geparst: 27 Debatten, 468 Reden, 56477 Wörter
2025-09-20 19:55:53,540 - database_manager - INFO - Verarbeite Datei 1501/2945: debates2012-02-28b.xml
2025-09-20 19:55:53,540 - database_manager - INFO - Parse debates XML-Datei: debates2012-02-28b.xml
2025-09-20 19:55:53,556 - database_manager - INFO - Debates XML erfolgreich geparst: 44 Debatten, 442 Reden, 62250 Wörter
2025-09-20 19:55:53,556 - database_manager - INFO - Verarbeite Datei 1502/2945: debates2018-09-12a.xml
2025-09-20 19:55:53,556 - database_manager - INFO - Parse debates XML-Datei: debates2018-09-12a.xml
2025-09-20 19:55:53,569 - database_manager - INFO - Debates XML erfolgreich geparst: 15 Debatten, 380 Reden, 49582 Wörter
2025-09-20 19:55:53,569 - database_manager - INFO - Verarbeite Datei 1503/2945: debates2012-10-15b.xml
2025-09-20 19:55:53,569 - database_manager - INFO - Parse debates XML-Datei: debates2012-10-15b.xml
2025-09-20 19:55:53,571 - database_manager - INFO - Debates XML erfolgreich geparst: 0 Debatten, 0 Reden, 0 Wörter
2025-09-20 19:55:53,571 - database_manager - INFO - Verarbeite Datei 1504/2945: debates2015-05-27b.xml
2025-09-20 19:55:53,571 - database_manager - INFO - Parse debates XML-Datei: debates2015-05-27b.xml
2025-09-20 19:55:53,587 - database_manager - INFO - Debates XML erfolgreich geparst: 4 Debatten, 260 Reden, 63631 Wörter
2025-09-20 19:55:53,587 - database_manager - INFO - Verarbeite Datei 1505/2945: debates2017-12-13b.xml
2025-09-20 19:55:53,587 - database_manager - INFO - Parse debates XML-Datei: debates2017-12-13b.xml
2025-09-20 19:55:53,617 - database_manager - INFO - Debates XML erfolgreich geparst: 21 Debatten, 684 Reden, 85880 Wörter
2025-09-20 19:55:53,617 - database_manager - INFO - Verarbeite Datei 1506/2945: debates2016-03-01c.xml
2025-09-20 19:55:53,617 - database_manager - INFO - Parse debates XML-Datei: debates2016-03-01c.xml
2025-09-20 19:55:53,631 - database_manager - INFO - Debates XML erfolgreich geparst: 2 Debatten, 254 Reden, 47425 Wörter
2025-09-20 19:55:53,631 - database_manager - INFO - Verarbeite Datei 1507/2945: debates2013-01-07c.xml
2025-09-20 19:55:53,631 - database_manager - INFO - Parse debates XML-Datei: debates2013-01-07c.xml
2025-09-20 19:55:53,647 - database_manager - INFO - Debates XML erfolgreich geparst: 22 Debatten, 410 Reden, 63282 Wörter
2025-09-20 19:55:53,648 - database_manager - INFO - Verarbeite Datei 1508/2945: debates2019-10-17b.xml
2025-09-20 19:55:53,648 - database_manager - INFO - Parse debates XML-Datei: debates2019-10-17b.xml
2025-09-20 19:55:53,649 - database_manager - INFO - Debates XML erfolgreich geparst: 0 Debatten, 0 Reden, 0 Wörter
2025-09-20 19:55:53,649 - database_manager - INFO - Verarbeite Datei 1509/2945: debates2014-11-20b.xml
2025-09-20 19:55:53,649 - database_manager - INFO - Parse debates XML-Datei: debates2014-11-20b.xml
2025-09-20 19:55:53,667 - database_manager - INFO - Debates XML erfolgreich geparst: 19 Debatten, 543 Reden, 62611 Wörter
2025-09-20 19:55:53,668 - database_manager - INFO - Verarbeite Datei 1510/2945: debates2016-06-14b.xml
2025-09-20 19:55:53,668 - database_manager - INFO - Parse debates XML-Datei: debates2016-06-14b.xml
2025-09-20 19:55:53,685 - database_manager - INFO - Debates XML erfolgreich geparst: 20 Debatten, 444 Reden, 61084 Wörter
2025-09-20 19:55:53,685 - database_manager - INFO - Verarbeite Datei 1511/2945: debates2020-02-13b.xml
2025-09-20 19:55:53,685 - database_manager - INFO - Parse debates XML-Datei: debates2020-02-13b.xml
2025-09-20 19:55:53,686 - database_manager - INFO - Debates XML erfolgreich geparst: 0 Debatten, 0 Reden, 0 Wörter
2025-09-20 19:55:53,686 - database_manager - INFO - Verarbeite Datei 1512/2945: debates2013-09-10a.xml
2025-09-20 19:55:53,686 - database_manager - INFO - Parse debates XML-Datei: debates2013-09-10a.xml
2025-09-20 19:55:53,687 - database_manager - INFO - Debates XML erfolgreich geparst: 0 Debatten, 0 Reden, 0 Wörter
2025-09-20 19:55:53,687 - database_manager - INFO - Verarbeite Datei 1513/2945: debates2020-07-06c.xml
2025-09-20 19:55:53,687 - database_manager - INFO - Parse debates XML-Datei: debates2020-07-06c.xml
2025-09-20 19:55:53,689 - database_manager - INFO - Debates XML erfolgreich geparst: 0 Debatten, 0 Reden, 0 Wörter
2025-09-20 19:55:53,689 - database_manager - INFO - Verarbeite Datei 1514/2945: debates2012-03-05b.xml
2025-09-20 19:55:53,689 - database_manager - INFO - Parse debates XML-Datei: debates2012-03-05b.xml
2025-09-20 19:55:53,708 - database_manager - INFO - Debates XML erfolgreich geparst: 19 Debatten, 563 Reden, 65919 Wörter
2025-09-20 19:55:53,708 - database_manager - INFO - Verarbeite Datei 1515/2945: debates2015-09-08a.xml
2025-09-20 19:55:53,708 - database_manager - INFO - Parse debates XML-Datei: debates2015-09-08a.xml
2025-09-20 19:55:53,709 - database_manager - INFO - Debates XML erfolgreich geparst: 0 Debatten, 0 Reden, 0 Wörter
2025-09-20 19:55:53,709 - database_manager - INFO - Verarbeite Datei 1516/2945: debates2012-10-19a.xml
2025-09-20 19:55:53,709 - database_manager - INFO - Parse debates XML-Datei: debates2012-10-19a.xml
2025-09-20 19:55:53,710 - database_manager - INFO - Debates XML erfolgreich geparst: 0 Debatten, 0 Reden, 0 Wörter
2025-09-20 19:55:53,710 - database_manager - INFO - Verarbeite Datei 1517/2945: debates2015-07-16a.xml
2025-09-20 19:55:53,710 - database_manager - INFO - Parse debates XML-Datei: debates2015-07-16a.xml
2025-09-20 19:55:53,711 - database_manager - INFO - Debates XML erfolgreich geparst: 0 Debatten, 0 Reden, 0 Wörter
2025-09-20 19:55:53,711 - database_manager - INFO - Verarbeite Datei 1518/2945: debates2018-06-21a.xml
2025-09-20 19:55:53,711 - database_manager - INFO - Parse debates XML-Datei: debates2018-06-21a.xml
2025-09-20 19:55:53,712 - database_manager - INFO - Debates XML erfolgreich geparst: 0 Debatten, 0 Reden, 0 Wörter
2025-09-20 19:55:53,712 - database_manager - INFO - Verarbeite Datei 1519/2945: debates2015-12-02d.xml
2025-09-20 19:55:53,712 - database_manager - INFO - Parse debates XML-Datei: debates2015-12-02d.xml
2025-09-20 19:55:53,741 - database_manager - INFO - Debates XML erfolgreich geparst: 2 Debatten, 491 Reden, 89684 Wörter
2025-09-20 19:55:53,742 - database_manager - INFO - Verarbeite Datei 1520/2945: debates2020-11-03b.xml
2025-09-20 19:55:53,742 - database_manager - INFO - Parse debates XML-Datei: debates2020-11-03b.xml
2025-09-20 19:55:53,742 - database_manager - INFO - Debates XML erfolgreich geparst: 0 Debatten, 0 Reden, 0 Wörter
2025-09-20 19:55:53,743 - database_manager - INFO - Verarbeite Datei 1521/2945: debates2020-10-22a.xml
2025-09-20 19:55:53,743 - database_manager - INFO - Parse debates XML-Datei: debates2020-10-22a.xml
2025-09-20 19:55:53,743 - database_manager - INFO - Debates XML erfolgreich geparst: 0 Debatten, 0 Reden, 0 Wörter
2025-09-20 19:55:53,743 - database_manager - INFO - Verarbeite Datei 1522/2945: debates2016-05-04b.xml
2025-09-20 19:55:53,743 - database_manager - INFO - Parse debates XML-Datei: debates2016-05-04b.xml
2025-09-20 19:55:53,759 - database_manager - INFO - Debates XML erfolgreich geparst: 16 Debatten, 406 Reden, 63268 Wörter
2025-09-20 19:55:53,759 - database_manager - INFO - Verarbeite Datei 1523/2945: debates2016-04-25a.xml
2025-09-20 19:55:53,759 - database_manager - INFO - Parse debates XML-Datei: debates2016-04-25a.xml
2025-09-20 19:55:53,760 - database_manager - INFO - Debates XML erfolgreich geparst: 0 Debatten, 0 Reden, 0 Wörter
2025-09-20 19:55:53,760 - database_manager - INFO - Verarbeite Datei 1524/2945: debates2016-10-11c.xml
2025-09-20 19:55:53,760 - database_manager - INFO - Parse debates XML-Datei: debates2016-10-11c.xml
2025-09-20 19:55:53,761 - database_manager - INFO - Debates XML erfolgreich geparst: 0 Debatten, 0 Reden, 0 Wörter
2025-09-20 19:55:53,761 - database_manager - INFO - Verarbeite Datei 1525/2945: debates2019-06-12c.xml
2025-09-20 19:55:53,761 - database_manager - INFO - Parse debates XML-Datei: debates2019-06-12c.xml
2025-09-20 19:55:53,762 - database_manager - INFO - Debates XML erfolgreich geparst: 0 Debatten, 0 Reden, 0 Wörter
2025-09-20 19:55:53,762 - database_manager - INFO - Verarbeite Datei 1526/2945: debates2019-02-26a.xml
2025-09-20 19:55:53,762 - database_manager - INFO - Parse debates XML-Datei: debates2019-02-26a.xml
2025-09-20 19:55:53,763 - database_manager - INFO - Debates XML erfolgreich geparst: 0 Debatten, 0 Reden, 0 Wörter
2025-09-20 19:55:53,763 - database_manager - INFO - Verarbeite Datei 1527/2945: debates2019-03-07b.xml
2025-09-20 19:55:53,763 - database_manager - INFO - Parse debates XML-Datei: debates2019-03-07b.xml
2025-09-20 19:55:53,779 - database_manager - INFO - Debates XML erfolgreich geparst: 19 Debatten, 432 Reden, 63817 Wörter
2025-09-20 19:55:53,779 - database_manager - INFO - Verarbeite Datei 1528/2945: debates2014-03-11a.xml
2025-09-20 19:55:53,779 - database_manager - INFO - Parse debates XML-Datei: debates2014-03-11a.xml
2025-09-20 19:55:53,797 - database_manager - INFO - Debates XML erfolgreich geparst: 32 Debatten, 501 Reden, 58500 Wörter
2025-09-20 19:55:53,798 - database_manager - INFO - Verarbeite Datei 1529/2945: debates2017-12-05b.xml
2025-09-20 19:55:53,798 - database_manager - INFO - Parse debates XML-Datei: debates2017-12-05b.xml
2025-09-20 19:55:53,799 - database_manager - INFO - Debates XML erfolgreich geparst: 0 Debatten, 0 Reden, 0 Wörter
2025-09-20 19:55:53,799 - database_manager - INFO - Verarbeite Datei 1530/2945: debates2017-07-11g.xml
2025-09-20 19:55:53,799 - database_manager - INFO - Parse debates XML-Datei: debates2017-07-11g.xml
2025-09-20 19:55:53,816 - database_manager - INFO - Debates XML erfolgreich geparst: 21 Debatten, 543 Reden, 58111 Wörter
2025-09-20 19:55:53,817 - database_manager - INFO - Verarbeite Datei 1531/2945: debates2012-11-22a.xml
2025-09-20 19:55:53,817 - database_manager - INFO - Parse debates XML-Datei: debates2012-11-22a.xml
2025-09-20 19:55:53,818 - database_manager - INFO - Debates XML erfolgreich geparst: 0 Debatten, 0 Reden, 0 Wörter
2025-09-20 19:55:53,818 - database_manager - INFO - Verarbeite Datei 1532/2945: debates2012-05-16c.xml
2025-09-20 19:55:53,818 - database_manager - INFO - Parse debates XML-Datei: debates2012-05-16c.xml
2025-09-20 19:55:53,820 - database_manager - INFO - Debates XML erfolgreich geparst: 0 Debatten, 0 Reden, 0 Wörter
2025-09-20 19:55:53,820 - database_manager - INFO - Verarbeite Datei 1533/2945: debates2018-09-04a.xml
2025-09-20 19:55:53,820 - database_manager - INFO - Parse debates XML-Datei: debates2018-09-04a.xml
2025-09-20 19:55:53,838 - database_manager - INFO - Debates XML erfolgreich geparst: 18 Debatten, 573 Reden, 67153 Wörter
2025-09-20 19:55:53,839 - database_manager - INFO - Verarbeite Datei 1534/2945: debates2017-03-24a.xml
2025-09-20 19:55:53,839 - database_manager - INFO - Parse debates XML-Datei: debates2017-03-24a.xml
2025-09-20 19:55:53,847 - database_manager - INFO - Debates XML erfolgreich geparst: 5 Debatten, 199 Reden, 35535 Wörter
2025-09-20 19:55:53,847 - database_manager - INFO - Verarbeite Datei 1535/2945: debates2017-01-19a.xml
2025-09-20 19:55:53,847 - database_manager - INFO - Parse debates XML-Datei: debates2017-01-19a.xml
2025-09-20 19:55:53,848 - database_manager - INFO - Debates XML erfolgreich geparst: 0 Debatten, 0 Reden, 0 Wörter
2025-09-20 19:55:53,848 - database_manager - INFO - Verarbeite Datei 1536/2945: debates2021-07-22e.xml
2025-09-20 19:55:53,848 - database_manager - INFO - Parse debates XML-Datei: debates2021-07-22e.xml
2025-09-20 19:55:53,849 - database_manager - INFO - Debates XML erfolgreich geparst: 0 Debatten, 0 Reden, 0 Wörter
2025-09-20 19:55:53,849 - database_manager - INFO - Verarbeite Datei 1537/2945: debates2013-09-06a.xml
2025-09-20 19:55:53,849 - database_manager - INFO - Parse debates XML-Datei: debates2013-09-06a.xml
2025-09-20 19:55:53,858 - database_manager - INFO - Debates XML erfolgreich geparst: 2 Debatten, 199 Reden, 35141 Wörter
2025-09-20 19:55:53,859 - database_manager - INFO - Verarbeite Datei 1538/2945: debates2020-03-24a.xml
2025-09-20 19:55:53,859 - database_manager - INFO - Parse debates XML-Datei: debates2020-03-24a.xml
2025-09-20 19:55:53,859 - database_manager - INFO - Debates XML erfolgreich geparst: 0 Debatten, 0 Reden, 0 Wörter
2025-09-20 19:55:53,859 - database_manager - INFO - Verarbeite Datei 1539/2945: debates2020-02-05b.xml
2025-09-20 19:55:53,859 - database_manager - INFO - Parse debates XML-Datei: debates2020-02-05b.xml
2025-09-20 19:55:53,876 - database_manager - INFO - Debates XML erfolgreich geparst: 32 Debatten, 405 Reden, 63231 Wörter
2025-09-20 19:55:53,877 - database_manager - INFO - Verarbeite Datei 1540/2945: debates2014-10-17a.xml
2025-09-20 19:55:53,877 - database_manager - INFO - Parse debates XML-Datei: debates2014-10-17a.xml
2025-09-20 19:55:53,890 - database_manager - INFO - Debates XML erfolgreich geparst: 3 Debatten, 333 Reden, 42567 Wörter
2025-09-20 19:55:53,890 - database_manager - INFO - Verarbeite Datei 1541/2945: debates2013-07-18a.xml
2025-09-20 19:55:53,890 - database_manager - INFO - Parse debates XML-Datei: debates2013-07-18a.xml
2025-09-20 19:55:53,906 - database_manager - INFO - Debates XML erfolgreich geparst: 22 Debatten, 432 Reden, 58966 Wörter
2025-09-20 19:55:53,906 - database_manager - INFO - Verarbeite Datei 1542/2945: debates2020-11-19a.xml
2025-09-20 19:55:53,906 - database_manager - INFO - Parse debates XML-Datei: debates2020-11-19a.xml
2025-09-20 19:55:53,907 - database_manager - INFO - Debates XML erfolgreich geparst: 0 Debatten, 0 Reden, 0 Wörter
2025-09-20 19:55:53,907 - database_manager - INFO - Verarbeite Datei 1543/2945: debates2020-06-30d.xml
2025-09-20 19:55:53,907 - database_manager - INFO - Parse debates XML-Datei: debates2020-06-30d.xml
2025-09-20 19:55:53,927 - database_manager - INFO - Debates XML erfolgreich geparst: 32 Debatten, 453 Reden, 69691 Wörter
2025-09-20 19:55:53,927 - database_manager - INFO - Verarbeite Datei 1544/2945: debates2017-11-15b.xml
2025-09-20 19:55:53,927 - database_manager - INFO - Parse debates XML-Datei: debates2017-11-15b.xml
2025-09-20 19:55:53,928 - database_manager - INFO - Debates XML erfolgreich geparst: 0 Debatten, 0 Reden, 0 Wörter
2025-09-20 19:55:53,928 - database_manager - INFO - Verarbeite Datei 1545/2945: debates2021-05-12b.xml
2025-09-20 19:55:53,928 - database_manager - INFO - Parse debates XML-Datei: debates2021-05-12b.xml
2025-09-20 19:55:53,944 - database_manager - INFO - Debates XML erfolgreich geparst: 16 Debatten, 330 Reden, 68164 Wörter
2025-09-20 19:55:53,944 - database_manager - INFO - Verarbeite Datei 1546/2945: debates2017-03-28b.xml
2025-09-20 19:55:53,944 - database_manager - INFO - Parse debates XML-Datei: debates2017-03-28b.xml
2025-09-20 19:55:53,945 - database_manager - INFO - Debates XML erfolgreich geparst: 0 Debatten, 0 Reden, 0 Wörter
2025-09-20 19:55:53,945 - database_manager - INFO - Verarbeite Datei 1547/2945: debates2017-02-09a.xml
2025-09-20 19:55:53,945 - database_manager - INFO - Parse debates XML-Datei: debates2017-02-09a.xml
2025-09-20 19:55:53,962 - database_manager - INFO - Debates XML erfolgreich geparst: 21 Debatten, 590 Reden, 65335 Wörter
2025-09-20 19:55:53,963 - database_manager - INFO - Verarbeite Datei 1548/2945: debates2014-02-26b.xml
2025-09-20 19:55:53,963 - database_manager - INFO - Parse debates XML-Datei: debates2014-02-26b.xml
2025-09-20 19:55:53,982 - database_manager - INFO - Debates XML erfolgreich geparst: 17 Debatten, 519 Reden, 65820 Wörter
2025-09-20 19:55:53,983 - database_manager - INFO - Verarbeite Datei 1549/2945: debates2016-01-27d.xml
2025-09-20 19:55:53,983 - database_manager - INFO - Parse debates XML-Datei: debates2016-01-27d.xml
2025-09-20 19:55:54,000 - database_manager - INFO - Debates XML erfolgreich geparst: 16 Debatten, 447 Reden, 64311 Wörter
2025-09-20 19:55:54,001 - database_manager - INFO - Verarbeite Datei 1550/2945: debates2019-03-11b.xml
2025-09-20 19:55:54,001 - database_manager - INFO - Parse debates XML-Datei: debates2019-03-11b.xml
2025-09-20 19:55:54,002 - database_manager - INFO - Debates XML erfolgreich geparst: 0 Debatten, 0 Reden, 0 Wörter
2025-09-20 19:55:54,003 - database_manager - INFO - Verarbeite Datei 1551/2945: debates2020-01-15b.xml
2025-09-20 19:55:54,003 - database_manager - INFO - Parse debates XML-Datei: debates2020-01-15b.xml
2025-09-20 19:55:54,003 - database_manager - INFO - Debates XML erfolgreich geparst: 0 Debatten, 0 Reden, 0 Wörter
2025-09-20 19:55:54,003 - database_manager - INFO - Verarbeite Datei 1552/2945: debates2019-06-04c.xml
2025-09-20 19:55:54,003 - database_manager - INFO - Parse debates XML-Datei: debates2019-06-04c.xml
2025-09-20 19:55:54,018 - database_manager - INFO - Debates XML erfolgreich geparst: 21 Debatten, 428 Reden, 57495 Wörter
2025-09-20 19:55:54,019 - database_manager - INFO - Verarbeite Datei 1553/2945: debates2020-12-09a.xml
2025-09-20 19:55:54,019 - database_manager - INFO - Parse debates XML-Datei: debates2020-12-09a.xml
2025-09-20 19:55:54,020 - database_manager - INFO - Debates XML erfolgreich geparst: 0 Debatten, 0 Reden, 0 Wörter
2025-09-20 19:55:54,020 - database_manager - INFO - Verarbeite Datei 1554/2945: debates2015-03-18b.xml
2025-09-20 19:55:54,020 - database_manager - INFO - Parse debates XML-Datei: debates2015-03-18b.xml
2025-09-20 19:55:54,035 - database_manager - INFO - Debates XML erfolgreich geparst: 31 Debatten, 330 Reden, 66757 Wörter
2025-09-20 19:55:54,036 - database_manager - INFO - Verarbeite Datei 1555/2945: debates2021-12-16b.xml
2025-09-20 19:55:54,036 - database_manager - INFO - Parse debates XML-Datei: debates2021-12-16b.xml
2025-09-20 19:55:54,036 - database_manager - INFO - Debates XML erfolgreich geparst: 0 Debatten, 0 Reden, 0 Wörter
2025-09-20 19:55:54,036 - database_manager - INFO - Verarbeite Datei 1556/2945: debates2012-04-17b.xml
2025-09-20 19:55:54,036 - database_manager - INFO - Parse debates XML-Datei: debates2012-04-17b.xml
2025-09-20 19:55:54,038 - database_manager - INFO - Debates XML erfolgreich geparst: 0 Debatten, 0 Reden, 0 Wörter
2025-09-20 19:55:54,038 - database_manager - INFO - Verarbeite Datei 1557/2945: debates2020-03-04c.xml
2025-09-20 19:55:54,038 - database_manager - INFO - Parse debates XML-Datei: debates2020-03-04c.xml
2025-09-20 19:55:54,039 - database_manager - INFO - Debates XML erfolgreich geparst: 0 Debatten, 0 Reden, 0 Wörter
2025-09-20 19:55:54,039 - database_manager - INFO - Verarbeite Datei 1558/2945: debates2019-07-09a.xml
2025-09-20 19:55:54,039 - database_manager - INFO - Parse debates XML-Datei: debates2019-07-09a.xml
2025-09-20 19:55:54,040 - database_manager - INFO - Debates XML erfolgreich geparst: 0 Debatten, 0 Reden, 0 Wörter
2025-09-20 19:55:54,040 - database_manager - INFO - Verarbeite Datei 1559/2945: debates2014-04-03a.xml
2025-09-20 19:55:54,040 - database_manager - INFO - Parse debates XML-Datei: debates2014-04-03a.xml
2025-09-20 19:55:54,056 - database_manager - INFO - Debates XML erfolgreich geparst: 16 Debatten, 483 Reden, 64305 Wörter
2025-09-20 19:55:54,056 - database_manager - INFO - Verarbeite Datei 1560/2945: debates2020-10-19d.xml
2025-09-20 19:55:54,057 - database_manager - INFO - Parse debates XML-Datei: debates2020-10-19d.xml
2025-09-20 19:55:54,074 - database_manager - INFO - Debates XML erfolgreich geparst: 25 Debatten, 450 Reden, 59534 Wörter
2025-09-20 19:55:54,075 - database_manager - INFO - Verarbeite Datei 1561/2945: debates2020-06-11b.xml
2025-09-20 19:55:54,075 - database_manager - INFO - Parse debates XML-Datei: debates2020-06-11b.xml
2025-09-20 19:55:54,090 - database_manager - INFO - Debates XML erfolgreich geparst: 21 Debatten, 462 Reden, 57607 Wörter
2025-09-20 19:55:54,090 - database_manager - INFO - Verarbeite Datei 1562/2945: debates2013-10-10b.xml
2025-09-20 19:55:54,090 - database_manager - INFO - Parse debates XML-Datei: debates2013-10-10b.xml
2025-09-20 19:55:54,107 - database_manager - INFO - Debates XML erfolgreich geparst: 17 Debatten, 430 Reden, 62998 Wörter
2025-09-20 19:55:54,107 - database_manager - INFO - Verarbeite Datei 1563/2945: debates2013-01-31a.xml
2025-09-20 19:55:54,107 - database_manager - INFO - Parse debates XML-Datei: debates2013-01-31a.xml
2025-09-20 19:55:54,122 - database_manager - INFO - Debates XML erfolgreich geparst: 20 Debatten, 457 Reden, 54403 Wörter
2025-09-20 19:55:54,122 - database_manager - INFO - Verarbeite Datei 1564/2945: debates2018-02-23a.xml
2025-09-20 19:55:54,122 - database_manager - INFO - Parse debates XML-Datei: debates2018-02-23a.xml
2025-09-20 19:55:54,133 - database_manager - INFO - Debates XML erfolgreich geparst: 1 Debatten, 258 Reden, 38984 Wörter
2025-09-20 19:55:54,134 - database_manager - INFO - Verarbeite Datei 1565/2945: debates2021-04-13c.xml
2025-09-20 19:55:54,134 - database_manager - INFO - Parse debates XML-Datei: debates2021-04-13c.xml
2025-09-20 19:55:54,135 - database_manager - INFO - Debates XML erfolgreich geparst: 0 Debatten, 0 Reden, 0 Wörter
2025-09-20 19:55:54,135 - database_manager - INFO - Verarbeite Datei 1566/2945: debates2015-01-29a.xml
2025-09-20 19:55:54,135 - database_manager - INFO - Parse debates XML-Datei: debates2015-01-29a.xml
2025-09-20 19:55:54,564 - database_manager - INFO - Debates XML erfolgreich geparst: 25 Debatten, 441 Reden, 62667 Wörter
2025-09-20 19:55:54,564 - database_manager - INFO - Verarbeite Datei 1567/2945: debates2015-07-20c.xml
2025-09-20 19:55:54,564 - database_manager - INFO - Parse debates XML-Datei: debates2015-07-20c.xml
2025-09-20 19:55:54,588 - database_manager - INFO - Debates XML erfolgreich geparst: 23 Debatten, 626 Reden, 69229 Wörter
2025-09-20 19:55:54,589 - database_manager - INFO - Verarbeite Datei 1568/2945: debates2021-01-06b.xml
2025-09-20 19:55:54,589 - database_manager - INFO - Parse debates XML-Datei: debates2021-01-06b.xml
2025-09-20 19:55:54,590 - database_manager - INFO - Debates XML erfolgreich geparst: 0 Debatten, 0 Reden, 0 Wörter
2025-09-20 19:55:54,590 - database_manager - INFO - Verarbeite Datei 1569/2945: debates2017-04-20a.xml
2025-09-20 19:55:54,590 - database_manager - INFO - Parse debates XML-Datei: debates2017-04-20a.xml
2025-09-20 19:55:54,603 - database_manager - INFO - Debates XML erfolgreich geparst: 23 Debatten, 390 Reden, 51349 Wörter
2025-09-20 19:55:54,603 - database_manager - INFO - Verarbeite Datei 1570/2945: debates2012-06-26a.xml
2025-09-20 19:55:54,603 - database_manager - INFO - Parse debates XML-Datei: debates2012-06-26a.xml
2025-09-20 19:55:54,604 - database_manager - INFO - Debates XML erfolgreich geparst: 0 Debatten, 0 Reden, 0 Wörter
2025-09-20 19:55:54,604 - database_manager - INFO - Verarbeite Datei 1571/2945: debates2021-10-27a.xml
2025-09-20 19:55:54,604 - database_manager - INFO - Parse debates XML-Datei: debates2021-10-27a.xml
2025-09-20 19:55:54,619 - database_manager - INFO - Debates XML erfolgreich geparst: 10 Debatten, 243 Reden, 64317 Wörter
2025-09-20 19:55:54,619 - database_manager - INFO - Verarbeite Datei 1572/2945: debates2016-10-27a.xml
2025-09-20 19:55:54,619 - database_manager - INFO - Parse debates XML-Datei: debates2016-10-27a.xml
2025-09-20 19:55:54,633 - database_manager - INFO - Debates XML erfolgreich geparst: 23 Debatten, 385 Reden, 64521 Wörter
2025-09-20 19:55:54,634 - database_manager - INFO - Verarbeite Datei 1573/2945: debates2019-06-24a.xml
2025-09-20 19:55:54,634 - database_manager - INFO - Parse debates XML-Datei: debates2019-06-24a.xml
2025-09-20 19:55:54,635 - database_manager - INFO - Debates XML erfolgreich geparst: 3 Debatten, 5 Reden, 1935 Wörter
2025-09-20 19:55:54,635 - database_manager - INFO - Verarbeite Datei 1574/2945: debates2020-10-14c.xml
2025-09-20 19:55:54,635 - database_manager - INFO - Parse debates XML-Datei: debates2020-10-14c.xml
2025-09-20 19:55:54,652 - database_manager - INFO - Debates XML erfolgreich geparst: 15 Debatten, 392 Reden, 66595 Wörter
2025-09-20 19:55:54,653 - database_manager - INFO - Verarbeite Datei 1575/2945: debates2016-01-06b.xml
2025-09-20 19:55:54,653 - database_manager - INFO - Parse debates XML-Datei: debates2016-01-06b.xml
2025-09-20 19:55:54,672 - database_manager - INFO - Debates XML erfolgreich geparst: 12 Debatten, 456 Reden, 65365 Wörter
2025-09-20 19:55:54,673 - database_manager - INFO - Verarbeite Datei 1576/2945: debates2016-04-13c.xml
2025-09-20 19:55:54,673 - database_manager - INFO - Parse debates XML-Datei: debates2016-04-13c.xml
2025-09-20 19:55:54,693 - database_manager - INFO - Debates XML erfolgreich geparst: 14 Debatten, 508 Reden, 65660 Wörter
2025-09-20 19:55:54,694 - database_manager - INFO - Verarbeite Datei 1577/2945: debates2020-10-14b.xml
2025-09-20 19:55:54,694 - database_manager - INFO - Parse debates XML-Datei: debates2020-10-14b.xml
2025-09-20 19:55:54,695 - database_manager - INFO - Debates XML erfolgreich geparst: 0 Debatten, 0 Reden, 0 Wörter
2025-09-20 19:55:54,695 - database_manager - INFO - Verarbeite Datei 1578/2945: debates2013-05-09a.xml
2025-09-20 19:55:54,695 - database_manager - INFO - Parse debates XML-Datei: debates2013-05-09a.xml
2025-09-20 19:55:54,710 - database_manager - INFO - Debates XML erfolgreich geparst: 14 Debatten, 314 Reden, 65955 Wörter
2025-09-20 19:55:54,711 - database_manager - INFO - Verarbeite Datei 1579/2945: debates2016-04-13b.xml
2025-09-20 19:55:54,711 - database_manager - INFO - Parse debates XML-Datei: debates2016-04-13b.xml
2025-09-20 19:55:54,712 - database_manager - INFO - Debates XML erfolgreich geparst: 0 Debatten, 0 Reden, 0 Wörter
2025-09-20 19:55:54,712 - database_manager - INFO - Verarbeite Datei 1580/2945: debates2014-02-06a.xml
2025-09-20 19:55:54,712 - database_manager - INFO - Parse debates XML-Datei: debates2014-02-06a.xml
2025-09-20 19:55:54,713 - database_manager - INFO - Debates XML erfolgreich geparst: 0 Debatten, 0 Reden, 0 Wörter
2025-09-20 19:55:54,713 - database_manager - INFO - Verarbeite Datei 1581/2945: debates2017-03-08a.xml
2025-09-20 19:55:54,713 - database_manager - INFO - Parse debates XML-Datei: debates2017-03-08a.xml
2025-09-20 19:55:54,714 - database_manager - INFO - Debates XML erfolgreich geparst: 0 Debatten, 0 Reden, 0 Wörter
2025-09-20 19:55:54,714 - database_manager - INFO - Verarbeite Datei 1582/2945: debates2021-04-13b.xml
2025-09-20 19:55:54,714 - database_manager - INFO - Parse debates XML-Datei: debates2021-04-13b.xml
2025-09-20 19:55:54,715 - database_manager - INFO - Debates XML erfolgreich geparst: 0 Debatten, 0 Reden, 0 Wörter
2025-09-20 19:55:54,715 - database_manager - INFO - Verarbeite Datei 1583/2945: debates2021-01-06c.xml
2025-09-20 19:55:54,715 - database_manager - INFO - Parse debates XML-Datei: debates2021-01-06c.xml
2025-09-20 19:55:54,718 - database_manager - INFO - Debates XML erfolgreich geparst: 0 Debatten, 0 Reden, 0 Wörter
2025-09-20 19:55:54,718 - database_manager - INFO - Verarbeite Datei 1584/2945: debates2015-06-01a.xml
2025-09-20 19:55:54,718 - database_manager - INFO - Parse debates XML-Datei: debates2015-06-01a.xml
2025-09-20 19:55:54,718 - database_manager - INFO - Debates XML erfolgreich geparst: 0 Debatten, 0 Reden, 0 Wörter
2025-09-20 19:55:54,718 - database_manager - INFO - Verarbeite Datei 1585/2945: debates2015-07-20b.xml
2025-09-20 19:55:54,718 - database_manager - INFO - Parse debates XML-Datei: debates2015-07-20b.xml
2025-09-20 19:55:54,720 - database_manager - INFO - Debates XML erfolgreich geparst: 0 Debatten, 0 Reden, 0 Wörter
2025-09-20 19:55:54,720 - database_manager - INFO - Verarbeite Datei 1586/2945: debates2013-04-24a.xml
2025-09-20 19:55:54,720 - database_manager - INFO - Parse debates XML-Datei: debates2013-04-24a.xml
2025-09-20 19:55:54,735 - database_manager - INFO - Debates XML erfolgreich geparst: 21 Debatten, 441 Reden, 54719 Wörter
2025-09-20 19:55:54,735 - database_manager - INFO - Verarbeite Datei 1587/2945: debates2013-06-19a.xml
2025-09-20 19:55:54,735 - database_manager - INFO - Parse debates XML-Datei: debates2013-06-19a.xml
2025-09-20 19:55:54,756 - database_manager - INFO - Debates XML erfolgreich geparst: 35 Debatten, 567 Reden, 71022 Wörter
2025-09-20 19:55:54,757 - database_manager - INFO - Verarbeite Datei 1588/2945: debates2019-10-21a.xml
2025-09-20 19:55:54,757 - database_manager - INFO - Parse debates XML-Datei: debates2019-10-21a.xml
2025-09-20 19:55:54,758 - database_manager - INFO - Debates XML erfolgreich geparst: 0 Debatten, 0 Reden, 0 Wörter
2025-09-20 19:55:54,758 - database_manager - INFO - Verarbeite Datei 1589/2945: debates2020-03-04b.xml
2025-09-20 19:55:54,758 - database_manager - INFO - Parse debates XML-Datei: debates2020-03-04b.xml
2025-09-20 19:55:54,758 - database_manager - INFO - Debates XML erfolgreich geparst: 0 Debatten, 0 Reden, 0 Wörter
2025-09-20 19:55:54,758 - database_manager - INFO - Verarbeite Datei 1590/2945: debates2020-02-25a.xml
2025-09-20 19:55:54,758 - database_manager - INFO - Parse debates XML-Datei: debates2020-02-25a.xml
2025-09-20 19:55:54,759 - database_manager - INFO - Debates XML erfolgreich geparst: 0 Debatten, 0 Reden, 0 Wörter
2025-09-20 19:55:54,759 - database_manager - INFO - Verarbeite Datei 1591/2945: debates2014-01-16a.xml
2025-09-20 19:55:54,759 - database_manager - INFO - Parse debates XML-Datei: debates2014-01-16a.xml
2025-09-20 19:55:54,760 - database_manager - INFO - Debates XML erfolgreich geparst: 0 Debatten, 0 Reden, 0 Wörter
2025-09-20 19:55:54,760 - database_manager - INFO - Verarbeite Datei 1592/2945: debates2012-04-17c.xml
2025-09-20 19:55:54,760 - database_manager - INFO - Parse debates XML-Datei: debates2012-04-17c.xml
2025-09-20 19:55:54,778 - database_manager - INFO - Debates XML erfolgreich geparst: 27 Debatten, 459 Reden, 56188 Wörter
2025-09-20 19:55:54,778 - database_manager - INFO - Verarbeite Datei 1593/2945: debates2021-12-16c.xml
2025-09-20 19:55:54,778 - database_manager - INFO - Parse debates XML-Datei: debates2021-12-16c.xml
2025-09-20 19:55:54,793 - database_manager - INFO - Debates XML erfolgreich geparst: 18 Debatten, 388 Reden, 56492 Wörter
2025-09-20 19:55:54,793 - database_manager - INFO - Verarbeite Datei 1594/2945: debates2012-10-23a.xml
2025-09-20 19:55:54,793 - database_manager - INFO - Parse debates XML-Datei: debates2012-10-23a.xml
2025-09-20 19:55:54,794 - database_manager - INFO - Debates XML erfolgreich geparst: 0 Debatten, 0 Reden, 0 Wörter
2025-09-20 19:55:54,794 - database_manager - INFO - Verarbeite Datei 1595/2945: debates2021-06-22a.xml
2025-09-20 19:55:54,794 - database_manager - INFO - Parse debates XML-Datei: debates2021-06-22a.xml
2025-09-20 19:55:54,795 - database_manager - INFO - Debates XML erfolgreich geparst: 0 Debatten, 0 Reden, 0 Wörter
2025-09-20 19:55:54,795 - database_manager - INFO - Verarbeite Datei 1596/2945: debates2017-10-18a.xml
2025-09-20 19:55:54,795 - database_manager - INFO - Parse debates XML-Datei: debates2017-10-18a.xml
2025-09-20 19:55:54,816 - database_manager - INFO - Debates XML erfolgreich geparst: 12 Debatten, 563 Reden, 68679 Wörter
2025-09-20 19:55:54,816 - database_manager - INFO - Verarbeite Datei 1597/2945: debates2018-04-26a.xml
2025-09-20 19:55:54,816 - database_manager - INFO - Parse debates XML-Datei: debates2018-04-26a.xml
2025-09-20 19:55:54,817 - database_manager - INFO - Debates XML erfolgreich geparst: 0 Debatten, 0 Reden, 0 Wörter
2025-09-20 19:55:54,818 - database_manager - INFO - Verarbeite Datei 1598/2945: debates2013-03-20a.xml
2025-09-20 19:55:54,818 - database_manager - INFO - Parse debates XML-Datei: debates2013-03-20a.xml
2025-09-20 19:55:54,818 - database_manager - INFO - Debates XML erfolgreich geparst: 0 Debatten, 0 Reden, 0 Wörter
2025-09-20 19:55:54,818 - database_manager - INFO - Verarbeite Datei 1599/2945: debates2020-09-02a.xml
2025-09-20 19:55:54,818 - database_manager - INFO - Parse debates XML-Datei: debates2020-09-02a.xml
2025-09-20 19:55:54,819 - database_manager - INFO - Debates XML erfolgreich geparst: 0 Debatten, 0 Reden, 0 Wörter
2025-09-20 19:55:54,819 - database_manager - INFO - Verarbeite Datei 1600/2945: debates2016-01-26a.xml
2025-09-20 19:55:54,819 - database_manager - INFO - Parse debates XML-Datei: debates2016-01-26a.xml
2025-09-20 19:55:54,820 - database_manager - INFO - Debates XML erfolgreich geparst: 3 Debatten, 0 Reden, 0 Wörter
2025-09-20 19:55:54,820 - database_manager - INFO - Verarbeite Datei 1601/2945: debates2019-03-11c.xml
2025-09-20 19:55:54,820 - database_manager - INFO - Parse debates XML-Datei: debates2019-03-11c.xml
2025-09-20 19:55:54,842 - database_manager - INFO - Debates XML erfolgreich geparst: 25 Debatten, 679 Reden, 76532 Wörter
2025-09-20 19:55:54,842 - database_manager - INFO - Verarbeite Datei 1602/2945: debates2014-06-12a.xml
2025-09-20 19:55:54,842 - database_manager - INFO - Parse debates XML-Datei: debates2014-06-12a.xml
2025-09-20 19:55:54,844 - database_manager - INFO - Debates XML erfolgreich geparst: 0 Debatten, 0 Reden, 0 Wörter
2025-09-20 19:55:54,844 - database_manager - INFO - Verarbeite Datei 1603/2945: debates2019-07-25a.xml
2025-09-20 19:55:54,844 - database_manager - INFO - Parse debates XML-Datei: debates2019-07-25a.xml
2025-09-20 19:55:54,865 - database_manager - INFO - Debates XML erfolgreich geparst: 23 Debatten, 649 Reden, 63182 Wörter
2025-09-20 19:55:54,865 - database_manager - INFO - Verarbeite Datei 1604/2945: debates2019-06-04b.xml
2025-09-20 19:55:54,865 - database_manager - INFO - Parse debates XML-Datei: debates2019-06-04b.xml
2025-09-20 19:55:54,866 - database_manager - INFO - Debates XML erfolgreich geparst: 0 Debatten, 0 Reden, 0 Wörter
2025-09-20 19:55:54,866 - database_manager - INFO - Verarbeite Datei 1605/2945: debates2020-01-15c.xml
2025-09-20 19:55:54,866 - database_manager - INFO - Parse debates XML-Datei: debates2020-01-15c.xml
2025-09-20 19:55:54,867 - database_manager - INFO - Debates XML erfolgreich geparst: 0 Debatten, 0 Reden, 0 Wörter
2025-09-20 19:55:54,867 - database_manager - INFO - Verarbeite Datei 1606/2945: debates2021-11-26a.xml
2025-09-20 19:55:54,867 - database_manager - INFO - Parse debates XML-Datei: debates2021-11-26a.xml
2025-09-20 19:55:54,868 - database_manager - INFO - Debates XML erfolgreich geparst: 0 Debatten, 0 Reden, 0 Wörter
2025-09-20 19:55:54,868 - database_manager - INFO - Verarbeite Datei 1607/2945: debates2017-03-28c.xml
2025-09-20 19:55:54,868 - database_manager - INFO - Parse debates XML-Datei: debates2017-03-28c.xml
2025-09-20 19:55:54,882 - database_manager - INFO - Debates XML erfolgreich geparst: 26 Debatten, 436 Reden, 58351 Wörter
2025-09-20 19:55:54,882 - database_manager - INFO - Verarbeite Datei 1608/2945: debates2015-10-28a.xml
2025-09-20 19:55:54,882 - database_manager - INFO - Parse debates XML-Datei: debates2015-10-28a.xml
2025-09-20 19:55:54,902 - database_manager - INFO - Debates XML erfolgreich geparst: 18 Debatten, 626 Reden, 65255 Wörter
2025-09-20 19:55:54,903 - database_manager - INFO - Verarbeite Datei 1609/2945: debates2015-12-15a.xml
2025-09-20 19:55:54,903 - database_manager - INFO - Parse debates XML-Datei: debates2015-12-15a.xml
2025-09-20 19:55:54,904 - database_manager - INFO - Debates XML erfolgreich geparst: 0 Debatten, 0 Reden, 0 Wörter
2025-09-20 19:55:54,904 - database_manager - INFO - Verarbeite Datei 1610/2945: debates2018-12-03b.xml
2025-09-20 19:55:54,904 - database_manager - INFO - Parse debates XML-Datei: debates2018-12-03b.xml
2025-09-20 19:55:54,923 - database_manager - INFO - Debates XML erfolgreich geparst: 19 Debatten, 674 Reden, 60919 Wörter
2025-09-20 19:55:54,923 - database_manager - INFO - Verarbeite Datei 1611/2945: debates2017-11-15c.xml
2025-09-20 19:55:54,923 - database_manager - INFO - Parse debates XML-Datei: debates2017-11-15c.xml
2025-09-20 19:55:54,948 - database_manager - INFO - Debates XML erfolgreich geparst: 16 Debatten, 672 Reden, 88270 Wörter
2025-09-20 19:55:54,949 - database_manager - INFO - Verarbeite Datei 1612/2945: debates2021-01-26a.xml
2025-09-20 19:55:54,949 - database_manager - INFO - Parse debates XML-Datei: debates2021-01-26a.xml
2025-09-20 19:55:54,950 - database_manager - INFO - Debates XML erfolgreich geparst: 0 Debatten, 0 Reden, 0 Wörter
2025-09-20 19:55:54,950 - database_manager - INFO - Verarbeite Datei 1613/2945: debates2018-03-22a.xml
2025-09-20 19:55:54,950 - database_manager - INFO - Parse debates XML-Datei: debates2018-03-22a.xml
2025-09-20 19:55:54,964 - database_manager - INFO - Debates XML erfolgreich geparst: 23 Debatten, 449 Reden, 55881 Wörter
2025-09-20 19:55:54,964 - database_manager - INFO - Verarbeite Datei 1614/2945: debates2015-01-09b.xml
2025-09-20 19:55:54,964 - database_manager - INFO - Parse debates XML-Datei: debates2015-01-09b.xml
2025-09-20 19:55:54,973 - database_manager - INFO - Debates XML erfolgreich geparst: 10 Debatten, 137 Reden, 39185 Wörter
2025-09-20 19:55:54,973 - database_manager - INFO - Verarbeite Datei 1615/2945: debates2013-10-30a.xml
2025-09-20 19:55:54,973 - database_manager - INFO - Parse debates XML-Datei: debates2013-10-30a.xml
2025-09-20 19:55:54,974 - database_manager - INFO - Debates XML erfolgreich geparst: 0 Debatten, 0 Reden, 0 Wörter
2025-09-20 19:55:54,974 - database_manager - INFO - Verarbeite Datei 1616/2945: debates2019-05-14b.xml
2025-09-20 19:55:54,974 - database_manager - INFO - Parse debates XML-Datei: debates2019-05-14b.xml
2025-09-20 19:55:54,992 - database_manager - INFO - Debates XML erfolgreich geparst: 17 Debatten, 440 Reden, 62857 Wörter
2025-09-20 19:55:54,992 - database_manager - INFO - Verarbeite Datei 1617/2945: debates2021-07-22d.xml
2025-09-20 19:55:54,992 - database_manager - INFO - Parse debates XML-Datei: debates2021-07-22d.xml
2025-09-20 19:55:54,993 - database_manager - INFO - Debates XML erfolgreich geparst: 0 Debatten, 0 Reden, 0 Wörter
2025-09-20 19:55:54,993 - database_manager - INFO - Verarbeite Datei 1618/2945: debates2012-05-16b.xml
2025-09-20 19:55:54,993 - database_manager - INFO - Parse debates XML-Datei: debates2012-05-16b.xml
2025-09-20 19:55:54,994 - database_manager - INFO - Debates XML erfolgreich geparst: 0 Debatten, 0 Reden, 0 Wörter
2025-09-20 19:55:54,994 - database_manager - INFO - Verarbeite Datei 1619/2945: debates2018-11-13b.xml
2025-09-20 19:55:54,994 - database_manager - INFO - Parse debates XML-Datei: debates2018-11-13b.xml
2025-09-20 19:55:55,012 - database_manager - INFO - Debates XML erfolgreich geparst: 20 Debatten, 537 Reden, 64129 Wörter
2025-09-20 19:55:55,012 - database_manager - INFO - Verarbeite Datei 1620/2945: debates2015-11-05a.xml
2025-09-20 19:55:55,012 - database_manager - INFO - Parse debates XML-Datei: debates2015-11-05a.xml
2025-09-20 19:55:55,013 - database_manager - INFO - Debates XML erfolgreich geparst: 0 Debatten, 0 Reden, 0 Wörter
2025-09-20 19:55:55,013 - database_manager - INFO - Verarbeite Datei 1621/2945: debates2017-07-11f.xml
2025-09-20 19:55:55,013 - database_manager - INFO - Parse debates XML-Datei: debates2017-07-11f.xml
2025-09-20 19:55:55,016 - database_manager - INFO - Debates XML erfolgreich geparst: 0 Debatten, 0 Reden, 0 Wörter
2025-09-20 19:55:55,016 - database_manager - INFO - Verarbeite Datei 1622/2945: debates2021-03-17b.xml
2025-09-20 19:55:55,016 - database_manager - INFO - Parse debates XML-Datei: debates2021-03-17b.xml
2025-09-20 19:55:55,034 - database_manager - INFO - Debates XML erfolgreich geparst: 13 Debatten, 378 Reden, 65515 Wörter
2025-09-20 19:55:55,035 - database_manager - INFO - Verarbeite Datei 1623/2945: debates2017-12-05c.xml
2025-09-20 19:55:55,035 - database_manager - INFO - Parse debates XML-Datei: debates2017-12-05c.xml
2025-09-20 19:55:55,060 - database_manager - INFO - Debates XML erfolgreich geparst: 18 Debatten, 668 Reden, 65530 Wörter
2025-09-20 19:55:55,060 - database_manager - INFO - Verarbeite Datei 1624/2945: debates2015-01-05a.xml
2025-09-20 19:55:55,060 - database_manager - INFO - Parse debates XML-Datei: debates2015-01-05a.xml
2025-09-20 19:55:55,061 - database_manager - INFO - Debates XML erfolgreich geparst: 0 Debatten, 0 Reden, 0 Wörter
2025-09-20 19:55:55,061 - database_manager - INFO - Verarbeite Datei 1625/2945: debates2019-06-12b.xml
2025-09-20 19:55:55,061 - database_manager - INFO - Parse debates XML-Datei: debates2019-06-12b.xml
2025-09-20 19:55:55,062 - database_manager - INFO - Debates XML erfolgreich geparst: 0 Debatten, 0 Reden, 0 Wörter
2025-09-20 19:55:55,062 - database_manager - INFO - Verarbeite Datei 1626/2945: debates2014-06-04a.xml
2025-09-20 19:55:55,063 - database_manager - INFO - Parse debates XML-Datei: debates2014-06-04a.xml
2025-09-20 19:55:55,077 - database_manager - INFO - Debates XML erfolgreich geparst: 3 Debatten, 224 Reden, 57716 Wörter
2025-09-20 19:55:55,077 - database_manager - INFO - Verarbeite Datei 1627/2945: debates2016-10-11b.xml
2025-09-20 19:55:55,077 - database_manager - INFO - Parse debates XML-Datei: debates2016-10-11b.xml
2025-09-20 19:55:55,078 - database_manager - INFO - Debates XML erfolgreich geparst: 0 Debatten, 0 Reden, 0 Wörter
2025-09-20 19:55:55,078 - database_manager - INFO - Verarbeite Datei 1628/2945: debates2016-11-30a.xml
2025-09-20 19:55:55,078 - database_manager - INFO - Parse debates XML-Datei: debates2016-11-30a.xml
2025-09-20 19:55:55,079 - database_manager - INFO - Debates XML erfolgreich geparst: 0 Debatten, 0 Reden, 0 Wörter
2025-09-20 19:55:55,079 - database_manager - INFO - Verarbeite Datei 1629/2945: debates2013-12-17b.xml
2025-09-20 19:55:55,079 - database_manager - INFO - Parse debates XML-Datei: debates2013-12-17b.xml
2025-09-20 19:55:55,095 - database_manager - INFO - Debates XML erfolgreich geparst: 39 Debatten, 427 Reden, 55128 Wörter
2025-09-20 19:55:55,095 - database_manager - INFO - Verarbeite Datei 1630/2945: debates2020-11-03c.xml
2025-09-20 19:55:55,095 - database_manager - INFO - Parse debates XML-Datei: debates2020-11-03c.xml
2025-09-20 19:55:55,098 - database_manager - INFO - Debates XML erfolgreich geparst: 0 Debatten, 0 Reden, 0 Wörter
2025-09-20 19:55:55,098 - database_manager - INFO - Verarbeite Datei 1631/2945: debates2020-09-14a.xml
2025-09-20 19:55:55,098 - database_manager - INFO - Parse debates XML-Datei: debates2020-09-14a.xml
2025-09-20 19:55:55,100 - database_manager - INFO - Debates XML erfolgreich geparst: 0 Debatten, 0 Reden, 0 Wörter
2025-09-20 19:55:55,100 - database_manager - INFO - Verarbeite Datei 1632/2945: debates2015-02-03a.xml
2025-09-20 19:55:55,100 - database_manager - INFO - Parse debates XML-Datei: debates2015-02-03a.xml
2025-09-20 19:55:55,102 - database_manager - INFO - Debates XML erfolgreich geparst: 0 Debatten, 0 Reden, 0 Wörter
2025-09-20 19:55:55,102 - database_manager - INFO - Verarbeite Datei 1633/2945: debates2017-09-14a.xml
2025-09-20 19:55:55,102 - database_manager - INFO - Parse debates XML-Datei: debates2017-09-14a.xml
2025-09-20 19:55:55,103 - database_manager - INFO - Debates XML erfolgreich geparst: 0 Debatten, 0 Reden, 0 Wörter
2025-09-20 19:55:55,103 - database_manager - INFO - Verarbeite Datei 1634/2945: debates2018-01-09a.xml
2025-09-20 19:55:55,103 - database_manager - INFO - Parse debates XML-Datei: debates2018-01-09a.xml
2025-09-20 19:55:55,126 - database_manager - INFO - Debates XML erfolgreich geparst: 14 Debatten, 581 Reden, 68204 Wörter
2025-09-20 19:55:55,127 - database_manager - INFO - Verarbeite Datei 1635/2945: debates2015-12-03a.xml
2025-09-20 19:55:55,127 - database_manager - INFO - Parse debates XML-Datei: debates2015-12-03a.xml
2025-09-20 19:55:55,140 - database_manager - INFO - Debates XML erfolgreich geparst: 28 Debatten, 379 Reden, 49239 Wörter
2025-09-20 19:55:55,140 - database_manager - INFO - Verarbeite Datei 1636/2945: debates2021-11-30a.xml
2025-09-20 19:55:55,140 - database_manager - INFO - Parse debates XML-Datei: debates2021-11-30a.xml
2025-09-20 19:55:55,142 - database_manager - INFO - Debates XML erfolgreich geparst: 0 Debatten, 0 Reden, 0 Wörter
2025-09-20 19:55:55,142 - database_manager - INFO - Verarbeite Datei 1637/2945: debates2016-12-20a.xml
2025-09-20 19:55:55,143 - database_manager - INFO - Parse debates XML-Datei: debates2016-12-20a.xml
2025-09-20 19:55:55,143 - database_manager - INFO - Debates XML erfolgreich geparst: 0 Debatten, 0 Reden, 0 Wörter
2025-09-20 19:55:55,143 - database_manager - INFO - Verarbeite Datei 1638/2945: debates2014-05-14a.xml
2025-09-20 19:55:55,143 - database_manager - INFO - Parse debates XML-Datei: debates2014-05-14a.xml
2025-09-20 19:55:55,144 - database_manager - INFO - Debates XML erfolgreich geparst: 0 Debatten, 0 Reden, 0 Wörter
2025-09-20 19:55:55,144 - database_manager - INFO - Verarbeite Datei 1639/2945: debates2019-04-23a.xml
2025-09-20 19:55:55,144 - database_manager - INFO - Parse debates XML-Datei: debates2019-04-23a.xml
2025-09-20 19:55:55,167 - database_manager - INFO - Debates XML erfolgreich geparst: 18 Debatten, 625 Reden, 70085 Wörter
2025-09-20 19:55:55,167 - database_manager - INFO - Verarbeite Datei 1640/2945: debates2019-05-02b.xml
2025-09-20 19:55:55,167 - database_manager - INFO - Parse debates XML-Datei: debates2019-05-02b.xml
2025-09-20 19:55:55,179 - database_manager - INFO - Debates XML erfolgreich geparst: 16 Debatten, 357 Reden, 43792 Wörter
2025-09-20 19:55:55,179 - database_manager - INFO - Verarbeite Datei 1641/2945: debates2020-02-13c.xml
2025-09-20 19:55:55,180 - database_manager - INFO - Parse debates XML-Datei: debates2020-02-13c.xml
2025-09-20 19:55:55,180 - database_manager - INFO - Debates XML erfolgreich geparst: 0 Debatten, 0 Reden, 0 Wörter
2025-09-20 19:55:55,180 - database_manager - INFO - Verarbeite Datei 1642/2945: debates2013-11-07b.xml
2025-09-20 19:55:55,180 - database_manager - INFO - Parse debates XML-Datei: debates2013-11-07b.xml
2025-09-20 19:55:55,198 - database_manager - INFO - Debates XML erfolgreich geparst: 22 Debatten, 494 Reden, 63302 Wörter
2025-09-20 19:55:55,199 - database_manager - INFO - Verarbeite Datei 1643/2945: debates2020-07-06b.xml
2025-09-20 19:55:55,199 - database_manager - INFO - Parse debates XML-Datei: debates2020-07-06b.xml
2025-09-20 19:55:55,200 - database_manager - INFO - Debates XML erfolgreich geparst: 0 Debatten, 0 Reden, 0 Wörter
2025-09-20 19:55:55,200 - database_manager - INFO - Verarbeite Datei 1644/2945: debates2016-03-01b.xml
2025-09-20 19:55:55,200 - database_manager - INFO - Parse debates XML-Datei: debates2016-03-01b.xml
2025-09-20 19:55:55,201 - database_manager - INFO - Debates XML erfolgreich geparst: 0 Debatten, 0 Reden, 0 Wörter
2025-09-20 19:55:55,201 - database_manager - INFO - Verarbeite Datei 1645/2945: debates2019-10-17c.xml
2025-09-20 19:55:55,201 - database_manager - INFO - Parse debates XML-Datei: debates2019-10-17c.xml
2025-09-20 19:55:55,219 - database_manager - INFO - Debates XML erfolgreich geparst: 17 Debatten, 535 Reden, 63974 Wörter
2025-09-20 19:55:55,219 - database_manager - INFO - Verarbeite Datei 1646/2945: debates2013-01-07b.xml
2025-09-20 19:55:55,219 - database_manager - INFO - Parse debates XML-Datei: debates2013-01-07b.xml
2025-09-20 19:55:55,220 - database_manager - INFO - Debates XML erfolgreich geparst: 0 Debatten, 0 Reden, 0 Wörter
2025-09-20 19:55:55,220 - database_manager - INFO - Verarbeite Datei 1647/2945: debates2012-10-15c.xml
2025-09-20 19:55:55,220 - database_manager - INFO - Parse debates XML-Datei: debates2012-10-15c.xml
2025-09-20 19:55:55,238 - database_manager - INFO - Debates XML erfolgreich geparst: 24 Debatten, 630 Reden, 59951 Wörter
2025-09-20 19:55:55,238 - database_manager - INFO - Verarbeite Datei 1648/2945: debates2015-01-13a.xml
2025-09-20 19:55:55,238 - database_manager - INFO - Parse debates XML-Datei: debates2015-01-13a.xml
2025-09-20 19:55:55,239 - database_manager - INFO - Debates XML erfolgreich geparst: 0 Debatten, 0 Reden, 0 Wörter
2025-09-20 19:55:55,239 - database_manager - INFO - Verarbeite Datei 1649/2945: debates2021-03-01b.xml
2025-09-20 19:55:55,239 - database_manager - INFO - Parse debates XML-Datei: debates2021-03-01b.xml
2025-09-20 19:55:55,251 - database_manager - INFO - Debates XML erfolgreich geparst: 20 Debatten, 338 Reden, 42898 Wörter
2025-09-20 19:55:55,251 - database_manager - INFO - Verarbeite Datei 1650/2945: debates2017-06-27a.xml
2025-09-20 19:55:55,251 - database_manager - INFO - Parse debates XML-Datei: debates2017-06-27a.xml
2025-09-20 19:55:55,267 - database_manager - INFO - Debates XML erfolgreich geparst: 19 Debatten, 447 Reden, 65131 Wörter
2025-09-20 19:55:55,268 - database_manager - INFO - Verarbeite Datei 1651/2945: debates2017-07-06b.xml
2025-09-20 19:55:55,268 - database_manager - INFO - Parse debates XML-Datei: debates2017-07-06b.xml
2025-09-20 19:55:55,291 - database_manager - INFO - Debates XML erfolgreich geparst: 13 Debatten, 616 Reden, 65374 Wörter
2025-09-20 19:55:55,291 - database_manager - INFO - Verarbeite Datei 1652/2945: debates2018-12-19a.xml
2025-09-20 19:55:55,291 - database_manager - INFO - Parse debates XML-Datei: debates2018-12-19a.xml
2025-09-20 19:55:55,292 - database_manager - INFO - Debates XML erfolgreich geparst: 0 Debatten, 0 Reden, 0 Wörter
2025-09-20 19:55:55,292 - database_manager - INFO - Verarbeite Datei 1653/2945: debates2018-10-24a.xml
2025-09-20 19:55:55,292 - database_manager - INFO - Parse debates XML-Datei: debates2018-10-24a.xml
2025-09-20 19:55:55,294 - database_manager - INFO - Debates XML erfolgreich geparst: 0 Debatten, 0 Reden, 0 Wörter
2025-09-20 19:55:55,294 - database_manager - INFO - Verarbeite Datei 1654/2945: debates2019-03-27a.xml
2025-09-20 19:55:55,294 - database_manager - INFO - Parse debates XML-Datei: debates2019-03-27a.xml
2025-09-20 19:55:55,296 - database_manager - INFO - Debates XML erfolgreich geparst: 0 Debatten, 0 Reden, 0 Wörter
2025-09-20 19:55:55,296 - database_manager - INFO - Verarbeite Datei 1655/2945: debates2016-09-07a.xml
2025-09-20 19:55:55,296 - database_manager - INFO - Parse debates XML-Datei: debates2016-09-07a.xml
2025-09-20 19:55:55,297 - database_manager - INFO - Debates XML erfolgreich geparst: 0 Debatten, 0 Reden, 0 Wörter
2025-09-20 19:55:55,297 - database_manager - INFO - Verarbeite Datei 1656/2945: debates2014-02-10a.xml
2025-09-20 19:55:55,297 - database_manager - INFO - Parse debates XML-Datei: debates2014-02-10a.xml
2025-09-20 19:55:55,298 - database_manager - INFO - Debates XML erfolgreich geparst: 0 Debatten, 0 Reden, 0 Wörter
2025-09-20 19:55:55,298 - database_manager - INFO - Verarbeite Datei 1657/2945: debates2020-01-23a.xml
2025-09-20 19:55:55,298 - database_manager - INFO - Parse debates XML-Datei: debates2020-01-23a.xml
2025-09-20 19:55:55,313 - database_manager - INFO - Debates XML erfolgreich geparst: 22 Debatten, 355 Reden, 55504 Wörter
2025-09-20 19:55:55,313 - database_manager - INFO - Verarbeite Datei 1658/2945: debates2016-07-19a.xml
2025-09-20 19:55:55,313 - database_manager - INFO - Parse debates XML-Datei: debates2016-07-19a.xml
2025-09-20 19:55:55,314 - database_manager - INFO - Debates XML erfolgreich geparst: 0 Debatten, 0 Reden, 0 Wörter
2025-09-20 19:55:55,314 - database_manager - INFO - Verarbeite Datei 1659/2945: debates2016-05-24a.xml
2025-09-20 19:55:55,314 - database_manager - INFO - Parse debates XML-Datei: debates2016-05-24a.xml
2025-09-20 19:55:55,315 - database_manager - INFO - Debates XML erfolgreich geparst: 0 Debatten, 0 Reden, 0 Wörter
2025-09-20 19:55:55,315 - database_manager - INFO - Verarbeite Datei 1660/2945: debates2014-12-10a.xml
2025-09-20 19:55:55,315 - database_manager - INFO - Parse debates XML-Datei: debates2014-12-10a.xml
2025-09-20 19:55:55,329 - database_manager - INFO - Debates XML erfolgreich geparst: 18 Debatten, 449 Reden, 51374 Wörter
2025-09-20 19:55:55,329 - database_manager - INFO - Verarbeite Datei 1661/2945: debates2013-06-03b.xml
2025-09-20 19:55:55,329 - database_manager - INFO - Parse debates XML-Datei: debates2013-06-03b.xml
2025-09-20 19:55:55,350 - database_manager - INFO - Debates XML erfolgreich geparst: 62 Debatten, 470 Reden, 59894 Wörter
2025-09-20 19:55:55,350 - database_manager - INFO - Verarbeite Datei 1662/2945: debates2020-11-23a.xml
2025-09-20 19:55:55,350 - database_manager - INFO - Parse debates XML-Datei: debates2020-11-23a.xml
2025-09-20 19:55:55,351 - database_manager - INFO - Debates XML erfolgreich geparst: 0 Debatten, 0 Reden, 0 Wörter
2025-09-20 19:55:55,351 - database_manager - INFO - Verarbeite Datei 1663/2945: debates2017-11-23a.xml
2025-09-20 19:55:55,351 - database_manager - INFO - Parse debates XML-Datei: debates2017-11-23a.xml
2025-09-20 19:55:55,352 - database_manager - INFO - Debates XML erfolgreich geparst: 0 Debatten, 0 Reden, 0 Wörter
2025-09-20 19:55:55,352 - database_manager - INFO - Verarbeite Datei 1664/2945: debates2015-06-17a.xml
2025-09-20 19:55:55,352 - database_manager - INFO - Parse debates XML-Datei: debates2015-06-17a.xml
2025-09-20 19:55:55,353 - database_manager - INFO - Debates XML erfolgreich geparst: 0 Debatten, 0 Reden, 0 Wörter
2025-09-20 19:55:55,353 - database_manager - INFO - Verarbeite Datei 1665/2945: debates2018-01-29c.xml
2025-09-20 19:55:55,353 - database_manager - INFO - Parse debates XML-Datei: debates2018-01-29c.xml
2025-09-20 19:55:55,370 - database_manager - INFO - Debates XML erfolgreich geparst: 22 Debatten, 555 Reden, 59530 Wörter
2025-09-20 19:55:55,370 - database_manager - INFO - Verarbeite Datei 1666/2945: debates2021-07-19a.xml
2025-09-20 19:55:55,370 - database_manager - INFO - Parse debates XML-Datei: debates2021-07-19a.xml
2025-09-20 19:55:55,374 - database_manager - INFO - Debates XML erfolgreich geparst: 0 Debatten, 0 Reden, 0 Wörter
2025-09-20 19:55:55,374 - database_manager - INFO - Verarbeite Datei 1667/2945: debates2021-05-24a.xml
2025-09-20 19:55:55,374 - database_manager - INFO - Parse debates XML-Datei: debates2021-05-24a.xml
2025-09-20 19:55:55,379 - database_manager - INFO - Debates XML erfolgreich geparst: 0 Debatten, 0 Reden, 0 Wörter
2025-09-20 19:55:55,379 - database_manager - INFO - Verarbeite Datei 1668/2945: debates2015-02-23c.xml
2025-09-20 19:55:55,379 - database_manager - INFO - Parse debates XML-Datei: debates2015-02-23c.xml
2025-09-20 19:55:55,380 - database_manager - INFO - Debates XML erfolgreich geparst: 0 Debatten, 0 Reden, 0 Wörter
2025-09-20 19:55:55,380 - database_manager - INFO - Verarbeite Datei 1669/2945: debates2017-01-23a.xml
2025-09-20 19:55:55,380 - database_manager - INFO - Parse debates XML-Datei: debates2017-01-23a.xml
2025-09-20 19:55:55,382 - database_manager - INFO - Debates XML erfolgreich geparst: 0 Debatten, 0 Reden, 0 Wörter
2025-09-20 19:55:55,382 - database_manager - INFO - Verarbeite Datei 1670/2945: debates2018-11-29c.xml
2025-09-20 19:55:55,382 - database_manager - INFO - Parse debates XML-Datei: debates2018-11-29c.xml
2025-09-20 19:55:55,384 - database_manager - INFO - Debates XML erfolgreich geparst: 1 Debatten, 9 Reden, 7140 Wörter
2025-09-20 19:55:55,384 - database_manager - INFO - Verarbeite Datei 1671/2945: debates2012-01-18a.xml
2025-09-20 19:55:55,384 - database_manager - INFO - Parse debates XML-Datei: debates2012-01-18a.xml
2025-09-20 19:55:55,403 - database_manager - INFO - Debates XML erfolgreich geparst: 20 Debatten, 506 Reden, 54499 Wörter
2025-09-20 19:55:55,403 - database_manager - INFO - Verarbeite Datei 1672/2945: debates2021-09-07a.xml
2025-09-20 19:55:55,403 - database_manager - INFO - Parse debates XML-Datei: debates2021-09-07a.xml
2025-09-20 19:55:55,404 - database_manager - INFO - Debates XML erfolgreich geparst: 0 Debatten, 0 Reden, 0 Wörter
2025-09-20 19:55:55,405 - database_manager - INFO - Verarbeite Datei 1673/2945: debates2019-01-16b.xml
2025-09-20 19:55:55,405 - database_manager - INFO - Parse debates XML-Datei: debates2019-01-16b.xml
2025-09-20 19:55:55,405 - database_manager - INFO - Debates XML erfolgreich geparst: 0 Debatten, 0 Reden, 0 Wörter
2025-09-20 19:55:55,406 - database_manager - INFO - Verarbeite Datei 1674/2945: debates2020-03-12b.xml
2025-09-20 19:55:55,406 - database_manager - INFO - Parse debates XML-Datei: debates2020-03-12b.xml
2025-09-20 19:55:55,422 - database_manager - INFO - Debates XML erfolgreich geparst: 23 Debatten, 412 Reden, 68091 Wörter
2025-09-20 19:55:55,422 - database_manager - INFO - Verarbeite Datei 1675/2945: debates2014-10-21b.xml
2025-09-20 19:55:55,422 - database_manager - INFO - Parse debates XML-Datei: debates2014-10-21b.xml
2025-09-20 19:55:55,423 - database_manager - INFO - Debates XML erfolgreich geparst: 0 Debatten, 0 Reden, 0 Wörter
2025-09-20 19:55:55,423 - database_manager - INFO - Verarbeite Datei 1676/2945: debates2018-04-30a.xml
2025-09-20 19:55:55,423 - database_manager - INFO - Parse debates XML-Datei: debates2018-04-30a.xml
2025-09-20 19:55:55,424 - database_manager - INFO - Debates XML erfolgreich geparst: 0 Debatten, 0 Reden, 0 Wörter
2025-09-20 19:55:55,424 - database_manager - INFO - Verarbeite Datei 1677/2945: debates2021-07-15b.xml
2025-09-20 19:55:55,424 - database_manager - INFO - Parse debates XML-Datei: debates2021-07-15b.xml
2025-09-20 19:55:55,439 - database_manager - INFO - Debates XML erfolgreich geparst: 16 Debatten, 318 Reden, 63335 Wörter
2025-09-20 19:55:55,439 - database_manager - INFO - Verarbeite Datei 1678/2945: debates2012-02-08a.xml
2025-09-20 19:55:55,439 - database_manager - INFO - Parse debates XML-Datei: debates2012-02-08a.xml
2025-09-20 19:55:55,442 - database_manager - INFO - Debates XML erfolgreich geparst: 0 Debatten, 0 Reden, 0 Wörter
2025-09-20 19:55:55,442 - database_manager - INFO - Verarbeite Datei 1679/2945: debates2018-01-25b.xml
2025-09-20 19:55:55,442 - database_manager - INFO - Parse debates XML-Datei: debates2018-01-25b.xml
2025-09-20 19:55:55,459 - database_manager - INFO - Debates XML erfolgreich geparst: 20 Debatten, 513 Reden, 63199 Wörter
2025-09-20 19:55:55,459 - database_manager - INFO - Verarbeite Datei 1680/2945: debates2017-03-13d.xml
2025-09-20 19:55:55,459 - database_manager - INFO - Parse debates XML-Datei: debates2017-03-13d.xml
2025-09-20 19:55:55,460 - database_manager - INFO - Debates XML erfolgreich geparst: 0 Debatten, 0 Reden, 0 Wörter
2025-09-20 19:55:55,460 - database_manager - INFO - Verarbeite Datei 1681/2945: debates2015-10-12b.xml
2025-09-20 19:55:55,460 - database_manager - INFO - Parse debates XML-Datei: debates2015-10-12b.xml
2025-09-20 19:55:55,478 - database_manager - INFO - Debates XML erfolgreich geparst: 19 Debatten, 539 Reden, 64238 Wörter
2025-09-20 19:55:55,478 - database_manager - INFO - Verarbeite Datei 1682/2945: debates2014-07-09a.xml
2025-09-20 19:55:55,478 - database_manager - INFO - Parse debates XML-Datei: debates2014-07-09a.xml
2025-09-20 19:55:55,495 - database_manager - INFO - Debates XML erfolgreich geparst: 26 Debatten, 487 Reden, 64123 Wörter
2025-09-20 19:55:55,495 - database_manager - INFO - Verarbeite Datei 1683/2945: debates2019-04-03a.xml
2025-09-20 19:55:55,495 - database_manager - INFO - Parse debates XML-Datei: debates2019-04-03a.xml
2025-09-20 19:55:55,497 - database_manager - INFO - Debates XML erfolgreich geparst: 0 Debatten, 0 Reden, 0 Wörter
2025-09-20 19:55:55,497 - database_manager - INFO - Verarbeite Datei 1684/2945: debates2019-05-22b.xml
2025-09-20 19:55:55,497 - database_manager - INFO - Parse debates XML-Datei: debates2019-05-22b.xml
2025-09-20 19:55:55,509 - database_manager - INFO - Debates XML erfolgreich geparst: 10 Debatten, 352 Reden, 41860 Wörter
2025-09-20 19:55:55,510 - database_manager - INFO - Verarbeite Datei 1685/2945: debates2015-03-02b.xml
2025-09-20 19:55:55,510 - database_manager - INFO - Parse debates XML-Datei: debates2015-03-02b.xml
2025-09-20 19:55:55,525 - database_manager - INFO - Debates XML erfolgreich geparst: 21 Debatten, 416 Reden, 62386 Wörter
2025-09-20 19:55:55,526 - database_manager - INFO - Verarbeite Datei 1686/2945: debates2015-02-23a.xml
2025-09-20 19:55:55,526 - database_manager - INFO - Parse debates XML-Datei: debates2015-02-23a.xml
2025-09-20 19:55:55,527 - database_manager - INFO - Debates XML erfolgreich geparst: 0 Debatten, 0 Reden, 0 Wörter
2025-09-20 19:55:55,527 - database_manager - INFO - Verarbeite Datei 1687/2945: debates2021-07-19c.xml
2025-09-20 19:55:55,527 - database_manager - INFO - Parse debates XML-Datei: debates2021-07-19c.xml
2025-09-20 19:55:55,528 - database_manager - INFO - Debates XML erfolgreich geparst: 0 Debatten, 0 Reden, 0 Wörter
2025-09-20 19:55:55,528 - database_manager - INFO - Verarbeite Datei 1688/2945: debates2018-01-29a.xml
2025-09-20 19:55:55,528 - database_manager - INFO - Parse debates XML-Datei: debates2018-01-29a.xml
2025-09-20 19:55:55,529 - database_manager - INFO - Debates XML erfolgreich geparst: 0 Debatten, 0 Reden, 0 Wörter
2025-09-20 19:55:55,529 - database_manager - INFO - Verarbeite Datei 1689/2945: debates2018-03-14a.xml
2025-09-20 19:55:55,529 - database_manager - INFO - Parse debates XML-Datei: debates2018-03-14a.xml
2025-09-20 19:55:55,549 - database_manager - INFO - Debates XML erfolgreich geparst: 11 Debatten, 582 Reden, 69397 Wörter
2025-09-20 19:55:55,550 - database_manager - INFO - Verarbeite Datei 1690/2945: debates2017-11-23c.xml
2025-09-20 19:55:55,550 - database_manager - INFO - Parse debates XML-Datei: debates2017-11-23c.xml
2025-09-20 19:55:55,569 - database_manager - INFO - Debates XML erfolgreich geparst: 16 Debatten, 483 Reden, 64076 Wörter
2025-09-20 19:55:55,569 - database_manager - INFO - Verarbeite Datei 1691/2945: debates2021-09-07c.xml
2025-09-20 19:55:55,569 - database_manager - INFO - Parse debates XML-Datei: debates2021-09-07c.xml
2025-09-20 19:55:55,588 - database_manager - INFO - Debates XML erfolgreich geparst: 10 Debatten, 543 Reden, 70080 Wörter
2025-09-20 19:55:55,589 - database_manager - INFO - Verarbeite Datei 1692/2945: debates2018-11-29a.xml
2025-09-20 19:55:55,589 - database_manager - INFO - Parse debates XML-Datei: debates2018-11-29a.xml
2025-09-20 19:55:55,590 - database_manager - INFO - Debates XML erfolgreich geparst: 0 Debatten, 0 Reden, 0 Wörter
2025-09-20 19:55:55,590 - database_manager - INFO - Verarbeite Datei 1693/2945: debates2017-01-23c.xml
2025-09-20 19:55:55,590 - database_manager - INFO - Parse debates XML-Datei: debates2017-01-23c.xml
2025-09-20 19:55:55,591 - database_manager - INFO - Debates XML erfolgreich geparst: 0 Debatten, 0 Reden, 0 Wörter
2025-09-20 19:55:55,591 - database_manager - INFO - Verarbeite Datei 1694/2945: debates2012-07-11a.xml
2025-09-20 19:55:55,591 - database_manager - INFO - Parse debates XML-Datei: debates2012-07-11a.xml
2025-09-20 19:55:55,607 - database_manager - INFO - Debates XML erfolgreich geparst: 24 Debatten, 466 Reden, 54458 Wörter
2025-09-20 19:55:55,607 - database_manager - INFO - Verarbeite Datei 1695/2945: debates2016-10-31b.xml
2025-09-20 19:55:55,607 - database_manager - INFO - Parse debates XML-Datei: debates2016-10-31b.xml
2025-09-20 19:55:55,625 - database_manager - INFO - Debates XML erfolgreich geparst: 41 Debatten, 540 Reden, 61629 Wörter
2025-09-20 19:55:55,626 - database_manager - INFO - Verarbeite Datei 1696/2945: debates2014-06-24a.xml
2025-09-20 19:55:55,626 - database_manager - INFO - Parse debates XML-Datei: debates2014-06-24a.xml
2025-09-20 19:55:55,627 - database_manager - INFO - Debates XML erfolgreich geparst: 0 Debatten, 0 Reden, 0 Wörter
2025-09-20 19:55:55,627 - database_manager - INFO - Verarbeite Datei 1697/2945: debates2020-11-23c.xml
2025-09-20 19:55:55,627 - database_manager - INFO - Parse debates XML-Datei: debates2020-11-23c.xml
2025-09-20 19:55:55,628 - database_manager - INFO - Debates XML erfolgreich geparst: 0 Debatten, 0 Reden, 0 Wörter
2025-09-20 19:55:55,628 - database_manager - INFO - Verarbeite Datei 1698/2945: debates2016-07-19c.xml
2025-09-20 19:55:55,628 - database_manager - INFO - Parse debates XML-Datei: debates2016-07-19c.xml
2025-09-20 19:55:55,644 - database_manager - INFO - Debates XML erfolgreich geparst: 17 Debatten, 427 Reden, 65361 Wörter
2025-09-20 19:55:55,645 - database_manager - INFO - Verarbeite Datei 1699/2945: debates2016-05-24c.xml
2025-09-20 19:55:55,645 - database_manager - INFO - Parse debates XML-Datei: debates2016-05-24c.xml
2025-09-20 19:55:55,662 - database_manager - INFO - Debates XML erfolgreich geparst: 18 Debatten, 466 Reden, 63942 Wörter
2025-09-20 19:55:55,662 - database_manager - INFO - Verarbeite Datei 1700/2945: debates2015-05-27a.xml
2025-09-20 19:55:55,662 - database_manager - INFO - Parse debates XML-Datei: debates2015-05-27a.xml
2025-09-20 19:55:55,663 - database_manager - INFO - Debates XML erfolgreich geparst: 0 Debatten, 0 Reden, 0 Wörter
2025-09-20 19:55:55,663 - database_manager - INFO - Verarbeite Datei 1701/2945: debates2017-12-13a.xml
2025-09-20 19:55:55,663 - database_manager - INFO - Parse debates XML-Datei: debates2017-12-13a.xml
2025-09-20 19:55:55,664 - database_manager - INFO - Debates XML erfolgreich geparst: 0 Debatten, 0 Reden, 0 Wörter
2025-09-20 19:55:55,664 - database_manager - INFO - Verarbeite Datei 1702/2945: debates2021-04-29a.xml
2025-09-20 19:55:55,664 - database_manager - INFO - Parse debates XML-Datei: debates2021-04-29a.xml
2025-09-20 19:55:55,668 - database_manager - INFO - Debates XML erfolgreich geparst: 19 Debatten, 159 Reden, 11468 Wörter
2025-09-20 19:55:55,668 - database_manager - INFO - Verarbeite Datei 1703/2945: debates2021-06-14a.xml
2025-09-20 19:55:55,668 - database_manager - INFO - Parse debates XML-Datei: debates2021-06-14a.xml
2025-09-20 19:55:55,681 - database_manager - INFO - Debates XML erfolgreich geparst: 16 Debatten, 333 Reden, 47224 Wörter
2025-09-20 19:55:55,682 - database_manager - INFO - Verarbeite Datei 1704/2945: debates2012-10-15a.xml
2025-09-20 19:55:55,682 - database_manager - INFO - Parse debates XML-Datei: debates2012-10-15a.xml
2025-09-20 19:55:55,683 - database_manager - INFO - Debates XML erfolgreich geparst: 0 Debatten, 0 Reden, 0 Wörter
2025-09-20 19:55:55,683 - database_manager - INFO - Verarbeite Datei 1705/2945: debates2012-02-28a.xml
2025-09-20 19:55:55,683 - database_manager - INFO - Parse debates XML-Datei: debates2012-02-28a.xml
2025-09-20 19:55:55,684 - database_manager - INFO - Debates XML erfolgreich geparst: 0 Debatten, 0 Reden, 0 Wörter
2025-09-20 19:55:55,684 - database_manager - INFO - Verarbeite Datei 1706/2945: debates2018-12-19c.xml
2025-09-20 19:55:55,684 - database_manager - INFO - Parse debates XML-Datei: debates2018-12-19c.xml
2025-09-20 19:55:55,685 - database_manager - INFO - Debates XML erfolgreich geparst: 1 Debatten, 0 Reden, 0 Wörter
2025-09-20 19:55:55,685 - database_manager - INFO - Verarbeite Datei 1707/2945: debates2014-01-20a.xml
2025-09-20 19:55:55,685 - database_manager - INFO - Parse debates XML-Datei: debates2014-01-20a.xml
2025-09-20 19:55:55,701 - database_manager - INFO - Debates XML erfolgreich geparst: 22 Debatten, 385 Reden, 62330 Wörter
2025-09-20 19:55:55,701 - database_manager - INFO - Verarbeite Datei 1708/2945: debates2020-02-13a.xml
2025-09-20 19:55:55,701 - database_manager - INFO - Parse debates XML-Datei: debates2020-02-13a.xml
2025-09-20 19:55:55,702 - database_manager - INFO - Debates XML erfolgreich geparst: 0 Debatten, 0 Reden, 0 Wörter
2025-09-20 19:55:55,702 - database_manager - INFO - Verarbeite Datei 1709/2945: debates2013-09-10b.xml
2025-09-20 19:55:55,702 - database_manager - INFO - Parse debates XML-Datei: debates2013-09-10b.xml
2025-09-20 19:55:55,724 - database_manager - INFO - Debates XML erfolgreich geparst: 26 Debatten, 651 Reden, 61505 Wörter
2025-09-20 19:55:55,724 - database_manager - INFO - Verarbeite Datei 1710/2945: debates2014-05-14c.xml
2025-09-20 19:55:55,724 - database_manager - INFO - Parse debates XML-Datei: debates2014-05-14c.xml
2025-09-20 19:55:55,725 - database_manager - INFO - Debates XML erfolgreich geparst: 0 Debatten, 0 Reden, 0 Wörter
2025-09-20 19:55:55,725 - database_manager - INFO - Verarbeite Datei 1711/2945: debates2019-10-17a.xml
2025-09-20 19:55:55,725 - database_manager - INFO - Parse debates XML-Datei: debates2019-10-17a.xml
2025-09-20 19:55:55,726 - database_manager - INFO - Debates XML erfolgreich geparst: 1 Debatten, 0 Reden, 0 Wörter
2025-09-20 19:55:55,727 - database_manager - INFO - Verarbeite Datei 1712/2945: debates2014-11-20a.xml
2025-09-20 19:55:55,727 - database_manager - INFO - Parse debates XML-Datei: debates2014-11-20a.xml
2025-09-20 19:55:55,728 - database_manager - INFO - Debates XML erfolgreich geparst: 0 Debatten, 0 Reden, 0 Wörter
2025-09-20 19:55:55,728 - database_manager - INFO - Verarbeite Datei 1713/2945: debates2016-06-14a.xml
2025-09-20 19:55:55,728 - database_manager - INFO - Parse debates XML-Datei: debates2016-06-14a.xml
2025-09-20 19:55:55,728 - database_manager - INFO - Debates XML erfolgreich geparst: 0 Debatten, 0 Reden, 0 Wörter
2025-09-20 19:55:55,728 - database_manager - INFO - Verarbeite Datei 1714/2945: debates2015-07-16b.xml
2025-09-20 19:55:55,728 - database_manager - INFO - Parse debates XML-Datei: debates2015-07-16b.xml
2025-09-20 19:55:55,745 - database_manager - INFO - Debates XML erfolgreich geparst: 20 Debatten, 446 Reden, 66644 Wörter
2025-09-20 19:55:55,745 - database_manager - INFO - Verarbeite Datei 1715/2945: debates2017-11-03a.xml
2025-09-20 19:55:55,745 - database_manager - INFO - Parse debates XML-Datei: debates2017-11-03a.xml
2025-09-20 19:55:55,748 - database_manager - INFO - Debates XML erfolgreich geparst: 1 Debatten, 18 Reden, 4016 Wörter
2025-09-20 19:55:55,748 - database_manager - INFO - Verarbeite Datei 1716/2945: debates2018-06-21b.xml
2025-09-20 19:55:55,748 - database_manager - INFO - Parse debates XML-Datei: debates2018-06-21b.xml
2025-09-20 19:55:55,749 - database_manager - INFO - Debates XML erfolgreich geparst: 0 Debatten, 0 Reden, 0 Wörter
2025-09-20 19:55:55,749 - database_manager - INFO - Verarbeite Datei 1717/2945: debates2012-10-19b.xml
2025-09-20 19:55:55,749 - database_manager - INFO - Parse debates XML-Datei: debates2012-10-19b.xml
2025-09-20 19:55:55,758 - database_manager - INFO - Debates XML erfolgreich geparst: 4 Debatten, 147 Reden, 38356 Wörter
2025-09-20 19:55:55,758 - database_manager - INFO - Verarbeite Datei 1718/2945: debates2017-09-14c.xml
2025-09-20 19:55:55,758 - database_manager - INFO - Parse debates XML-Datei: debates2017-09-14c.xml
2025-09-20 19:55:55,776 - database_manager - INFO - Debates XML erfolgreich geparst: 23 Debatten, 548 Reden, 64648 Wörter
2025-09-20 19:55:55,777 - database_manager - INFO - Verarbeite Datei 1719/2945: debates2015-02-03c.xml
2025-09-20 19:55:55,777 - database_manager - INFO - Parse debates XML-Datei: debates2015-02-03c.xml
2025-09-20 19:55:55,778 - database_manager - INFO - Debates XML erfolgreich geparst: 0 Debatten, 0 Reden, 0 Wörter
2025-09-20 19:55:55,778 - database_manager - INFO - Verarbeite Datei 1720/2945: debates2015-09-08b.xml
2025-09-20 19:55:55,778 - database_manager - INFO - Parse debates XML-Datei: debates2015-09-08b.xml
2025-09-20 19:55:55,779 - database_manager - INFO - Debates XML erfolgreich geparst: 0 Debatten, 0 Reden, 0 Wörter
2025-09-20 19:55:55,779 - database_manager - INFO - Verarbeite Datei 1721/2945: debates2012-03-05a.xml
2025-09-20 19:55:55,779 - database_manager - INFO - Parse debates XML-Datei: debates2012-03-05a.xml
2025-09-20 19:55:55,780 - database_manager - INFO - Debates XML erfolgreich geparst: 0 Debatten, 0 Reden, 0 Wörter
2025-09-20 19:55:55,780 - database_manager - INFO - Verarbeite Datei 1722/2945: debates2019-02-26b.xml
2025-09-20 19:55:55,780 - database_manager - INFO - Parse debates XML-Datei: debates2019-02-26b.xml
2025-09-20 19:55:55,801 - database_manager - INFO - Debates XML erfolgreich geparst: 22 Debatten, 617 Reden, 75394 Wörter
2025-09-20 19:55:55,801 - database_manager - INFO - Verarbeite Datei 1723/2945: debates2019-03-07a.xml
2025-09-20 19:55:55,801 - database_manager - INFO - Parse debates XML-Datei: debates2019-03-07a.xml
2025-09-20 19:55:55,803 - database_manager - INFO - Debates XML erfolgreich geparst: 2 Debatten, 1 Reden, 942 Wörter
2025-09-20 19:55:55,803 - database_manager - INFO - Verarbeite Datei 1724/2945: debates2016-05-04a.xml
2025-09-20 19:55:55,803 - database_manager - INFO - Parse debates XML-Datei: debates2016-05-04a.xml
2025-09-20 19:55:55,803 - database_manager - INFO - Debates XML erfolgreich geparst: 0 Debatten, 0 Reden, 0 Wörter
2025-09-20 19:55:55,803 - database_manager - INFO - Verarbeite Datei 1725/2945: debates2016-04-25b.xml
2025-09-20 19:55:55,803 - database_manager - INFO - Parse debates XML-Datei: debates2016-04-25b.xml
2025-09-20 19:55:55,804 - database_manager - INFO - Debates XML erfolgreich geparst: 0 Debatten, 0 Reden, 0 Wörter
2025-09-20 19:55:55,804 - database_manager - INFO - Verarbeite Datei 1726/2945: debates2013-07-02a.xml
2025-09-20 19:55:55,804 - database_manager - INFO - Parse debates XML-Datei: debates2013-07-02a.xml
2025-09-20 19:55:55,825 - database_manager - INFO - Debates XML erfolgreich geparst: 34 Debatten, 590 Reden, 76155 Wörter
2025-09-20 19:55:55,825 - database_manager - INFO - Verarbeite Datei 1727/2945: debates2020-11-03a.xml
2025-09-20 19:55:55,825 - database_manager - INFO - Parse debates XML-Datei: debates2020-11-03a.xml
2025-09-20 19:55:55,827 - database_manager - INFO - Debates XML erfolgreich geparst: 0 Debatten, 0 Reden, 0 Wörter
2025-09-20 19:55:55,827 - database_manager - INFO - Verarbeite Datei 1728/2945: debates2020-10-22b.xml
2025-09-20 19:55:55,827 - database_manager - INFO - Parse debates XML-Datei: debates2020-10-22b.xml
2025-09-20 19:55:55,828 - database_manager - INFO - Debates XML erfolgreich geparst: 0 Debatten, 0 Reden, 0 Wörter
2025-09-20 19:55:55,828 - database_manager - INFO - Verarbeite Datei 1729/2945: debates2015-11-05c.xml
2025-09-20 19:55:55,828 - database_manager - INFO - Parse debates XML-Datei: debates2015-11-05c.xml
2025-09-20 19:55:55,866 - database_manager - INFO - Debates XML erfolgreich geparst: 25 Debatten, 542 Reden, 63790 Wörter
2025-09-20 19:55:55,867 - database_manager - INFO - Verarbeite Datei 1730/2945: debates2017-01-19b.xml
2025-09-20 19:55:55,868 - database_manager - INFO - Parse debates XML-Datei: debates2017-01-19b.xml
2025-09-20 19:55:55,898 - database_manager - INFO - Debates XML erfolgreich geparst: 21 Debatten, 408 Reden, 60254 Wörter
2025-09-20 19:55:55,898 - database_manager - INFO - Verarbeite Datei 1731/2945: debates2021-07-22f.xml
2025-09-20 19:55:55,898 - database_manager - INFO - Parse debates XML-Datei: debates2021-07-22f.xml
2025-09-20 19:55:55,916 - database_manager - INFO - Debates XML erfolgreich geparst: 27 Debatten, 440 Reden, 65327 Wörter
2025-09-20 19:55:55,916 - database_manager - INFO - Verarbeite Datei 1732/2945: debates2012-11-22b.xml
2025-09-20 19:55:55,916 - database_manager - INFO - Parse debates XML-Datei: debates2012-11-22b.xml
2025-09-20 19:55:55,934 - database_manager - INFO - Debates XML erfolgreich geparst: 27 Debatten, 562 Reden, 65128 Wörter
2025-09-20 19:55:55,934 - database_manager - INFO - Verarbeite Datei 1733/2945: debates2015-01-05c.xml
2025-09-20 19:55:55,934 - database_manager - INFO - Parse debates XML-Datei: debates2015-01-05c.xml
2025-09-20 19:55:55,950 - database_manager - INFO - Debates XML erfolgreich geparst: 21 Debatten, 397 Reden, 64322 Wörter
2025-09-20 19:55:55,951 - database_manager - INFO - Verarbeite Datei 1734/2945: debates2018-11-12d.xml
2025-09-20 19:55:55,951 - database_manager - INFO - Parse debates XML-Datei: debates2018-11-12d.xml
2025-09-20 19:55:55,975 - database_manager - INFO - Debates XML erfolgreich geparst: 23 Debatten, 626 Reden, 69380 Wörter
2025-09-20 19:55:55,975 - database_manager - INFO - Verarbeite Datei 1735/2945: debates2017-12-05a.xml
2025-09-20 19:55:55,975 - database_manager - INFO - Parse debates XML-Datei: debates2017-12-05a.xml
2025-09-20 19:55:55,976 - database_manager - INFO - Debates XML erfolgreich geparst: 0 Debatten, 0 Reden, 0 Wörter
2025-09-20 19:55:55,976 - database_manager - INFO - Verarbeite Datei 1736/2945: debates2017-07-11d.xml
2025-09-20 19:55:55,976 - database_manager - INFO - Parse debates XML-Datei: debates2017-07-11d.xml
2025-09-20 19:55:55,977 - database_manager - INFO - Debates XML erfolgreich geparst: 0 Debatten, 0 Reden, 0 Wörter
2025-09-20 19:55:55,977 - database_manager - INFO - Verarbeite Datei 1737/2945: debates2020-11-19b.xml
2025-09-20 19:55:55,978 - database_manager - INFO - Parse debates XML-Datei: debates2020-11-19b.xml
2025-09-20 19:55:55,978 - database_manager - INFO - Debates XML erfolgreich geparst: 0 Debatten, 0 Reden, 0 Wörter
2025-09-20 19:55:55,978 - database_manager - INFO - Verarbeite Datei 1738/2945: debates2020-02-04e.xml
2025-09-20 19:55:55,978 - database_manager - INFO - Parse debates XML-Datei: debates2020-02-04e.xml
2025-09-20 19:55:55,995 - database_manager - INFO - Debates XML erfolgreich geparst: 23 Debatten, 507 Reden, 60999 Wörter
2025-09-20 19:55:55,996 - database_manager - INFO - Verarbeite Datei 1739/2945: debates2019-10-01a.xml
2025-09-20 19:55:55,996 - database_manager - INFO - Parse debates XML-Datei: debates2019-10-01a.xml
2025-09-20 19:55:56,010 - database_manager - INFO - Debates XML erfolgreich geparst: 18 Debatten, 499 Reden, 48688 Wörter
2025-09-20 19:55:56,010 - database_manager - INFO - Verarbeite Datei 1740/2945: debates2020-03-24b.xml
2025-09-20 19:55:56,010 - database_manager - INFO - Parse debates XML-Datei: debates2020-03-24b.xml
2025-09-20 19:55:56,027 - database_manager - INFO - Debates XML erfolgreich geparst: 18 Debatten, 446 Reden, 63569 Wörter
2025-09-20 19:55:56,028 - database_manager - INFO - Verarbeite Datei 1741/2945: debates2020-02-05a.xml
2025-09-20 19:55:56,028 - database_manager - INFO - Parse debates XML-Datei: debates2020-02-05a.xml
2025-09-20 19:55:56,029 - database_manager - INFO - Debates XML erfolgreich geparst: 0 Debatten, 0 Reden, 0 Wörter
2025-09-20 19:55:56,030 - database_manager - INFO - Verarbeite Datei 1742/2945: debates2012-03-13a.xml
2025-09-20 19:55:56,030 - database_manager - INFO - Parse debates XML-Datei: debates2012-03-13a.xml
2025-09-20 19:55:56,045 - database_manager - INFO - Debates XML erfolgreich geparst: 34 Debatten, 446 Reden, 48728 Wörter
2025-09-20 19:55:56,045 - database_manager - INFO - Verarbeite Datei 1743/2945: debates2017-03-28a.xml
2025-09-20 19:55:56,045 - database_manager - INFO - Parse debates XML-Datei: debates2017-03-28a.xml
2025-09-20 19:55:56,046 - database_manager - INFO - Debates XML erfolgreich geparst: 0 Debatten, 0 Reden, 0 Wörter
2025-09-20 19:55:56,046 - database_manager - INFO - Verarbeite Datei 1744/2945: debates2021-05-12a.xml
2025-09-20 19:55:56,046 - database_manager - INFO - Parse debates XML-Datei: debates2021-05-12a.xml
2025-09-20 19:55:56,047 - database_manager - INFO - Debates XML erfolgreich geparst: 0 Debatten, 0 Reden, 0 Wörter
2025-09-20 19:55:56,047 - database_manager - INFO - Verarbeite Datei 1745/2945: debates2018-07-16a.xml
2025-09-20 19:55:56,047 - database_manager - INFO - Parse debates XML-Datei: debates2018-07-16a.xml
2025-09-20 19:55:56,071 - database_manager - INFO - Debates XML erfolgreich geparst: 40 Debatten, 595 Reden, 82076 Wörter
2025-09-20 19:55:56,072 - database_manager - INFO - Verarbeite Datei 1746/2945: debates2017-11-15a.xml
2025-09-20 19:55:56,072 - database_manager - INFO - Parse debates XML-Datei: debates2017-11-15a.xml
2025-09-20 19:55:56,073 - database_manager - INFO - Debates XML erfolgreich geparst: 0 Debatten, 0 Reden, 0 Wörter
2025-09-20 19:55:56,073 - database_manager - INFO - Verarbeite Datei 1747/2945: debates2020-12-09b.xml
2025-09-20 19:55:56,073 - database_manager - INFO - Parse debates XML-Datei: debates2020-12-09b.xml
2025-09-20 19:55:56,549 - database_manager - INFO - Debates XML erfolgreich geparst: 17 Debatten, 418 Reden, 54876 Wörter
2025-09-20 19:55:56,550 - database_manager - INFO - Verarbeite Datei 1748/2945: debates2016-05-12a.xml
2025-09-20 19:55:56,550 - database_manager - INFO - Parse debates XML-Datei: debates2016-05-12a.xml
2025-09-20 19:55:56,559 - database_manager - INFO - Debates XML erfolgreich geparst: 19 Debatten, 313 Reden, 32564 Wörter
2025-09-20 19:55:56,559 - database_manager - INFO - Verarbeite Datei 1749/2945: debates2020-01-15a.xml
2025-09-20 19:55:56,559 - database_manager - INFO - Parse debates XML-Datei: debates2020-01-15a.xml
2025-09-20 19:55:56,559 - database_manager - INFO - Debates XML erfolgreich geparst: 0 Debatten, 0 Reden, 0 Wörter
2025-09-20 19:55:56,559 - database_manager - INFO - Verarbeite Datei 1750/2945: debates2014-06-12c.xml
2025-09-20 19:55:56,559 - database_manager - INFO - Parse debates XML-Datei: debates2014-06-12c.xml
2025-09-20 19:55:56,581 - database_manager - INFO - Debates XML erfolgreich geparst: 25 Debatten, 576 Reden, 66068 Wörter
2025-09-20 19:55:56,581 - database_manager - INFO - Verarbeite Datei 1751/2945: debates2014-02-26a.xml
2025-09-20 19:55:56,581 - database_manager - INFO - Parse debates XML-Datei: debates2014-02-26a.xml
2025-09-20 19:55:56,582 - database_manager - INFO - Debates XML erfolgreich geparst: 0 Debatten, 0 Reden, 0 Wörter
2025-09-20 19:55:56,582 - database_manager - INFO - Verarbeite Datei 1752/2945: debates2019-03-11a.xml
2025-09-20 19:55:56,582 - database_manager - INFO - Parse debates XML-Datei: debates2019-03-11a.xml
2025-09-20 19:55:56,583 - database_manager - INFO - Debates XML erfolgreich geparst: 0 Debatten, 0 Reden, 0 Wörter
2025-09-20 19:55:56,583 - database_manager - INFO - Verarbeite Datei 1753/2945: debates2021-12-16a.xml
2025-09-20 19:55:56,583 - database_manager - INFO - Parse debates XML-Datei: debates2021-12-16a.xml
2025-09-20 19:55:56,584 - database_manager - INFO - Debates XML erfolgreich geparst: 0 Debatten, 0 Reden, 0 Wörter
2025-09-20 19:55:56,584 - database_manager - INFO - Verarbeite Datei 1754/2945: debates2012-04-17a.xml
2025-09-20 19:55:56,584 - database_manager - INFO - Parse debates XML-Datei: debates2012-04-17a.xml
2025-09-20 19:55:56,585 - database_manager - INFO - Debates XML erfolgreich geparst: 0 Debatten, 0 Reden, 0 Wörter
2025-09-20 19:55:56,585 - database_manager - INFO - Verarbeite Datei 1755/2945: debates2015-11-25a.xml
2025-09-20 19:55:56,585 - database_manager - INFO - Parse debates XML-Datei: debates2015-11-25a.xml
2025-09-20 19:55:56,602 - database_manager - INFO - Debates XML erfolgreich geparst: 22 Debatten, 442 Reden, 64354 Wörter
2025-09-20 19:55:56,602 - database_manager - INFO - Verarbeite Datei 1756/2945: debates2015-03-18a.xml
2025-09-20 19:55:56,602 - database_manager - INFO - Parse debates XML-Datei: debates2015-03-18a.xml
2025-09-20 19:55:56,603 - database_manager - INFO - Debates XML erfolgreich geparst: 0 Debatten, 0 Reden, 0 Wörter
2025-09-20 19:55:56,603 - database_manager - INFO - Verarbeite Datei 1757/2945: debates2012-10-23c.xml
2025-09-20 19:55:56,603 - database_manager - INFO - Parse debates XML-Datei: debates2012-10-23c.xml
2025-09-20 19:55:56,615 - database_manager - INFO - Debates XML erfolgreich geparst: 24 Debatten, 383 Reden, 41536 Wörter
2025-09-20 19:55:56,615 - database_manager - INFO - Verarbeite Datei 1758/2945: debates2019-10-21c.xml
2025-09-20 19:55:56,615 - database_manager - INFO - Parse debates XML-Datei: debates2019-10-21c.xml
2025-09-20 19:55:56,616 - database_manager - INFO - Debates XML erfolgreich geparst: 1 Debatten, 0 Reden, 0 Wörter
2025-09-20 19:55:56,616 - database_manager - INFO - Verarbeite Datei 1759/2945: debates2014-09-01a.xml
2025-09-20 19:55:56,616 - database_manager - INFO - Parse debates XML-Datei: debates2014-09-01a.xml
2025-09-20 19:55:56,634 - database_manager - INFO - Debates XML erfolgreich geparst: 21 Debatten, 551 Reden, 66712 Wörter
2025-09-20 19:55:56,634 - database_manager - INFO - Verarbeite Datei 1760/2945: debates2020-06-11a.xml
2025-09-20 19:55:56,634 - database_manager - INFO - Parse debates XML-Datei: debates2020-06-11a.xml
2025-09-20 19:55:56,635 - database_manager - INFO - Debates XML erfolgreich geparst: 0 Debatten, 0 Reden, 0 Wörter
2025-09-20 19:55:56,635 - database_manager - INFO - Verarbeite Datei 1761/2945: debates2013-10-10a.xml
2025-09-20 19:55:56,635 - database_manager - INFO - Parse debates XML-Datei: debates2013-10-10a.xml
2025-09-20 19:55:56,636 - database_manager - INFO - Debates XML erfolgreich geparst: 0 Debatten, 0 Reden, 0 Wörter
2025-09-20 19:55:56,636 - database_manager - INFO - Verarbeite Datei 1762/2945: debates2020-02-25c.xml
2025-09-20 19:55:56,636 - database_manager - INFO - Parse debates XML-Datei: debates2020-02-25c.xml
2025-09-20 19:55:56,637 - database_manager - INFO - Debates XML erfolgreich geparst: 0 Debatten, 0 Reden, 0 Wörter
2025-09-20 19:55:56,637 - database_manager - INFO - Verarbeite Datei 1763/2945: debates2019-07-09b.xml
2025-09-20 19:55:56,637 - database_manager - INFO - Parse debates XML-Datei: debates2019-07-09b.xml
2025-09-20 19:55:56,638 - database_manager - INFO - Debates XML erfolgreich geparst: 0 Debatten, 0 Reden, 0 Wörter
2025-09-20 19:55:56,638 - database_manager - INFO - Verarbeite Datei 1764/2945: debates2016-12-16a.xml
2025-09-20 19:55:56,638 - database_manager - INFO - Parse debates XML-Datei: debates2016-12-16a.xml
2025-09-20 19:55:56,640 - database_manager - INFO - Debates XML erfolgreich geparst: 1 Debatten, 9 Reden, 3612 Wörter
2025-09-20 19:55:56,640 - database_manager - INFO - Verarbeite Datei 1765/2945: debates2012-06-26b.xml
2025-09-20 19:55:56,640 - database_manager - INFO - Parse debates XML-Datei: debates2012-06-26b.xml
2025-09-20 19:55:56,641 - database_manager - INFO - Debates XML erfolgreich geparst: 0 Debatten, 0 Reden, 0 Wörter
2025-09-20 19:55:56,641 - database_manager - INFO - Verarbeite Datei 1766/2945: debates2017-03-08c.xml
2025-09-20 19:55:56,641 - database_manager - INFO - Parse debates XML-Datei: debates2017-03-08c.xml
2025-09-20 19:55:56,657 - database_manager - INFO - Debates XML erfolgreich geparst: 13 Debatten, 340 Reden, 66600 Wörter
2025-09-20 19:55:56,658 - database_manager - INFO - Verarbeite Datei 1767/2945: debates2021-01-06a.xml
2025-09-20 19:55:56,658 - database_manager - INFO - Parse debates XML-Datei: debates2021-01-06a.xml
2025-09-20 19:55:56,658 - database_manager - INFO - Debates XML erfolgreich geparst: 0 Debatten, 0 Reden, 0 Wörter
2025-09-20 19:55:56,658 - database_manager - INFO - Verarbeite Datei 1768/2945: debates2020-09-22a.xml
2025-09-20 19:55:56,658 - database_manager - INFO - Parse debates XML-Datei: debates2020-09-22a.xml
2025-09-20 19:55:56,677 - database_manager - INFO - Debates XML erfolgreich geparst: 37 Debatten, 479 Reden, 66040 Wörter
2025-09-20 19:55:56,677 - database_manager - INFO - Verarbeite Datei 1769/2945: debates2016-01-06a.xml
2025-09-20 19:55:56,677 - database_manager - INFO - Parse debates XML-Datei: debates2016-01-06a.xml
2025-09-20 19:55:56,678 - database_manager - INFO - Debates XML erfolgreich geparst: 3 Debatten, 0 Reden, 0 Wörter
2025-09-20 19:55:56,678 - database_manager - INFO - Verarbeite Datei 1770/2945: debates2019-06-24b.xml
2025-09-20 19:55:56,678 - database_manager - INFO - Parse debates XML-Datei: debates2019-06-24b.xml
2025-09-20 19:55:56,692 - database_manager - INFO - Debates XML erfolgreich geparst: 16 Debatten, 410 Reden, 44461 Wörter
2025-09-20 19:55:56,692 - database_manager - INFO - Verarbeite Datei 1771/2945: debates2014-03-27a.xml
2025-09-20 19:55:56,692 - database_manager - INFO - Parse debates XML-Datei: debates2014-03-27a.xml
2025-09-20 19:55:56,709 - database_manager - INFO - Debates XML erfolgreich geparst: 24 Debatten, 455 Reden, 63830 Wörter
2025-09-20 19:55:56,709 - database_manager - INFO - Verarbeite Datei 1772/2945: debates2014-02-06b.xml
2025-09-20 19:55:56,709 - database_manager - INFO - Parse debates XML-Datei: debates2014-02-06b.xml
2025-09-20 19:55:56,726 - database_manager - INFO - Debates XML erfolgreich geparst: 23 Debatten, 526 Reden, 64862 Wörter
2025-09-20 19:55:56,727 - database_manager - INFO - Verarbeite Datei 1773/2945: debates2016-04-13a.xml
2025-09-20 19:55:56,727 - database_manager - INFO - Parse debates XML-Datei: debates2016-04-13a.xml
2025-09-20 19:55:56,728 - database_manager - INFO - Debates XML erfolgreich geparst: 0 Debatten, 0 Reden, 0 Wörter
2025-09-20 19:55:56,728 - database_manager - INFO - Verarbeite Datei 1774/2945: debates2020-10-14a.xml
2025-09-20 19:55:56,728 - database_manager - INFO - Parse debates XML-Datei: debates2020-10-14a.xml
2025-09-20 19:55:56,730 - database_manager - INFO - Debates XML erfolgreich geparst: 0 Debatten, 0 Reden, 0 Wörter
2025-09-20 19:55:56,730 - database_manager - INFO - Verarbeite Datei 1775/2945: debates2015-06-01b.xml
2025-09-20 19:55:56,730 - database_manager - INFO - Parse debates XML-Datei: debates2015-06-01b.xml
2025-09-20 19:55:56,745 - database_manager - INFO - Debates XML erfolgreich geparst: 2 Debatten, 233 Reden, 58161 Wörter
2025-09-20 19:55:56,745 - database_manager - INFO - Verarbeite Datei 1776/2945: debates2015-07-20a.xml
2025-09-20 19:55:56,745 - database_manager - INFO - Parse debates XML-Datei: debates2015-07-20a.xml
2025-09-20 19:55:56,746 - database_manager - INFO - Debates XML erfolgreich geparst: 0 Debatten, 0 Reden, 0 Wörter
2025-09-20 19:55:56,746 - database_manager - INFO - Verarbeite Datei 1777/2945: debates2021-04-13a.xml
2025-09-20 19:55:56,747 - database_manager - INFO - Parse debates XML-Datei: debates2021-04-13a.xml
2025-09-20 19:55:56,747 - database_manager - INFO - Debates XML erfolgreich geparst: 0 Debatten, 0 Reden, 0 Wörter
2025-09-20 19:55:56,747 - database_manager - INFO - Verarbeite Datei 1778/2945: debates2012-12-12a.xml
2025-09-20 19:55:56,747 - database_manager - INFO - Parse debates XML-Datei: debates2012-12-12a.xml
2025-09-20 19:55:56,766 - database_manager - INFO - Debates XML erfolgreich geparst: 23 Debatten, 484 Reden, 69458 Wörter
2025-09-20 19:55:56,766 - database_manager - INFO - Verarbeite Datei 1779/2945: debates2017-03-08b.xml
2025-09-20 19:55:56,766 - database_manager - INFO - Parse debates XML-Datei: debates2017-03-08b.xml
2025-09-20 19:55:56,767 - database_manager - INFO - Debates XML erfolgreich geparst: 2 Debatten, 0 Reden, 0 Wörter
2025-09-20 19:55:56,767 - database_manager - INFO - Verarbeite Datei 1780/2945: debates2012-06-26c.xml
2025-09-20 19:55:56,767 - database_manager - INFO - Parse debates XML-Datei: debates2012-06-26c.xml
2025-09-20 19:55:56,785 - database_manager - INFO - Debates XML erfolgreich geparst: 32 Debatten, 502 Reden, 62357 Wörter
2025-09-20 19:55:56,785 - database_manager - INFO - Verarbeite Datei 1781/2945: debates2014-01-16b.xml
2025-09-20 19:55:56,785 - database_manager - INFO - Parse debates XML-Datei: debates2014-01-16b.xml
2025-09-20 19:55:56,800 - database_manager - INFO - Debates XML erfolgreich geparst: 14 Debatten, 385 Reden, 60302 Wörter
2025-09-20 19:55:56,801 - database_manager - INFO - Verarbeite Datei 1782/2945: debates2019-07-09c.xml
2025-09-20 19:55:56,801 - database_manager - INFO - Parse debates XML-Datei: debates2019-07-09c.xml
2025-09-20 19:55:56,819 - database_manager - INFO - Debates XML erfolgreich geparst: 32 Debatten, 476 Reden, 66155 Wörter
2025-09-20 19:55:56,820 - database_manager - INFO - Verarbeite Datei 1783/2945: debates2020-03-04a.xml
2025-09-20 19:55:56,820 - database_manager - INFO - Parse debates XML-Datei: debates2020-03-04a.xml
2025-09-20 19:55:56,821 - database_manager - INFO - Debates XML erfolgreich geparst: 0 Debatten, 0 Reden, 0 Wörter
2025-09-20 19:55:56,821 - database_manager - INFO - Verarbeite Datei 1784/2945: debates2020-02-25b.xml
2025-09-20 19:55:56,821 - database_manager - INFO - Parse debates XML-Datei: debates2020-02-25b.xml
2025-09-20 19:55:56,821 - database_manager - INFO - Debates XML erfolgreich geparst: 0 Debatten, 0 Reden, 0 Wörter
2025-09-20 19:55:56,821 - database_manager - INFO - Verarbeite Datei 1785/2945: debates2019-10-21b.xml
2025-09-20 19:55:56,822 - database_manager - INFO - Parse debates XML-Datei: debates2019-10-21b.xml
2025-09-20 19:55:56,822 - database_manager - INFO - Debates XML erfolgreich geparst: 0 Debatten, 0 Reden, 0 Wörter
2025-09-20 19:55:56,822 - database_manager - INFO - Verarbeite Datei 1786/2945: debates2018-04-26b.xml
2025-09-20 19:55:56,822 - database_manager - INFO - Parse debates XML-Datei: debates2018-04-26b.xml
2025-09-20 19:55:56,845 - database_manager - INFO - Debates XML erfolgreich geparst: 21 Debatten, 620 Reden, 68591 Wörter
2025-09-20 19:55:56,846 - database_manager - INFO - Verarbeite Datei 1787/2945: debates2012-10-23b.xml
2025-09-20 19:55:56,846 - database_manager - INFO - Parse debates XML-Datei: debates2012-10-23b.xml
2025-09-20 19:55:56,846 - database_manager - INFO - Debates XML erfolgreich geparst: 0 Debatten, 0 Reden, 0 Wörter
2025-09-20 19:55:56,846 - database_manager - INFO - Verarbeite Datei 1788/2945: debates2012-11-02a.xml
2025-09-20 19:55:56,846 - database_manager - INFO - Parse debates XML-Datei: debates2012-11-02a.xml
2025-09-20 19:55:56,855 - database_manager - INFO - Debates XML erfolgreich geparst: 6 Debatten, 165 Reden, 36963 Wörter
2025-09-20 19:55:56,855 - database_manager - INFO - Verarbeite Datei 1789/2945: debates2021-06-22b.xml
2025-09-20 19:55:56,855 - database_manager - INFO - Parse debates XML-Datei: debates2021-06-22b.xml
2025-09-20 19:55:56,866 - database_manager - INFO - Debates XML erfolgreich geparst: 22 Debatten, 297 Reden, 45889 Wörter
2025-09-20 19:55:56,866 - database_manager - INFO - Verarbeite Datei 1790/2945: debates2014-06-12b.xml
2025-09-20 19:55:56,866 - database_manager - INFO - Parse debates XML-Datei: debates2014-06-12b.xml
2025-09-20 19:55:56,867 - database_manager - INFO - Debates XML erfolgreich geparst: 0 Debatten, 0 Reden, 0 Wörter
2025-09-20 19:55:56,867 - database_manager - INFO - Verarbeite Datei 1791/2945: debates2019-06-04a.xml
2025-09-20 19:55:56,867 - database_manager - INFO - Parse debates XML-Datei: debates2019-06-04a.xml
2025-09-20 19:55:56,868 - database_manager - INFO - Debates XML erfolgreich geparst: 0 Debatten, 0 Reden, 0 Wörter
2025-09-20 19:55:56,868 - database_manager - INFO - Verarbeite Datei 1792/2945: debates2016-01-26b.xml
2025-09-20 19:55:56,868 - database_manager - INFO - Parse debates XML-Datei: debates2016-01-26b.xml
2025-09-20 19:55:56,882 - database_manager - INFO - Debates XML erfolgreich geparst: 24 Debatten, 363 Reden, 51916 Wörter
2025-09-20 19:55:56,883 - database_manager - INFO - Verarbeite Datei 1793/2945: debates2013-02-01a.xml
2025-09-20 19:55:56,883 - database_manager - INFO - Parse debates XML-Datei: debates2013-02-01a.xml
2025-09-20 19:55:56,893 - database_manager - INFO - Debates XML erfolgreich geparst: 4 Debatten, 251 Reden, 40045 Wörter
2025-09-20 19:55:56,894 - database_manager - INFO - Verarbeite Datei 1794/2945: debates2013-03-20b.xml
2025-09-20 19:55:56,894 - database_manager - INFO - Parse debates XML-Datei: debates2013-03-20b.xml
2025-09-20 19:55:56,910 - database_manager - INFO - Debates XML erfolgreich geparst: 17 Debatten, 354 Reden, 65051 Wörter
2025-09-20 19:55:56,910 - database_manager - INFO - Verarbeite Datei 1795/2945: debates2020-09-02b.xml
2025-09-20 19:55:56,910 - database_manager - INFO - Parse debates XML-Datei: debates2020-09-02b.xml
2025-09-20 19:55:56,926 - database_manager - INFO - Debates XML erfolgreich geparst: 14 Debatten, 448 Reden, 56614 Wörter
2025-09-20 19:55:56,927 - database_manager - INFO - Verarbeite Datei 1796/2945: debates2015-01-09a.xml
2025-09-20 19:55:56,927 - database_manager - INFO - Parse debates XML-Datei: debates2015-01-09a.xml
2025-09-20 19:55:56,928 - database_manager - INFO - Debates XML erfolgreich geparst: 0 Debatten, 0 Reden, 0 Wörter
2025-09-20 19:55:56,928 - database_manager - INFO - Verarbeite Datei 1797/2945: debates2021-01-26b.xml
2025-09-20 19:55:56,928 - database_manager - INFO - Parse debates XML-Datei: debates2021-01-26b.xml
2025-09-20 19:55:56,950 - database_manager - INFO - Debates XML erfolgreich geparst: 37 Debatten, 462 Reden, 78041 Wörter
2025-09-20 19:55:56,950 - database_manager - INFO - Verarbeite Datei 1798/2945: debates2015-11-09a.xml
2025-09-20 19:55:56,950 - database_manager - INFO - Parse debates XML-Datei: debates2015-11-09a.xml
2025-09-20 19:55:56,976 - database_manager - INFO - Debates XML erfolgreich geparst: 63 Debatten, 659 Reden, 78727 Wörter
2025-09-20 19:55:56,976 - database_manager - INFO - Verarbeite Datei 1799/2945: debates2015-12-15b.xml
2025-09-20 19:55:56,976 - database_manager - INFO - Parse debates XML-Datei: debates2015-12-15b.xml
2025-09-20 19:55:56,995 - database_manager - INFO - Debates XML erfolgreich geparst: 24 Debatten, 525 Reden, 64251 Wörter
2025-09-20 19:55:56,995 - database_manager - INFO - Verarbeite Datei 1800/2945: debates2018-12-03a.xml
2025-09-20 19:55:56,995 - database_manager - INFO - Parse debates XML-Datei: debates2018-12-03a.xml
2025-09-20 19:55:56,996 - database_manager - INFO - Debates XML erfolgreich geparst: 0 Debatten, 0 Reden, 0 Wörter
2025-09-20 19:55:56,996 - database_manager - INFO - Verarbeite Datei 1801/2945: debates2019-05-14a.xml
2025-09-20 19:55:56,996 - database_manager - INFO - Parse debates XML-Datei: debates2019-05-14a.xml
2025-09-20 19:55:56,997 - database_manager - INFO - Debates XML erfolgreich geparst: 0 Debatten, 0 Reden, 0 Wörter
2025-09-20 19:55:56,997 - database_manager - INFO - Verarbeite Datei 1802/2945: debates2013-11-11a.xml
2025-09-20 19:55:56,997 - database_manager - INFO - Parse debates XML-Datei: debates2013-11-11a.xml
2025-09-20 19:55:57,018 - database_manager - INFO - Debates XML erfolgreich geparst: 25 Debatten, 537 Reden, 73454 Wörter
2025-09-20 19:55:57,019 - database_manager - INFO - Verarbeite Datei 1803/2945: debates2013-10-30b.xml
2025-09-20 19:55:57,019 - database_manager - INFO - Parse debates XML-Datei: debates2013-10-30b.xml
2025-09-20 19:55:57,038 - database_manager - INFO - Debates XML erfolgreich geparst: 11 Debatten, 534 Reden, 63277 Wörter
2025-09-20 19:55:57,039 - database_manager - INFO - Verarbeite Datei 1804/2945: debates2016-03-17a.xml
2025-09-20 19:55:57,039 - database_manager - INFO - Parse debates XML-Datei: debates2016-03-17a.xml
2025-09-20 19:55:57,058 - database_manager - INFO - Debates XML erfolgreich geparst: 20 Debatten, 518 Reden, 67135 Wörter
2025-09-20 19:55:57,058 - database_manager - INFO - Verarbeite Datei 1805/2945: debates2020-11-19c.xml
2025-09-20 19:55:57,058 - database_manager - INFO - Parse debates XML-Datei: debates2020-11-19c.xml
2025-09-20 19:55:57,078 - database_manager - INFO - Debates XML erfolgreich geparst: 14 Debatten, 472 Reden, 64998 Wörter
2025-09-20 19:55:57,078 - database_manager - INFO - Verarbeite Datei 1806/2945: debates2020-02-04d.xml
2025-09-20 19:55:57,078 - database_manager - INFO - Parse debates XML-Datei: debates2020-02-04d.xml
2025-09-20 19:55:57,079 - database_manager - INFO - Debates XML erfolgreich geparst: 0 Debatten, 0 Reden, 0 Wörter
2025-09-20 19:55:57,079 - database_manager - INFO - Verarbeite Datei 1807/2945: debates2015-01-05b.xml
2025-09-20 19:55:57,079 - database_manager - INFO - Parse debates XML-Datei: debates2015-01-05b.xml
2025-09-20 19:55:57,080 - database_manager - INFO - Debates XML erfolgreich geparst: 0 Debatten, 0 Reden, 0 Wörter
2025-09-20 19:55:57,080 - database_manager - INFO - Verarbeite Datei 1808/2945: debates2017-07-11e.xml
2025-09-20 19:55:57,080 - database_manager - INFO - Parse debates XML-Datei: debates2017-07-11e.xml
2025-09-20 19:55:57,081 - database_manager - INFO - Debates XML erfolgreich geparst: 0 Debatten, 0 Reden, 0 Wörter
2025-09-20 19:55:57,081 - database_manager - INFO - Verarbeite Datei 1809/2945: debates2021-03-17a.xml
2025-09-20 19:55:57,081 - database_manager - INFO - Parse debates XML-Datei: debates2021-03-17a.xml
2025-09-20 19:55:57,083 - database_manager - INFO - Debates XML erfolgreich geparst: 0 Debatten, 0 Reden, 0 Wörter
2025-09-20 19:55:57,083 - database_manager - INFO - Verarbeite Datei 1810/2945: debates2018-11-13a.xml
2025-09-20 19:55:57,083 - database_manager - INFO - Parse debates XML-Datei: debates2018-11-13a.xml
2025-09-20 19:55:57,084 - database_manager - INFO - Debates XML erfolgreich geparst: 0 Debatten, 0 Reden, 0 Wörter
2025-09-20 19:55:57,084 - database_manager - INFO - Verarbeite Datei 1811/2945: debates2015-11-05b.xml
2025-09-20 19:55:57,084 - database_manager - INFO - Parse debates XML-Datei: debates2015-11-05b.xml
2025-09-20 19:55:57,085 - database_manager - INFO - Debates XML erfolgreich geparst: 0 Debatten, 0 Reden, 0 Wörter
2025-09-20 19:55:57,085 - database_manager - INFO - Verarbeite Datei 1812/2945: debates2017-07-10a.xml
2025-09-20 19:55:57,085 - database_manager - INFO - Parse debates XML-Datei: debates2017-07-10a.xml
2025-09-20 19:55:57,102 - database_manager - INFO - Debates XML erfolgreich geparst: 18 Debatten, 540 Reden, 61716 Wörter
2025-09-20 19:55:57,102 - database_manager - INFO - Verarbeite Datei 1813/2945: debates2012-05-16a.xml
2025-09-20 19:55:57,102 - database_manager - INFO - Parse debates XML-Datei: debates2012-05-16a.xml
2025-09-20 19:55:57,103 - database_manager - INFO - Debates XML erfolgreich geparst: 0 Debatten, 0 Reden, 0 Wörter
2025-09-20 19:55:57,103 - database_manager - INFO - Verarbeite Datei 1814/2945: debates2020-09-14b.xml
2025-09-20 19:55:57,103 - database_manager - INFO - Parse debates XML-Datei: debates2020-09-14b.xml
2025-09-20 19:55:57,123 - database_manager - INFO - Debates XML erfolgreich geparst: 24 Debatten, 465 Reden, 67743 Wörter
2025-09-20 19:55:57,123 - database_manager - INFO - Verarbeite Datei 1815/2945: debates2016-04-25c.xml
2025-09-20 19:55:57,123 - database_manager - INFO - Parse debates XML-Datei: debates2016-04-25c.xml
2025-09-20 19:55:57,124 - database_manager - INFO - Debates XML erfolgreich geparst: 0 Debatten, 0 Reden, 0 Wörter
2025-09-20 19:55:57,124 - database_manager - INFO - Verarbeite Datei 1816/2945: debates2020-10-22c.xml
2025-09-20 19:55:57,124 - database_manager - INFO - Parse debates XML-Datei: debates2020-10-22c.xml
2025-09-20 19:55:57,145 - database_manager - INFO - Debates XML erfolgreich geparst: 26 Debatten, 539 Reden, 68705 Wörter
2025-09-20 19:55:57,145 - database_manager - INFO - Verarbeite Datei 1817/2945: debates2013-12-17a.xml
2025-09-20 19:55:57,145 - database_manager - INFO - Parse debates XML-Datei: debates2013-12-17a.xml
2025-09-20 19:55:57,146 - database_manager - INFO - Debates XML erfolgreich geparst: 0 Debatten, 0 Reden, 0 Wörter
2025-09-20 19:55:57,146 - database_manager - INFO - Verarbeite Datei 1818/2945: debates2019-06-12a.xml
2025-09-20 19:55:57,146 - database_manager - INFO - Parse debates XML-Datei: debates2019-06-12a.xml
2025-09-20 19:55:57,147 - database_manager - INFO - Debates XML erfolgreich geparst: 0 Debatten, 0 Reden, 0 Wörter
2025-09-20 19:55:57,147 - database_manager - INFO - Verarbeite Datei 1819/2945: debates2016-10-11a.xml
2025-09-20 19:55:57,147 - database_manager - INFO - Parse debates XML-Datei: debates2016-10-11a.xml
2025-09-20 19:55:57,148 - database_manager - INFO - Debates XML erfolgreich geparst: 0 Debatten, 0 Reden, 0 Wörter
2025-09-20 19:55:57,148 - database_manager - INFO - Verarbeite Datei 1820/2945: debates2016-11-30b.xml
2025-09-20 19:55:57,148 - database_manager - INFO - Parse debates XML-Datei: debates2016-11-30b.xml
2025-09-20 19:55:57,168 - database_manager - INFO - Debates XML erfolgreich geparst: 8 Debatten, 517 Reden, 63572 Wörter
2025-09-20 19:55:57,168 - database_manager - INFO - Verarbeite Datei 1821/2945: debates2015-09-08c.xml
2025-09-20 19:55:57,168 - database_manager - INFO - Parse debates XML-Datei: debates2015-09-08c.xml
2025-09-20 19:55:57,191 - database_manager - INFO - Debates XML erfolgreich geparst: 25 Debatten, 566 Reden, 81559 Wörter
2025-09-20 19:55:57,191 - database_manager - INFO - Verarbeite Datei 1822/2945: debates2021-11-30b.xml
2025-09-20 19:55:57,191 - database_manager - INFO - Parse debates XML-Datei: debates2021-11-30b.xml
2025-09-20 19:55:57,213 - database_manager - INFO - Debates XML erfolgreich geparst: 15 Debatten, 526 Reden, 62075 Wörter
2025-09-20 19:55:57,213 - database_manager - INFO - Verarbeite Datei 1823/2945: debates2018-06-21c.xml
2025-09-20 19:55:57,213 - database_manager - INFO - Parse debates XML-Datei: debates2018-06-21c.xml
2025-09-20 19:55:57,231 - database_manager - INFO - Debates XML erfolgreich geparst: 22 Debatten, 563 Reden, 65386 Wörter
2025-09-20 19:55:57,232 - database_manager - INFO - Verarbeite Datei 1824/2945: debates2017-09-14b.xml
2025-09-20 19:55:57,232 - database_manager - INFO - Parse debates XML-Datei: debates2017-09-14b.xml
2025-09-20 19:55:57,233 - database_manager - INFO - Debates XML erfolgreich geparst: 0 Debatten, 0 Reden, 0 Wörter
2025-09-20 19:55:57,233 - database_manager - INFO - Verarbeite Datei 1825/2945: debates2015-02-03b.xml
2025-09-20 19:55:57,233 - database_manager - INFO - Parse debates XML-Datei: debates2015-02-03b.xml
2025-09-20 19:55:57,234 - database_manager - INFO - Debates XML erfolgreich geparst: 0 Debatten, 0 Reden, 0 Wörter
2025-09-20 19:55:57,234 - database_manager - INFO - Verarbeite Datei 1826/2945: debates2013-01-07a.xml
2025-09-20 19:55:57,234 - database_manager - INFO - Parse debates XML-Datei: debates2013-01-07a.xml
2025-09-20 19:55:57,235 - database_manager - INFO - Debates XML erfolgreich geparst: 0 Debatten, 0 Reden, 0 Wörter
2025-09-20 19:55:57,235 - database_manager - INFO - Verarbeite Datei 1827/2945: debates2016-03-01a.xml
2025-09-20 19:55:57,235 - database_manager - INFO - Parse debates XML-Datei: debates2016-03-01a.xml
2025-09-20 19:55:57,236 - database_manager - INFO - Debates XML erfolgreich geparst: 0 Debatten, 0 Reden, 0 Wörter
2025-09-20 19:55:57,236 - database_manager - INFO - Verarbeite Datei 1828/2945: debates2013-11-07a.xml
2025-09-20 19:55:57,236 - database_manager - INFO - Parse debates XML-Datei: debates2013-11-07a.xml
2025-09-20 19:55:57,237 - database_manager - INFO - Debates XML erfolgreich geparst: 0 Debatten, 0 Reden, 0 Wörter
2025-09-20 19:55:57,237 - database_manager - INFO - Verarbeite Datei 1829/2945: debates2020-07-06a.xml
2025-09-20 19:55:57,237 - database_manager - INFO - Parse debates XML-Datei: debates2020-07-06a.xml
2025-09-20 19:55:57,239 - database_manager - INFO - Debates XML erfolgreich geparst: 0 Debatten, 0 Reden, 0 Wörter
2025-09-20 19:55:57,239 - database_manager - INFO - Verarbeite Datei 1830/2945: debates2016-12-20b.xml
2025-09-20 19:55:57,239 - database_manager - INFO - Parse debates XML-Datei: debates2016-12-20b.xml
2025-09-20 19:55:57,253 - database_manager - INFO - Debates XML erfolgreich geparst: 16 Debatten, 350 Reden, 62075 Wörter
2025-09-20 19:55:57,253 - database_manager - INFO - Verarbeite Datei 1831/2945: debates2014-05-14b.xml
2025-09-20 19:55:57,253 - database_manager - INFO - Parse debates XML-Datei: debates2014-05-14b.xml
2025-09-20 19:55:57,254 - database_manager - INFO - Debates XML erfolgreich geparst: 0 Debatten, 0 Reden, 0 Wörter
2025-09-20 19:55:57,254 - database_manager - INFO - Verarbeite Datei 1832/2945: debates2019-05-02a.xml
2025-09-20 19:55:57,254 - database_manager - INFO - Parse debates XML-Datei: debates2019-05-02a.xml
2025-09-20 19:55:57,255 - database_manager - INFO - Debates XML erfolgreich geparst: 0 Debatten, 0 Reden, 0 Wörter
2025-09-20 19:55:57,255 - database_manager - INFO - Verarbeite Datei 1833/2945: debates2021-06-15d.xml
2025-09-20 19:55:57,255 - database_manager - INFO - Parse debates XML-Datei: debates2021-06-15d.xml
2025-09-20 19:55:57,271 - database_manager - INFO - Debates XML erfolgreich geparst: 19 Debatten, 275 Reden, 62475 Wörter
2025-09-20 19:55:57,272 - database_manager - INFO - Verarbeite Datei 1834/2945: debates2017-07-06a.xml
2025-09-20 19:55:57,272 - database_manager - INFO - Parse debates XML-Datei: debates2017-07-06a.xml
2025-09-20 19:55:57,273 - database_manager - INFO - Debates XML erfolgreich geparst: 0 Debatten, 0 Reden, 0 Wörter
2025-09-20 19:55:57,273 - database_manager - INFO - Verarbeite Datei 1835/2945: debates2018-10-24b.xml
2025-09-20 19:55:57,273 - database_manager - INFO - Parse debates XML-Datei: debates2018-10-24b.xml
2025-09-20 19:55:57,292 - database_manager - INFO - Debates XML erfolgreich geparst: 19 Debatten, 504 Reden, 67248 Wörter
2025-09-20 19:55:57,292 - database_manager - INFO - Verarbeite Datei 1836/2945: debates2018-12-19b.xml
2025-09-20 19:55:57,292 - database_manager - INFO - Parse debates XML-Datei: debates2018-12-19b.xml
2025-09-20 19:55:57,294 - database_manager - INFO - Debates XML erfolgreich geparst: 0 Debatten, 0 Reden, 0 Wörter
2025-09-20 19:55:57,294 - database_manager - INFO - Verarbeite Datei 1837/2945: debates2018-11-05a.xml
2025-09-20 19:55:57,294 - database_manager - INFO - Parse debates XML-Datei: debates2018-11-05a.xml
2025-09-20 19:55:57,312 - database_manager - INFO - Debates XML erfolgreich geparst: 20 Debatten, 602 Reden, 68333 Wörter
2025-09-20 19:55:57,313 - database_manager - INFO - Verarbeite Datei 1838/2945: debates2021-03-01a.xml
2025-09-20 19:55:57,313 - database_manager - INFO - Parse debates XML-Datei: debates2021-03-01a.xml
2025-09-20 19:55:57,313 - database_manager - INFO - Debates XML erfolgreich geparst: 0 Debatten, 0 Reden, 0 Wörter
2025-09-20 19:55:57,313 - database_manager - INFO - Verarbeite Datei 1839/2945: debates2015-01-13b.xml
2025-09-20 19:55:57,313 - database_manager - INFO - Parse debates XML-Datei: debates2015-01-13b.xml
2025-09-20 19:55:57,331 - database_manager - INFO - Debates XML erfolgreich geparst: 22 Debatten, 489 Reden, 63053 Wörter
2025-09-20 19:55:57,332 - database_manager - INFO - Verarbeite Datei 1840/2945: debates2013-06-03a.xml
2025-09-20 19:55:57,332 - database_manager - INFO - Parse debates XML-Datei: debates2013-06-03a.xml
2025-09-20 19:55:57,333 - database_manager - INFO - Debates XML erfolgreich geparst: 0 Debatten, 0 Reden, 0 Wörter
2025-09-20 19:55:57,334 - database_manager - INFO - Verarbeite Datei 1841/2945: debates2020-11-23b.xml
2025-09-20 19:55:57,334 - database_manager - INFO - Parse debates XML-Datei: debates2020-11-23b.xml
2025-09-20 19:55:57,334 - database_manager - INFO - Debates XML erfolgreich geparst: 0 Debatten, 0 Reden, 0 Wörter
2025-09-20 19:55:57,334 - database_manager - INFO - Verarbeite Datei 1842/2945: debates2016-05-24b.xml
2025-09-20 19:55:57,334 - database_manager - INFO - Parse debates XML-Datei: debates2016-05-24b.xml
2025-09-20 19:55:57,335 - database_manager - INFO - Debates XML erfolgreich geparst: 0 Debatten, 0 Reden, 0 Wörter
2025-09-20 19:55:57,335 - database_manager - INFO - Verarbeite Datei 1843/2945: debates2016-07-19b.xml
2025-09-20 19:55:57,335 - database_manager - INFO - Parse debates XML-Datei: debates2016-07-19b.xml
2025-09-20 19:55:57,337 - database_manager - INFO - Debates XML erfolgreich geparst: 4 Debatten, 9 Reden, 5492 Wörter
2025-09-20 19:55:57,337 - database_manager - INFO - Verarbeite Datei 1844/2945: debates2019-02-06a.xml
2025-09-20 19:55:57,337 - database_manager - INFO - Parse debates XML-Datei: debates2019-02-06a.xml
2025-09-20 19:55:57,345 - database_manager - INFO - Debates XML erfolgreich geparst: 18 Debatten, 260 Reden, 29143 Wörter
2025-09-20 19:55:57,345 - database_manager - INFO - Verarbeite Datei 1845/2945: debates2019-03-27b.xml
2025-09-20 19:55:57,345 - database_manager - INFO - Parse debates XML-Datei: debates2019-03-27b.xml
2025-09-20 19:55:57,375 - database_manager - INFO - Debates XML erfolgreich geparst: 23 Debatten, 711 Reden, 78902 Wörter
2025-09-20 19:55:57,376 - database_manager - INFO - Verarbeite Datei 1846/2945: debates2014-02-10b.xml
2025-09-20 19:55:57,376 - database_manager - INFO - Parse debates XML-Datei: debates2014-02-10b.xml
2025-09-20 19:55:57,394 - database_manager - INFO - Debates XML erfolgreich geparst: 27 Debatten, 585 Reden, 65544 Wörter
2025-09-20 19:55:57,394 - database_manager - INFO - Verarbeite Datei 1847/2945: debates2016-09-07b.xml
2025-09-20 19:55:57,394 - database_manager - INFO - Parse debates XML-Datei: debates2016-09-07b.xml
2025-09-20 19:55:57,410 - database_manager - INFO - Debates XML erfolgreich geparst: 11 Debatten, 428 Reden, 64423 Wörter
2025-09-20 19:55:57,410 - database_manager - INFO - Verarbeite Datei 1848/2945: debates2014-03-31a.xml
2025-09-20 19:55:57,410 - database_manager - INFO - Parse debates XML-Datei: debates2014-03-31a.xml
2025-09-20 19:55:57,430 - database_manager - INFO - Debates XML erfolgreich geparst: 25 Debatten, 553 Reden, 57743 Wörter
2025-09-20 19:55:57,430 - database_manager - INFO - Verarbeite Datei 1849/2945: debates2021-09-07b.xml
2025-09-20 19:55:57,430 - database_manager - INFO - Parse debates XML-Datei: debates2021-09-07b.xml
2025-09-20 19:55:57,431 - database_manager - INFO - Debates XML erfolgreich geparst: 0 Debatten, 0 Reden, 0 Wörter
2025-09-20 19:55:57,431 - database_manager - INFO - Verarbeite Datei 1850/2945: debates2017-01-23b.xml
2025-09-20 19:55:57,431 - database_manager - INFO - Parse debates XML-Datei: debates2017-01-23b.xml
2025-09-20 19:55:57,432 - database_manager - INFO - Debates XML erfolgreich geparst: 0 Debatten, 0 Reden, 0 Wörter
2025-09-20 19:55:57,432 - database_manager - INFO - Verarbeite Datei 1851/2945: debates2012-12-04a.xml
2025-09-20 19:55:57,432 - database_manager - INFO - Parse debates XML-Datei: debates2012-12-04a.xml
2025-09-20 19:55:57,449 - database_manager - INFO - Debates XML erfolgreich geparst: 29 Debatten, 418 Reden, 57554 Wörter
2025-09-20 19:55:57,450 - database_manager - INFO - Verarbeite Datei 1852/2945: debates2021-05-24b.xml
2025-09-20 19:55:57,450 - database_manager - INFO - Parse debates XML-Datei: debates2021-05-24b.xml
2025-09-20 19:55:57,475 - database_manager - INFO - Debates XML erfolgreich geparst: 59 Debatten, 421 Reden, 89048 Wörter
2025-09-20 19:55:57,475 - database_manager - INFO - Verarbeite Datei 1853/2945: debates2021-07-19b.xml
2025-09-20 19:55:57,475 - database_manager - INFO - Parse debates XML-Datei: debates2021-07-19b.xml
2025-09-20 19:55:57,476 - database_manager - INFO - Debates XML erfolgreich geparst: 0 Debatten, 0 Reden, 0 Wörter
2025-09-20 19:55:57,476 - database_manager - INFO - Verarbeite Datei 1854/2945: debates2017-11-23b.xml
2025-09-20 19:55:57,477 - database_manager - INFO - Parse debates XML-Datei: debates2017-11-23b.xml
2025-09-20 19:55:57,477 - database_manager - INFO - Debates XML erfolgreich geparst: 0 Debatten, 0 Reden, 0 Wörter
2025-09-20 19:55:57,478 - database_manager - INFO - Verarbeite Datei 1855/2945: debates2015-06-17b.xml
2025-09-20 19:55:57,478 - database_manager - INFO - Parse debates XML-Datei: debates2015-06-17b.xml
2025-09-20 19:55:57,495 - database_manager - INFO - Debates XML erfolgreich geparst: 14 Debatten, 464 Reden, 63753 Wörter
2025-09-20 19:55:57,496 - database_manager - INFO - Verarbeite Datei 1856/2945: debates2013-05-13a.xml
2025-09-20 19:55:57,496 - database_manager - INFO - Parse debates XML-Datei: debates2013-05-13a.xml
2025-09-20 19:55:57,513 - database_manager - INFO - Debates XML erfolgreich geparst: 2 Debatten, 295 Reden, 62407 Wörter
2025-09-20 19:55:57,514 - database_manager - INFO - Verarbeite Datei 1857/2945: debates2014-10-21a.xml
2025-09-20 19:55:57,514 - database_manager - INFO - Parse debates XML-Datei: debates2014-10-21a.xml
2025-09-20 19:55:57,515 - database_manager - INFO - Debates XML erfolgreich geparst: 0 Debatten, 0 Reden, 0 Wörter
2025-09-20 19:55:57,515 - database_manager - INFO - Verarbeite Datei 1858/2945: debates2020-03-12a.xml
2025-09-20 19:55:57,515 - database_manager - INFO - Parse debates XML-Datei: debates2020-03-12a.xml
2025-09-20 19:55:57,516 - database_manager - INFO - Debates XML erfolgreich geparst: 0 Debatten, 0 Reden, 0 Wörter
2025-09-20 19:55:57,516 - database_manager - INFO - Verarbeite Datei 1859/2945: debates2019-01-16a.xml
2025-09-20 19:55:57,516 - database_manager - INFO - Parse debates XML-Datei: debates2019-01-16a.xml
2025-09-20 19:55:57,517 - database_manager - INFO - Debates XML erfolgreich geparst: 0 Debatten, 0 Reden, 0 Wörter
2025-09-20 19:55:57,517 - database_manager - INFO - Verarbeite Datei 1860/2945: debates2012-02-08b.xml
2025-09-20 19:55:57,517 - database_manager - INFO - Parse debates XML-Datei: debates2012-02-08b.xml
2025-09-20 19:55:57,537 - database_manager - INFO - Debates XML erfolgreich geparst: 17 Debatten, 522 Reden, 62000 Wörter
2025-09-20 19:55:57,538 - database_manager - INFO - Verarbeite Datei 1861/2945: debates2021-07-15a.xml
2025-09-20 19:55:57,538 - database_manager - INFO - Parse debates XML-Datei: debates2021-07-15a.xml
2025-09-20 19:55:57,539 - database_manager - INFO - Debates XML erfolgreich geparst: 0 Debatten, 0 Reden, 0 Wörter
2025-09-20 19:55:57,539 - database_manager - INFO - Verarbeite Datei 1862/2945: debates2017-03-13e.xml
2025-09-20 19:55:57,539 - database_manager - INFO - Parse debates XML-Datei: debates2017-03-13e.xml
2025-09-20 19:55:57,558 - database_manager - INFO - Debates XML erfolgreich geparst: 22 Debatten, 515 Reden, 65455 Wörter
2025-09-20 19:55:57,559 - database_manager - INFO - Verarbeite Datei 1863/2945: debates2018-05-11a.xml
2025-09-20 19:55:57,559 - database_manager - INFO - Parse debates XML-Datei: debates2018-05-11a.xml
2025-09-20 19:55:57,570 - database_manager - INFO - Debates XML erfolgreich geparst: 2 Debatten, 261 Reden, 41301 Wörter
2025-09-20 19:55:57,571 - database_manager - INFO - Verarbeite Datei 1864/2945: debates2018-04-30b.xml
2025-09-20 19:55:57,571 - database_manager - INFO - Parse debates XML-Datei: debates2018-04-30b.xml
2025-09-20 19:55:57,590 - database_manager - INFO - Debates XML erfolgreich geparst: 17 Debatten, 563 Reden, 58506 Wörter
2025-09-20 19:55:57,591 - database_manager - INFO - Verarbeite Datei 1865/2945: debates2016-07-14a.xml
2025-09-20 19:55:57,591 - database_manager - INFO - Parse debates XML-Datei: debates2016-07-14a.xml
2025-09-20 19:55:57,591 - database_manager - INFO - Debates XML erfolgreich geparst: 0 Debatten, 0 Reden, 0 Wörter
2025-09-20 19:55:57,591 - database_manager - INFO - Verarbeite Datei 1866/2945: debates2014-10-20a.xml
2025-09-20 19:55:57,591 - database_manager - INFO - Parse debates XML-Datei: debates2014-10-20a.xml
2025-09-20 19:55:57,592 - database_manager - INFO - Debates XML erfolgreich geparst: 0 Debatten, 0 Reden, 0 Wörter
2025-09-20 19:55:57,592 - database_manager - INFO - Verarbeite Datei 1867/2945: debates2020-03-13a.xml
2025-09-20 19:55:57,592 - database_manager - INFO - Parse debates XML-Datei: debates2020-03-13a.xml
2025-09-20 19:55:57,593 - database_manager - INFO - Debates XML erfolgreich geparst: 0 Debatten, 0 Reden, 0 Wörter
2025-09-20 19:55:57,594 - database_manager - INFO - Verarbeite Datei 1868/2945: debates2019-01-17a.xml
2025-09-20 19:55:57,594 - database_manager - INFO - Parse debates XML-Datei: debates2019-01-17a.xml
2025-09-20 19:55:57,609 - database_manager - INFO - Debates XML erfolgreich geparst: 18 Debatten, 458 Reden, 66313 Wörter
2025-09-20 19:55:57,610 - database_manager - INFO - Verarbeite Datei 1869/2945: debates2017-03-13a.xml
2025-09-20 19:55:57,610 - database_manager - INFO - Parse debates XML-Datei: debates2017-03-13a.xml
2025-09-20 19:55:57,611 - database_manager - INFO - Debates XML erfolgreich geparst: 5 Debatten, 0 Reden, 0 Wörter
2025-09-20 19:55:57,611 - database_manager - INFO - Verarbeite Datei 1870/2945: debates2021-07-14a.xml
2025-09-20 19:55:57,611 - database_manager - INFO - Parse debates XML-Datei: debates2021-07-14a.xml
2025-09-20 19:55:57,612 - database_manager - INFO - Debates XML erfolgreich geparst: 0 Debatten, 0 Reden, 0 Wörter
2025-09-20 19:55:57,612 - database_manager - INFO - Verarbeite Datei 1871/2945: debates2018-05-10a.xml
2025-09-20 19:55:57,612 - database_manager - INFO - Parse debates XML-Datei: debates2018-05-10a.xml
2025-09-20 19:55:57,631 - database_manager - INFO - Debates XML erfolgreich geparst: 24 Debatten, 596 Reden, 66175 Wörter
2025-09-20 19:55:57,632 - database_manager - INFO - Verarbeite Datei 1872/2945: debates2016-07-18b.xml
2025-09-20 19:55:57,632 - database_manager - INFO - Parse debates XML-Datei: debates2016-07-18b.xml
2025-09-20 19:55:57,633 - database_manager - INFO - Debates XML erfolgreich geparst: 0 Debatten, 0 Reden, 0 Wörter
2025-09-20 19:55:57,633 - database_manager - INFO - Verarbeite Datei 1873/2945: debates2016-05-25b.xml
2025-09-20 19:55:57,633 - database_manager - INFO - Parse debates XML-Datei: debates2016-05-25b.xml
2025-09-20 19:55:57,650 - database_manager - INFO - Debates XML erfolgreich geparst: 14 Debatten, 407 Reden, 66288 Wörter
2025-09-20 19:55:57,650 - database_manager - INFO - Verarbeite Datei 1874/2945: debates2020-01-22b.xml
2025-09-20 19:55:57,650 - database_manager - INFO - Parse debates XML-Datei: debates2020-01-22b.xml
2025-09-20 19:55:57,653 - database_manager - INFO - Debates XML erfolgreich geparst: 0 Debatten, 0 Reden, 0 Wörter
2025-09-20 19:55:57,653 - database_manager - INFO - Verarbeite Datei 1875/2945: debates2019-02-07a.xml
2025-09-20 19:55:57,653 - database_manager - INFO - Parse debates XML-Datei: debates2019-02-07a.xml
2025-09-20 19:55:57,654 - database_manager - INFO - Debates XML erfolgreich geparst: 0 Debatten, 0 Reden, 0 Wörter
2025-09-20 19:55:57,654 - database_manager - INFO - Verarbeite Datei 1876/2945: debates2019-03-26b.xml
2025-09-20 19:55:57,654 - database_manager - INFO - Parse debates XML-Datei: debates2019-03-26b.xml
2025-09-20 19:55:57,655 - database_manager - INFO - Debates XML erfolgreich geparst: 0 Debatten, 0 Reden, 0 Wörter
2025-09-20 19:55:57,655 - database_manager - INFO - Verarbeite Datei 1877/2945: debates2021-09-06b.xml
2025-09-20 19:55:57,655 - database_manager - INFO - Parse debates XML-Datei: debates2021-09-06b.xml
2025-09-20 19:55:57,656 - database_manager - INFO - Debates XML erfolgreich geparst: 0 Debatten, 0 Reden, 0 Wörter
2025-09-20 19:55:57,656 - database_manager - INFO - Verarbeite Datei 1878/2945: debates2018-10-09c.xml
2025-09-20 19:55:57,656 - database_manager - INFO - Parse debates XML-Datei: debates2018-10-09c.xml
2025-09-20 19:55:57,670 - database_manager - INFO - Debates XML erfolgreich geparst: 18 Debatten, 473 Reden, 54767 Wörter
2025-09-20 19:55:57,671 - database_manager - INFO - Verarbeite Datei 1879/2945: debates2015-02-23d.xml
2025-09-20 19:55:57,671 - database_manager - INFO - Parse debates XML-Datei: debates2015-02-23d.xml
2025-09-20 19:55:57,692 - database_manager - INFO - Debates XML erfolgreich geparst: 40 Debatten, 493 Reden, 70824 Wörter
2025-09-20 19:55:57,692 - database_manager - INFO - Verarbeite Datei 1880/2945: debates2021-05-25b.xml
2025-09-20 19:55:57,692 - database_manager - INFO - Parse debates XML-Datei: debates2021-05-25b.xml
2025-09-20 19:55:57,707 - database_manager - INFO - Debates XML erfolgreich geparst: 29 Debatten, 362 Reden, 48643 Wörter
2025-09-20 19:55:57,708 - database_manager - INFO - Verarbeite Datei 1881/2945: debates2012-12-05a.xml
2025-09-20 19:55:57,708 - database_manager - INFO - Parse debates XML-Datei: debates2012-12-05a.xml
2025-09-20 19:55:57,725 - database_manager - INFO - Debates XML erfolgreich geparst: 23 Debatten, 448 Reden, 58373 Wörter
2025-09-20 19:55:57,725 - database_manager - INFO - Verarbeite Datei 1882/2945: debates2015-06-16b.xml
2025-09-20 19:55:57,725 - database_manager - INFO - Parse debates XML-Datei: debates2015-06-16b.xml
2025-09-20 19:55:57,726 - database_manager - INFO - Debates XML erfolgreich geparst: 0 Debatten, 0 Reden, 0 Wörter
2025-09-20 19:55:57,726 - database_manager - INFO - Verarbeite Datei 1883/2945: debates2018-11-29d.xml
2025-09-20 19:55:57,726 - database_manager - INFO - Parse debates XML-Datei: debates2018-11-29d.xml
2025-09-20 19:55:57,742 - database_manager - INFO - Debates XML erfolgreich geparst: 17 Debatten, 459 Reden, 54830 Wörter
2025-09-20 19:55:57,742 - database_manager - INFO - Verarbeite Datei 1884/2945: debates2020-02-13d.xml
2025-09-20 19:55:57,742 - database_manager - INFO - Parse debates XML-Datei: debates2020-02-13d.xml
2025-09-20 19:55:57,743 - database_manager - INFO - Debates XML erfolgreich geparst: 0 Debatten, 0 Reden, 0 Wörter
2025-09-20 19:55:57,743 - database_manager - INFO - Verarbeite Datei 1885/2945: debates2020-07-06e.xml
2025-09-20 19:55:57,743 - database_manager - INFO - Parse debates XML-Datei: debates2020-07-06e.xml
2025-09-20 19:55:57,760 - database_manager - INFO - Debates XML erfolgreich geparst: 35 Debatten, 386 Reden, 71645 Wörter
2025-09-20 19:55:57,761 - database_manager - INFO - Verarbeite Datei 1886/2945: debates2020-07-07a.xml
2025-09-20 19:55:57,761 - database_manager - INFO - Parse debates XML-Datei: debates2020-07-07a.xml
2025-09-20 19:55:57,762 - database_manager - INFO - Debates XML erfolgreich geparst: 0 Debatten, 0 Reden, 0 Wörter
2025-09-20 19:55:57,762 - database_manager - INFO - Verarbeite Datei 1887/2945: debates2013-11-06a.xml
2025-09-20 19:55:57,762 - database_manager - INFO - Parse debates XML-Datei: debates2013-11-06a.xml
2025-09-20 19:55:57,763 - database_manager - INFO - Debates XML erfolgreich geparst: 0 Debatten, 0 Reden, 0 Wörter
2025-09-20 19:55:57,763 - database_manager - INFO - Verarbeite Datei 1888/2945: debates2014-06-09a.xml
2025-09-20 19:55:57,763 - database_manager - INFO - Parse debates XML-Datei: debates2014-06-09a.xml
2025-09-20 19:55:57,781 - database_manager - INFO - Debates XML erfolgreich geparst: 6 Debatten, 430 Reden, 69819 Wörter
2025-09-20 19:55:57,782 - database_manager - INFO - Verarbeite Datei 1889/2945: debates2012-05-01a.xml
2025-09-20 19:55:57,782 - database_manager - INFO - Parse debates XML-Datei: debates2012-05-01a.xml
2025-09-20 19:55:57,782 - database_manager - INFO - Debates XML erfolgreich geparst: 1 Debatten, 2 Reden, 860 Wörter
2025-09-20 19:55:57,782 - database_manager - INFO - Verarbeite Datei 1890/2945: debates2018-12-18b.xml
2025-09-20 19:55:57,782 - database_manager - INFO - Parse debates XML-Datei: debates2018-12-18b.xml
2025-09-20 19:55:57,783 - database_manager - INFO - Debates XML erfolgreich geparst: 0 Debatten, 0 Reden, 0 Wörter
2025-09-20 19:55:57,783 - database_manager - INFO - Verarbeite Datei 1891/2945: debates2015-01-12b.xml
2025-09-20 19:55:57,783 - database_manager - INFO - Parse debates XML-Datei: debates2015-01-12b.xml
2025-09-20 19:55:57,784 - database_manager - INFO - Debates XML erfolgreich geparst: 0 Debatten, 0 Reden, 0 Wörter
2025-09-20 19:55:57,784 - database_manager - INFO - Verarbeite Datei 1892/2945: debates2020-09-15b.xml
2025-09-20 19:55:57,784 - database_manager - INFO - Parse debates XML-Datei: debates2020-09-15b.xml
2025-09-20 19:55:57,785 - database_manager - INFO - Debates XML erfolgreich geparst: 0 Debatten, 0 Reden, 0 Wörter
2025-09-20 19:55:57,785 - database_manager - INFO - Verarbeite Datei 1893/2945: debates2019-06-12e.xml
2025-09-20 19:55:57,785 - database_manager - INFO - Parse debates XML-Datei: debates2019-06-12e.xml
2025-09-20 19:55:57,806 - database_manager - INFO - Debates XML erfolgreich geparst: 15 Debatten, 558 Reden, 73852 Wörter
2025-09-20 19:55:57,807 - database_manager - INFO - Verarbeite Datei 1894/2945: debates2020-11-03d.xml
2025-09-20 19:55:57,807 - database_manager - INFO - Parse debates XML-Datei: debates2020-11-03d.xml
2025-09-20 19:55:57,825 - database_manager - INFO - Debates XML erfolgreich geparst: 21 Debatten, 472 Reden, 64199 Wörter
2025-09-20 19:55:57,826 - database_manager - INFO - Verarbeite Datei 1895/2945: debates2013-12-16a.xml
2025-09-20 19:55:57,826 - database_manager - INFO - Parse debates XML-Datei: debates2013-12-16a.xml
2025-09-20 19:55:57,827 - database_manager - INFO - Debates XML erfolgreich geparst: 0 Debatten, 0 Reden, 0 Wörter
2025-09-20 19:55:57,827 - database_manager - INFO - Verarbeite Datei 1896/2945: debates2019-06-13a.xml
2025-09-20 19:55:57,827 - database_manager - INFO - Parse debates XML-Datei: debates2019-06-13a.xml
2025-09-20 19:55:57,828 - database_manager - INFO - Debates XML erfolgreich geparst: 0 Debatten, 0 Reden, 0 Wörter
2025-09-20 19:55:57,828 - database_manager - INFO - Verarbeite Datei 1897/2945: debates2016-10-10a.xml
2025-09-20 19:55:57,828 - database_manager - INFO - Parse debates XML-Datei: debates2016-10-10a.xml
2025-09-20 19:55:57,829 - database_manager - INFO - Debates XML erfolgreich geparst: 0 Debatten, 0 Reden, 0 Wörter
2025-09-20 19:55:57,829 - database_manager - INFO - Verarbeite Datei 1898/2945: debates2014-06-05b.xml
2025-09-20 19:55:57,829 - database_manager - INFO - Parse debates XML-Datei: debates2014-06-05b.xml
2025-09-20 19:55:57,829 - database_manager - INFO - Debates XML erfolgreich geparst: 0 Debatten, 0 Reden, 0 Wörter
2025-09-20 19:55:57,829 - database_manager - INFO - Verarbeite Datei 1899/2945: debates2012-06-11a.xml
2025-09-20 19:55:57,829 - database_manager - INFO - Parse debates XML-Datei: debates2012-06-11a.xml
2025-09-20 19:55:57,830 - database_manager - INFO - Debates XML erfolgreich geparst: 0 Debatten, 0 Reden, 0 Wörter
2025-09-20 19:55:57,830 - database_manager - INFO - Verarbeite Datei 1900/2945: debates2018-10-29a.xml
2025-09-20 19:55:57,830 - database_manager - INFO - Parse debates XML-Datei: debates2018-10-29a.xml
2025-09-20 19:55:57,845 - database_manager - INFO - Debates XML erfolgreich geparst: 16 Debatten, 300 Reden, 63583 Wörter
2025-09-20 19:55:57,845 - database_manager - INFO - Verarbeite Datei 1901/2945: debates2015-12-02b.xml
2025-09-20 19:55:57,845 - database_manager - INFO - Parse debates XML-Datei: debates2015-12-02b.xml
2025-09-20 19:55:57,847 - database_manager - INFO - Debates XML erfolgreich geparst: 0 Debatten, 0 Reden, 0 Wörter
2025-09-20 19:55:57,847 - database_manager - INFO - Verarbeite Datei 1902/2945: debates2015-03-23a.xml
2025-09-20 19:55:57,847 - database_manager - INFO - Parse debates XML-Datei: debates2015-03-23a.xml
2025-09-20 19:55:57,848 - database_manager - INFO - Debates XML erfolgreich geparst: 0 Debatten, 0 Reden, 0 Wörter
2025-09-20 19:55:57,848 - database_manager - INFO - Verarbeite Datei 1903/2945: debates2018-01-08b.xml
2025-09-20 19:55:57,848 - database_manager - INFO - Parse debates XML-Datei: debates2018-01-08b.xml
2025-09-20 19:55:57,849 - database_manager - INFO - Debates XML erfolgreich geparst: 0 Debatten, 0 Reden, 0 Wörter
2025-09-20 19:55:57,849 - database_manager - INFO - Verarbeite Datei 1904/2945: debates2019-05-15a.xml
2025-09-20 19:55:57,849 - database_manager - INFO - Parse debates XML-Datei: debates2019-05-15a.xml
2025-09-20 19:55:57,850 - database_manager - INFO - Debates XML erfolgreich geparst: 0 Debatten, 0 Reden, 0 Wörter
2025-09-20 19:55:57,850 - database_manager - INFO - Verarbeite Datei 1905/2945: debates2020-06-30b.xml
2025-09-20 19:55:57,850 - database_manager - INFO - Parse debates XML-Datei: debates2020-06-30b.xml
2025-09-20 19:55:57,851 - database_manager - INFO - Debates XML erfolgreich geparst: 0 Debatten, 0 Reden, 0 Wörter
2025-09-20 19:55:57,851 - database_manager - INFO - Verarbeite Datei 1906/2945: debates2016-03-16a.xml
2025-09-20 19:55:57,851 - database_manager - INFO - Parse debates XML-Datei: debates2016-03-16a.xml
2025-09-20 19:55:57,852 - database_manager - INFO - Debates XML erfolgreich geparst: 0 Debatten, 0 Reden, 0 Wörter
2025-09-20 19:55:57,852 - database_manager - INFO - Verarbeite Datei 1907/2945: debates2013-01-10a.xml
2025-09-20 19:55:57,852 - database_manager - INFO - Parse debates XML-Datei: debates2013-01-10a.xml
2025-09-20 19:55:57,868 - database_manager - INFO - Debates XML erfolgreich geparst: 25 Debatten, 442 Reden, 64952 Wörter
2025-09-20 19:55:57,868 - database_manager - INFO - Verarbeite Datei 1908/2945: debates2021-07-22c.xml
2025-09-20 19:55:57,868 - database_manager - INFO - Parse debates XML-Datei: debates2021-07-22c.xml
2025-09-20 19:55:57,869 - database_manager - INFO - Debates XML erfolgreich geparst: 0 Debatten, 0 Reden, 0 Wörter
2025-09-20 19:55:57,869 - database_manager - INFO - Verarbeite Datei 1909/2945: debates2021-03-16a.xml
2025-09-20 19:55:57,869 - database_manager - INFO - Parse debates XML-Datei: debates2021-03-16a.xml
2025-09-20 19:55:57,871 - database_manager - INFO - Debates XML erfolgreich geparst: 0 Debatten, 0 Reden, 0 Wörter
2025-09-20 19:55:57,871 - database_manager - INFO - Verarbeite Datei 1910/2945: debates2018-11-12a.xml
2025-09-20 19:55:57,871 - database_manager - INFO - Parse debates XML-Datei: debates2018-11-12a.xml
2025-09-20 19:55:57,873 - database_manager - INFO - Debates XML erfolgreich geparst: 0 Debatten, 0 Reden, 0 Wörter
2025-09-20 19:55:57,873 - database_manager - INFO - Verarbeite Datei 1911/2945: debates2017-07-11a.xml
2025-09-20 19:55:57,873 - database_manager - INFO - Parse debates XML-Datei: debates2017-07-11a.xml
2025-09-20 19:55:57,874 - database_manager - INFO - Debates XML erfolgreich geparst: 0 Debatten, 0 Reden, 0 Wörter
2025-09-20 19:55:57,874 - database_manager - INFO - Verarbeite Datei 1912/2945: debates2012-05-17a.xml
2025-09-20 19:55:57,874 - database_manager - INFO - Parse debates XML-Datei: debates2012-05-17a.xml
2025-09-20 19:55:57,876 - database_manager - INFO - Debates XML erfolgreich geparst: 0 Debatten, 0 Reden, 0 Wörter
2025-09-20 19:55:57,876 - database_manager - INFO - Verarbeite Datei 1913/2945: debates2019-07-24b.xml
2025-09-20 19:55:57,876 - database_manager - INFO - Parse debates XML-Datei: debates2019-07-24b.xml
2025-09-20 19:55:57,891 - database_manager - INFO - Debates XML erfolgreich geparst: 18 Debatten, 442 Reden, 61185 Wörter
2025-09-20 19:55:57,892 - database_manager - INFO - Verarbeite Datei 1914/2945: debates2019-06-05a.xml
2025-09-20 19:55:57,892 - database_manager - INFO - Parse debates XML-Datei: debates2019-06-05a.xml
2025-09-20 19:55:57,905 - database_manager - INFO - Debates XML erfolgreich geparst: 15 Debatten, 391 Reden, 55816 Wörter
2025-09-20 19:55:57,906 - database_manager - INFO - Verarbeite Datei 1915/2945: debates2016-01-27b.xml
2025-09-20 19:55:57,906 - database_manager - INFO - Parse debates XML-Datei: debates2016-01-27b.xml
2025-09-20 19:55:57,907 - database_manager - INFO - Debates XML erfolgreich geparst: 0 Debatten, 0 Reden, 0 Wörter
2025-09-20 19:55:57,907 - database_manager - INFO - Verarbeite Datei 1916/2945: debates2020-01-15d.xml
2025-09-20 19:55:57,907 - database_manager - INFO - Parse debates XML-Datei: debates2020-01-15d.xml
2025-09-20 19:55:57,921 - database_manager - INFO - Debates XML erfolgreich geparst: 13 Debatten, 293 Reden, 61289 Wörter
2025-09-20 19:55:57,922 - database_manager - INFO - Verarbeite Datei 1917/2945: debates2020-09-03b.xml
2025-09-20 19:55:57,922 - database_manager - INFO - Parse debates XML-Datei: debates2020-09-03b.xml
2025-09-20 19:55:57,931 - database_manager - INFO - Debates XML erfolgreich geparst: 17 Debatten, 308 Reden, 33742 Wörter
2025-09-20 19:55:57,931 - database_manager - INFO - Verarbeite Datei 1918/2945: debates2013-03-21b.xml
2025-09-20 19:55:57,931 - database_manager - INFO - Parse debates XML-Datei: debates2013-03-21b.xml
2025-09-20 19:55:57,950 - database_manager - INFO - Debates XML erfolgreich geparst: 23 Debatten, 531 Reden, 63362 Wörter
2025-09-20 19:55:57,951 - database_manager - INFO - Verarbeite Datei 1919/2945: debates2018-02-02a.xml
2025-09-20 19:55:57,951 - database_manager - INFO - Parse debates XML-Datei: debates2018-02-02a.xml
2025-09-20 19:55:57,951 - database_manager - INFO - Debates XML erfolgreich geparst: 0 Debatten, 0 Reden, 0 Wörter
2025-09-20 19:55:57,951 - database_manager - INFO - Verarbeite Datei 1920/2945: debates2015-01-08a.xml
2025-09-20 19:55:57,951 - database_manager - INFO - Parse debates XML-Datei: debates2015-01-08a.xml
2025-09-20 19:55:57,952 - database_manager - INFO - Debates XML erfolgreich geparst: 0 Debatten, 0 Reden, 0 Wörter
2025-09-20 19:55:57,952 - database_manager - INFO - Verarbeite Datei 1921/2945: debates2014-04-02c.xml
2025-09-20 19:55:57,952 - database_manager - INFO - Parse debates XML-Datei: debates2014-04-02c.xml
2025-09-20 19:55:57,966 - database_manager - INFO - Debates XML erfolgreich geparst: 11 Debatten, 355 Reden, 50301 Wörter
2025-09-20 19:55:57,966 - database_manager - INFO - Verarbeite Datei 1922/2945: debates2020-03-05a.xml
2025-09-20 19:55:57,966 - database_manager - INFO - Parse debates XML-Datei: debates2020-03-05a.xml
2025-09-20 19:55:57,967 - database_manager - INFO - Debates XML erfolgreich geparst: 0 Debatten, 0 Reden, 0 Wörter
2025-09-20 19:55:57,967 - database_manager - INFO - Verarbeite Datei 1923/2945: debates2020-02-24b.xml
2025-09-20 19:55:57,967 - database_manager - INFO - Parse debates XML-Datei: debates2020-02-24b.xml
2025-09-20 19:55:57,968 - database_manager - INFO - Debates XML erfolgreich geparst: 0 Debatten, 0 Reden, 0 Wörter
2025-09-20 19:55:57,968 - database_manager - INFO - Verarbeite Datei 1924/2945: debates2020-10-19b.xml
2025-09-20 19:55:57,968 - database_manager - INFO - Parse debates XML-Datei: debates2020-10-19b.xml
2025-09-20 19:55:57,969 - database_manager - INFO - Debates XML erfolgreich geparst: 0 Debatten, 0 Reden, 0 Wörter
2025-09-20 19:55:57,969 - database_manager - INFO - Verarbeite Datei 1925/2945: debates2013-04-25b.xml
2025-09-20 19:55:57,969 - database_manager - INFO - Parse debates XML-Datei: debates2013-04-25b.xml
2025-09-20 19:55:57,980 - database_manager - INFO - Debates XML erfolgreich geparst: 29 Debatten, 351 Reden, 33241 Wörter
2025-09-20 19:55:57,980 - database_manager - INFO - Verarbeite Datei 1926/2945: debates2013-06-18b.xml
2025-09-20 19:55:57,980 - database_manager - INFO - Parse debates XML-Datei: debates2013-06-18b.xml
2025-09-20 19:55:57,981 - database_manager - INFO - Debates XML erfolgreich geparst: 0 Debatten, 0 Reden, 0 Wörter
2025-09-20 19:55:57,981 - database_manager - INFO - Verarbeite Datei 1927/2945: debates2017-10-19b.xml
2025-09-20 19:55:57,981 - database_manager - INFO - Parse debates XML-Datei: debates2017-10-19b.xml
2025-09-20 19:55:57,982 - database_manager - INFO - Debates XML erfolgreich geparst: 0 Debatten, 0 Reden, 0 Wörter
2025-09-20 19:55:57,982 - database_manager - INFO - Verarbeite Datei 1928/2945: debates2018-04-27b.xml
2025-09-20 19:55:57,982 - database_manager - INFO - Parse debates XML-Datei: debates2018-04-27b.xml
2025-09-20 19:55:57,992 - database_manager - INFO - Debates XML erfolgreich geparst: 7 Debatten, 195 Reden, 41464 Wörter
2025-09-20 19:55:57,992 - database_manager - INFO - Verarbeite Datei 1929/2945: debates2021-06-23b.xml
2025-09-20 19:55:57,992 - database_manager - INFO - Parse debates XML-Datei: debates2021-06-23b.xml
2025-09-20 19:55:58,010 - database_manager - INFO - Debates XML erfolgreich geparst: 18 Debatten, 348 Reden, 55784 Wörter
2025-09-20 19:55:58,011 - database_manager - INFO - Verarbeite Datei 1930/2945: debates2014-03-26a.xml
2025-09-20 19:55:58,011 - database_manager - INFO - Parse debates XML-Datei: debates2014-03-26a.xml
2025-09-20 19:55:58,025 - database_manager - INFO - Debates XML erfolgreich geparst: 23 Debatten, 467 Reden, 49057 Wörter
2025-09-20 19:55:58,026 - database_manager - INFO - Verarbeite Datei 1931/2945: debates2019-02-11a.xml
2025-09-20 19:55:58,026 - database_manager - INFO - Parse debates XML-Datei: debates2019-02-11a.xml
2025-09-20 19:55:58,027 - database_manager - INFO - Debates XML erfolgreich geparst: 0 Debatten, 0 Reden, 0 Wörter
2025-09-20 19:55:58,027 - database_manager - INFO - Verarbeite Datei 1932/2945: debates2020-03-09b.xml
2025-09-20 19:55:58,027 - database_manager - INFO - Parse debates XML-Datei: debates2020-03-09b.xml
2025-09-20 19:55:58,028 - database_manager - INFO - Debates XML erfolgreich geparst: 0 Debatten, 0 Reden, 0 Wörter
2025-09-20 19:55:58,028 - database_manager - INFO - Verarbeite Datei 1933/2945: debates2016-04-12a.xml
2025-09-20 19:55:58,028 - database_manager - INFO - Parse debates XML-Datei: debates2016-04-12a.xml
2025-09-20 19:55:58,029 - database_manager - INFO - Debates XML erfolgreich geparst: 0 Debatten, 0 Reden, 0 Wörter
2025-09-20 19:55:58,029 - database_manager - INFO - Verarbeite Datei 1934/2945: debates2013-05-08b.xml
2025-09-20 19:55:58,029 - database_manager - INFO - Parse debates XML-Datei: debates2013-05-08b.xml
2025-09-20 19:55:58,045 - database_manager - INFO - Debates XML erfolgreich geparst: 2 Debatten, 238 Reden, 62634 Wörter
2025-09-20 19:55:58,045 - database_manager - INFO - Verarbeite Datei 1935/2945: debates2020-10-15a.xml
2025-09-20 19:55:58,045 - database_manager - INFO - Parse debates XML-Datei: debates2020-10-15a.xml
2025-09-20 19:55:58,046 - database_manager - INFO - Debates XML erfolgreich geparst: 0 Debatten, 0 Reden, 0 Wörter
2025-09-20 19:55:58,046 - database_manager - INFO - Verarbeite Datei 1936/2945: debates2015-07-21a.xml
2025-09-20 19:55:58,046 - database_manager - INFO - Parse debates XML-Datei: debates2015-07-21a.xml
2025-09-20 19:55:58,064 - database_manager - INFO - Debates XML erfolgreich geparst: 30 Debatten, 559 Reden, 58194 Wörter
2025-09-20 19:55:58,065 - database_manager - INFO - Verarbeite Datei 1937/2945: debates2012-12-13a.xml
2025-09-20 19:55:58,065 - database_manager - INFO - Parse debates XML-Datei: debates2012-12-13a.xml
2025-09-20 19:55:58,079 - database_manager - INFO - Debates XML erfolgreich geparst: 22 Debatten, 441 Reden, 52465 Wörter
2025-09-20 19:55:58,079 - database_manager - INFO - Verarbeite Datei 1938/2945: debates2021-04-12a.xml
2025-09-20 19:55:58,079 - database_manager - INFO - Parse debates XML-Datei: debates2021-04-12a.xml
2025-09-20 19:55:58,081 - database_manager - INFO - Debates XML erfolgreich geparst: 0 Debatten, 0 Reden, 0 Wörter
2025-09-20 19:55:58,081 - database_manager - INFO - Verarbeite Datei 1939/2945: debates2017-03-09b.xml
2025-09-20 19:55:58,081 - database_manager - INFO - Parse debates XML-Datei: debates2017-03-09b.xml
2025-09-20 19:55:58,602 - database_manager - INFO - Debates XML erfolgreich geparst: 13 Debatten, 526 Reden, 64987 Wörter
2025-09-20 19:55:58,602 - database_manager - INFO - Verarbeite Datei 1940/2945: debates2021-04-13e.xml
2025-09-20 19:55:58,602 - database_manager - INFO - Parse debates XML-Datei: debates2021-04-13e.xml
2025-09-20 19:55:58,622 - database_manager - INFO - Debates XML erfolgreich geparst: 19 Debatten, 384 Reden, 75923 Wörter
2025-09-20 19:55:58,623 - database_manager - INFO - Verarbeite Datei 1941/2945: debates2017-02-28a.xml
2025-09-20 19:55:58,623 - database_manager - INFO - Parse debates XML-Datei: debates2017-02-28a.xml
2025-09-20 19:55:58,640 - database_manager - INFO - Debates XML erfolgreich geparst: 39 Debatten, 497 Reden, 63993 Wörter
2025-09-20 19:55:58,640 - database_manager - INFO - Verarbeite Datei 1942/2945: debates2021-10-26c.xml
2025-09-20 19:55:58,640 - database_manager - INFO - Parse debates XML-Datei: debates2021-10-26c.xml
2025-09-20 19:55:58,655 - database_manager - INFO - Debates XML erfolgreich geparst: 18 Debatten, 377 Reden, 63352 Wörter
2025-09-20 19:55:58,656 - database_manager - INFO - Verarbeite Datei 1943/2945: debates2021-10-26b.xml
2025-09-20 19:55:58,656 - database_manager - INFO - Parse debates XML-Datei: debates2021-10-26b.xml
2025-09-20 19:55:58,656 - database_manager - INFO - Debates XML erfolgreich geparst: 0 Debatten, 0 Reden, 0 Wörter
2025-09-20 19:55:58,657 - database_manager - INFO - Verarbeite Datei 1944/2945: debates2012-07-06a.xml
2025-09-20 19:55:58,657 - database_manager - INFO - Parse debates XML-Datei: debates2012-07-06a.xml
2025-09-20 19:55:58,669 - database_manager - INFO - Debates XML erfolgreich geparst: 3 Debatten, 271 Reden, 38312 Wörter
2025-09-20 19:55:58,669 - database_manager - INFO - Verarbeite Datei 1945/2945: debates2021-04-13d.xml
2025-09-20 19:55:58,669 - database_manager - INFO - Parse debates XML-Datei: debates2021-04-13d.xml
2025-09-20 19:55:58,670 - database_manager - INFO - Debates XML erfolgreich geparst: 0 Debatten, 0 Reden, 0 Wörter
2025-09-20 19:55:58,670 - database_manager - INFO - Verarbeite Datei 1946/2945: debates2012-09-18a.xml
2025-09-20 19:55:58,670 - database_manager - INFO - Parse debates XML-Datei: debates2012-09-18a.xml
2025-09-20 19:55:58,685 - database_manager - INFO - Debates XML erfolgreich geparst: 21 Debatten, 310 Reden, 63558 Wörter
2025-09-20 19:55:58,685 - database_manager - INFO - Verarbeite Datei 1947/2945: debates2015-01-28b.xml
2025-09-20 19:55:58,685 - database_manager - INFO - Parse debates XML-Datei: debates2015-01-28b.xml
2025-09-20 19:55:58,702 - database_manager - INFO - Debates XML erfolgreich geparst: 16 Debatten, 492 Reden, 60739 Wörter
2025-09-20 19:55:58,703 - database_manager - INFO - Verarbeite Datei 1948/2945: debates2020-09-23a.xml
2025-09-20 19:55:58,703 - database_manager - INFO - Parse debates XML-Datei: debates2020-09-23a.xml
2025-09-20 19:55:58,704 - database_manager - INFO - Debates XML erfolgreich geparst: 0 Debatten, 0 Reden, 0 Wörter
2025-09-20 19:55:58,704 - database_manager - INFO - Verarbeite Datei 1949/2945: debates2013-03-01a.xml
2025-09-20 19:55:58,704 - database_manager - INFO - Parse debates XML-Datei: debates2013-03-01a.xml
2025-09-20 19:55:58,713 - database_manager - INFO - Debates XML erfolgreich geparst: 2 Debatten, 166 Reden, 39672 Wörter
2025-09-20 19:55:58,713 - database_manager - INFO - Verarbeite Datei 1950/2945: debates2016-01-07a.xml
2025-09-20 19:55:58,713 - database_manager - INFO - Parse debates XML-Datei: debates2016-01-07a.xml
2025-09-20 19:55:58,714 - database_manager - INFO - Debates XML erfolgreich geparst: 1 Debatten, 0 Reden, 0 Wörter
2025-09-20 19:55:58,714 - database_manager - INFO - Verarbeite Datei 1951/2945: debates2016-11-07a.xml
2025-09-20 19:55:58,714 - database_manager - INFO - Parse debates XML-Datei: debates2016-11-07a.xml
2025-09-20 19:55:58,734 - database_manager - INFO - Debates XML erfolgreich geparst: 24 Debatten, 644 Reden, 64375 Wörter
2025-09-20 19:55:58,734 - database_manager - INFO - Verarbeite Datei 1952/2945: debates2020-03-09c.xml
2025-09-20 19:55:58,734 - database_manager - INFO - Parse debates XML-Datei: debates2020-03-09c.xml
2025-09-20 19:55:58,750 - database_manager - INFO - Debates XML erfolgreich geparst: 22 Debatten, 440 Reden, 62037 Wörter
2025-09-20 19:55:58,750 - database_manager - INFO - Verarbeite Datei 1953/2945: debates2019-07-04a.xml
2025-09-20 19:55:58,750 - database_manager - INFO - Parse debates XML-Datei: debates2019-07-04a.xml
2025-09-20 19:55:58,751 - database_manager - INFO - Debates XML erfolgreich geparst: 0 Debatten, 0 Reden, 0 Wörter
2025-09-20 19:55:58,751 - database_manager - INFO - Verarbeite Datei 1954/2945: debates2012-04-16a.xml
2025-09-20 19:55:58,751 - database_manager - INFO - Parse debates XML-Datei: debates2012-04-16a.xml
2025-09-20 19:55:58,753 - database_manager - INFO - Debates XML erfolgreich geparst: 0 Debatten, 0 Reden, 0 Wörter
2025-09-20 19:55:58,753 - database_manager - INFO - Verarbeite Datei 1955/2945: debates2015-11-24a.xml
2025-09-20 19:55:58,753 - database_manager - INFO - Parse debates XML-Datei: debates2015-11-24a.xml
2025-09-20 19:55:58,754 - database_manager - INFO - Debates XML erfolgreich geparst: 0 Debatten, 0 Reden, 0 Wörter
2025-09-20 19:55:58,754 - database_manager - INFO - Verarbeite Datei 1956/2945: debates2017-10-19c.xml
2025-09-20 19:55:58,754 - database_manager - INFO - Parse debates XML-Datei: debates2017-10-19c.xml
2025-09-20 19:55:58,769 - database_manager - INFO - Debates XML erfolgreich geparst: 21 Debatten, 441 Reden, 63316 Wörter
2025-09-20 19:55:58,769 - database_manager - INFO - Verarbeite Datei 1957/2945: debates2015-03-19a.xml
2025-09-20 19:55:58,769 - database_manager - INFO - Parse debates XML-Datei: debates2015-03-19a.xml
2025-09-20 19:55:58,785 - database_manager - INFO - Debates XML erfolgreich geparst: 16 Debatten, 435 Reden, 63276 Wörter
2025-09-20 19:55:58,786 - database_manager - INFO - Verarbeite Datei 1958/2945: debates2020-03-04d.xml
2025-09-20 19:55:58,786 - database_manager - INFO - Parse debates XML-Datei: debates2020-03-04d.xml
2025-09-20 19:55:58,802 - database_manager - INFO - Debates XML erfolgreich geparst: 10 Debatten, 369 Reden, 64630 Wörter
2025-09-20 19:55:58,803 - database_manager - INFO - Verarbeite Datei 1959/2945: debates2013-06-18c.xml
2025-09-20 19:55:58,803 - database_manager - INFO - Parse debates XML-Datei: debates2013-06-18c.xml
2025-09-20 19:55:58,818 - database_manager - INFO - Debates XML erfolgreich geparst: 20 Debatten, 449 Reden, 57731 Wörter
2025-09-20 19:55:58,819 - database_manager - INFO - Verarbeite Datei 1960/2945: debates2020-10-19c.xml
2025-09-20 19:55:58,819 - database_manager - INFO - Parse debates XML-Datei: debates2020-10-19c.xml
2025-09-20 19:55:58,819 - database_manager - INFO - Debates XML erfolgreich geparst: 0 Debatten, 0 Reden, 0 Wörter
2025-09-20 19:55:58,819 - database_manager - INFO - Verarbeite Datei 1961/2945: debates2020-06-10a.xml
2025-09-20 19:55:58,819 - database_manager - INFO - Parse debates XML-Datei: debates2020-06-10a.xml
2025-09-20 19:55:58,821 - database_manager - INFO - Debates XML erfolgreich geparst: 0 Debatten, 0 Reden, 0 Wörter
2025-09-20 19:55:58,821 - database_manager - INFO - Verarbeite Datei 1962/2945: debates2020-02-24c.xml
2025-09-20 19:55:58,821 - database_manager - INFO - Parse debates XML-Datei: debates2020-02-24c.xml
2025-09-20 19:55:58,845 - database_manager - INFO - Debates XML erfolgreich geparst: 18 Debatten, 565 Reden, 73055 Wörter
2025-09-20 19:55:58,845 - database_manager - INFO - Verarbeite Datei 1963/2945: debates2014-04-02b.xml
2025-09-20 19:55:58,845 - database_manager - INFO - Parse debates XML-Datei: debates2014-04-02b.xml
2025-09-20 19:55:58,846 - database_manager - INFO - Debates XML erfolgreich geparst: 0 Debatten, 0 Reden, 0 Wörter
2025-09-20 19:55:58,846 - database_manager - INFO - Verarbeite Datei 1964/2945: debates2012-03-12a.xml
2025-09-20 19:55:58,846 - database_manager - INFO - Parse debates XML-Datei: debates2012-03-12a.xml
2025-09-20 19:55:58,859 - database_manager - INFO - Debates XML erfolgreich geparst: 26 Debatten, 431 Reden, 50193 Wörter
2025-09-20 19:55:58,860 - database_manager - INFO - Verarbeite Datei 1965/2945: debates2017-03-29a.xml
2025-09-20 19:55:58,860 - database_manager - INFO - Parse debates XML-Datei: debates2017-03-29a.xml
2025-09-20 19:55:58,861 - database_manager - INFO - Debates XML erfolgreich geparst: 0 Debatten, 0 Reden, 0 Wörter
2025-09-20 19:55:58,861 - database_manager - INFO - Verarbeite Datei 1966/2945: debates2017-02-08b.xml
2025-09-20 19:55:58,861 - database_manager - INFO - Parse debates XML-Datei: debates2017-02-08b.xml
2025-09-20 19:55:58,890 - database_manager - INFO - Debates XML erfolgreich geparst: 28 Debatten, 653 Reden, 61891 Wörter
2025-09-20 19:55:58,891 - database_manager - INFO - Verarbeite Datei 1967/2945: debates2021-05-13a.xml
2025-09-20 19:55:58,891 - database_manager - INFO - Parse debates XML-Datei: debates2021-05-13a.xml
2025-09-20 19:55:58,892 - database_manager - INFO - Debates XML erfolgreich geparst: 0 Debatten, 0 Reden, 0 Wörter
2025-09-20 19:55:58,892 - database_manager - INFO - Verarbeite Datei 1968/2945: debates2018-07-17a.xml
2025-09-20 19:55:58,892 - database_manager - INFO - Parse debates XML-Datei: debates2018-07-17a.xml
2025-09-20 19:55:58,893 - database_manager - INFO - Debates XML erfolgreich geparst: 0 Debatten, 0 Reden, 0 Wörter
2025-09-20 19:55:58,893 - database_manager - INFO - Verarbeite Datei 1969/2945: debates2017-11-14a.xml
2025-09-20 19:55:58,893 - database_manager - INFO - Parse debates XML-Datei: debates2017-11-14a.xml
2025-09-20 19:55:58,895 - database_manager - INFO - Debates XML erfolgreich geparst: 0 Debatten, 0 Reden, 0 Wörter
2025-09-20 19:55:58,895 - database_manager - INFO - Verarbeite Datei 1970/2945: debates2015-07-01b.xml
2025-09-20 19:55:58,895 - database_manager - INFO - Parse debates XML-Datei: debates2015-07-01b.xml
2025-09-20 19:55:58,913 - database_manager - INFO - Debates XML erfolgreich geparst: 14 Debatten, 525 Reden, 67267 Wörter
2025-09-20 19:55:58,914 - database_manager - INFO - Verarbeite Datei 1971/2945: debates2016-01-27c.xml
2025-09-20 19:55:58,914 - database_manager - INFO - Parse debates XML-Datei: debates2016-01-27c.xml
2025-09-20 19:55:58,915 - database_manager - INFO - Debates XML erfolgreich geparst: 0 Debatten, 0 Reden, 0 Wörter
2025-09-20 19:55:58,915 - database_manager - INFO - Verarbeite Datei 1972/2945: debates2013-07-15a.xml
2025-09-20 19:55:58,915 - database_manager - INFO - Parse debates XML-Datei: debates2013-07-15a.xml
2025-09-20 19:55:58,936 - database_manager - INFO - Debates XML erfolgreich geparst: 25 Debatten, 522 Reden, 61896 Wörter
2025-09-20 19:55:58,937 - database_manager - INFO - Verarbeite Datei 1973/2945: debates2020-12-08b.xml
2025-09-20 19:55:58,937 - database_manager - INFO - Parse debates XML-Datei: debates2020-12-08b.xml
2025-09-20 19:55:58,954 - database_manager - INFO - Debates XML erfolgreich geparst: 19 Debatten, 459 Reden, 53534 Wörter
2025-09-20 19:55:58,955 - database_manager - INFO - Verarbeite Datei 1974/2945: debates2020-01-14a.xml
2025-09-20 19:55:58,955 - database_manager - INFO - Parse debates XML-Datei: debates2020-01-14a.xml
2025-09-20 19:55:58,956 - database_manager - INFO - Debates XML erfolgreich geparst: 0 Debatten, 0 Reden, 0 Wörter
2025-09-20 19:55:58,956 - database_manager - INFO - Verarbeite Datei 1975/2945: debates2014-03-06b.xml
2025-09-20 19:55:58,956 - database_manager - INFO - Parse debates XML-Datei: debates2014-03-06b.xml
2025-09-20 19:55:58,972 - database_manager - INFO - Debates XML erfolgreich geparst: 25 Debatten, 477 Reden, 64705 Wörter
2025-09-20 19:55:58,973 - database_manager - INFO - Verarbeite Datei 1976/2945: debates2014-02-27a.xml
2025-09-20 19:55:58,973 - database_manager - INFO - Parse debates XML-Datei: debates2014-02-27a.xml
2025-09-20 19:55:58,973 - database_manager - INFO - Debates XML erfolgreich geparst: 0 Debatten, 0 Reden, 0 Wörter
2025-09-20 19:55:58,974 - database_manager - INFO - Verarbeite Datei 1977/2945: debates2012-01-23b.xml
2025-09-20 19:55:58,974 - database_manager - INFO - Parse debates XML-Datei: debates2012-01-23b.xml
2025-09-20 19:55:58,992 - database_manager - INFO - Debates XML erfolgreich geparst: 27 Debatten, 577 Reden, 63172 Wörter
2025-09-20 19:55:58,993 - database_manager - INFO - Verarbeite Datei 1978/2945: debates2018-09-05b.xml
2025-09-20 19:55:58,993 - database_manager - INFO - Parse debates XML-Datei: debates2018-09-05b.xml
2025-09-20 19:55:59,011 - database_manager - INFO - Debates XML erfolgreich geparst: 26 Debatten, 490 Reden, 70121 Wörter
2025-09-20 19:55:59,011 - database_manager - INFO - Verarbeite Datei 1979/2945: debates2021-07-22b.xml
2025-09-20 19:55:59,011 - database_manager - INFO - Parse debates XML-Datei: debates2021-07-22b.xml
2025-09-20 19:55:59,012 - database_manager - INFO - Debates XML erfolgreich geparst: 0 Debatten, 0 Reden, 0 Wörter
2025-09-20 19:55:59,012 - database_manager - INFO - Verarbeite Datei 1980/2945: debates2012-05-16d.xml
2025-09-20 19:55:59,012 - database_manager - INFO - Parse debates XML-Datei: debates2012-05-16d.xml
2025-09-20 19:55:59,031 - database_manager - INFO - Debates XML erfolgreich geparst: 11 Debatten, 418 Reden, 67861 Wörter
2025-09-20 19:55:59,032 - database_manager - INFO - Verarbeite Datei 1981/2945: debates2017-12-04a.xml
2025-09-20 19:55:59,032 - database_manager - INFO - Parse debates XML-Datei: debates2017-12-04a.xml
2025-09-20 19:55:59,033 - database_manager - INFO - Debates XML erfolgreich geparst: 0 Debatten, 0 Reden, 0 Wörter
2025-09-20 19:55:59,033 - database_manager - INFO - Verarbeite Datei 1982/2945: debates2020-11-18b.xml
2025-09-20 19:55:59,033 - database_manager - INFO - Parse debates XML-Datei: debates2020-11-18b.xml
2025-09-20 19:55:59,053 - database_manager - INFO - Debates XML erfolgreich geparst: 14 Debatten, 435 Reden, 63788 Wörter
2025-09-20 19:55:59,053 - database_manager - INFO - Verarbeite Datei 1983/2945: debates2020-03-25b.xml
2025-09-20 19:55:59,053 - database_manager - INFO - Parse debates XML-Datei: debates2020-03-25b.xml
2025-09-20 19:55:59,069 - database_manager - INFO - Debates XML erfolgreich geparst: 10 Debatten, 379 Reden, 58489 Wörter
2025-09-20 19:55:59,070 - database_manager - INFO - Verarbeite Datei 1984/2945: debates2020-02-04a.xml
2025-09-20 19:55:59,070 - database_manager - INFO - Parse debates XML-Datei: debates2020-02-04a.xml
2025-09-20 19:55:59,072 - database_manager - INFO - Debates XML erfolgreich geparst: 0 Debatten, 0 Reden, 0 Wörter
2025-09-20 19:55:59,072 - database_manager - INFO - Verarbeite Datei 1985/2945: debates2020-06-30c.xml
2025-09-20 19:55:59,072 - database_manager - INFO - Parse debates XML-Datei: debates2020-06-30c.xml
2025-09-20 19:55:59,073 - database_manager - INFO - Debates XML erfolgreich geparst: 0 Debatten, 0 Reden, 0 Wörter
2025-09-20 19:55:59,073 - database_manager - INFO - Verarbeite Datei 1986/2945: debates2017-11-02a.xml
2025-09-20 19:55:59,073 - database_manager - INFO - Parse debates XML-Datei: debates2017-11-02a.xml
2025-09-20 19:55:59,074 - database_manager - INFO - Debates XML erfolgreich geparst: 0 Debatten, 0 Reden, 0 Wörter
2025-09-20 19:55:59,074 - database_manager - INFO - Verarbeite Datei 1987/2945: debates2018-01-08c.xml
2025-09-20 19:55:59,074 - database_manager - INFO - Parse debates XML-Datei: debates2018-01-08c.xml
2025-09-20 19:55:59,092 - database_manager - INFO - Debates XML erfolgreich geparst: 16 Debatten, 566 Reden, 68737 Wörter
2025-09-20 19:55:59,092 - database_manager - INFO - Verarbeite Datei 1988/2945: debates2012-10-18b.xml
2025-09-20 19:55:59,092 - database_manager - INFO - Parse debates XML-Datei: debates2012-10-18b.xml
2025-09-20 19:55:59,109 - database_manager - INFO - Debates XML erfolgreich geparst: 25 Debatten, 520 Reden, 61087 Wörter
2025-09-20 19:55:59,110 - database_manager - INFO - Verarbeite Datei 1989/2945: debates2015-12-02c.xml
2025-09-20 19:55:59,110 - database_manager - INFO - Parse debates XML-Datei: debates2015-12-02c.xml
2025-09-20 19:55:59,111 - database_manager - INFO - Debates XML erfolgreich geparst: 0 Debatten, 0 Reden, 0 Wörter
2025-09-20 19:55:59,111 - database_manager - INFO - Verarbeite Datei 1990/2945: debates2019-03-06a.xml
2025-09-20 19:55:59,111 - database_manager - INFO - Parse debates XML-Datei: debates2019-03-06a.xml
2025-09-20 19:55:59,113 - database_manager - INFO - Debates XML erfolgreich geparst: 0 Debatten, 0 Reden, 0 Wörter
2025-09-20 19:55:59,113 - database_manager - INFO - Verarbeite Datei 1991/2945: debates2014-06-05c.xml
2025-09-20 19:55:59,113 - database_manager - INFO - Parse debates XML-Datei: debates2014-06-05c.xml
2025-09-20 19:55:59,127 - database_manager - INFO - Debates XML erfolgreich geparst: 9 Debatten, 236 Reden, 62046 Wörter
2025-09-20 19:55:59,128 - database_manager - INFO - Verarbeite Datei 1992/2945: debates2016-05-05a.xml
2025-09-20 19:55:59,128 - database_manager - INFO - Parse debates XML-Datei: debates2016-05-05a.xml
2025-09-20 19:55:59,128 - database_manager - INFO - Debates XML erfolgreich geparst: 0 Debatten, 0 Reden, 0 Wörter
2025-09-20 19:55:59,128 - database_manager - INFO - Verarbeite Datei 1993/2945: debates2019-06-12d.xml
2025-09-20 19:55:59,128 - database_manager - INFO - Parse debates XML-Datei: debates2019-06-12d.xml
2025-09-20 19:55:59,129 - database_manager - INFO - Debates XML erfolgreich geparst: 0 Debatten, 0 Reden, 0 Wörter
2025-09-20 19:55:59,129 - database_manager - INFO - Verarbeite Datei 1994/2945: debates2020-09-15c.xml
2025-09-20 19:55:59,129 - database_manager - INFO - Parse debates XML-Datei: debates2020-09-15c.xml
2025-09-20 19:55:59,146 - database_manager - INFO - Debates XML erfolgreich geparst: 23 Debatten, 491 Reden, 59825 Wörter
2025-09-20 19:55:59,147 - database_manager - INFO - Verarbeite Datei 1995/2945: debates2016-10-11d.xml
2025-09-20 19:55:59,147 - database_manager - INFO - Parse debates XML-Datei: debates2016-10-11d.xml
2025-09-20 19:55:59,164 - database_manager - INFO - Debates XML erfolgreich geparst: 25 Debatten, 515 Reden, 67313 Wörter
2025-09-20 19:55:59,165 - database_manager - INFO - Verarbeite Datei 1996/2945: debates2020-11-02a.xml
2025-09-20 19:55:59,165 - database_manager - INFO - Parse debates XML-Datei: debates2020-11-02a.xml
2025-09-20 19:55:59,166 - database_manager - INFO - Debates XML erfolgreich geparst: 0 Debatten, 0 Reden, 0 Wörter
2025-09-20 19:55:59,166 - database_manager - INFO - Verarbeite Datei 1997/2945: debates2020-10-23b.xml
2025-09-20 19:55:59,166 - database_manager - INFO - Parse debates XML-Datei: debates2020-10-23b.xml
2025-09-20 19:55:59,167 - database_manager - INFO - Debates XML erfolgreich geparst: 0 Debatten, 0 Reden, 0 Wörter
2025-09-20 19:55:59,168 - database_manager - INFO - Verarbeite Datei 1998/2945: debates2013-07-03a.xml
2025-09-20 19:55:59,168 - database_manager - INFO - Parse debates XML-Datei: debates2013-07-03a.xml
2025-09-20 19:55:59,184 - database_manager - INFO - Debates XML erfolgreich geparst: 24 Debatten, 492 Reden, 64329 Wörter
2025-09-20 19:55:59,185 - database_manager - INFO - Verarbeite Datei 1999/2945: debates2015-05-26a.xml
2025-09-20 19:55:59,185 - database_manager - INFO - Parse debates XML-Datei: debates2015-05-26a.xml
2025-09-20 19:55:59,185 - database_manager - INFO - Debates XML erfolgreich geparst: 1 Debatten, 4 Reden, 300 Wörter
2025-09-20 19:55:59,185 - database_manager - INFO - Verarbeite Datei 2000/2945: debates2017-12-12a.xml
2025-09-20 19:55:59,185 - database_manager - INFO - Parse debates XML-Datei: debates2017-12-12a.xml
2025-09-20 19:55:59,186 - database_manager - INFO - Debates XML erfolgreich geparst: 0 Debatten, 0 Reden, 0 Wörter
2025-09-20 19:55:59,186 - database_manager - INFO - Verarbeite Datei 2001/2945: debates2015-01-12c.xml
2025-09-20 19:55:59,186 - database_manager - INFO - Parse debates XML-Datei: debates2015-01-12c.xml
2025-09-20 19:55:59,201 - database_manager - INFO - Debates XML erfolgreich geparst: 24 Debatten, 442 Reden, 53509 Wörter
2025-09-20 19:55:59,201 - database_manager - INFO - Verarbeite Datei 2002/2945: debates2021-06-15a.xml
2025-09-20 19:55:59,201 - database_manager - INFO - Parse debates XML-Datei: debates2021-06-15a.xml
2025-09-20 19:55:59,202 - database_manager - INFO - Debates XML erfolgreich geparst: 0 Debatten, 0 Reden, 0 Wörter
2025-09-20 19:55:59,202 - database_manager - INFO - Verarbeite Datei 2003/2945: debates2021-04-28a.xml
2025-09-20 19:55:59,202 - database_manager - INFO - Parse debates XML-Datei: debates2021-04-28a.xml
2025-09-20 19:55:59,202 - database_manager - INFO - Debates XML erfolgreich geparst: 0 Debatten, 0 Reden, 0 Wörter
2025-09-20 19:55:59,202 - database_manager - INFO - Verarbeite Datei 2004/2945: debates2018-09-13b.xml
2025-09-20 19:55:59,202 - database_manager - INFO - Parse debates XML-Datei: debates2018-09-13b.xml
2025-09-20 19:55:59,217 - database_manager - INFO - Debates XML erfolgreich geparst: 21 Debatten, 436 Reden, 59932 Wörter
2025-09-20 19:55:59,217 - database_manager - INFO - Verarbeite Datei 2005/2945: debates2012-02-29a.xml
2025-09-20 19:55:59,217 - database_manager - INFO - Parse debates XML-Datei: debates2012-02-29a.xml
2025-09-20 19:55:59,219 - database_manager - INFO - Debates XML erfolgreich geparst: 0 Debatten, 0 Reden, 0 Wörter
2025-09-20 19:55:59,219 - database_manager - INFO - Verarbeite Datei 2006/2945: debates2018-12-18c.xml
2025-09-20 19:55:59,219 - database_manager - INFO - Parse debates XML-Datei: debates2018-12-18c.xml
2025-09-20 19:55:59,240 - database_manager - INFO - Debates XML erfolgreich geparst: 29 Debatten, 653 Reden, 69499 Wörter
2025-09-20 19:55:59,240 - database_manager - INFO - Verarbeite Datei 2007/2945: debates2014-01-21a.xml
2025-09-20 19:55:59,240 - database_manager - INFO - Parse debates XML-Datei: debates2014-01-21a.xml
2025-09-20 19:55:59,257 - database_manager - INFO - Debates XML erfolgreich geparst: 21 Debatten, 459 Reden, 60906 Wörter
2025-09-20 19:55:59,258 - database_manager - INFO - Verarbeite Datei 2008/2945: debates2016-03-01d.xml
2025-09-20 19:55:59,258 - database_manager - INFO - Parse debates XML-Datei: debates2016-03-01d.xml
2025-09-20 19:55:59,274 - database_manager - INFO - Debates XML erfolgreich geparst: 23 Debatten, 471 Reden, 60273 Wörter
2025-09-20 19:55:59,274 - database_manager - INFO - Verarbeite Datei 2009/2945: debates2020-02-12a.xml
2025-09-20 19:55:59,274 - database_manager - INFO - Parse debates XML-Datei: debates2020-02-12a.xml
2025-09-20 19:55:59,275 - database_manager - INFO - Debates XML erfolgreich geparst: 0 Debatten, 0 Reden, 0 Wörter
2025-09-20 19:55:59,275 - database_manager - INFO - Verarbeite Datei 2010/2945: debates2019-10-16a.xml
2025-09-20 19:55:59,275 - database_manager - INFO - Parse debates XML-Datei: debates2019-10-16a.xml
2025-09-20 19:55:59,276 - database_manager - INFO - Debates XML erfolgreich geparst: 0 Debatten, 0 Reden, 0 Wörter
2025-09-20 19:55:59,276 - database_manager - INFO - Verarbeite Datei 2011/2945: debates2014-11-21a.xml
2025-09-20 19:55:59,276 - database_manager - INFO - Parse debates XML-Datei: debates2014-11-21a.xml
2025-09-20 19:55:59,290 - database_manager - INFO - Debates XML erfolgreich geparst: 3 Debatten, 394 Reden, 36863 Wörter
2025-09-20 19:55:59,290 - database_manager - INFO - Verarbeite Datei 2012/2945: debates2020-02-13e.xml
2025-09-20 19:55:59,290 - database_manager - INFO - Parse debates XML-Datei: debates2020-02-13e.xml
2025-09-20 19:55:59,291 - database_manager - INFO - Debates XML erfolgreich geparst: 0 Debatten, 0 Reden, 0 Wörter
2025-09-20 19:55:59,291 - database_manager - INFO - Verarbeite Datei 2013/2945: debates2016-05-09b.xml
2025-09-20 19:55:59,291 - database_manager - INFO - Parse debates XML-Datei: debates2016-05-09b.xml
2025-09-20 19:55:59,309 - database_manager - INFO - Debates XML erfolgreich geparst: 26 Debatten, 548 Reden, 65191 Wörter
2025-09-20 19:55:59,310 - database_manager - INFO - Verarbeite Datei 2014/2945: debates2016-06-15a.xml
2025-09-20 19:55:59,310 - database_manager - INFO - Parse debates XML-Datei: debates2016-06-15a.xml
2025-09-20 19:55:59,311 - database_manager - INFO - Debates XML erfolgreich geparst: 0 Debatten, 0 Reden, 0 Wörter
2025-09-20 19:55:59,311 - database_manager - INFO - Verarbeite Datei 2015/2945: debates2016-04-28a.xml
2025-09-20 19:55:59,311 - database_manager - INFO - Parse debates XML-Datei: debates2016-04-28a.xml
2025-09-20 19:55:59,328 - database_manager - INFO - Debates XML erfolgreich geparst: 15 Debatten, 414 Reden, 67219 Wörter
2025-09-20 19:55:59,329 - database_manager - INFO - Verarbeite Datei 2016/2945: debates2020-07-06d.xml
2025-09-20 19:55:59,329 - database_manager - INFO - Parse debates XML-Datei: debates2020-07-06d.xml
2025-09-20 19:55:59,330 - database_manager - INFO - Debates XML erfolgreich geparst: 0 Debatten, 0 Reden, 0 Wörter
2025-09-20 19:55:59,330 - database_manager - INFO - Verarbeite Datei 2017/2945: debates2015-03-03b.xml
2025-09-20 19:55:59,330 - database_manager - INFO - Parse debates XML-Datei: debates2015-03-03b.xml
2025-09-20 19:55:59,344 - database_manager - INFO - Debates XML erfolgreich geparst: 36 Debatten, 380 Reden, 64886 Wörter
2025-09-20 19:55:59,345 - database_manager - INFO - Verarbeite Datei 2018/2945: debates2018-03-15a.xml
2025-09-20 19:55:59,345 - database_manager - INFO - Parse debates XML-Datei: debates2018-03-15a.xml
2025-09-20 19:55:59,346 - database_manager - INFO - Debates XML erfolgreich geparst: 0 Debatten, 0 Reden, 0 Wörter
2025-09-20 19:55:59,346 - database_manager - INFO - Verarbeite Datei 2019/2945: debates2021-01-11a.xml
2025-09-20 19:55:59,346 - database_manager - INFO - Parse debates XML-Datei: debates2021-01-11a.xml
2025-09-20 19:55:59,346 - database_manager - INFO - Debates XML erfolgreich geparst: 0 Debatten, 0 Reden, 0 Wörter
2025-09-20 19:55:59,346 - database_manager - INFO - Verarbeite Datei 2020/2945: debates2015-06-16c.xml
2025-09-20 19:55:59,346 - database_manager - INFO - Parse debates XML-Datei: debates2015-06-16c.xml
2025-09-20 19:55:59,364 - database_manager - INFO - Debates XML erfolgreich geparst: 18 Debatten, 520 Reden, 61739 Wörter
2025-09-20 19:55:59,365 - database_manager - INFO - Verarbeite Datei 2021/2945: debates2018-10-09b.xml
2025-09-20 19:55:59,365 - database_manager - INFO - Parse debates XML-Datei: debates2018-10-09b.xml
2025-09-20 19:55:59,366 - database_manager - INFO - Debates XML erfolgreich geparst: 0 Debatten, 0 Reden, 0 Wörter
2025-09-20 19:55:59,366 - database_manager - INFO - Verarbeite Datei 2022/2945: debates2018-11-28a.xml
2025-09-20 19:55:59,366 - database_manager - INFO - Parse debates XML-Datei: debates2018-11-28a.xml
2025-09-20 19:55:59,384 - database_manager - INFO - Debates XML erfolgreich geparst: 28 Debatten, 512 Reden, 65362 Wörter
2025-09-20 19:55:59,384 - database_manager - INFO - Verarbeite Datei 2023/2945: debates2021-09-06c.xml
2025-09-20 19:55:59,385 - database_manager - INFO - Parse debates XML-Datei: debates2021-09-06c.xml
2025-09-20 19:55:59,386 - database_manager - INFO - Debates XML erfolgreich geparst: 0 Debatten, 0 Reden, 0 Wörter
2025-09-20 19:55:59,386 - database_manager - INFO - Verarbeite Datei 2024/2945: debates2012-07-10a.xml
2025-09-20 19:55:59,386 - database_manager - INFO - Parse debates XML-Datei: debates2012-07-10a.xml
2025-09-20 19:55:59,405 - database_manager - INFO - Debates XML erfolgreich geparst: 26 Debatten, 549 Reden, 64976 Wörter
2025-09-20 19:55:59,405 - database_manager - INFO - Verarbeite Datei 2025/2945: debates2020-01-22c.xml
2025-09-20 19:55:59,405 - database_manager - INFO - Parse debates XML-Datei: debates2020-01-22c.xml
2025-09-20 19:55:59,408 - database_manager - INFO - Debates XML erfolgreich geparst: 0 Debatten, 0 Reden, 0 Wörter
2025-09-20 19:55:59,408 - database_manager - INFO - Verarbeite Datei 2026/2945: debates2014-06-25a.xml
2025-09-20 19:55:59,409 - database_manager - INFO - Parse debates XML-Datei: debates2014-06-25a.xml
2025-09-20 19:55:59,428 - database_manager - INFO - Debates XML erfolgreich geparst: 16 Debatten, 559 Reden, 64060 Wörter
2025-09-20 19:55:59,429 - database_manager - INFO - Verarbeite Datei 2027/2945: debates2019-03-26c.xml
2025-09-20 19:55:59,429 - database_manager - INFO - Parse debates XML-Datei: debates2019-03-26c.xml
2025-09-20 19:55:59,445 - database_manager - INFO - Debates XML erfolgreich geparst: 37 Debatten, 507 Reden, 55569 Wörter
2025-09-20 19:55:59,446 - database_manager - INFO - Verarbeite Datei 2028/2945: debates2016-01-11a.xml
2025-09-20 19:55:59,446 - database_manager - INFO - Parse debates XML-Datei: debates2016-01-11a.xml
2025-09-20 19:55:59,447 - database_manager - INFO - Debates XML erfolgreich geparst: 0 Debatten, 0 Reden, 0 Wörter
2025-09-20 19:55:59,447 - database_manager - INFO - Verarbeite Datei 2029/2945: debates2016-07-18c.xml
2025-09-20 19:55:59,447 - database_manager - INFO - Parse debates XML-Datei: debates2016-07-18c.xml
2025-09-20 19:55:59,465 - database_manager - INFO - Debates XML erfolgreich geparst: 17 Debatten, 535 Reden, 63341 Wörter
2025-09-20 19:55:59,466 - database_manager - INFO - Verarbeite Datei 2030/2945: debates2018-03-19b.xml
2025-09-20 19:55:59,466 - database_manager - INFO - Parse debates XML-Datei: debates2018-03-19b.xml
2025-09-20 19:55:59,484 - database_manager - INFO - Debates XML erfolgreich geparst: 16 Debatten, 564 Reden, 64071 Wörter
2025-09-20 19:55:59,485 - database_manager - INFO - Verarbeite Datei 2031/2945: debates2021-02-01a.xml
2025-09-20 19:55:59,485 - database_manager - INFO - Parse debates XML-Datei: debates2021-02-01a.xml
2025-09-20 19:55:59,486 - database_manager - INFO - Debates XML erfolgreich geparst: 0 Debatten, 0 Reden, 0 Wörter
2025-09-20 19:55:59,486 - database_manager - INFO - Verarbeite Datei 2032/2945: debates2021-12-01a.xml
2025-09-20 19:55:59,486 - database_manager - INFO - Parse debates XML-Datei: debates2021-12-01a.xml
2025-09-20 19:55:59,487 - database_manager - INFO - Debates XML erfolgreich geparst: 0 Debatten, 0 Reden, 0 Wörter
2025-09-20 19:55:59,488 - database_manager - INFO - Verarbeite Datei 2033/2945: debates2012-05-21b.xml
2025-09-20 19:55:59,488 - database_manager - INFO - Parse debates XML-Datei: debates2012-05-21b.xml
2025-09-20 19:55:59,505 - database_manager - INFO - Debates XML erfolgreich geparst: 30 Debatten, 467 Reden, 62563 Wörter
2025-09-20 19:55:59,506 - database_manager - INFO - Verarbeite Datei 2034/2945: debates2016-12-01a.xml
2025-09-20 19:55:59,506 - database_manager - INFO - Parse debates XML-Datei: debates2016-12-01a.xml
2025-09-20 19:55:59,507 - database_manager - INFO - Debates XML erfolgreich geparst: 0 Debatten, 0 Reden, 0 Wörter
2025-09-20 19:55:59,507 - database_manager - INFO - Verarbeite Datei 2035/2945: debates2014-07-08a.xml
2025-09-20 19:55:59,507 - database_manager - INFO - Parse debates XML-Datei: debates2014-07-08a.xml
2025-09-20 19:55:59,507 - database_manager - INFO - Debates XML erfolgreich geparst: 0 Debatten, 0 Reden, 0 Wörter
2025-09-20 19:55:59,507 - database_manager - INFO - Verarbeite Datei 2036/2945: debates2019-04-02a.xml
2025-09-20 19:55:59,507 - database_manager - INFO - Parse debates XML-Datei: debates2019-04-02a.xml
2025-09-20 19:55:59,508 - database_manager - INFO - Debates XML erfolgreich geparst: 0 Debatten, 0 Reden, 0 Wörter
2025-09-20 19:55:59,508 - database_manager - INFO - Verarbeite Datei 2037/2945: debates2013-11-26b.xml
2025-09-20 19:55:59,508 - database_manager - INFO - Parse debates XML-Datei: debates2013-11-26b.xml
2025-09-20 19:55:59,519 - database_manager - INFO - Debates XML erfolgreich geparst: 27 Debatten, 347 Reden, 42797 Wörter
2025-09-20 19:55:59,520 - database_manager - INFO - Verarbeite Datei 2038/2945: debates2016-02-01a.xml
2025-09-20 19:55:59,520 - database_manager - INFO - Parse debates XML-Datei: debates2016-02-01a.xml
2025-09-20 19:55:59,521 - database_manager - INFO - Debates XML erfolgreich geparst: 0 Debatten, 0 Reden, 0 Wörter
2025-09-20 19:55:59,521 - database_manager - INFO - Verarbeite Datei 2039/2945: debates2019-01-16d.xml
2025-09-20 19:55:59,521 - database_manager - INFO - Parse debates XML-Datei: debates2019-01-16d.xml
2025-09-20 19:55:59,543 - database_manager - INFO - Debates XML erfolgreich geparst: 13 Debatten, 565 Reden, 67140 Wörter
2025-09-20 19:55:59,543 - database_manager - INFO - Verarbeite Datei 2040/2945: debates2014-07-08c.xml
2025-09-20 19:55:59,543 - database_manager - INFO - Parse debates XML-Datei: debates2014-07-08c.xml
2025-09-20 19:55:59,558 - database_manager - INFO - Debates XML erfolgreich geparst: 25 Debatten, 301 Reden, 61530 Wörter
2025-09-20 19:55:59,558 - database_manager - INFO - Verarbeite Datei 2041/2945: debates2016-12-01c.xml
2025-09-20 19:55:59,559 - database_manager - INFO - Parse debates XML-Datei: debates2016-12-01c.xml
2025-09-20 19:55:59,573 - database_manager - INFO - Debates XML erfolgreich geparst: 21 Debatten, 456 Reden, 62093 Wörter
2025-09-20 19:55:59,574 - database_manager - INFO - Verarbeite Datei 2042/2945: debates2016-07-14b.xml
2025-09-20 19:55:59,574 - database_manager - INFO - Parse debates XML-Datei: debates2016-07-14b.xml
2025-09-20 19:55:59,577 - database_manager - INFO - Debates XML erfolgreich geparst: 1 Debatten, 32 Reden, 11921 Wörter
2025-09-20 19:55:59,577 - database_manager - INFO - Verarbeite Datei 2043/2945: debates2014-10-20b.xml
2025-09-20 19:55:59,577 - database_manager - INFO - Parse debates XML-Datei: debates2014-10-20b.xml
2025-09-20 19:55:59,587 - database_manager - INFO - Debates XML erfolgreich geparst: 19 Debatten, 291 Reden, 35228 Wörter
2025-09-20 19:55:59,587 - database_manager - INFO - Verarbeite Datei 2044/2945: debates2016-02-01c.xml
2025-09-20 19:55:59,587 - database_manager - INFO - Parse debates XML-Datei: debates2016-02-01c.xml
2025-09-20 19:55:59,604 - database_manager - INFO - Debates XML erfolgreich geparst: 20 Debatten, 386 Reden, 62070 Wörter
2025-09-20 19:55:59,604 - database_manager - INFO - Verarbeite Datei 2045/2945: debates2021-07-14b.xml
2025-09-20 19:55:59,604 - database_manager - INFO - Parse debates XML-Datei: debates2021-07-14b.xml
2025-09-20 19:55:59,605 - database_manager - INFO - Debates XML erfolgreich geparst: 0 Debatten, 0 Reden, 0 Wörter
2025-09-20 19:55:59,605 - database_manager - INFO - Verarbeite Datei 2046/2945: debates2017-03-13b.xml
2025-09-20 19:55:59,605 - database_manager - INFO - Parse debates XML-Datei: debates2017-03-13b.xml
2025-09-20 19:55:59,606 - database_manager - INFO - Debates XML erfolgreich geparst: 0 Debatten, 0 Reden, 0 Wörter
2025-09-20 19:55:59,606 - database_manager - INFO - Verarbeite Datei 2047/2945: debates2021-12-01c.xml
2025-09-20 19:55:59,606 - database_manager - INFO - Parse debates XML-Datei: debates2021-12-01c.xml
2025-09-20 19:55:59,621 - database_manager - INFO - Debates XML erfolgreich geparst: 20 Debatten, 355 Reden, 55075 Wörter
2025-09-20 19:55:59,621 - database_manager - INFO - Verarbeite Datei 2048/2945: debates2012-02-09a.xml
2025-09-20 19:55:59,621 - database_manager - INFO - Parse debates XML-Datei: debates2012-02-09a.xml
2025-09-20 19:55:59,637 - database_manager - INFO - Debates XML erfolgreich geparst: 23 Debatten, 401 Reden, 62878 Wörter
2025-09-20 19:55:59,637 - database_manager - INFO - Verarbeite Datei 2049/2945: debates2019-02-07b.xml
2025-09-20 19:55:59,637 - database_manager - INFO - Parse debates XML-Datei: debates2019-02-07b.xml
2025-09-20 19:55:59,654 - database_manager - INFO - Debates XML erfolgreich geparst: 19 Debatten, 499 Reden, 58676 Wörter
2025-09-20 19:55:59,654 - database_manager - INFO - Verarbeite Datei 2050/2945: debates2019-03-26a.xml
2025-09-20 19:55:59,654 - database_manager - INFO - Parse debates XML-Datei: debates2019-03-26a.xml
2025-09-20 19:55:59,655 - database_manager - INFO - Debates XML erfolgreich geparst: 0 Debatten, 0 Reden, 0 Wörter
2025-09-20 19:55:59,655 - database_manager - INFO - Verarbeite Datei 2051/2945: debates2016-09-06a.xml
2025-09-20 19:55:59,655 - database_manager - INFO - Parse debates XML-Datei: debates2016-09-06a.xml
2025-09-20 19:55:59,668 - database_manager - INFO - Debates XML erfolgreich geparst: 37 Debatten, 343 Reden, 50831 Wörter
2025-09-20 19:55:59,668 - database_manager - INFO - Verarbeite Datei 2052/2945: debates2020-11-23e.xml
2025-09-20 19:55:59,668 - database_manager - INFO - Parse debates XML-Datei: debates2020-11-23e.xml
2025-09-20 19:55:59,718 - database_manager - INFO - Debates XML erfolgreich geparst: 25 Debatten, 421 Reden, 42205 Wörter
2025-09-20 19:55:59,718 - database_manager - INFO - Verarbeite Datei 2053/2945: debates2014-02-11a.xml
2025-09-20 19:55:59,718 - database_manager - INFO - Parse debates XML-Datei: debates2014-02-11a.xml
2025-09-20 19:55:59,745 - database_manager - INFO - Debates XML erfolgreich geparst: 20 Debatten, 507 Reden, 63828 Wörter
2025-09-20 19:55:59,746 - database_manager - INFO - Verarbeite Datei 2054/2945: debates2020-01-22a.xml
2025-09-20 19:55:59,746 - database_manager - INFO - Parse debates XML-Datei: debates2020-01-22a.xml
2025-09-20 19:55:59,747 - database_manager - INFO - Debates XML erfolgreich geparst: 0 Debatten, 0 Reden, 0 Wörter
2025-09-20 19:55:59,747 - database_manager - INFO - Verarbeite Datei 2055/2945: debates2016-05-25a.xml
2025-09-20 19:55:59,747 - database_manager - INFO - Parse debates XML-Datei: debates2016-05-25a.xml
2025-09-20 19:55:59,748 - database_manager - INFO - Debates XML erfolgreich geparst: 0 Debatten, 0 Reden, 0 Wörter
2025-09-20 19:55:59,748 - database_manager - INFO - Verarbeite Datei 2056/2945: debates2016-07-18a.xml
2025-09-20 19:55:59,748 - database_manager - INFO - Parse debates XML-Datei: debates2016-07-18a.xml
2025-09-20 19:55:59,749 - database_manager - INFO - Debates XML erfolgreich geparst: 0 Debatten, 0 Reden, 0 Wörter
2025-09-20 19:55:59,749 - database_manager - INFO - Verarbeite Datei 2057/2945: debates2014-12-11a.xml
2025-09-20 19:55:59,749 - database_manager - INFO - Parse debates XML-Datei: debates2014-12-11a.xml
2025-09-20 19:55:59,763 - database_manager - INFO - Debates XML erfolgreich geparst: 24 Debatten, 380 Reden, 60315 Wörter
2025-09-20 19:55:59,764 - database_manager - INFO - Verarbeite Datei 2058/2945: debates2016-01-11c.xml
2025-09-20 19:55:59,764 - database_manager - INFO - Parse debates XML-Datei: debates2016-01-11c.xml
2025-09-20 19:55:59,780 - database_manager - INFO - Debates XML erfolgreich geparst: 23 Debatten, 476 Reden, 60015 Wörter
2025-09-20 19:55:59,781 - database_manager - INFO - Verarbeite Datei 2059/2945: debates2017-11-22a.xml
2025-09-20 19:55:59,781 - database_manager - INFO - Parse debates XML-Datei: debates2017-11-22a.xml
2025-09-20 19:55:59,796 - database_manager - INFO - Debates XML erfolgreich geparst: 12 Debatten, 334 Reden, 64341 Wörter
2025-09-20 19:55:59,796 - database_manager - INFO - Verarbeite Datei 2060/2945: debates2015-06-16a.xml
2025-09-20 19:55:59,796 - database_manager - INFO - Parse debates XML-Datei: debates2015-06-16a.xml
2025-09-20 19:55:59,797 - database_manager - INFO - Debates XML erfolgreich geparst: 0 Debatten, 0 Reden, 0 Wörter
2025-09-20 19:55:59,797 - database_manager - INFO - Verarbeite Datei 2061/2945: debates2021-01-11c.xml
2025-09-20 19:55:59,797 - database_manager - INFO - Parse debates XML-Datei: debates2021-01-11c.xml
2025-09-20 19:55:59,815 - database_manager - INFO - Debates XML erfolgreich geparst: 16 Debatten, 416 Reden, 66917 Wörter
2025-09-20 19:55:59,816 - database_manager - INFO - Verarbeite Datei 2062/2945: debates2021-05-25a.xml
2025-09-20 19:55:59,816 - database_manager - INFO - Parse debates XML-Datei: debates2021-05-25a.xml
2025-09-20 19:55:59,817 - database_manager - INFO - Debates XML erfolgreich geparst: 0 Debatten, 0 Reden, 0 Wörter
2025-09-20 19:55:59,817 - database_manager - INFO - Verarbeite Datei 2063/2945: debates2012-11-19a.xml
2025-09-20 19:55:59,817 - database_manager - INFO - Parse debates XML-Datei: debates2012-11-19a.xml
2025-09-20 19:55:59,833 - database_manager - INFO - Debates XML erfolgreich geparst: 21 Debatten, 381 Reden, 60217 Wörter
2025-09-20 19:55:59,834 - database_manager - INFO - Verarbeite Datei 2064/2945: debates2021-09-06a.xml
2025-09-20 19:55:59,834 - database_manager - INFO - Parse debates XML-Datei: debates2021-09-06a.xml
2025-09-20 19:55:59,835 - database_manager - INFO - Debates XML erfolgreich geparst: 0 Debatten, 0 Reden, 0 Wörter
2025-09-20 19:55:59,835 - database_manager - INFO - Verarbeite Datei 2065/2945: debates2012-01-19a.xml
2025-09-20 19:55:59,835 - database_manager - INFO - Parse debates XML-Datei: debates2012-01-19a.xml
2025-09-20 19:55:59,847 - database_manager - INFO - Debates XML erfolgreich geparst: 23 Debatten, 411 Reden, 43354 Wörter
2025-09-20 19:55:59,848 - database_manager - INFO - Verarbeite Datei 2066/2945: debates2020-02-12c.xml
2025-09-20 19:55:59,848 - database_manager - INFO - Parse debates XML-Datei: debates2020-02-12c.xml
2025-09-20 19:55:59,861 - database_manager - INFO - Debates XML erfolgreich geparst: 13 Debatten, 361 Reden, 51578 Wörter
2025-09-20 19:55:59,862 - database_manager - INFO - Verarbeite Datei 2067/2945: debates2020-07-07b.xml
2025-09-20 19:55:59,862 - database_manager - INFO - Parse debates XML-Datei: debates2020-07-07b.xml
2025-09-20 19:55:59,863 - database_manager - INFO - Debates XML erfolgreich geparst: 1 Debatten, 0 Reden, 0 Wörter
2025-09-20 19:55:59,863 - database_manager - INFO - Verarbeite Datei 2068/2945: debates2013-11-06b.xml
2025-09-20 19:55:59,863 - database_manager - INFO - Parse debates XML-Datei: debates2013-11-06b.xml
2025-09-20 19:55:59,864 - database_manager - INFO - Debates XML erfolgreich geparst: 0 Debatten, 0 Reden, 0 Wörter
2025-09-20 19:55:59,864 - database_manager - INFO - Verarbeite Datei 2069/2945: debates2021-06-15c.xml
2025-09-20 19:55:59,864 - database_manager - INFO - Parse debates XML-Datei: debates2021-06-15c.xml
2025-09-20 19:55:59,865 - database_manager - INFO - Debates XML erfolgreich geparst: 0 Debatten, 0 Reden, 0 Wörter
2025-09-20 19:55:59,865 - database_manager - INFO - Verarbeite Datei 2070/2945: debates2021-04-28c.xml
2025-09-20 19:55:59,865 - database_manager - INFO - Parse debates XML-Datei: debates2021-04-28c.xml
2025-09-20 19:55:59,878 - database_manager - INFO - Debates XML erfolgreich geparst: 14 Debatten, 294 Reden, 48958 Wörter
2025-09-20 19:55:59,879 - database_manager - INFO - Verarbeite Datei 2071/2945: debates2015-01-12a.xml
2025-09-20 19:55:59,879 - database_manager - INFO - Parse debates XML-Datei: debates2015-01-12a.xml
2025-09-20 19:55:59,880 - database_manager - INFO - Debates XML erfolgreich geparst: 0 Debatten, 0 Reden, 0 Wörter
2025-09-20 19:55:59,880 - database_manager - INFO - Verarbeite Datei 2072/2945: debates2018-12-19e.xml
2025-09-20 19:55:59,880 - database_manager - INFO - Parse debates XML-Datei: debates2018-12-19e.xml
2025-09-20 19:55:59,914 - database_manager - INFO - Debates XML erfolgreich geparst: 12 Debatten, 745 Reden, 85949 Wörter
2025-09-20 19:55:59,914 - database_manager - INFO - Verarbeite Datei 2073/2945: debates2017-06-26a.xml
2025-09-20 19:55:59,914 - database_manager - INFO - Parse debates XML-Datei: debates2017-06-26a.xml
2025-09-20 19:55:59,924 - database_manager - INFO - Debates XML erfolgreich geparst: 4 Debatten, 197 Reden, 35221 Wörter
2025-09-20 19:55:59,924 - database_manager - INFO - Verarbeite Datei 2074/2945: debates2018-10-25a.xml
2025-09-20 19:55:59,924 - database_manager - INFO - Parse debates XML-Datei: debates2018-10-25a.xml
2025-09-20 19:55:59,940 - database_manager - INFO - Debates XML erfolgreich geparst: 20 Debatten, 463 Reden, 56235 Wörter
2025-09-20 19:55:59,940 - database_manager - INFO - Verarbeite Datei 2075/2945: debates2018-12-18a.xml
2025-09-20 19:55:59,940 - database_manager - INFO - Parse debates XML-Datei: debates2018-12-18a.xml
2025-09-20 19:55:59,941 - database_manager - INFO - Debates XML erfolgreich geparst: 0 Debatten, 0 Reden, 0 Wörter
2025-09-20 19:55:59,941 - database_manager - INFO - Verarbeite Datei 2076/2945: debates2019-06-13b.xml
2025-09-20 19:55:59,941 - database_manager - INFO - Parse debates XML-Datei: debates2019-06-13b.xml
2025-09-20 19:55:59,956 - database_manager - INFO - Debates XML erfolgreich geparst: 18 Debatten, 398 Reden, 62936 Wörter
2025-09-20 19:55:59,956 - database_manager - INFO - Verarbeite Datei 2077/2945: debates2016-04-25d.xml
2025-09-20 19:55:59,956 - database_manager - INFO - Parse debates XML-Datei: debates2016-04-25d.xml
2025-09-20 19:55:59,976 - database_manager - INFO - Debates XML erfolgreich geparst: 23 Debatten, 540 Reden, 65147 Wörter
2025-09-20 19:55:59,976 - database_manager - INFO - Verarbeite Datei 2078/2945: debates2016-10-10b.xml
2025-09-20 19:55:59,976 - database_manager - INFO - Parse debates XML-Datei: debates2016-10-10b.xml
2025-09-20 19:55:59,978 - database_manager - INFO - Debates XML erfolgreich geparst: 6 Debatten, 2 Reden, 578 Wörter
2025-09-20 19:55:59,978 - database_manager - INFO - Verarbeite Datei 2079/2945: debates2014-06-05a.xml
2025-09-20 19:55:59,978 - database_manager - INFO - Parse debates XML-Datei: debates2014-06-05a.xml
2025-09-20 19:55:59,979 - database_manager - INFO - Debates XML erfolgreich geparst: 0 Debatten, 0 Reden, 0 Wörter
2025-09-20 19:55:59,979 - database_manager - INFO - Verarbeite Datei 2080/2945: debates2019-03-06c.xml
2025-09-20 19:55:59,979 - database_manager - INFO - Parse debates XML-Datei: debates2019-03-06c.xml
2025-09-20 19:55:59,995 - database_manager - INFO - Debates XML erfolgreich geparst: 28 Debatten, 437 Reden, 61752 Wörter
2025-09-20 19:55:59,995 - database_manager - INFO - Verarbeite Datei 2081/2945: debates2013-12-16b.xml
2025-09-20 19:55:59,995 - database_manager - INFO - Parse debates XML-Datei: debates2013-12-16b.xml
2025-09-20 19:56:00,013 - database_manager - INFO - Debates XML erfolgreich geparst: 20 Debatten, 438 Reden, 66643 Wörter
2025-09-20 19:56:00,014 - database_manager - INFO - Verarbeite Datei 2082/2945: debates2020-11-02c.xml
2025-09-20 19:56:00,014 - database_manager - INFO - Parse debates XML-Datei: debates2020-11-02c.xml
2025-09-20 19:56:00,035 - database_manager - INFO - Debates XML erfolgreich geparst: 18 Debatten, 548 Reden, 66339 Wörter
2025-09-20 19:56:00,036 - database_manager - INFO - Verarbeite Datei 2083/2945: debates2020-09-15a.xml
2025-09-20 19:56:00,036 - database_manager - INFO - Parse debates XML-Datei: debates2020-09-15a.xml
2025-09-20 19:56:00,037 - database_manager - INFO - Debates XML erfolgreich geparst: 0 Debatten, 0 Reden, 0 Wörter
2025-09-20 19:56:00,037 - database_manager - INFO - Verarbeite Datei 2084/2945: debates2015-03-23b.xml
2025-09-20 19:56:00,037 - database_manager - INFO - Parse debates XML-Datei: debates2015-03-23b.xml
2025-09-20 19:56:00,057 - database_manager - INFO - Debates XML erfolgreich geparst: 69 Debatten, 463 Reden, 73699 Wörter
2025-09-20 19:56:00,057 - database_manager - INFO - Verarbeite Datei 2085/2945: debates2015-02-02a.xml
2025-09-20 19:56:00,057 - database_manager - INFO - Parse debates XML-Datei: debates2015-02-02a.xml
2025-09-20 19:56:00,070 - database_manager - INFO - Debates XML erfolgreich geparst: 32 Debatten, 375 Reden, 47425 Wörter
2025-09-20 19:56:00,071 - database_manager - INFO - Verarbeite Datei 2086/2945: debates2018-01-08a.xml
2025-09-20 19:56:00,071 - database_manager - INFO - Parse debates XML-Datei: debates2018-01-08a.xml
2025-09-20 19:56:00,072 - database_manager - INFO - Debates XML erfolgreich geparst: 0 Debatten, 0 Reden, 0 Wörter
2025-09-20 19:56:00,072 - database_manager - INFO - Verarbeite Datei 2087/2945: debates2017-11-02c.xml
2025-09-20 19:56:00,072 - database_manager - INFO - Parse debates XML-Datei: debates2017-11-02c.xml
2025-09-20 19:56:00,093 - database_manager - INFO - Debates XML erfolgreich geparst: 14 Debatten, 523 Reden, 67254 Wörter
2025-09-20 19:56:00,093 - database_manager - INFO - Verarbeite Datei 2088/2945: debates2015-12-02a.xml
2025-09-20 19:56:00,093 - database_manager - INFO - Parse debates XML-Datei: debates2015-12-02a.xml
2025-09-20 19:56:00,094 - database_manager - INFO - Debates XML erfolgreich geparst: 0 Debatten, 0 Reden, 0 Wörter
2025-09-20 19:56:00,094 - database_manager - INFO - Verarbeite Datei 2089/2945: debates2012-06-11b.xml
2025-09-20 19:56:00,094 - database_manager - INFO - Parse debates XML-Datei: debates2012-06-11b.xml
2025-09-20 19:56:00,114 - database_manager - INFO - Debates XML erfolgreich geparst: 27 Debatten, 553 Reden, 67030 Wörter
2025-09-20 19:56:00,114 - database_manager - INFO - Verarbeite Datei 2090/2945: debates2015-02-03e.xml
2025-09-20 19:56:00,114 - database_manager - INFO - Parse debates XML-Datei: debates2015-02-03e.xml
2025-09-20 19:56:00,131 - database_manager - INFO - Debates XML erfolgreich geparst: 40 Debatten, 577 Reden, 60673 Wörter
2025-09-20 19:56:00,132 - database_manager - INFO - Verarbeite Datei 2091/2945: debates2016-03-16b.xml
2025-09-20 19:56:00,132 - database_manager - INFO - Parse debates XML-Datei: debates2016-03-16b.xml
2025-09-20 19:56:00,148 - database_manager - INFO - Debates XML erfolgreich geparst: 22 Debatten, 353 Reden, 68858 Wörter
2025-09-20 19:56:00,149 - database_manager - INFO - Verarbeite Datei 2092/2945: debates2013-10-31a.xml
2025-09-20 19:56:00,149 - database_manager - INFO - Parse debates XML-Datei: debates2013-10-31a.xml
2025-09-20 19:56:00,171 - database_manager - INFO - Debates XML erfolgreich geparst: 26 Debatten, 755 Reden, 63728 Wörter
2025-09-20 19:56:00,171 - database_manager - INFO - Verarbeite Datei 2093/2945: debates2020-06-30a.xml
2025-09-20 19:56:00,171 - database_manager - INFO - Parse debates XML-Datei: debates2020-06-30a.xml
2025-09-20 19:56:00,173 - database_manager - INFO - Debates XML erfolgreich geparst: 0 Debatten, 0 Reden, 0 Wörter
2025-09-20 19:56:00,173 - database_manager - INFO - Verarbeite Datei 2094/2945: debates2019-05-15b.xml
2025-09-20 19:56:00,173 - database_manager - INFO - Parse debates XML-Datei: debates2019-05-15b.xml
2025-09-20 19:56:00,174 - database_manager - INFO - Debates XML erfolgreich geparst: 0 Debatten, 0 Reden, 0 Wörter
2025-09-20 19:56:00,174 - database_manager - INFO - Verarbeite Datei 2095/2945: debates2020-02-04c.xml
2025-09-20 19:56:00,174 - database_manager - INFO - Parse debates XML-Datei: debates2020-02-04c.xml
2025-09-20 19:56:00,175 - database_manager - INFO - Debates XML erfolgreich geparst: 0 Debatten, 0 Reden, 0 Wörter
2025-09-20 19:56:00,175 - database_manager - INFO - Verarbeite Datei 2096/2945: debates2012-05-17b.xml
2025-09-20 19:56:00,175 - database_manager - INFO - Parse debates XML-Datei: debates2012-05-17b.xml
2025-09-20 19:56:00,194 - database_manager - INFO - Debates XML erfolgreich geparst: 19 Debatten, 515 Reden, 64365 Wörter
2025-09-20 19:56:00,195 - database_manager - INFO - Verarbeite Datei 2097/2945: debates2018-11-12b.xml
2025-09-20 19:56:00,195 - database_manager - INFO - Parse debates XML-Datei: debates2018-11-12b.xml
2025-09-20 19:56:00,196 - database_manager - INFO - Debates XML erfolgreich geparst: 0 Debatten, 0 Reden, 0 Wörter
2025-09-20 19:56:00,196 - database_manager - INFO - Verarbeite Datei 2098/2945: debates2017-07-11b.xml
2025-09-20 19:56:00,196 - database_manager - INFO - Parse debates XML-Datei: debates2017-07-11b.xml
2025-09-20 19:56:00,198 - database_manager - INFO - Debates XML erfolgreich geparst: 0 Debatten, 0 Reden, 0 Wörter
2025-09-20 19:56:00,198 - database_manager - INFO - Verarbeite Datei 2099/2945: debates2015-11-04a.xml
2025-09-20 19:56:00,198 - database_manager - INFO - Parse debates XML-Datei: debates2015-11-04a.xml
2025-09-20 19:56:00,217 - database_manager - INFO - Debates XML erfolgreich geparst: 17 Debatten, 499 Reden, 66403 Wörter
2025-09-20 19:56:00,217 - database_manager - INFO - Verarbeite Datei 2100/2945: debates2021-03-16b.xml
2025-09-20 19:56:00,217 - database_manager - INFO - Parse debates XML-Datei: debates2021-03-16b.xml
2025-09-20 19:56:00,235 - database_manager - INFO - Debates XML erfolgreich geparst: 15 Debatten, 409 Reden, 66926 Wörter
2025-09-20 19:56:00,235 - database_manager - INFO - Verarbeite Datei 2101/2945: debates2020-09-03a.xml
2025-09-20 19:56:00,235 - database_manager - INFO - Parse debates XML-Datei: debates2020-09-03a.xml
2025-09-20 19:56:00,236 - database_manager - INFO - Debates XML erfolgreich geparst: 0 Debatten, 0 Reden, 0 Wörter
2025-09-20 19:56:00,236 - database_manager - INFO - Verarbeite Datei 2102/2945: debates2013-03-21a.xml
2025-09-20 19:56:00,236 - database_manager - INFO - Parse debates XML-Datei: debates2013-03-21a.xml
2025-09-20 19:56:00,237 - database_manager - INFO - Debates XML erfolgreich geparst: 0 Debatten, 0 Reden, 0 Wörter
2025-09-20 19:56:00,237 - database_manager - INFO - Verarbeite Datei 2103/2945: debates2016-01-27a.xml
2025-09-20 19:56:00,237 - database_manager - INFO - Parse debates XML-Datei: debates2016-01-27a.xml
2025-09-20 19:56:00,238 - database_manager - INFO - Debates XML erfolgreich geparst: 2 Debatten, 1 Reden, 63 Wörter
2025-09-20 19:56:00,238 - database_manager - INFO - Verarbeite Datei 2104/2945: debates2020-05-20a.xml
2025-09-20 19:56:00,238 - database_manager - INFO - Parse debates XML-Datei: debates2020-05-20a.xml
2025-09-20 19:56:00,806 - database_manager - INFO - Debates XML erfolgreich geparst: 14 Debatten, 308 Reden, 50025 Wörter
2025-09-20 19:56:00,807 - database_manager - INFO - Verarbeite Datei 2105/2945: debates2020-01-14c.xml
2025-09-20 19:56:00,807 - database_manager - INFO - Parse debates XML-Datei: debates2020-01-14c.xml
2025-09-20 19:56:00,823 - database_manager - INFO - Debates XML erfolgreich geparst: 13 Debatten, 407 Reden, 68974 Wörter
2025-09-20 19:56:00,824 - database_manager - INFO - Verarbeite Datei 2106/2945: debates2019-07-24a.xml
2025-09-20 19:56:00,824 - database_manager - INFO - Parse debates XML-Datei: debates2019-07-24a.xml
2025-09-20 19:56:00,825 - database_manager - INFO - Debates XML erfolgreich geparst: 0 Debatten, 0 Reden, 0 Wörter
2025-09-20 19:56:00,825 - database_manager - INFO - Verarbeite Datei 2107/2945: debates2017-03-29c.xml
2025-09-20 19:56:00,825 - database_manager - INFO - Parse debates XML-Datei: debates2017-03-29c.xml
2025-09-20 19:56:00,845 - database_manager - INFO - Debates XML erfolgreich geparst: 18 Debatten, 592 Reden, 64537 Wörter
2025-09-20 19:56:00,846 - database_manager - INFO - Verarbeite Datei 2108/2945: debates2015-12-14a.xml
2025-09-20 19:56:00,846 - database_manager - INFO - Parse debates XML-Datei: debates2015-12-14a.xml
2025-09-20 19:56:00,861 - database_manager - INFO - Debates XML erfolgreich geparst: 26 Debatten, 500 Reden, 57166 Wörter
2025-09-20 19:56:00,861 - database_manager - INFO - Verarbeite Datei 2109/2945: debates2015-10-29a.xml
2025-09-20 19:56:00,861 - database_manager - INFO - Parse debates XML-Datei: debates2015-10-29a.xml
2025-09-20 19:56:00,879 - database_manager - INFO - Debates XML erfolgreich geparst: 18 Debatten, 507 Reden, 61990 Wörter
2025-09-20 19:56:00,879 - database_manager - INFO - Verarbeite Datei 2110/2945: debates2021-01-27a.xml
2025-09-20 19:56:00,879 - database_manager - INFO - Parse debates XML-Datei: debates2021-01-27a.xml
2025-09-20 19:56:00,899 - database_manager - INFO - Debates XML erfolgreich geparst: 16 Debatten, 398 Reden, 61236 Wörter
2025-09-20 19:56:00,900 - database_manager - INFO - Verarbeite Datei 2111/2945: debates2018-02-02b.xml
2025-09-20 19:56:00,900 - database_manager - INFO - Parse debates XML-Datei: debates2018-02-02b.xml
2025-09-20 19:56:00,901 - database_manager - INFO - Debates XML erfolgreich geparst: 0 Debatten, 0 Reden, 0 Wörter
2025-09-20 19:56:00,901 - database_manager - INFO - Verarbeite Datei 2112/2945: debates2015-01-08b.xml
2025-09-20 19:56:00,901 - database_manager - INFO - Parse debates XML-Datei: debates2015-01-08b.xml
2025-09-20 19:56:00,902 - database_manager - INFO - Debates XML erfolgreich geparst: 0 Debatten, 0 Reden, 0 Wörter
2025-09-20 19:56:00,902 - database_manager - INFO - Verarbeite Datei 2113/2945: debates2020-10-19a.xml
2025-09-20 19:56:00,902 - database_manager - INFO - Parse debates XML-Datei: debates2020-10-19a.xml
2025-09-20 19:56:00,903 - database_manager - INFO - Debates XML erfolgreich geparst: 0 Debatten, 0 Reden, 0 Wörter
2025-09-20 19:56:00,904 - database_manager - INFO - Verarbeite Datei 2114/2945: debates2013-06-18a.xml
2025-09-20 19:56:00,904 - database_manager - INFO - Parse debates XML-Datei: debates2013-06-18a.xml
2025-09-20 19:56:00,904 - database_manager - INFO - Debates XML erfolgreich geparst: 0 Debatten, 0 Reden, 0 Wörter
2025-09-20 19:56:00,905 - database_manager - INFO - Verarbeite Datei 2115/2945: debates2013-04-25a.xml
2025-09-20 19:56:00,905 - database_manager - INFO - Parse debates XML-Datei: debates2013-04-25a.xml
2025-09-20 19:56:00,905 - database_manager - INFO - Debates XML erfolgreich geparst: 0 Debatten, 0 Reden, 0 Wörter
2025-09-20 19:56:00,905 - database_manager - INFO - Verarbeite Datei 2116/2945: debates2014-11-17a.xml
2025-09-20 19:56:00,905 - database_manager - INFO - Parse debates XML-Datei: debates2014-11-17a.xml
2025-09-20 19:56:00,919 - database_manager - INFO - Debates XML erfolgreich geparst: 23 Debatten, 431 Reden, 51989 Wörter
2025-09-20 19:56:00,920 - database_manager - INFO - Verarbeite Datei 2117/2945: debates2019-10-21e.xml
2025-09-20 19:56:00,920 - database_manager - INFO - Parse debates XML-Datei: debates2019-10-21e.xml
2025-09-20 19:56:00,938 - database_manager - INFO - Debates XML erfolgreich geparst: 13 Debatten, 555 Reden, 50644 Wörter
2025-09-20 19:56:00,938 - database_manager - INFO - Verarbeite Datei 2118/2945: debates2020-03-05b.xml
2025-09-20 19:56:00,938 - database_manager - INFO - Parse debates XML-Datei: debates2020-03-05b.xml
2025-09-20 19:56:00,939 - database_manager - INFO - Debates XML erfolgreich geparst: 0 Debatten, 0 Reden, 0 Wörter
2025-09-20 19:56:00,939 - database_manager - INFO - Verarbeite Datei 2119/2945: debates2020-02-24a.xml
2025-09-20 19:56:00,939 - database_manager - INFO - Parse debates XML-Datei: debates2020-02-24a.xml
2025-09-20 19:56:00,940 - database_manager - INFO - Debates XML erfolgreich geparst: 0 Debatten, 0 Reden, 0 Wörter
2025-09-20 19:56:00,940 - database_manager - INFO - Verarbeite Datei 2120/2945: debates2020-06-10c.xml
2025-09-20 19:56:00,940 - database_manager - INFO - Parse debates XML-Datei: debates2020-06-10c.xml
2025-09-20 19:56:00,952 - database_manager - INFO - Debates XML erfolgreich geparst: 12 Debatten, 365 Reden, 49494 Wörter
2025-09-20 19:56:00,952 - database_manager - INFO - Verarbeite Datei 2121/2945: debates2014-01-17a.xml
2025-09-20 19:56:00,952 - database_manager - INFO - Parse debates XML-Datei: debates2014-01-17a.xml
2025-09-20 19:56:00,962 - database_manager - INFO - Debates XML erfolgreich geparst: 6 Debatten, 201 Reden, 35646 Wörter
2025-09-20 19:56:00,962 - database_manager - INFO - Verarbeite Datei 2122/2945: debates2017-02-24a.xml
2025-09-20 19:56:00,962 - database_manager - INFO - Parse debates XML-Datei: debates2017-02-24a.xml
2025-09-20 19:56:00,973 - database_manager - INFO - Debates XML erfolgreich geparst: 7 Debatten, 221 Reden, 35388 Wörter
2025-09-20 19:56:00,973 - database_manager - INFO - Verarbeite Datei 2123/2945: debates2021-06-23a.xml
2025-09-20 19:56:00,973 - database_manager - INFO - Parse debates XML-Datei: debates2021-06-23a.xml
2025-09-20 19:56:00,974 - database_manager - INFO - Debates XML erfolgreich geparst: 0 Debatten, 0 Reden, 0 Wörter
2025-09-20 19:56:00,975 - database_manager - INFO - Verarbeite Datei 2124/2945: debates2012-10-22a.xml
2025-09-20 19:56:00,975 - database_manager - INFO - Parse debates XML-Datei: debates2012-10-22a.xml
2025-09-20 19:56:00,991 - database_manager - INFO - Debates XML erfolgreich geparst: 16 Debatten, 361 Reden, 62646 Wörter
2025-09-20 19:56:00,991 - database_manager - INFO - Verarbeite Datei 2125/2945: debates2017-10-19a.xml
2025-09-20 19:56:00,991 - database_manager - INFO - Parse debates XML-Datei: debates2017-10-19a.xml
2025-09-20 19:56:00,992 - database_manager - INFO - Debates XML erfolgreich geparst: 0 Debatten, 0 Reden, 0 Wörter
2025-09-20 19:56:00,992 - database_manager - INFO - Verarbeite Datei 2126/2945: debates2018-04-27a.xml
2025-09-20 19:56:00,992 - database_manager - INFO - Parse debates XML-Datei: debates2018-04-27a.xml
2025-09-20 19:56:00,993 - database_manager - INFO - Debates XML erfolgreich geparst: 0 Debatten, 0 Reden, 0 Wörter
2025-09-20 19:56:00,993 - database_manager - INFO - Verarbeite Datei 2127/2945: debates2013-05-08a.xml
2025-09-20 19:56:00,993 - database_manager - INFO - Parse debates XML-Datei: debates2013-05-08a.xml
2025-09-20 19:56:00,993 - database_manager - INFO - Debates XML erfolgreich geparst: 0 Debatten, 0 Reden, 0 Wörter
2025-09-20 19:56:00,993 - database_manager - INFO - Verarbeite Datei 2128/2945: debates2020-10-15b.xml
2025-09-20 19:56:00,993 - database_manager - INFO - Parse debates XML-Datei: debates2020-10-15b.xml
2025-09-20 19:56:01,011 - database_manager - INFO - Debates XML erfolgreich geparst: 32 Debatten, 457 Reden, 58863 Wörter
2025-09-20 19:56:01,011 - database_manager - INFO - Verarbeite Datei 2129/2945: debates2020-09-23c.xml
2025-09-20 19:56:01,011 - database_manager - INFO - Parse debates XML-Datei: debates2020-09-23c.xml
2025-09-20 19:56:01,034 - database_manager - INFO - Debates XML erfolgreich geparst: 20 Debatten, 584 Reden, 72972 Wörter
2025-09-20 19:56:01,035 - database_manager - INFO - Verarbeite Datei 2130/2945: debates2016-04-12b.xml
2025-09-20 19:56:01,035 - database_manager - INFO - Parse debates XML-Datei: debates2016-04-12b.xml
2025-09-20 19:56:01,056 - database_manager - INFO - Debates XML erfolgreich geparst: 15 Debatten, 512 Reden, 80468 Wörter
2025-09-20 19:56:01,056 - database_manager - INFO - Verarbeite Datei 2131/2945: debates2020-03-09a.xml
2025-09-20 19:56:01,056 - database_manager - INFO - Parse debates XML-Datei: debates2020-03-09a.xml
2025-09-20 19:56:01,057 - database_manager - INFO - Debates XML erfolgreich geparst: 0 Debatten, 0 Reden, 0 Wörter
2025-09-20 19:56:01,057 - database_manager - INFO - Verarbeite Datei 2132/2945: debates2019-02-11b.xml
2025-09-20 19:56:01,057 - database_manager - INFO - Parse debates XML-Datei: debates2019-02-11b.xml
2025-09-20 19:56:01,072 - database_manager - INFO - Debates XML erfolgreich geparst: 20 Debatten, 471 Reden, 49801 Wörter
2025-09-20 19:56:01,072 - database_manager - INFO - Verarbeite Datei 2133/2945: debates2021-09-10a.xml
2025-09-20 19:56:01,072 - database_manager - INFO - Parse debates XML-Datei: debates2021-09-10a.xml
2025-09-20 19:56:01,074 - database_manager - INFO - Debates XML erfolgreich geparst: 0 Debatten, 0 Reden, 0 Wörter
2025-09-20 19:56:01,074 - database_manager - INFO - Verarbeite Datei 2134/2945: debates2017-03-09a.xml
2025-09-20 19:56:01,074 - database_manager - INFO - Parse debates XML-Datei: debates2017-03-09a.xml
2025-09-20 19:56:01,075 - database_manager - INFO - Debates XML erfolgreich geparst: 0 Debatten, 0 Reden, 0 Wörter
2025-09-20 19:56:01,075 - database_manager - INFO - Verarbeite Datei 2135/2945: debates2021-04-12b.xml
2025-09-20 19:56:01,075 - database_manager - INFO - Parse debates XML-Datei: debates2021-04-12b.xml
2025-09-20 19:56:01,077 - database_manager - INFO - Debates XML erfolgreich geparst: 0 Debatten, 0 Reden, 0 Wörter
2025-09-20 19:56:01,077 - database_manager - INFO - Verarbeite Datei 2136/2945: debates2018-02-22a.xml
2025-09-20 19:56:01,077 - database_manager - INFO - Parse debates XML-Datei: debates2018-02-22a.xml
2025-09-20 19:56:01,092 - database_manager - INFO - Debates XML erfolgreich geparst: 21 Debatten, 445 Reden, 66049 Wörter
2025-09-20 19:56:01,093 - database_manager - INFO - Verarbeite Datei 2137/2945: debates2015-01-28a.xml
2025-09-20 19:56:01,093 - database_manager - INFO - Parse debates XML-Datei: debates2015-01-28a.xml
2025-09-20 19:56:01,094 - database_manager - INFO - Debates XML erfolgreich geparst: 0 Debatten, 0 Reden, 0 Wörter
2025-09-20 19:56:01,094 - database_manager - INFO - Verarbeite Datei 2138/2945: debates2021-10-26a.xml
2025-09-20 19:56:01,094 - database_manager - INFO - Parse debates XML-Datei: debates2021-10-26a.xml
2025-09-20 19:56:01,095 - database_manager - INFO - Debates XML erfolgreich geparst: 0 Debatten, 0 Reden, 0 Wörter
2025-09-20 19:56:01,095 - database_manager - INFO - Verarbeite Datei 2139/2945: debates2012-06-27a.xml
2025-09-20 19:56:01,095 - database_manager - INFO - Parse debates XML-Datei: debates2012-06-27a.xml
2025-09-20 19:56:01,111 - database_manager - INFO - Debates XML erfolgreich geparst: 37 Debatten, 433 Reden, 52777 Wörter
2025-09-20 19:56:01,111 - database_manager - INFO - Verarbeite Datei 2140/2945: debates2016-10-26a.xml
2025-09-20 19:56:01,111 - database_manager - INFO - Parse debates XML-Datei: debates2016-10-26a.xml
2025-09-20 19:56:01,128 - database_manager - INFO - Debates XML erfolgreich geparst: 11 Debatten, 499 Reden, 63056 Wörter
2025-09-20 19:56:01,129 - database_manager - INFO - Verarbeite Datei 2141/2945: debates2019-07-04b.xml
2025-09-20 19:56:01,129 - database_manager - INFO - Parse debates XML-Datei: debates2019-07-04b.xml
2025-09-20 19:56:01,143 - database_manager - INFO - Debates XML erfolgreich geparst: 20 Debatten, 428 Reden, 63542 Wörter
2025-09-20 19:56:01,144 - database_manager - INFO - Verarbeite Datei 2142/2945: debates2019-06-25a.xml
2025-09-20 19:56:01,144 - database_manager - INFO - Parse debates XML-Datei: debates2019-06-25a.xml
2025-09-20 19:56:01,155 - database_manager - INFO - Debates XML erfolgreich geparst: 17 Debatten, 343 Reden, 42388 Wörter
2025-09-20 19:56:01,155 - database_manager - INFO - Verarbeite Datei 2143/2945: debates2020-04-21a.xml
2025-09-20 19:56:01,155 - database_manager - INFO - Parse debates XML-Datei: debates2020-04-21a.xml
2025-09-20 19:56:01,159 - database_manager - INFO - Debates XML erfolgreich geparst: 1 Debatten, 82 Reden, 13965 Wörter
2025-09-20 19:56:01,159 - database_manager - INFO - Verarbeite Datei 2144/2945: debates2016-01-07b.xml
2025-09-20 19:56:01,159 - database_manager - INFO - Parse debates XML-Datei: debates2016-01-07b.xml
2025-09-20 19:56:01,177 - database_manager - INFO - Debates XML erfolgreich geparst: 16 Debatten, 491 Reden, 63592 Wörter
2025-09-20 19:56:01,177 - database_manager - INFO - Verarbeite Datei 2145/2945: debates2020-09-23b.xml
2025-09-20 19:56:01,177 - database_manager - INFO - Parse debates XML-Datei: debates2020-09-23b.xml
2025-09-20 19:56:01,179 - database_manager - INFO - Debates XML erfolgreich geparst: 0 Debatten, 0 Reden, 0 Wörter
2025-09-20 19:56:01,179 - database_manager - INFO - Verarbeite Datei 2146/2945: debates2012-09-14a.xml
2025-09-20 19:56:01,179 - database_manager - INFO - Parse debates XML-Datei: debates2012-09-14a.xml
2025-09-20 19:56:01,187 - database_manager - INFO - Debates XML erfolgreich geparst: 5 Debatten, 148 Reden, 36726 Wörter
2025-09-20 19:56:01,188 - database_manager - INFO - Verarbeite Datei 2147/2945: debates2015-11-24b.xml
2025-09-20 19:56:01,188 - database_manager - INFO - Parse debates XML-Datei: debates2015-11-24b.xml
2025-09-20 19:56:01,210 - database_manager - INFO - Debates XML erfolgreich geparst: 21 Debatten, 657 Reden, 69036 Wörter
2025-09-20 19:56:01,211 - database_manager - INFO - Verarbeite Datei 2148/2945: debates2012-04-16b.xml
2025-09-20 19:56:01,211 - database_manager - INFO - Parse debates XML-Datei: debates2012-04-16b.xml
2025-09-20 19:56:01,232 - database_manager - INFO - Debates XML erfolgreich geparst: 23 Debatten, 499 Reden, 67982 Wörter
2025-09-20 19:56:01,232 - database_manager - INFO - Verarbeite Datei 2149/2945: debates2019-07-08a.xml
2025-09-20 19:56:01,232 - database_manager - INFO - Parse debates XML-Datei: debates2019-07-08a.xml
2025-09-20 19:56:01,252 - database_manager - INFO - Debates XML erfolgreich geparst: 16 Debatten, 511 Reden, 62397 Wörter
2025-09-20 19:56:01,252 - database_manager - INFO - Verarbeite Datei 2150/2945: debates2020-03-05c.xml
2025-09-20 19:56:01,252 - database_manager - INFO - Parse debates XML-Datei: debates2020-03-05c.xml
2025-09-20 19:56:01,265 - database_manager - INFO - Debates XML erfolgreich geparst: 16 Debatten, 336 Reden, 57299 Wörter
2025-09-20 19:56:01,266 - database_manager - INFO - Verarbeite Datei 2151/2945: debates2019-10-21d.xml
2025-09-20 19:56:01,266 - database_manager - INFO - Parse debates XML-Datei: debates2019-10-21d.xml
2025-09-20 19:56:01,267 - database_manager - INFO - Debates XML erfolgreich geparst: 0 Debatten, 0 Reden, 0 Wörter
2025-09-20 19:56:01,268 - database_manager - INFO - Verarbeite Datei 2152/2945: debates2014-04-02a.xml
2025-09-20 19:56:01,268 - database_manager - INFO - Parse debates XML-Datei: debates2014-04-02a.xml
2025-09-20 19:56:01,268 - database_manager - INFO - Debates XML erfolgreich geparst: 0 Debatten, 0 Reden, 0 Wörter
2025-09-20 19:56:01,268 - database_manager - INFO - Verarbeite Datei 2153/2945: debates2020-06-10b.xml
2025-09-20 19:56:01,268 - database_manager - INFO - Parse debates XML-Datei: debates2020-06-10b.xml
2025-09-20 19:56:01,269 - database_manager - INFO - Debates XML erfolgreich geparst: 0 Debatten, 0 Reden, 0 Wörter
2025-09-20 19:56:01,269 - database_manager - INFO - Verarbeite Datei 2154/2945: debates2013-01-30a.xml
2025-09-20 19:56:01,269 - database_manager - INFO - Parse debates XML-Datei: debates2013-01-30a.xml
2025-09-20 19:56:01,291 - database_manager - INFO - Debates XML erfolgreich geparst: 14 Debatten, 561 Reden, 67713 Wörter
2025-09-20 19:56:01,292 - database_manager - INFO - Verarbeite Datei 2155/2945: debates2020-02-25d.xml
2025-09-20 19:56:01,292 - database_manager - INFO - Parse debates XML-Datei: debates2020-02-25d.xml
2025-09-20 19:56:01,307 - database_manager - INFO - Debates XML erfolgreich geparst: 19 Debatten, 353 Reden, 65537 Wörter
2025-09-20 19:56:01,308 - database_manager - INFO - Verarbeite Datei 2156/2945: debates2018-07-17b.xml
2025-09-20 19:56:01,308 - database_manager - INFO - Parse debates XML-Datei: debates2018-07-17b.xml
2025-09-20 19:56:01,330 - database_manager - INFO - Debates XML erfolgreich geparst: 50 Debatten, 579 Reden, 67006 Wörter
2025-09-20 19:56:01,331 - database_manager - INFO - Verarbeite Datei 2157/2945: debates2017-11-14b.xml
2025-09-20 19:56:01,331 - database_manager - INFO - Parse debates XML-Datei: debates2017-11-14b.xml
2025-09-20 19:56:01,359 - database_manager - INFO - Debates XML erfolgreich geparst: 24 Debatten, 889 Reden, 92438 Wörter
2025-09-20 19:56:01,360 - database_manager - INFO - Verarbeite Datei 2158/2945: debates2015-07-01a.xml
2025-09-20 19:56:01,360 - database_manager - INFO - Parse debates XML-Datei: debates2015-07-01a.xml
2025-09-20 19:56:01,361 - database_manager - INFO - Debates XML erfolgreich geparst: 0 Debatten, 0 Reden, 0 Wörter
2025-09-20 19:56:01,361 - database_manager - INFO - Verarbeite Datei 2159/2945: debates2015-01-08c.xml
2025-09-20 19:56:01,361 - database_manager - INFO - Parse debates XML-Datei: debates2015-01-08c.xml
2025-09-20 19:56:01,376 - database_manager - INFO - Debates XML erfolgreich geparst: 20 Debatten, 358 Reden, 59241 Wörter
2025-09-20 19:56:01,376 - database_manager - INFO - Verarbeite Datei 2160/2945: debates2021-05-13b.xml
2025-09-20 19:56:01,376 - database_manager - INFO - Parse debates XML-Datei: debates2021-05-13b.xml
2025-09-20 19:56:01,390 - database_manager - INFO - Debates XML erfolgreich geparst: 3 Debatten, 229 Reden, 64743 Wörter
2025-09-20 19:56:01,390 - database_manager - INFO - Verarbeite Datei 2161/2945: debates2017-03-29b.xml
2025-09-20 19:56:01,390 - database_manager - INFO - Parse debates XML-Datei: debates2017-03-29b.xml
2025-09-20 19:56:01,391 - database_manager - INFO - Debates XML erfolgreich geparst: 0 Debatten, 0 Reden, 0 Wörter
2025-09-20 19:56:01,391 - database_manager - INFO - Verarbeite Datei 2162/2945: debates2017-02-08a.xml
2025-09-20 19:56:01,391 - database_manager - INFO - Parse debates XML-Datei: debates2017-02-08a.xml
2025-09-20 19:56:01,392 - database_manager - INFO - Debates XML erfolgreich geparst: 0 Debatten, 0 Reden, 0 Wörter
2025-09-20 19:56:01,392 - database_manager - INFO - Verarbeite Datei 2163/2945: debates2014-03-06a.xml
2025-09-20 19:56:01,392 - database_manager - INFO - Parse debates XML-Datei: debates2014-03-06a.xml
2025-09-20 19:56:01,393 - database_manager - INFO - Debates XML erfolgreich geparst: 0 Debatten, 0 Reden, 0 Wörter
2025-09-20 19:56:01,393 - database_manager - INFO - Verarbeite Datei 2164/2945: debates2014-02-27b.xml
2025-09-20 19:56:01,393 - database_manager - INFO - Parse debates XML-Datei: debates2014-02-27b.xml
2025-09-20 19:56:01,410 - database_manager - INFO - Debates XML erfolgreich geparst: 19 Debatten, 415 Reden, 63659 Wörter
2025-09-20 19:56:01,410 - database_manager - INFO - Verarbeite Datei 2165/2945: debates2020-01-14b.xml
2025-09-20 19:56:01,410 - database_manager - INFO - Parse debates XML-Datei: debates2020-01-14b.xml
2025-09-20 19:56:01,411 - database_manager - INFO - Debates XML erfolgreich geparst: 0 Debatten, 0 Reden, 0 Wörter
2025-09-20 19:56:01,411 - database_manager - INFO - Verarbeite Datei 2166/2945: debates2020-12-08a.xml
2025-09-20 19:56:01,411 - database_manager - INFO - Parse debates XML-Datei: debates2020-12-08a.xml
2025-09-20 19:56:01,412 - database_manager - INFO - Debates XML erfolgreich geparst: 0 Debatten, 0 Reden, 0 Wörter
2025-09-20 19:56:01,412 - database_manager - INFO - Verarbeite Datei 2167/2945: debates2017-12-04b.xml
2025-09-20 19:56:01,413 - database_manager - INFO - Parse debates XML-Datei: debates2017-12-04b.xml
2025-09-20 19:56:01,443 - database_manager - INFO - Debates XML erfolgreich geparst: 30 Debatten, 824 Reden, 87278 Wörter
2025-09-20 19:56:01,444 - database_manager - INFO - Verarbeite Datei 2168/2945: debates2021-07-22a.xml
2025-09-20 19:56:01,444 - database_manager - INFO - Parse debates XML-Datei: debates2021-07-22a.xml
2025-09-20 19:56:01,445 - database_manager - INFO - Debates XML erfolgreich geparst: 0 Debatten, 0 Reden, 0 Wörter
2025-09-20 19:56:01,445 - database_manager - INFO - Verarbeite Datei 2169/2945: debates2018-09-05a.xml
2025-09-20 19:56:01,445 - database_manager - INFO - Parse debates XML-Datei: debates2018-09-05a.xml
2025-09-20 19:56:01,445 - database_manager - INFO - Debates XML erfolgreich geparst: 0 Debatten, 0 Reden, 0 Wörter
2025-09-20 19:56:01,445 - database_manager - INFO - Verarbeite Datei 2170/2945: debates2017-01-18a.xml
2025-09-20 19:56:01,445 - database_manager - INFO - Parse debates XML-Datei: debates2017-01-18a.xml
2025-09-20 19:56:01,459 - database_manager - INFO - Debates XML erfolgreich geparst: 13 Debatten, 331 Reden, 56264 Wörter
2025-09-20 19:56:01,460 - database_manager - INFO - Verarbeite Datei 2171/2945: debates2017-07-11c.xml
2025-09-20 19:56:01,460 - database_manager - INFO - Parse debates XML-Datei: debates2017-07-11c.xml
2025-09-20 19:56:01,462 - database_manager - INFO - Debates XML erfolgreich geparst: 0 Debatten, 0 Reden, 0 Wörter
2025-09-20 19:56:01,462 - database_manager - INFO - Verarbeite Datei 2172/2945: debates2012-01-23a.xml
2025-09-20 19:56:01,462 - database_manager - INFO - Parse debates XML-Datei: debates2012-01-23a.xml
2025-09-20 19:56:01,464 - database_manager - INFO - Debates XML erfolgreich geparst: 0 Debatten, 0 Reden, 0 Wörter
2025-09-20 19:56:01,464 - database_manager - INFO - Verarbeite Datei 2173/2945: debates2018-11-12c.xml
2025-09-20 19:56:01,464 - database_manager - INFO - Parse debates XML-Datei: debates2018-11-12c.xml
2025-09-20 19:56:01,465 - database_manager - INFO - Debates XML erfolgreich geparst: 0 Debatten, 0 Reden, 0 Wörter
2025-09-20 19:56:01,465 - database_manager - INFO - Verarbeite Datei 2174/2945: debates2019-01-21a.xml
2025-09-20 19:56:01,465 - database_manager - INFO - Parse debates XML-Datei: debates2019-01-21a.xml
2025-09-20 19:56:01,480 - database_manager - INFO - Debates XML erfolgreich geparst: 31 Debatten, 499 Reden, 46697 Wörter
2025-09-20 19:56:01,481 - database_manager - INFO - Verarbeite Datei 2175/2945: debates2020-03-25a.xml
2025-09-20 19:56:01,481 - database_manager - INFO - Parse debates XML-Datei: debates2020-03-25a.xml
2025-09-20 19:56:01,481 - database_manager - INFO - Debates XML erfolgreich geparst: 0 Debatten, 0 Reden, 0 Wörter
2025-09-20 19:56:01,482 - database_manager - INFO - Verarbeite Datei 2176/2945: debates2020-02-04b.xml
2025-09-20 19:56:01,482 - database_manager - INFO - Parse debates XML-Datei: debates2020-02-04b.xml
2025-09-20 19:56:01,483 - database_manager - INFO - Debates XML erfolgreich geparst: 0 Debatten, 0 Reden, 0 Wörter
2025-09-20 19:56:01,484 - database_manager - INFO - Verarbeite Datei 2177/2945: debates2019-05-15c.xml
2025-09-20 19:56:01,484 - database_manager - INFO - Parse debates XML-Datei: debates2019-05-15c.xml
2025-09-20 19:56:01,498 - database_manager - INFO - Debates XML erfolgreich geparst: 17 Debatten, 392 Reden, 60834 Wörter
2025-09-20 19:56:01,499 - database_manager - INFO - Verarbeite Datei 2178/2945: debates2014-10-16a.xml
2025-09-20 19:56:01,499 - database_manager - INFO - Parse debates XML-Datei: debates2014-10-16a.xml
2025-09-20 19:56:01,516 - database_manager - INFO - Debates XML erfolgreich geparst: 21 Debatten, 518 Reden, 65344 Wörter
2025-09-20 19:56:01,516 - database_manager - INFO - Verarbeite Datei 2179/2945: debates2020-11-18a.xml
2025-09-20 19:56:01,516 - database_manager - INFO - Parse debates XML-Datei: debates2020-11-18a.xml
2025-09-20 19:56:01,517 - database_manager - INFO - Debates XML erfolgreich geparst: 0 Debatten, 0 Reden, 0 Wörter
2025-09-20 19:56:01,517 - database_manager - INFO - Verarbeite Datei 2180/2945: debates2015-02-03d.xml
2025-09-20 19:56:01,517 - database_manager - INFO - Parse debates XML-Datei: debates2015-02-03d.xml
2025-09-20 19:56:01,518 - database_manager - INFO - Debates XML erfolgreich geparst: 0 Debatten, 0 Reden, 0 Wörter
2025-09-20 19:56:01,518 - database_manager - INFO - Verarbeite Datei 2181/2945: debates2015-09-09a.xml
2025-09-20 19:56:01,518 - database_manager - INFO - Parse debates XML-Datei: debates2015-09-09a.xml
2025-09-20 19:56:01,535 - database_manager - INFO - Debates XML erfolgreich geparst: 6 Debatten, 334 Reden, 62814 Wörter
2025-09-20 19:56:01,536 - database_manager - INFO - Verarbeite Datei 2182/2945: debates2012-10-18a.xml
2025-09-20 19:56:01,536 - database_manager - INFO - Parse debates XML-Datei: debates2012-10-18a.xml
2025-09-20 19:56:01,537 - database_manager - INFO - Debates XML erfolgreich geparst: 0 Debatten, 0 Reden, 0 Wörter
2025-09-20 19:56:01,537 - database_manager - INFO - Verarbeite Datei 2183/2945: debates2017-11-02b.xml
2025-09-20 19:56:01,537 - database_manager - INFO - Parse debates XML-Datei: debates2017-11-02b.xml
2025-09-20 19:56:01,537 - database_manager - INFO - Debates XML erfolgreich geparst: 0 Debatten, 0 Reden, 0 Wörter
2025-09-20 19:56:01,538 - database_manager - INFO - Verarbeite Datei 2184/2945: debates2017-10-23a.xml
2025-09-20 19:56:01,538 - database_manager - INFO - Parse debates XML-Datei: debates2017-10-23a.xml
2025-09-20 19:56:01,555 - database_manager - INFO - Debates XML erfolgreich geparst: 23 Debatten, 569 Reden, 63760 Wörter
2025-09-20 19:56:01,556 - database_manager - INFO - Verarbeite Datei 2185/2945: debates2018-06-20a.xml
2025-09-20 19:56:01,556 - database_manager - INFO - Parse debates XML-Datei: debates2018-06-20a.xml
2025-09-20 19:56:01,571 - database_manager - INFO - Debates XML erfolgreich geparst: 17 Debatten, 484 Reden, 59474 Wörter
2025-09-20 19:56:01,572 - database_manager - INFO - Verarbeite Datei 2186/2945: debates2020-11-02b.xml
2025-09-20 19:56:01,572 - database_manager - INFO - Parse debates XML-Datei: debates2020-11-02b.xml
2025-09-20 19:56:01,573 - database_manager - INFO - Debates XML erfolgreich geparst: 0 Debatten, 0 Reden, 0 Wörter
2025-09-20 19:56:01,573 - database_manager - INFO - Verarbeite Datei 2187/2945: debates2020-10-23a.xml
2025-09-20 19:56:01,573 - database_manager - INFO - Parse debates XML-Datei: debates2020-10-23a.xml
2025-09-20 19:56:01,573 - database_manager - INFO - Debates XML erfolgreich geparst: 0 Debatten, 0 Reden, 0 Wörter
2025-09-20 19:56:01,573 - database_manager - INFO - Verarbeite Datei 2188/2945: debates2016-05-05b.xml
2025-09-20 19:56:01,573 - database_manager - INFO - Parse debates XML-Datei: debates2016-05-05b.xml
2025-09-20 19:56:01,581 - database_manager - INFO - Debates XML erfolgreich geparst: 23 Debatten, 212 Reden, 30753 Wörter
2025-09-20 19:56:01,581 - database_manager - INFO - Verarbeite Datei 2189/2945: debates2016-10-10c.xml
2025-09-20 19:56:01,581 - database_manager - INFO - Parse debates XML-Datei: debates2016-10-10c.xml
2025-09-20 19:56:01,599 - database_manager - INFO - Debates XML erfolgreich geparst: 20 Debatten, 526 Reden, 64027 Wörter
2025-09-20 19:56:01,599 - database_manager - INFO - Verarbeite Datei 2190/2945: debates2019-02-27a.xml
2025-09-20 19:56:01,599 - database_manager - INFO - Parse debates XML-Datei: debates2019-02-27a.xml
2025-09-20 19:56:01,625 - database_manager - INFO - Debates XML erfolgreich geparst: 17 Debatten, 570 Reden, 63412 Wörter
2025-09-20 19:56:01,626 - database_manager - INFO - Verarbeite Datei 2191/2945: debates2019-03-06b.xml
2025-09-20 19:56:01,626 - database_manager - INFO - Parse debates XML-Datei: debates2019-03-06b.xml
2025-09-20 19:56:01,627 - database_manager - INFO - Debates XML erfolgreich geparst: 0 Debatten, 0 Reden, 0 Wörter
2025-09-20 19:56:01,627 - database_manager - INFO - Verarbeite Datei 2192/2945: debates2014-03-10a.xml
2025-09-20 19:56:01,627 - database_manager - INFO - Parse debates XML-Datei: debates2014-03-10a.xml
2025-09-20 19:56:01,645 - database_manager - INFO - Debates XML erfolgreich geparst: 39 Debatten, 460 Reden, 65831 Wörter
2025-09-20 19:56:01,645 - database_manager - INFO - Verarbeite Datei 2193/2945: debates2012-02-29b.xml
2025-09-20 19:56:01,645 - database_manager - INFO - Parse debates XML-Datei: debates2012-02-29b.xml
2025-09-20 19:56:01,664 - database_manager - INFO - Debates XML erfolgreich geparst: 19 Debatten, 475 Reden, 63760 Wörter
2025-09-20 19:56:01,664 - database_manager - INFO - Verarbeite Datei 2194/2945: debates2012-03-08a.xml
2025-09-20 19:56:01,664 - database_manager - INFO - Parse debates XML-Datei: debates2012-03-08a.xml
2025-09-20 19:56:01,682 - database_manager - INFO - Debates XML erfolgreich geparst: 22 Debatten, 469 Reden, 68136 Wörter
2025-09-20 19:56:01,682 - database_manager - INFO - Verarbeite Datei 2195/2945: debates2018-09-13a.xml
2025-09-20 19:56:01,683 - database_manager - INFO - Parse debates XML-Datei: debates2018-09-13a.xml
2025-09-20 19:56:01,683 - database_manager - INFO - Debates XML erfolgreich geparst: 0 Debatten, 0 Reden, 0 Wörter
2025-09-20 19:56:01,684 - database_manager - INFO - Verarbeite Datei 2196/2945: debates2021-04-28b.xml
2025-09-20 19:56:01,684 - database_manager - INFO - Parse debates XML-Datei: debates2021-04-28b.xml
2025-09-20 19:56:01,684 - database_manager - INFO - Debates XML erfolgreich geparst: 0 Debatten, 0 Reden, 0 Wörter
2025-09-20 19:56:01,684 - database_manager - INFO - Verarbeite Datei 2197/2945: debates2021-06-15b.xml
2025-09-20 19:56:01,684 - database_manager - INFO - Parse debates XML-Datei: debates2021-06-15b.xml
2025-09-20 19:56:01,685 - database_manager - INFO - Debates XML erfolgreich geparst: 0 Debatten, 0 Reden, 0 Wörter
2025-09-20 19:56:01,685 - database_manager - INFO - Verarbeite Datei 2198/2945: debates2018-12-19d.xml
2025-09-20 19:56:01,685 - database_manager - INFO - Parse debates XML-Datei: debates2018-12-19d.xml
2025-09-20 19:56:01,691 - database_manager - INFO - Debates XML erfolgreich geparst: 3 Debatten, 62 Reden, 18918 Wörter
2025-09-20 19:56:01,691 - database_manager - INFO - Verarbeite Datei 2199/2945: debates2017-12-12b.xml
2025-09-20 19:56:01,691 - database_manager - INFO - Parse debates XML-Datei: debates2017-12-12b.xml
2025-09-20 19:56:01,718 - database_manager - INFO - Debates XML erfolgreich geparst: 21 Debatten, 601 Reden, 94612 Wörter
2025-09-20 19:56:01,719 - database_manager - INFO - Verarbeite Datei 2200/2945: debates2019-10-16b.xml
2025-09-20 19:56:01,719 - database_manager - INFO - Parse debates XML-Datei: debates2019-10-16b.xml
2025-09-20 19:56:01,738 - database_manager - INFO - Debates XML erfolgreich geparst: 4 Debatten, 376 Reden, 79883 Wörter
2025-09-20 19:56:01,739 - database_manager - INFO - Verarbeite Datei 2201/2945: debates2014-05-14d.xml
2025-09-20 19:56:01,739 - database_manager - INFO - Parse debates XML-Datei: debates2014-05-14d.xml
2025-09-20 19:56:01,755 - database_manager - INFO - Debates XML erfolgreich geparst: 38 Debatten, 421 Reden, 57583 Wörter
2025-09-20 19:56:01,756 - database_manager - INFO - Verarbeite Datei 2202/2945: debates2016-05-09a.xml
2025-09-20 19:56:01,756 - database_manager - INFO - Parse debates XML-Datei: debates2016-05-09a.xml
2025-09-20 19:56:01,758 - database_manager - INFO - Debates XML erfolgreich geparst: 0 Debatten, 0 Reden, 0 Wörter
2025-09-20 19:56:01,758 - database_manager - INFO - Verarbeite Datei 2203/2945: debates2020-02-13f.xml
2025-09-20 19:56:01,758 - database_manager - INFO - Parse debates XML-Datei: debates2020-02-13f.xml
2025-09-20 19:56:01,772 - database_manager - INFO - Debates XML erfolgreich geparst: 19 Debatten, 372 Reden, 52784 Wörter
2025-09-20 19:56:01,772 - database_manager - INFO - Verarbeite Datei 2204/2945: debates2016-06-15b.xml
2025-09-20 19:56:01,773 - database_manager - INFO - Parse debates XML-Datei: debates2016-06-15b.xml
2025-09-20 19:56:01,793 - database_manager - INFO - Debates XML erfolgreich geparst: 15 Debatten, 468 Reden, 67664 Wörter
2025-09-20 19:56:01,793 - database_manager - INFO - Verarbeite Datei 2205/2945: debates2013-09-11a.xml
2025-09-20 19:56:01,793 - database_manager - INFO - Parse debates XML-Datei: debates2013-09-11a.xml
2025-09-20 19:56:01,817 - database_manager - INFO - Debates XML erfolgreich geparst: 25 Debatten, 600 Reden, 76664 Wörter
2025-09-20 19:56:01,817 - database_manager - INFO - Verarbeite Datei 2206/2945: debates2020-02-12b.xml
2025-09-20 19:56:01,817 - database_manager - INFO - Parse debates XML-Datei: debates2020-02-12b.xml
2025-09-20 19:56:01,821 - database_manager - INFO - Debates XML erfolgreich geparst: 1 Debatten, 22 Reden, 8470 Wörter
2025-09-20 19:56:01,821 - database_manager - INFO - Verarbeite Datei 2207/2945: debates2013-11-06c.xml
2025-09-20 19:56:01,821 - database_manager - INFO - Parse debates XML-Datei: debates2013-11-06c.xml
2025-09-20 19:56:01,842 - database_manager - INFO - Debates XML erfolgreich geparst: 14 Debatten, 594 Reden, 74062 Wörter
2025-09-20 19:56:01,843 - database_manager - INFO - Verarbeite Datei 2208/2945: debates2020-07-07c.xml
2025-09-20 19:56:01,843 - database_manager - INFO - Parse debates XML-Datei: debates2020-07-07c.xml
2025-09-20 19:56:01,860 - database_manager - INFO - Debates XML erfolgreich geparst: 23 Debatten, 472 Reden, 66838 Wörter
2025-09-20 19:56:01,860 - database_manager - INFO - Verarbeite Datei 2209/2945: debates2021-07-19d.xml
2025-09-20 19:56:01,860 - database_manager - INFO - Parse debates XML-Datei: debates2021-07-19d.xml
2025-09-20 19:56:01,879 - database_manager - INFO - Debates XML erfolgreich geparst: 19 Debatten, 499 Reden, 70938 Wörter
2025-09-20 19:56:01,879 - database_manager - INFO - Verarbeite Datei 2210/2945: debates2018-10-09a.xml
2025-09-20 19:56:01,879 - database_manager - INFO - Parse debates XML-Datei: debates2018-10-09a.xml
2025-09-20 19:56:01,880 - database_manager - INFO - Debates XML erfolgreich geparst: 0 Debatten, 0 Reden, 0 Wörter
2025-09-20 19:56:01,880 - database_manager - INFO - Verarbeite Datei 2211/2945: debates2021-01-11b.xml
2025-09-20 19:56:01,880 - database_manager - INFO - Parse debates XML-Datei: debates2021-01-11b.xml
2025-09-20 19:56:01,881 - database_manager - INFO - Debates XML erfolgreich geparst: 0 Debatten, 0 Reden, 0 Wörter
2025-09-20 19:56:01,881 - database_manager - INFO - Verarbeite Datei 2212/2945: debates2015-03-03a.xml
2025-09-20 19:56:01,881 - database_manager - INFO - Parse debates XML-Datei: debates2015-03-03a.xml
2025-09-20 19:56:01,882 - database_manager - INFO - Debates XML erfolgreich geparst: 0 Debatten, 0 Reden, 0 Wörter
2025-09-20 19:56:01,882 - database_manager - INFO - Verarbeite Datei 2213/2945: debates2018-03-15b.xml
2025-09-20 19:56:01,882 - database_manager - INFO - Parse debates XML-Datei: debates2018-03-15b.xml
2025-09-20 19:56:01,899 - database_manager - INFO - Debates XML erfolgreich geparst: 17 Debatten, 473 Reden, 66262 Wörter
2025-09-20 19:56:01,899 - database_manager - INFO - Verarbeite Datei 2214/2945: debates2017-01-23d.xml
2025-09-20 19:56:01,899 - database_manager - INFO - Parse debates XML-Datei: debates2017-01-23d.xml
2025-09-20 19:56:01,922 - database_manager - INFO - Debates XML erfolgreich geparst: 24 Debatten, 629 Reden, 63509 Wörter
2025-09-20 19:56:01,923 - database_manager - INFO - Verarbeite Datei 2215/2945: debates2016-01-11b.xml
2025-09-20 19:56:01,923 - database_manager - INFO - Parse debates XML-Datei: debates2016-01-11b.xml
2025-09-20 19:56:01,924 - database_manager - INFO - Debates XML erfolgreich geparst: 4 Debatten, 0 Reden, 0 Wörter
2025-09-20 19:56:01,924 - database_manager - INFO - Verarbeite Datei 2216/2945: debates2020-11-23d.xml
2025-09-20 19:56:01,924 - database_manager - INFO - Parse debates XML-Datei: debates2020-11-23d.xml
2025-09-20 19:56:01,924 - database_manager - INFO - Debates XML erfolgreich geparst: 0 Debatten, 0 Reden, 0 Wörter
2025-09-20 19:56:01,924 - database_manager - INFO - Verarbeite Datei 2217/2945: debates2021-12-01b.xml
2025-09-20 19:56:01,924 - database_manager - INFO - Parse debates XML-Datei: debates2021-12-01b.xml
2025-09-20 19:56:01,925 - database_manager - INFO - Debates XML erfolgreich geparst: 0 Debatten, 0 Reden, 0 Wörter
2025-09-20 19:56:01,925 - database_manager - INFO - Verarbeite Datei 2218/2945: debates2012-05-21a.xml
2025-09-20 19:56:01,925 - database_manager - INFO - Parse debates XML-Datei: debates2012-05-21a.xml
2025-09-20 19:56:01,927 - database_manager - INFO - Debates XML erfolgreich geparst: 0 Debatten, 0 Reden, 0 Wörter
2025-09-20 19:56:01,927 - database_manager - INFO - Verarbeite Datei 2219/2945: debates2017-03-13c.xml
2025-09-20 19:56:01,927 - database_manager - INFO - Parse debates XML-Datei: debates2017-03-13c.xml
2025-09-20 19:56:01,927 - database_manager - INFO - Debates XML erfolgreich geparst: 0 Debatten, 0 Reden, 0 Wörter
2025-09-20 19:56:01,927 - database_manager - INFO - Verarbeite Datei 2220/2945: debates2015-10-13a.xml
2025-09-20 19:56:01,927 - database_manager - INFO - Parse debates XML-Datei: debates2015-10-13a.xml
2025-09-20 19:56:01,947 - database_manager - INFO - Debates XML erfolgreich geparst: 27 Debatten, 485 Reden, 67071 Wörter
2025-09-20 19:56:01,948 - database_manager - INFO - Verarbeite Datei 2221/2945: debates2021-02-01b.xml
2025-09-20 19:56:01,948 - database_manager - INFO - Parse debates XML-Datei: debates2021-02-01b.xml
2025-09-20 19:56:01,963 - database_manager - INFO - Debates XML erfolgreich geparst: 17 Debatten, 280 Reden, 63024 Wörter
2025-09-20 19:56:01,964 - database_manager - INFO - Verarbeite Datei 2222/2945: debates2021-07-14c.xml
2025-09-20 19:56:01,964 - database_manager - INFO - Parse debates XML-Datei: debates2021-07-14c.xml
2025-09-20 19:56:01,984 - database_manager - INFO - Debates XML erfolgreich geparst: 15 Debatten, 408 Reden, 66555 Wörter
2025-09-20 19:56:01,984 - database_manager - INFO - Verarbeite Datei 2223/2945: debates2018-01-24a.xml
2025-09-20 19:56:01,984 - database_manager - INFO - Parse debates XML-Datei: debates2018-01-24a.xml
2025-09-20 19:56:02,001 - database_manager - INFO - Debates XML erfolgreich geparst: 13 Debatten, 467 Reden, 65809 Wörter
2025-09-20 19:56:02,002 - database_manager - INFO - Verarbeite Datei 2224/2945: debates2018-03-19a.xml
2025-09-20 19:56:02,002 - database_manager - INFO - Parse debates XML-Datei: debates2018-03-19a.xml
2025-09-20 19:56:02,003 - database_manager - INFO - Debates XML erfolgreich geparst: 0 Debatten, 0 Reden, 0 Wörter
2025-09-20 19:56:02,003 - database_manager - INFO - Verarbeite Datei 2225/2945: debates2016-07-14c.xml
2025-09-20 19:56:02,003 - database_manager - INFO - Parse debates XML-Datei: debates2016-07-14c.xml
2025-09-20 19:56:02,016 - database_manager - INFO - Debates XML erfolgreich geparst: 18 Debatten, 373 Reden, 57745 Wörter
2025-09-20 19:56:02,017 - database_manager - INFO - Verarbeite Datei 2226/2945: debates2016-02-01b.xml
2025-09-20 19:56:02,017 - database_manager - INFO - Parse debates XML-Datei: debates2016-02-01b.xml
2025-09-20 19:56:02,018 - database_manager - INFO - Debates XML erfolgreich geparst: 0 Debatten, 0 Reden, 0 Wörter
2025-09-20 19:56:02,018 - database_manager - INFO - Verarbeite Datei 2227/2945: debates2013-11-26a.xml
2025-09-20 19:56:02,018 - database_manager - INFO - Parse debates XML-Datei: debates2013-11-26a.xml
2025-09-20 19:56:02,020 - database_manager - INFO - Debates XML erfolgreich geparst: 0 Debatten, 0 Reden, 0 Wörter
2025-09-20 19:56:02,020 - database_manager - INFO - Verarbeite Datei 2228/2945: debates2016-12-01b.xml
2025-09-20 19:56:02,020 - database_manager - INFO - Parse debates XML-Datei: debates2016-12-01b.xml
2025-09-20 19:56:02,021 - database_manager - INFO - Debates XML erfolgreich geparst: 0 Debatten, 0 Reden, 0 Wörter
2025-09-20 19:56:02,021 - database_manager - INFO - Verarbeite Datei 2229/2945: debates2014-07-08b.xml
2025-09-20 19:56:02,021 - database_manager - INFO - Parse debates XML-Datei: debates2014-07-08b.xml
2025-09-20 19:56:02,021 - database_manager - INFO - Debates XML erfolgreich geparst: 0 Debatten, 0 Reden, 0 Wörter
2025-09-20 19:56:02,022 - database_manager - INFO - Verarbeite Datei 2230/2945: debates2019-04-02b.xml
2025-09-20 19:56:02,022 - database_manager - INFO - Parse debates XML-Datei: debates2019-04-02b.xml
2025-09-20 19:56:02,034 - database_manager - INFO - Debates XML erfolgreich geparst: 22 Debatten, 419 Reden, 46802 Wörter
2025-09-20 19:56:02,035 - database_manager - INFO - Verarbeite Datei 2231/2945: debates2019-05-23a.xml
2025-09-20 19:56:02,035 - database_manager - INFO - Parse debates XML-Datei: debates2019-05-23a.xml
2025-09-20 19:56:02,047 - database_manager - INFO - Debates XML erfolgreich geparst: 21 Debatten, 295 Reden, 56777 Wörter
2025-09-20 19:56:02,047 - database_manager - INFO - Verarbeite Datei 2232/2945: debates2018-11-23b.xml
2025-09-20 19:56:02,047 - database_manager - INFO - Parse debates XML-Datei: debates2018-11-23b.xml
2025-09-20 19:56:02,058 - database_manager - INFO - Debates XML erfolgreich geparst: 9 Debatten, 333 Reden, 41874 Wörter
2025-09-20 19:56:02,059 - database_manager - INFO - Verarbeite Datei 2233/2945: debates2017-07-20b.xml
2025-09-20 19:56:02,059 - database_manager - INFO - Parse debates XML-Datei: debates2017-07-20b.xml
2025-09-20 19:56:02,060 - database_manager - INFO - Debates XML erfolgreich geparst: 0 Debatten, 0 Reden, 0 Wörter
2025-09-20 19:56:02,060 - database_manager - INFO - Verarbeite Datei 2234/2945: debates2021-12-06a.xml
2025-09-20 19:56:02,060 - database_manager - INFO - Parse debates XML-Datei: debates2021-12-06a.xml
2025-09-20 19:56:02,060 - database_manager - INFO - Debates XML erfolgreich geparst: 0 Debatten, 0 Reden, 0 Wörter
2025-09-20 19:56:02,061 - database_manager - INFO - Verarbeite Datei 2235/2945: debates2012-09-05b.xml
2025-09-20 19:56:02,061 - database_manager - INFO - Parse debates XML-Datei: debates2012-09-05b.xml
2025-09-20 19:56:02,078 - database_manager - INFO - Debates XML erfolgreich geparst: 16 Debatten, 447 Reden, 60426 Wörter
2025-09-20 19:56:02,078 - database_manager - INFO - Verarbeite Datei 2236/2945: debates2014-09-11a.xml
2025-09-20 19:56:02,078 - database_manager - INFO - Parse debates XML-Datei: debates2014-09-11a.xml
2025-09-20 19:56:02,090 - database_manager - INFO - Debates XML erfolgreich geparst: 16 Debatten, 288 Reden, 49315 Wörter
2025-09-20 19:56:02,091 - database_manager - INFO - Verarbeite Datei 2237/2945: debates2020-10-08c.xml
2025-09-20 19:56:02,091 - database_manager - INFO - Parse debates XML-Datei: debates2020-10-08c.xml
2025-09-20 19:56:02,091 - database_manager - INFO - Debates XML erfolgreich geparst: 0 Debatten, 0 Reden, 0 Wörter
2025-09-20 19:56:02,091 - database_manager - INFO - Verarbeite Datei 2238/2945: debates2016-12-06a.xml
2025-09-20 19:56:02,091 - database_manager - INFO - Parse debates XML-Datei: debates2016-12-06a.xml
2025-09-20 19:56:02,092 - database_manager - INFO - Debates XML erfolgreich geparst: 0 Debatten, 0 Reden, 0 Wörter
2025-09-20 19:56:02,092 - database_manager - INFO - Verarbeite Datei 2239/2945: debates2020-07-20b.xml
2025-09-20 19:56:02,092 - database_manager - INFO - Parse debates XML-Datei: debates2020-07-20b.xml
2025-09-20 19:56:02,094 - database_manager - INFO - Debates XML erfolgreich geparst: 0 Debatten, 0 Reden, 0 Wörter
2025-09-20 19:56:02,094 - database_manager - INFO - Verarbeite Datei 2240/2945: debates2021-11-16a.xml
2025-09-20 19:56:02,094 - database_manager - INFO - Parse debates XML-Datei: debates2021-11-16a.xml
2025-09-20 19:56:02,094 - database_manager - INFO - Debates XML erfolgreich geparst: 0 Debatten, 0 Reden, 0 Wörter
2025-09-20 19:56:02,094 - database_manager - INFO - Verarbeite Datei 2241/2945: debates2012-07-17a.xml
2025-09-20 19:56:02,094 - database_manager - INFO - Parse debates XML-Datei: debates2012-07-17a.xml
2025-09-20 19:56:02,095 - database_manager - INFO - Debates XML erfolgreich geparst: 0 Debatten, 0 Reden, 0 Wörter
2025-09-20 19:56:02,095 - database_manager - INFO - Verarbeite Datei 2242/2945: debates2017-01-25c.xml
2025-09-20 19:56:02,095 - database_manager - INFO - Parse debates XML-Datei: debates2017-01-25c.xml
2025-09-20 19:56:02,114 - database_manager - INFO - Debates XML erfolgreich geparst: 16 Debatten, 489 Reden, 60686 Wörter
2025-09-20 19:56:02,114 - database_manager - INFO - Verarbeite Datei 2243/2945: debates2018-03-12a.xml
2025-09-20 19:56:02,114 - database_manager - INFO - Parse debates XML-Datei: debates2018-03-12a.xml
2025-09-20 19:56:02,115 - database_manager - INFO - Debates XML erfolgreich geparst: 0 Debatten, 0 Reden, 0 Wörter
2025-09-20 19:56:02,115 - database_manager - INFO - Verarbeite Datei 2244/2945: debates2015-03-04b.xml
2025-09-20 19:56:02,115 - database_manager - INFO - Parse debates XML-Datei: debates2015-03-04b.xml
2025-09-20 19:56:02,133 - database_manager - INFO - Debates XML erfolgreich geparst: 25 Debatten, 513 Reden, 58681 Wörter
2025-09-20 19:56:02,133 - database_manager - INFO - Verarbeite Datei 2245/2945: debates2015-02-25a.xml
2025-09-20 19:56:02,133 - database_manager - INFO - Parse debates XML-Datei: debates2015-02-25a.xml
2025-09-20 19:56:02,152 - database_manager - INFO - Debates XML erfolgreich geparst: 22 Debatten, 602 Reden, 62945 Wörter
2025-09-20 19:56:02,153 - database_manager - INFO - Verarbeite Datei 2246/2945: debates2015-06-11c.xml
2025-09-20 19:56:02,153 - database_manager - INFO - Parse debates XML-Datei: debates2015-06-11c.xml
2025-09-20 19:56:02,169 - database_manager - INFO - Debates XML erfolgreich geparst: 15 Debatten, 553 Reden, 58635 Wörter
2025-09-20 19:56:02,170 - database_manager - INFO - Verarbeite Datei 2247/2945: debates2020-11-25c.xml
2025-09-20 19:56:02,170 - database_manager - INFO - Parse debates XML-Datei: debates2020-11-25c.xml
2025-09-20 19:56:02,190 - database_manager - INFO - Debates XML erfolgreich geparst: 16 Debatten, 473 Reden, 66124 Wörter
2025-09-20 19:56:02,191 - database_manager - INFO - Verarbeite Datei 2248/2945: debates2016-11-16a.xml
2025-09-20 19:56:02,191 - database_manager - INFO - Parse debates XML-Datei: debates2016-11-16a.xml
2025-09-20 19:56:02,207 - database_manager - INFO - Debates XML erfolgreich geparst: 19 Debatten, 433 Reden, 66780 Wörter
2025-09-20 19:56:02,207 - database_manager - INFO - Verarbeite Datei 2249/2945: debates2019-04-09b.xml
2025-09-20 19:56:02,208 - database_manager - INFO - Parse debates XML-Datei: debates2019-04-09b.xml
2025-09-20 19:56:02,209 - database_manager - INFO - Debates XML erfolgreich geparst: 0 Debatten, 0 Reden, 0 Wörter
2025-09-20 19:56:02,209 - database_manager - INFO - Verarbeite Datei 2250/2945: debates2019-07-15a.xml
2025-09-20 19:56:02,209 - database_manager - INFO - Parse debates XML-Datei: debates2019-07-15a.xml
2025-09-20 19:56:02,210 - database_manager - INFO - Debates XML erfolgreich geparst: 0 Debatten, 0 Reden, 0 Wörter
2025-09-20 19:56:02,210 - database_manager - INFO - Verarbeite Datei 2251/2945: debates2020-05-11a.xml
2025-09-20 19:56:02,210 - database_manager - INFO - Parse debates XML-Datei: debates2020-05-11a.xml
2025-09-20 19:56:02,210 - database_manager - INFO - Debates XML erfolgreich geparst: 0 Debatten, 0 Reden, 0 Wörter
2025-09-20 19:56:02,210 - database_manager - INFO - Verarbeite Datei 2252/2945: debates2017-01-09b.xml
2025-09-20 19:56:02,210 - database_manager - INFO - Parse debates XML-Datei: debates2017-01-09b.xml
2025-09-20 19:56:02,227 - database_manager - INFO - Debates XML erfolgreich geparst: 21 Debatten, 494 Reden, 63018 Wörter
2025-09-20 19:56:02,228 - database_manager - INFO - Verarbeite Datei 2253/2945: debates2015-05-21a.xml
2025-09-20 19:56:02,228 - database_manager - INFO - Parse debates XML-Datei: debates2015-05-21a.xml
2025-09-20 19:56:02,228 - database_manager - INFO - Debates XML erfolgreich geparst: 1 Debatten, 4 Reden, 338 Wörter
2025-09-20 19:56:02,228 - database_manager - INFO - Verarbeite Datei 2254/2945: debates2018-04-16a.xml
2025-09-20 19:56:02,228 - database_manager - INFO - Parse debates XML-Datei: debates2018-04-16a.xml
2025-09-20 19:56:02,229 - database_manager - INFO - Debates XML erfolgreich geparst: 0 Debatten, 0 Reden, 0 Wörter
2025-09-20 19:56:02,230 - database_manager - INFO - Verarbeite Datei 2255/2945: debates2014-11-26a.xml
2025-09-20 19:56:02,230 - database_manager - INFO - Parse debates XML-Datei: debates2014-11-26a.xml
2025-09-20 19:56:02,249 - database_manager - INFO - Debates XML erfolgreich geparst: 15 Debatten, 543 Reden, 67486 Wörter
2025-09-20 19:56:02,249 - database_manager - INFO - Verarbeite Datei 2256/2945: debates2020-11-09b.xml
2025-09-20 19:56:02,249 - database_manager - INFO - Parse debates XML-Datei: debates2020-11-09b.xml
2025-09-20 19:56:02,266 - database_manager - INFO - Debates XML erfolgreich geparst: 22 Debatten, 436 Reden, 59247 Wörter
2025-09-20 19:56:02,266 - database_manager - INFO - Verarbeite Datei 2257/2945: debates2020-12-15a.xml
2025-09-20 19:56:02,266 - database_manager - INFO - Parse debates XML-Datei: debates2020-12-15a.xml
2025-09-20 19:56:02,281 - database_manager - INFO - Debates XML erfolgreich geparst: 28 Debatten, 388 Reden, 51201 Wörter
2025-09-20 19:56:02,281 - database_manager - INFO - Verarbeite Datei 2258/2945: debates2013-07-08b.xml
2025-09-20 19:56:02,281 - database_manager - INFO - Parse debates XML-Datei: debates2013-07-08b.xml
2025-09-20 19:56:02,282 - database_manager - INFO - Debates XML erfolgreich geparst: 0 Debatten, 0 Reden, 0 Wörter
2025-09-20 19:56:02,282 - database_manager - INFO - Verarbeite Datei 2259/2945: debates2020-07-01d.xml
2025-09-20 19:56:02,282 - database_manager - INFO - Parse debates XML-Datei: debates2020-07-01d.xml
2025-09-20 19:56:02,302 - database_manager - INFO - Debates XML erfolgreich geparst: 16 Debatten, 447 Reden, 76726 Wörter
2025-09-20 19:56:02,303 - database_manager - INFO - Verarbeite Datei 2260/2945: debates2014-05-12c.xml
2025-09-20 19:56:02,303 - database_manager - INFO - Parse debates XML-Datei: debates2014-05-12c.xml
2025-09-20 19:56:02,320 - database_manager - INFO - Debates XML erfolgreich geparst: 36 Debatten, 410 Reden, 62593 Wörter
2025-09-20 19:56:02,321 - database_manager - INFO - Verarbeite Datei 2261/2945: debates2020-01-09b.xml
2025-09-20 19:56:02,321 - database_manager - INFO - Parse debates XML-Datei: debates2020-01-09b.xml
2025-09-20 19:56:02,323 - database_manager - INFO - Debates XML erfolgreich geparst: 0 Debatten, 0 Reden, 0 Wörter
2025-09-20 19:56:02,323 - database_manager - INFO - Verarbeite Datei 2262/2945: debates2019-06-18c.xml
2025-09-20 19:56:02,323 - database_manager - INFO - Parse debates XML-Datei: debates2019-06-18c.xml
2025-09-20 19:56:02,337 - database_manager - INFO - Debates XML erfolgreich geparst: 17 Debatten, 431 Reden, 56330 Wörter
2025-09-20 19:56:02,338 - database_manager - INFO - Verarbeite Datei 2263/2945: debates2019-04-25c.xml
2025-09-20 19:56:02,338 - database_manager - INFO - Parse debates XML-Datei: debates2019-04-25c.xml
2025-09-20 19:56:02,356 - database_manager - INFO - Debates XML erfolgreich geparst: 19 Debatten, 493 Reden, 68326 Wörter
2025-09-20 19:56:02,356 - database_manager - INFO - Verarbeite Datei 2264/2945: debates2012-02-22b.xml
2025-09-20 19:56:02,356 - database_manager - INFO - Parse debates XML-Datei: debates2012-02-22b.xml
2025-09-20 19:56:02,377 - database_manager - INFO - Debates XML erfolgreich geparst: 18 Debatten, 533 Reden, 64581 Wörter
2025-09-20 19:56:02,378 - database_manager - INFO - Verarbeite Datei 2265/2945: debates2021-09-21a.xml
2025-09-20 19:56:02,378 - database_manager - INFO - Parse debates XML-Datei: debates2021-09-21a.xml
2025-09-20 19:56:02,379 - database_manager - INFO - Debates XML erfolgreich geparst: 0 Debatten, 0 Reden, 0 Wörter
2025-09-20 19:56:02,379 - database_manager - INFO - Verarbeite Datei 2266/2945: debates2018-07-06a.xml
2025-09-20 19:56:02,379 - database_manager - INFO - Parse debates XML-Datei: debates2018-07-06a.xml
2025-09-20 19:56:02,381 - database_manager - INFO - Debates XML erfolgreich geparst: 1 Debatten, 17 Reden, 4109 Wörter
2025-09-20 19:56:02,381 - database_manager - INFO - Verarbeite Datei 2267/2945: debates2017-12-19b.xml
2025-09-20 19:56:02,381 - database_manager - INFO - Parse debates XML-Datei: debates2017-12-19b.xml
2025-09-20 19:56:02,401 - database_manager - INFO - Debates XML erfolgreich geparst: 28 Debatten, 594 Reden, 67196 Wörter
2025-09-20 19:56:02,401 - database_manager - INFO - Verarbeite Datei 2268/2945: debates2013-07-04a.xml
2025-09-20 19:56:02,401 - database_manager - INFO - Parse debates XML-Datei: debates2013-07-04a.xml
2025-09-20 19:56:02,402 - database_manager - INFO - Debates XML erfolgreich geparst: 0 Debatten, 0 Reden, 0 Wörter
2025-09-20 19:56:02,403 - database_manager - INFO - Verarbeite Datei 2269/2945: debates2013-04-18b.xml
2025-09-20 19:56:02,403 - database_manager - INFO - Parse debates XML-Datei: debates2013-04-18b.xml
2025-09-20 19:56:02,421 - database_manager - INFO - Debates XML erfolgreich geparst: 26 Debatten, 548 Reden, 66217 Wörter
2025-09-20 19:56:02,422 - database_manager - INFO - Verarbeite Datei 2270/2945: debates2020-11-05a.xml
2025-09-20 19:56:02,422 - database_manager - INFO - Parse debates XML-Datei: debates2020-11-05a.xml
2025-09-20 19:56:02,423 - database_manager - INFO - Debates XML erfolgreich geparst: 0 Debatten, 0 Reden, 0 Wörter
2025-09-20 19:56:02,423 - database_manager - INFO - Verarbeite Datei 2271/2945: debates2020-11-04e.xml
2025-09-20 19:56:02,423 - database_manager - INFO - Parse debates XML-Datei: debates2020-11-04e.xml
2025-09-20 19:56:02,439 - database_manager - INFO - Debates XML erfolgreich geparst: 12 Debatten, 335 Reden, 62526 Wörter
2025-09-20 19:56:02,439 - database_manager - INFO - Verarbeite Datei 2272/2945: debates2014-03-17b.xml
2025-09-20 19:56:02,439 - database_manager - INFO - Parse debates XML-Datei: debates2014-03-17b.xml
2025-09-20 19:56:02,450 - database_manager - INFO - Debates XML erfolgreich geparst: 23 Debatten, 277 Reden, 37485 Wörter
2025-09-20 19:56:02,450 - database_manager - INFO - Verarbeite Datei 2273/2945: debates2019-02-20b.xml
2025-09-20 19:56:02,450 - database_manager - INFO - Parse debates XML-Datei: debates2019-02-20b.xml
2025-09-20 19:56:02,452 - database_manager - INFO - Debates XML erfolgreich geparst: 0 Debatten, 0 Reden, 0 Wörter
2025-09-20 19:56:02,452 - database_manager - INFO - Verarbeite Datei 2274/2945: debates2016-05-03e.xml
2025-09-20 19:56:02,452 - database_manager - INFO - Parse debates XML-Datei: debates2016-05-03e.xml
2025-09-20 19:56:02,453 - database_manager - INFO - Debates XML erfolgreich geparst: 0 Debatten, 0 Reden, 0 Wörter
2025-09-20 19:56:02,453 - database_manager - INFO - Verarbeite Datei 2275/2945: debates2021-05-18b.xml
2025-09-20 19:56:02,453 - database_manager - INFO - Parse debates XML-Datei: debates2021-05-18b.xml
2025-09-20 19:56:02,470 - database_manager - INFO - Debates XML erfolgreich geparst: 24 Debatten, 356 Reden, 66370 Wörter
2025-09-20 19:56:02,470 - database_manager - INFO - Verarbeite Datei 2276/2945: debates2017-07-17d.xml
2025-09-20 19:56:02,470 - database_manager - INFO - Parse debates XML-Datei: debates2017-07-17d.xml
2025-09-20 19:56:02,472 - database_manager - INFO - Debates XML erfolgreich geparst: 0 Debatten, 0 Reden, 0 Wörter
2025-09-20 19:56:02,473 - database_manager - INFO - Verarbeite Datei 2277/2945: debates2018-11-14d.xml
2025-09-20 19:56:02,473 - database_manager - INFO - Parse debates XML-Datei: debates2018-11-14d.xml
2025-09-20 19:56:02,486 - database_manager - INFO - Debates XML erfolgreich geparst: 16 Debatten, 428 Reden, 52737 Wörter
2025-09-20 19:56:02,487 - database_manager - INFO - Verarbeite Datei 2278/2945: debates2012-01-24b.xml
2025-09-20 19:56:02,487 - database_manager - INFO - Parse debates XML-Datei: debates2012-01-24b.xml
2025-09-20 19:56:02,504 - database_manager - INFO - Debates XML erfolgreich geparst: 28 Debatten, 521 Reden, 55559 Wörter
2025-09-20 19:56:02,505 - database_manager - INFO - Verarbeite Datei 2279/2945: debates2017-03-22b.xml
2025-09-20 19:56:02,505 - database_manager - INFO - Parse debates XML-Datei: debates2017-03-22b.xml
2025-09-20 19:56:02,512 - database_manager - INFO - Debates XML erfolgreich geparst: 14 Debatten, 241 Reden, 28528 Wörter
2025-09-20 19:56:02,512 - database_manager - INFO - Verarbeite Datei 2280/2945: debates2017-02-03a.xml
2025-09-20 19:56:02,512 - database_manager - INFO - Parse debates XML-Datei: debates2017-02-03a.xml
2025-09-20 19:56:02,517 - database_manager - INFO - Debates XML erfolgreich geparst: 2 Debatten, 88 Reden, 15961 Wörter
2025-09-20 19:56:02,517 - database_manager - INFO - Verarbeite Datei 2281/2945: debates2015-09-14a.xml
2025-09-20 19:56:02,517 - database_manager - INFO - Parse debates XML-Datei: debates2015-09-14a.xml
2025-09-20 19:56:02,519 - database_manager - INFO - Debates XML erfolgreich geparst: 0 Debatten, 0 Reden, 0 Wörter
2025-09-20 19:56:02,519 - database_manager - INFO - Verarbeite Datei 2282/2945: debates2020-02-03a.xml
2025-09-20 19:56:02,519 - database_manager - INFO - Parse debates XML-Datei: debates2020-02-03a.xml
2025-09-20 19:56:02,520 - database_manager - INFO - Debates XML erfolgreich geparst: 0 Debatten, 0 Reden, 0 Wörter
2025-09-20 19:56:02,520 - database_manager - INFO - Verarbeite Datei 2283/2945: debates2020-09-09d.xml
2025-09-20 19:56:02,520 - database_manager - INFO - Parse debates XML-Datei: debates2020-09-09d.xml
2025-09-20 19:56:02,521 - database_manager - INFO - Debates XML erfolgreich geparst: 0 Debatten, 0 Reden, 0 Wörter
2025-09-20 19:56:02,521 - database_manager - INFO - Verarbeite Datei 2284/2945: debates2014-01-30a.xml
2025-09-20 19:56:02,521 - database_manager - INFO - Parse debates XML-Datei: debates2014-01-30a.xml
2025-09-20 19:56:02,522 - database_manager - INFO - Debates XML erfolgreich geparst: 0 Debatten, 0 Reden, 0 Wörter
2025-09-20 19:56:02,522 - database_manager - INFO - Verarbeite Datei 2285/2945: debates2020-12-03a.xml
2025-09-20 19:56:02,522 - database_manager - INFO - Parse debates XML-Datei: debates2020-12-03a.xml
2025-09-20 19:56:02,523 - database_manager - INFO - Debates XML erfolgreich geparst: 0 Debatten, 0 Reden, 0 Wörter
2025-09-20 19:56:02,523 - database_manager - INFO - Verarbeite Datei 2286/2945: debates2019-10-07a.xml
2025-09-20 19:56:02,523 - database_manager - INFO - Parse debates XML-Datei: debates2019-10-07a.xml
2025-09-20 19:56:02,524 - database_manager - INFO - Debates XML erfolgreich geparst: 0 Debatten, 0 Reden, 0 Wörter
2025-09-20 19:56:02,524 - database_manager - INFO - Verarbeite Datei 2287/2945: debates2012-11-28a.xml
2025-09-20 19:56:02,524 - database_manager - INFO - Parse debates XML-Datei: debates2012-11-28a.xml
2025-09-20 19:56:02,525 - database_manager - INFO - Debates XML erfolgreich geparst: 0 Debatten, 0 Reden, 0 Wörter
2025-09-20 19:56:02,525 - database_manager - INFO - Verarbeite Datei 2288/2945: debates2015-07-06b.xml
2025-09-20 19:56:02,525 - database_manager - INFO - Parse debates XML-Datei: debates2015-07-06b.xml
2025-09-20 19:56:03,146 - database_manager - INFO - Debates XML erfolgreich geparst: 39 Debatten, 613 Reden, 66606 Wörter
2025-09-20 19:56:03,147 - database_manager - INFO - Verarbeite Datei 2289/2945: debates2017-11-13a.xml
2025-09-20 19:56:03,147 - database_manager - INFO - Parse debates XML-Datei: debates2017-11-13a.xml
2025-09-20 19:56:03,148 - database_manager - INFO - Debates XML erfolgreich geparst: 0 Debatten, 0 Reden, 0 Wörter
2025-09-20 19:56:03,148 - database_manager - INFO - Verarbeite Datei 2290/2945: debates2018-12-04d.xml
2025-09-20 19:56:03,148 - database_manager - INFO - Parse debates XML-Datei: debates2018-12-04d.xml
2025-09-20 19:56:03,149 - database_manager - INFO - Debates XML erfolgreich geparst: 0 Debatten, 0 Reden, 0 Wörter
2025-09-20 19:56:03,149 - database_manager - INFO - Verarbeite Datei 2291/2945: debates2018-07-10a.xml
2025-09-20 19:56:03,149 - database_manager - INFO - Parse debates XML-Datei: debates2018-07-10a.xml
2025-09-20 19:56:03,150 - database_manager - INFO - Debates XML erfolgreich geparst: 0 Debatten, 0 Reden, 0 Wörter
2025-09-20 19:56:03,150 - database_manager - INFO - Verarbeite Datei 2292/2945: debates2012-03-15a.xml
2025-09-20 19:56:03,150 - database_manager - INFO - Parse debates XML-Datei: debates2012-03-15a.xml
2025-09-20 19:56:03,168 - database_manager - INFO - Debates XML erfolgreich geparst: 20 Debatten, 552 Reden, 61129 Wörter
2025-09-20 19:56:03,168 - database_manager - INFO - Verarbeite Datei 2293/2945: debates2018-11-19c.xml
2025-09-20 19:56:03,168 - database_manager - INFO - Parse debates XML-Datei: debates2018-11-19c.xml
2025-09-20 19:56:03,187 - database_manager - INFO - Debates XML erfolgreich geparst: 26 Debatten, 549 Reden, 62591 Wörter
2025-09-20 19:56:03,187 - database_manager - INFO - Verarbeite Datei 2294/2945: debates2017-01-13a.xml
2025-09-20 19:56:03,187 - database_manager - INFO - Parse debates XML-Datei: debates2017-01-13a.xml
2025-09-20 19:56:03,188 - database_manager - INFO - Debates XML erfolgreich geparst: 0 Debatten, 0 Reden, 0 Wörter
2025-09-20 19:56:03,188 - database_manager - INFO - Verarbeite Datei 2295/2945: debates2020-01-13a.xml
2025-09-20 19:56:03,188 - database_manager - INFO - Parse debates XML-Datei: debates2020-01-13a.xml
2025-09-20 19:56:03,189 - database_manager - INFO - Debates XML erfolgreich geparst: 0 Debatten, 0 Reden, 0 Wörter
2025-09-20 19:56:03,189 - database_manager - INFO - Verarbeite Datei 2296/2945: debates2013-07-12a.xml
2025-09-20 19:56:03,189 - database_manager - INFO - Parse debates XML-Datei: debates2013-07-12a.xml
2025-09-20 19:56:03,200 - database_manager - INFO - Debates XML erfolgreich geparst: 4 Debatten, 285 Reden, 41026 Wörter
2025-09-20 19:56:03,201 - database_manager - INFO - Verarbeite Datei 2297/2945: debates2021-02-10a.xml
2025-09-20 19:56:03,201 - database_manager - INFO - Parse debates XML-Datei: debates2021-02-10a.xml
2025-09-20 19:56:03,202 - database_manager - INFO - Debates XML erfolgreich geparst: 0 Debatten, 0 Reden, 0 Wörter
2025-09-20 19:56:03,203 - database_manager - INFO - Verarbeite Datei 2298/2945: debates2021-04-19c.xml
2025-09-20 19:56:03,203 - database_manager - INFO - Parse debates XML-Datei: debates2021-04-19c.xml
2025-09-20 19:56:03,203 - database_manager - INFO - Debates XML erfolgreich geparst: 0 Debatten, 0 Reden, 0 Wörter
2025-09-20 19:56:03,203 - database_manager - INFO - Verarbeite Datei 2299/2945: debates2018-03-08b.xml
2025-09-20 19:56:03,203 - database_manager - INFO - Parse debates XML-Datei: debates2018-03-08b.xml
2025-09-20 19:56:03,218 - database_manager - INFO - Debates XML erfolgreich geparst: 20 Debatten, 411 Reden, 59453 Wörter
2025-09-20 19:56:03,218 - database_manager - INFO - Verarbeite Datei 2300/2945: debates2015-01-23a.xml
2025-09-20 19:56:03,218 - database_manager - INFO - Parse debates XML-Datei: debates2015-01-23a.xml
2025-09-20 19:56:03,228 - database_manager - INFO - Debates XML erfolgreich geparst: 8 Debatten, 216 Reden, 36698 Wörter
2025-09-20 19:56:03,228 - database_manager - INFO - Verarbeite Datei 2301/2945: debates2021-12-10a.xml
2025-09-20 19:56:03,228 - database_manager - INFO - Parse debates XML-Datei: debates2021-12-10a.xml
2025-09-20 19:56:03,230 - database_manager - INFO - Debates XML erfolgreich geparst: 0 Debatten, 0 Reden, 0 Wörter
2025-09-20 19:56:03,230 - database_manager - INFO - Verarbeite Datei 2302/2945: debates2015-11-23a.xml
2025-09-20 19:56:03,230 - database_manager - INFO - Parse debates XML-Datei: debates2015-11-23a.xml
2025-09-20 19:56:03,248 - database_manager - INFO - Debates XML erfolgreich geparst: 29 Debatten, 514 Reden, 66843 Wörter
2025-09-20 19:56:03,249 - database_manager - INFO - Verarbeite Datei 2303/2945: debates2020-06-17a.xml
2025-09-20 19:56:03,249 - database_manager - INFO - Parse debates XML-Datei: debates2020-06-17a.xml
2025-09-20 19:56:03,250 - database_manager - INFO - Debates XML erfolgreich geparst: 0 Debatten, 0 Reden, 0 Wörter
2025-09-20 19:56:03,250 - database_manager - INFO - Verarbeite Datei 2304/2945: debates2013-10-16a.xml
2025-09-20 19:56:03,250 - database_manager - INFO - Parse debates XML-Datei: debates2013-10-16a.xml
2025-09-20 19:56:03,251 - database_manager - INFO - Debates XML erfolgreich geparst: 0 Debatten, 0 Reden, 0 Wörter
2025-09-20 19:56:03,251 - database_manager - INFO - Verarbeite Datei 2305/2945: debates2020-03-03d.xml
2025-09-20 19:56:03,251 - database_manager - INFO - Parse debates XML-Datei: debates2020-03-03d.xml
2025-09-20 19:56:03,263 - database_manager - INFO - Debates XML erfolgreich geparst: 23 Debatten, 390 Reden, 38482 Wörter
2025-09-20 19:56:03,263 - database_manager - INFO - Verarbeite Datei 2306/2945: debates2016-04-19c.xml
2025-09-20 19:56:03,263 - database_manager - INFO - Parse debates XML-Datei: debates2016-04-19c.xml
2025-09-20 19:56:03,268 - database_manager - INFO - Debates XML erfolgreich geparst: 9 Debatten, 30 Reden, 11353 Wörter
2025-09-20 19:56:03,269 - database_manager - INFO - Verarbeite Datei 2307/2945: debates2020-09-28b.xml
2025-09-20 19:56:03,269 - database_manager - INFO - Parse debates XML-Datei: debates2020-09-28b.xml
2025-09-20 19:56:03,269 - database_manager - INFO - Debates XML erfolgreich geparst: 0 Debatten, 0 Reden, 0 Wörter
2025-09-20 19:56:03,269 - database_manager - INFO - Verarbeite Datei 2308/2945: debates2016-02-10a.xml
2025-09-20 19:56:03,269 - database_manager - INFO - Parse debates XML-Datei: debates2016-02-10a.xml
2025-09-20 19:56:03,290 - database_manager - INFO - Debates XML erfolgreich geparst: 19 Debatten, 597 Reden, 67166 Wörter
2025-09-20 19:56:03,291 - database_manager - INFO - Verarbeite Datei 2309/2945: debates2015-03-12b.xml
2025-09-20 19:56:03,291 - database_manager - INFO - Parse debates XML-Datei: debates2015-03-12b.xml
2025-09-20 19:56:03,306 - database_manager - INFO - Debates XML erfolgreich geparst: 23 Debatten, 402 Reden, 64468 Wörter
2025-09-20 19:56:03,307 - database_manager - INFO - Verarbeite Datei 2310/2945: debates2018-10-18b.xml
2025-09-20 19:56:03,307 - database_manager - INFO - Parse debates XML-Datei: debates2018-10-18b.xml
2025-09-20 19:56:03,321 - database_manager - INFO - Debates XML erfolgreich geparst: 21 Debatten, 424 Reden, 50321 Wörter
2025-09-20 19:56:03,321 - database_manager - INFO - Verarbeite Datei 2311/2945: debates2019-07-03a.xml
2025-09-20 19:56:03,321 - database_manager - INFO - Parse debates XML-Datei: debates2019-07-03a.xml
2025-09-20 19:56:03,322 - database_manager - INFO - Debates XML erfolgreich geparst: 0 Debatten, 0 Reden, 0 Wörter
2025-09-20 19:56:03,322 - database_manager - INFO - Verarbeite Datei 2312/2945: debates2016-06-29d.xml
2025-09-20 19:56:03,322 - database_manager - INFO - Parse debates XML-Datei: debates2016-06-29d.xml
2025-09-20 19:56:03,342 - database_manager - INFO - Debates XML erfolgreich geparst: 31 Debatten, 519 Reden, 77685 Wörter
2025-09-20 19:56:03,343 - database_manager - INFO - Verarbeite Datei 2313/2945: debates2016-10-21b.xml
2025-09-20 19:56:03,343 - database_manager - INFO - Parse debates XML-Datei: debates2016-10-21b.xml
2025-09-20 19:56:03,345 - database_manager - INFO - Debates XML erfolgreich geparst: 1 Debatten, 18 Reden, 3614 Wörter
2025-09-20 19:56:03,345 - database_manager - INFO - Verarbeite Datei 2314/2945: debates2014-04-09a.xml
2025-09-20 19:56:03,345 - database_manager - INFO - Parse debates XML-Datei: debates2014-04-09a.xml
2025-09-20 19:56:03,346 - database_manager - INFO - Debates XML erfolgreich geparst: 0 Debatten, 0 Reden, 0 Wörter
2025-09-20 19:56:03,346 - database_manager - INFO - Verarbeite Datei 2315/2945: debates2013-02-27b.xml
2025-09-20 19:56:03,346 - database_manager - INFO - Parse debates XML-Datei: debates2013-02-27b.xml
2025-09-20 19:56:03,373 - database_manager - INFO - Debates XML erfolgreich geparst: 17 Debatten, 629 Reden, 71692 Wörter
2025-09-20 19:56:03,373 - database_manager - INFO - Verarbeite Datei 2316/2945: debates2013-03-06a.xml
2025-09-20 19:56:03,373 - database_manager - INFO - Parse debates XML-Datei: debates2013-03-06a.xml
2025-09-20 19:56:03,392 - database_manager - INFO - Debates XML erfolgreich geparst: 22 Debatten, 540 Reden, 69611 Wörter
2025-09-20 19:56:03,393 - database_manager - INFO - Verarbeite Datei 2317/2945: debates2020-09-24a.xml
2025-09-20 19:56:03,393 - database_manager - INFO - Parse debates XML-Datei: debates2020-09-24a.xml
2025-09-20 19:56:03,394 - database_manager - INFO - Debates XML erfolgreich geparst: 0 Debatten, 0 Reden, 0 Wörter
2025-09-20 19:56:03,394 - database_manager - INFO - Verarbeite Datei 2318/2945: debates2016-06-28a.xml
2025-09-20 19:56:03,394 - database_manager - INFO - Parse debates XML-Datei: debates2016-06-28a.xml
2025-09-20 19:56:03,394 - database_manager - INFO - Debates XML erfolgreich geparst: 0 Debatten, 0 Reden, 0 Wörter
2025-09-20 19:56:03,394 - database_manager - INFO - Verarbeite Datei 2319/2945: debates2020-10-12a.xml
2025-09-20 19:56:03,394 - database_manager - INFO - Parse debates XML-Datei: debates2020-10-12a.xml
2025-09-20 19:56:03,396 - database_manager - INFO - Debates XML erfolgreich geparst: 0 Debatten, 0 Reden, 0 Wörter
2025-09-20 19:56:03,396 - database_manager - INFO - Verarbeite Datei 2320/2945: debates2013-06-13a.xml
2025-09-20 19:56:03,396 - database_manager - INFO - Parse debates XML-Datei: debates2013-06-13a.xml
2025-09-20 19:56:03,397 - database_manager - INFO - Debates XML erfolgreich geparst: 0 Debatten, 0 Reden, 0 Wörter
2025-09-20 19:56:03,397 - database_manager - INFO - Verarbeite Datei 2321/2945: debates2017-10-12a.xml
2025-09-20 19:56:03,397 - database_manager - INFO - Parse debates XML-Datei: debates2017-10-12a.xml
2025-09-20 19:56:03,398 - database_manager - INFO - Debates XML erfolgreich geparst: 0 Debatten, 0 Reden, 0 Wörter
2025-09-20 19:56:03,398 - database_manager - INFO - Verarbeite Datei 2322/2945: debates2018-06-11a.xml
2025-09-20 19:56:03,398 - database_manager - INFO - Parse debates XML-Datei: debates2018-06-11a.xml
2025-09-20 19:56:03,414 - database_manager - INFO - Debates XML erfolgreich geparst: 17 Debatten, 515 Reden, 61153 Wörter
2025-09-20 19:56:03,414 - database_manager - INFO - Verarbeite Datei 2323/2945: debates2021-04-15a.xml
2025-09-20 19:56:03,414 - database_manager - INFO - Parse debates XML-Datei: debates2021-04-15a.xml
2025-09-20 19:56:03,416 - database_manager - INFO - Debates XML erfolgreich geparst: 0 Debatten, 0 Reden, 0 Wörter
2025-09-20 19:56:03,416 - database_manager - INFO - Verarbeite Datei 2324/2945: debates2021-06-28a.xml
2025-09-20 19:56:03,416 - database_manager - INFO - Parse debates XML-Datei: debates2021-06-28a.xml
2025-09-20 19:56:03,429 - database_manager - INFO - Debates XML erfolgreich geparst: 19 Debatten, 388 Reden, 44993 Wörter
2025-09-20 19:56:03,430 - database_manager - INFO - Verarbeite Datei 2325/2945: debates2012-10-29a.xml
2025-09-20 19:56:03,430 - database_manager - INFO - Parse debates XML-Datei: debates2012-10-29a.xml
2025-09-20 19:56:03,447 - database_manager - INFO - Debates XML erfolgreich geparst: 30 Debatten, 510 Reden, 64886 Wörter
2025-09-20 19:56:03,448 - database_manager - INFO - Verarbeite Datei 2326/2945: debates2020-09-28c.xml
2025-09-20 19:56:03,448 - database_manager - INFO - Parse debates XML-Datei: debates2020-09-28c.xml
2025-09-20 19:56:03,463 - database_manager - INFO - Debates XML erfolgreich geparst: 15 Debatten, 280 Reden, 65481 Wörter
2025-09-20 19:56:03,463 - database_manager - INFO - Verarbeite Datei 2327/2945: debates2016-04-19b.xml
2025-09-20 19:56:03,463 - database_manager - INFO - Parse debates XML-Datei: debates2016-04-19b.xml
2025-09-20 19:56:03,465 - database_manager - INFO - Debates XML erfolgreich geparst: 0 Debatten, 0 Reden, 0 Wörter
2025-09-20 19:56:03,465 - database_manager - INFO - Verarbeite Datei 2328/2945: debates2014-11-10b.xml
2025-09-20 19:56:03,465 - database_manager - INFO - Parse debates XML-Datei: debates2014-11-10b.xml
2025-09-20 19:56:03,482 - database_manager - INFO - Debates XML erfolgreich geparst: 29 Debatten, 615 Reden, 46226 Wörter
2025-09-20 19:56:03,482 - database_manager - INFO - Verarbeite Datei 2329/2945: debates2016-07-05a.xml
2025-09-20 19:56:03,482 - database_manager - INFO - Parse debates XML-Datei: debates2016-07-05a.xml
2025-09-20 19:56:03,497 - database_manager - INFO - Debates XML erfolgreich geparst: 28 Debatten, 376 Reden, 57442 Wörter
2025-09-20 19:56:03,497 - database_manager - INFO - Verarbeite Datei 2330/2945: debates2020-06-16d.xml
2025-09-20 19:56:03,498 - database_manager - INFO - Parse debates XML-Datei: debates2020-06-16d.xml
2025-09-20 19:56:03,523 - database_manager - INFO - Debates XML erfolgreich geparst: 17 Debatten, 594 Reden, 75198 Wörter
2025-09-20 19:56:03,523 - database_manager - INFO - Verarbeite Datei 2331/2945: debates2020-03-02a.xml
2025-09-20 19:56:03,523 - database_manager - INFO - Parse debates XML-Datei: debates2020-03-02a.xml
2025-09-20 19:56:03,525 - database_manager - INFO - Debates XML erfolgreich geparst: 0 Debatten, 0 Reden, 0 Wörter
2025-09-20 19:56:03,525 - database_manager - INFO - Verarbeite Datei 2332/2945: debates2017-03-02a.xml
2025-09-20 19:56:03,525 - database_manager - INFO - Parse debates XML-Datei: debates2017-03-02a.xml
2025-09-20 19:56:03,539 - database_manager - INFO - Debates XML erfolgreich geparst: 22 Debatten, 373 Reden, 62954 Wörter
2025-09-20 19:56:03,539 - database_manager - INFO - Verarbeite Datei 2333/2945: debates2017-02-23b.xml
2025-09-20 19:56:03,539 - database_manager - INFO - Parse debates XML-Datei: debates2017-02-23b.xml
2025-09-20 19:56:03,559 - database_manager - INFO - Debates XML erfolgreich geparst: 17 Debatten, 564 Reden, 74468 Wörter
2025-09-20 19:56:03,560 - database_manager - INFO - Verarbeite Datei 2334/2945: debates2018-05-01a.xml
2025-09-20 19:56:03,560 - database_manager - INFO - Parse debates XML-Datei: debates2018-05-01a.xml
2025-09-20 19:56:03,561 - database_manager - INFO - Debates XML erfolgreich geparst: 0 Debatten, 0 Reden, 0 Wörter
2025-09-20 19:56:03,561 - database_manager - INFO - Verarbeite Datei 2335/2945: debates2012-12-18b.xml
2025-09-20 19:56:03,561 - database_manager - INFO - Parse debates XML-Datei: debates2012-12-18b.xml
2025-09-20 19:56:03,580 - database_manager - INFO - Debates XML erfolgreich geparst: 21 Debatten, 434 Reden, 68704 Wörter
2025-09-20 19:56:03,580 - database_manager - INFO - Verarbeite Datei 2336/2945: debates2021-04-19b.xml
2025-09-20 19:56:03,580 - database_manager - INFO - Parse debates XML-Datei: debates2021-04-19b.xml
2025-09-20 19:56:03,581 - database_manager - INFO - Debates XML erfolgreich geparst: 0 Debatten, 0 Reden, 0 Wörter
2025-09-20 19:56:03,581 - database_manager - INFO - Verarbeite Datei 2337/2945: debates2021-06-24b.xml
2025-09-20 19:56:03,581 - database_manager - INFO - Parse debates XML-Datei: debates2021-06-24b.xml
2025-09-20 19:56:03,598 - database_manager - INFO - Debates XML erfolgreich geparst: 22 Debatten, 394 Reden, 62560 Wörter
2025-09-20 19:56:03,598 - database_manager - INFO - Verarbeite Datei 2338/2945: debates2021-07-05a.xml
2025-09-20 19:56:03,598 - database_manager - INFO - Parse debates XML-Datei: debates2021-07-05a.xml
2025-09-20 19:56:03,600 - database_manager - INFO - Debates XML erfolgreich geparst: 0 Debatten, 0 Reden, 0 Wörter
2025-09-20 19:56:03,600 - database_manager - INFO - Verarbeite Datei 2339/2945: debates2016-01-20b.xml
2025-09-20 19:56:03,600 - database_manager - INFO - Parse debates XML-Datei: debates2016-01-20b.xml
2025-09-20 19:56:03,615 - database_manager - INFO - Debates XML erfolgreich geparst: 22 Debatten, 374 Reden, 52011 Wörter
2025-09-20 19:56:03,616 - database_manager - INFO - Verarbeite Datei 2340/2945: debates2013-02-07a.xml
2025-09-20 19:56:03,616 - database_manager - INFO - Parse debates XML-Datei: debates2013-02-07a.xml
2025-09-20 19:56:03,634 - database_manager - INFO - Debates XML erfolgreich geparst: 18 Debatten, 566 Reden, 64242 Wörter
2025-09-20 19:56:03,635 - database_manager - INFO - Verarbeite Datei 2341/2945: debates2013-03-26b.xml
2025-09-20 19:56:03,635 - database_manager - INFO - Parse debates XML-Datei: debates2013-03-26b.xml
2025-09-20 19:56:03,653 - database_manager - INFO - Debates XML erfolgreich geparst: 24 Debatten, 535 Reden, 71891 Wörter
2025-09-20 19:56:03,654 - database_manager - INFO - Verarbeite Datei 2342/2945: debates2014-05-08a.xml
2025-09-20 19:56:03,654 - database_manager - INFO - Parse debates XML-Datei: debates2014-05-08a.xml
2025-09-20 19:56:03,670 - database_manager - INFO - Debates XML erfolgreich geparst: 28 Debatten, 461 Reden, 62598 Wörter
2025-09-20 19:56:03,670 - database_manager - INFO - Verarbeite Datei 2343/2945: debates2014-04-29b.xml
2025-09-20 19:56:03,670 - database_manager - INFO - Parse debates XML-Datei: debates2014-04-29b.xml
2025-09-20 19:56:03,686 - database_manager - INFO - Debates XML erfolgreich geparst: 25 Debatten, 444 Reden, 57248 Wörter
2025-09-20 19:56:03,687 - database_manager - INFO - Verarbeite Datei 2344/2945: debates2018-11-19b.xml
2025-09-20 19:56:03,687 - database_manager - INFO - Parse debates XML-Datei: debates2018-11-19b.xml
2025-09-20 19:56:03,688 - database_manager - INFO - Debates XML erfolgreich geparst: 0 Debatten, 0 Reden, 0 Wörter
2025-09-20 19:56:03,688 - database_manager - INFO - Verarbeite Datei 2345/2945: debates2018-12-05a.xml
2025-09-20 19:56:03,688 - database_manager - INFO - Parse debates XML-Datei: debates2018-12-05a.xml
2025-09-20 19:56:03,689 - database_manager - INFO - Debates XML erfolgreich geparst: 0 Debatten, 0 Reden, 0 Wörter
2025-09-20 19:56:03,689 - database_manager - INFO - Verarbeite Datei 2346/2945: debates2018-02-05a.xml
2025-09-20 19:56:03,689 - database_manager - INFO - Parse debates XML-Datei: debates2018-02-05a.xml
2025-09-20 19:56:03,690 - database_manager - INFO - Debates XML erfolgreich geparst: 0 Debatten, 0 Reden, 0 Wörter
2025-09-20 19:56:03,690 - database_manager - INFO - Verarbeite Datei 2347/2945: debates2021-01-20b.xml
2025-09-20 19:56:03,690 - database_manager - INFO - Parse debates XML-Datei: debates2021-01-20b.xml
2025-09-20 19:56:03,705 - database_manager - INFO - Debates XML erfolgreich geparst: 14 Debatten, 295 Reden, 57251 Wörter
2025-09-20 19:56:03,706 - database_manager - INFO - Verarbeite Datei 2348/2945: debates2018-12-04e.xml
2025-09-20 19:56:03,706 - database_manager - INFO - Parse debates XML-Datei: debates2018-12-04e.xml
2025-09-20 19:56:03,735 - database_manager - INFO - Debates XML erfolgreich geparst: 19 Debatten, 743 Reden, 101278 Wörter
2025-09-20 19:56:03,736 - database_manager - INFO - Verarbeite Datei 2349/2945: debates2016-03-11a.xml
2025-09-20 19:56:03,736 - database_manager - INFO - Parse debates XML-Datei: debates2016-03-11a.xml
2025-09-20 19:56:03,736 - database_manager - INFO - Debates XML erfolgreich geparst: 0 Debatten, 0 Reden, 0 Wörter
2025-09-20 19:56:03,736 - database_manager - INFO - Verarbeite Datei 2350/2945: debates2020-09-08a.xml
2025-09-20 19:56:03,737 - database_manager - INFO - Parse debates XML-Datei: debates2020-09-08a.xml
2025-09-20 19:56:03,738 - database_manager - INFO - Debates XML erfolgreich geparst: 0 Debatten, 0 Reden, 0 Wörter
2025-09-20 19:56:03,738 - database_manager - INFO - Verarbeite Datei 2351/2945: debates2013-01-17a.xml
2025-09-20 19:56:03,738 - database_manager - INFO - Parse debates XML-Datei: debates2013-01-17a.xml
2025-09-20 19:56:03,756 - database_manager - INFO - Debates XML erfolgreich geparst: 27 Debatten, 557 Reden, 63791 Wörter
2025-09-20 19:56:03,756 - database_manager - INFO - Verarbeite Datei 2352/2945: debates2020-09-09e.xml
2025-09-20 19:56:03,756 - database_manager - INFO - Parse debates XML-Datei: debates2020-09-09e.xml
2025-09-20 19:56:03,757 - database_manager - INFO - Debates XML erfolgreich geparst: 0 Debatten, 0 Reden, 0 Wörter
2025-09-20 19:56:03,757 - database_manager - INFO - Verarbeite Datei 2353/2945: debates2014-06-18a.xml
2025-09-20 19:56:03,757 - database_manager - INFO - Parse debates XML-Datei: debates2014-06-18a.xml
2025-09-20 19:56:03,758 - database_manager - INFO - Debates XML erfolgreich geparst: 0 Debatten, 0 Reden, 0 Wörter
2025-09-20 19:56:03,758 - database_manager - INFO - Verarbeite Datei 2354/2945: debates2020-07-16a.xml
2025-09-20 19:56:03,758 - database_manager - INFO - Parse debates XML-Datei: debates2020-07-16a.xml
2025-09-20 19:56:03,759 - database_manager - INFO - Debates XML erfolgreich geparst: 0 Debatten, 0 Reden, 0 Wörter
2025-09-20 19:56:03,759 - database_manager - INFO - Verarbeite Datei 2355/2945: debates2015-11-03b.xml
2025-09-20 19:56:03,759 - database_manager - INFO - Parse debates XML-Datei: debates2015-11-03b.xml
2025-09-20 19:56:03,770 - database_manager - INFO - Debates XML erfolgreich geparst: 27 Debatten, 383 Reden, 39763 Wörter
2025-09-20 19:56:03,771 - database_manager - INFO - Verarbeite Datei 2356/2945: debates2015-10-22a.xml
2025-09-20 19:56:03,771 - database_manager - INFO - Parse debates XML-Datei: debates2015-10-22a.xml
2025-09-20 19:56:03,772 - database_manager - INFO - Debates XML erfolgreich geparst: 0 Debatten, 0 Reden, 0 Wörter
2025-09-20 19:56:03,772 - database_manager - INFO - Verarbeite Datei 2357/2945: debates2018-11-15a.xml
2025-09-20 19:56:03,772 - database_manager - INFO - Parse debates XML-Datei: debates2018-11-15a.xml
2025-09-20 19:56:03,790 - database_manager - INFO - Debates XML erfolgreich geparst: 23 Debatten, 586 Reden, 64854 Wörter
2025-09-20 19:56:03,791 - database_manager - INFO - Verarbeite Datei 2358/2945: debates2012-05-10a.xml
2025-09-20 19:56:03,791 - database_manager - INFO - Parse debates XML-Datei: debates2012-05-10a.xml
2025-09-20 19:56:03,792 - database_manager - INFO - Debates XML erfolgreich geparst: 0 Debatten, 0 Reden, 0 Wörter
2025-09-20 19:56:03,792 - database_manager - INFO - Verarbeite Datei 2359/2945: debates2018-01-15a.xml
2025-09-20 19:56:03,792 - database_manager - INFO - Parse debates XML-Datei: debates2018-01-15a.xml
2025-09-20 19:56:03,793 - database_manager - INFO - Debates XML erfolgreich geparst: 0 Debatten, 0 Reden, 0 Wörter
2025-09-20 19:56:03,793 - database_manager - INFO - Verarbeite Datei 2360/2945: debates2018-03-28a.xml
2025-09-20 19:56:03,793 - database_manager - INFO - Parse debates XML-Datei: debates2018-03-28a.xml
2025-09-20 19:56:03,794 - database_manager - INFO - Debates XML erfolgreich geparst: 0 Debatten, 0 Reden, 0 Wörter
2025-09-20 19:56:03,794 - database_manager - INFO - Verarbeite Datei 2361/2945: debates2017-07-17e.xml
2025-09-20 19:56:03,794 - database_manager - INFO - Parse debates XML-Datei: debates2017-07-17e.xml
2025-09-20 19:56:03,816 - database_manager - INFO - Debates XML erfolgreich geparst: 23 Debatten, 708 Reden, 70457 Wörter
2025-09-20 19:56:03,816 - database_manager - INFO - Verarbeite Datei 2362/2945: debates2021-03-11a.xml
2025-09-20 19:56:03,816 - database_manager - INFO - Parse debates XML-Datei: debates2021-03-11a.xml
2025-09-20 19:56:03,817 - database_manager - INFO - Debates XML erfolgreich geparst: 0 Debatten, 0 Reden, 0 Wörter
2025-09-20 19:56:03,817 - database_manager - INFO - Verarbeite Datei 2363/2945: debates2013-12-11a.xml
2025-09-20 19:56:03,817 - database_manager - INFO - Parse debates XML-Datei: debates2013-12-11a.xml
2025-09-20 19:56:03,830 - database_manager - INFO - Debates XML erfolgreich geparst: 22 Debatten, 361 Reden, 44555 Wörter
2025-09-20 19:56:03,830 - database_manager - INFO - Verarbeite Datei 2364/2945: debates2019-02-20c.xml
2025-09-20 19:56:03,830 - database_manager - INFO - Parse debates XML-Datei: debates2019-02-20c.xml
2025-09-20 19:56:03,847 - database_manager - INFO - Debates XML erfolgreich geparst: 31 Debatten, 465 Reden, 62147 Wörter
2025-09-20 19:56:03,847 - database_manager - INFO - Verarbeite Datei 2365/2945: debates2020-11-04d.xml
2025-09-20 19:56:03,847 - database_manager - INFO - Parse debates XML-Datei: debates2020-11-04d.xml
2025-09-20 19:56:03,849 - database_manager - INFO - Debates XML erfolgreich geparst: 0 Debatten, 0 Reden, 0 Wörter
2025-09-20 19:56:03,849 - database_manager - INFO - Verarbeite Datei 2366/2945: debates2016-10-17a.xml
2025-09-20 19:56:03,849 - database_manager - INFO - Parse debates XML-Datei: debates2016-10-17a.xml
2025-09-20 19:56:03,860 - database_manager - INFO - Debates XML erfolgreich geparst: 22 Debatten, 379 Reden, 44123 Wörter
2025-09-20 19:56:03,861 - database_manager - INFO - Verarbeite Datei 2367/2945: debates2016-05-03d.xml
2025-09-20 19:56:03,861 - database_manager - INFO - Parse debates XML-Datei: debates2016-05-03d.xml
2025-09-20 19:56:03,862 - database_manager - INFO - Debates XML erfolgreich geparst: 0 Debatten, 0 Reden, 0 Wörter
2025-09-20 19:56:03,862 - database_manager - INFO - Verarbeite Datei 2368/2945: debates2019-04-29a.xml
2025-09-20 19:56:03,862 - database_manager - INFO - Parse debates XML-Datei: debates2019-04-29a.xml
2025-09-20 19:56:03,863 - database_manager - INFO - Debates XML erfolgreich geparst: 0 Debatten, 0 Reden, 0 Wörter
2025-09-20 19:56:03,863 - database_manager - INFO - Verarbeite Datei 2369/2945: debates2013-02-11a.xml
2025-09-20 19:56:03,863 - database_manager - INFO - Parse debates XML-Datei: debates2013-02-11a.xml
2025-09-20 19:56:03,864 - database_manager - INFO - Debates XML erfolgreich geparst: 0 Debatten, 0 Reden, 0 Wörter
2025-09-20 19:56:03,864 - database_manager - INFO - Verarbeite Datei 2370/2945: debates2015-03-24a.xml
2025-09-20 19:56:03,864 - database_manager - INFO - Parse debates XML-Datei: debates2015-03-24a.xml
2025-09-20 19:56:03,912 - database_manager - INFO - Debates XML erfolgreich geparst: 39 Debatten, 445 Reden, 61274 Wörter
2025-09-20 19:56:03,913 - database_manager - INFO - Verarbeite Datei 2371/2945: debates2015-01-19a.xml
2025-09-20 19:56:03,913 - database_manager - INFO - Parse debates XML-Datei: debates2015-01-19a.xml
2025-09-20 19:56:03,927 - database_manager - INFO - Debates XML erfolgreich geparst: 24 Debatten, 225 Reden, 25928 Wörter
2025-09-20 19:56:03,927 - database_manager - INFO - Verarbeite Datei 2372/2945: debates2015-11-19a.xml
2025-09-20 19:56:03,927 - database_manager - INFO - Parse debates XML-Datei: debates2015-11-19a.xml
2025-09-20 19:56:03,943 - database_manager - INFO - Debates XML erfolgreich geparst: 18 Debatten, 393 Reden, 65418 Wörter
2025-09-20 19:56:03,944 - database_manager - INFO - Verarbeite Datei 2373/2945: debates2018-12-13a.xml
2025-09-20 19:56:03,944 - database_manager - INFO - Parse debates XML-Datei: debates2018-12-13a.xml
2025-09-20 19:56:03,963 - database_manager - INFO - Debates XML erfolgreich geparst: 20 Debatten, 515 Reden, 64523 Wörter
2025-09-20 19:56:03,963 - database_manager - INFO - Verarbeite Datei 2374/2945: debates2013-11-01a.xml
2025-09-20 19:56:03,963 - database_manager - INFO - Parse debates XML-Datei: debates2013-11-01a.xml
2025-09-20 19:56:03,975 - database_manager - INFO - Debates XML erfolgreich geparst: 1 Debatten, 251 Reden, 38559 Wörter
2025-09-20 19:56:03,976 - database_manager - INFO - Verarbeite Datei 2375/2945: debates2019-04-25b.xml
2025-09-20 19:56:03,976 - database_manager - INFO - Parse debates XML-Datei: debates2019-04-25b.xml
2025-09-20 19:56:03,977 - database_manager - INFO - Debates XML erfolgreich geparst: 0 Debatten, 0 Reden, 0 Wörter
2025-09-20 19:56:03,977 - database_manager - INFO - Verarbeite Datei 2376/2945: debates2019-06-18b.xml
2025-09-20 19:56:03,977 - database_manager - INFO - Parse debates XML-Datei: debates2019-06-18b.xml
2025-09-20 19:56:03,978 - database_manager - INFO - Debates XML erfolgreich geparst: 0 Debatten, 0 Reden, 0 Wörter
2025-09-20 19:56:03,978 - database_manager - INFO - Verarbeite Datei 2377/2945: debates2020-01-09c.xml
2025-09-20 19:56:03,978 - database_manager - INFO - Parse debates XML-Datei: debates2020-01-09c.xml
2025-09-20 19:56:03,996 - database_manager - INFO - Debates XML erfolgreich geparst: 11 Debatten, 555 Reden, 62590 Wörter
2025-09-20 19:56:03,996 - database_manager - INFO - Verarbeite Datei 2378/2945: debates2014-05-12b.xml
2025-09-20 19:56:03,996 - database_manager - INFO - Parse debates XML-Datei: debates2014-05-12b.xml
2025-09-20 19:56:03,997 - database_manager - INFO - Debates XML erfolgreich geparst: 0 Debatten, 0 Reden, 0 Wörter
2025-09-20 19:56:03,997 - database_manager - INFO - Verarbeite Datei 2379/2945: debates2016-03-07a.xml
2025-09-20 19:56:03,997 - database_manager - INFO - Parse debates XML-Datei: debates2016-03-07a.xml
2025-09-20 19:56:03,998 - database_manager - INFO - Debates XML erfolgreich geparst: 0 Debatten, 0 Reden, 0 Wörter
2025-09-20 19:56:03,998 - database_manager - INFO - Verarbeite Datei 2380/2945: debates2013-07-08c.xml
2025-09-20 19:56:03,998 - database_manager - INFO - Parse debates XML-Datei: debates2013-07-08c.xml
2025-09-20 19:56:04,016 - database_manager - INFO - Debates XML erfolgreich geparst: 35 Debatten, 456 Reden, 66202 Wörter
2025-09-20 19:56:04,017 - database_manager - INFO - Verarbeite Datei 2381/2945: debates2015-01-15b.xml
2025-09-20 19:56:04,017 - database_manager - INFO - Parse debates XML-Datei: debates2015-01-15b.xml
2025-09-20 19:56:04,033 - database_manager - INFO - Debates XML erfolgreich geparst: 25 Debatten, 457 Reden, 65261 Wörter
2025-09-20 19:56:04,034 - database_manager - INFO - Verarbeite Datei 2382/2945: debates2015-02-09a.xml
2025-09-20 19:56:04,034 - database_manager - INFO - Parse debates XML-Datei: debates2015-02-09a.xml
2025-09-20 19:56:04,035 - database_manager - INFO - Debates XML erfolgreich geparst: 0 Debatten, 0 Reden, 0 Wörter
2025-09-20 19:56:04,035 - database_manager - INFO - Verarbeite Datei 2383/2945: debates2018-10-22b.xml
2025-09-20 19:56:04,035 - database_manager - INFO - Parse debates XML-Datei: debates2018-10-22b.xml
2025-09-20 19:56:04,054 - database_manager - INFO - Debates XML erfolgreich geparst: 24 Debatten, 662 Reden, 51912 Wörter
2025-09-20 19:56:04,054 - database_manager - INFO - Verarbeite Datei 2384/2945: debates2015-12-09a.xml
2025-09-20 19:56:04,054 - database_manager - INFO - Parse debates XML-Datei: debates2015-12-09a.xml
2025-09-20 19:56:04,055 - database_manager - INFO - Debates XML erfolgreich geparst: 0 Debatten, 0 Reden, 0 Wörter
2025-09-20 19:56:04,055 - database_manager - INFO - Verarbeite Datei 2385/2945: debates2019-04-09c.xml
2025-09-20 19:56:04,055 - database_manager - INFO - Parse debates XML-Datei: debates2019-04-09c.xml
2025-09-20 19:56:04,074 - database_manager - INFO - Debates XML erfolgreich geparst: 21 Debatten, 627 Reden, 62739 Wörter
2025-09-20 19:56:04,075 - database_manager - INFO - Verarbeite Datei 2386/2945: debates2013-06-05a.xml
2025-09-20 19:56:04,075 - database_manager - INFO - Parse debates XML-Datei: debates2013-06-05a.xml
2025-09-20 19:56:04,076 - database_manager - INFO - Debates XML erfolgreich geparst: 0 Debatten, 0 Reden, 0 Wörter
2025-09-20 19:56:04,076 - database_manager - INFO - Verarbeite Datei 2387/2945: debates2020-11-25b.xml
2025-09-20 19:56:04,076 - database_manager - INFO - Parse debates XML-Datei: debates2020-11-25b.xml
2025-09-20 19:56:04,077 - database_manager - INFO - Debates XML erfolgreich geparst: 0 Debatten, 0 Reden, 0 Wörter
2025-09-20 19:56:04,077 - database_manager - INFO - Verarbeite Datei 2388/2945: debates2012-07-16d.xml
2025-09-20 19:56:04,077 - database_manager - INFO - Parse debates XML-Datei: debates2012-07-16d.xml
2025-09-20 19:56:04,098 - database_manager - INFO - Debates XML erfolgreich geparst: 27 Debatten, 673 Reden, 71843 Wörter
2025-09-20 19:56:04,099 - database_manager - INFO - Verarbeite Datei 2389/2945: debates2021-11-17d.xml
2025-09-20 19:56:04,099 - database_manager - INFO - Parse debates XML-Datei: debates2021-11-17d.xml
2025-09-20 19:56:04,119 - database_manager - INFO - Debates XML erfolgreich geparst: 15 Debatten, 517 Reden, 65844 Wörter
2025-09-20 19:56:04,119 - database_manager - INFO - Verarbeite Datei 2390/2945: debates2018-06-07a.xml
2025-09-20 19:56:04,119 - database_manager - INFO - Parse debates XML-Datei: debates2018-06-07a.xml
2025-09-20 19:56:04,120 - database_manager - INFO - Debates XML erfolgreich geparst: 0 Debatten, 0 Reden, 0 Wörter
2025-09-20 19:56:04,120 - database_manager - INFO - Verarbeite Datei 2391/2945: debates2015-06-11b.xml
2025-09-20 19:56:04,120 - database_manager - INFO - Parse debates XML-Datei: debates2015-06-11b.xml
2025-09-20 19:56:04,121 - database_manager - INFO - Debates XML erfolgreich geparst: 0 Debatten, 0 Reden, 0 Wörter
2025-09-20 19:56:04,121 - database_manager - INFO - Verarbeite Datei 2392/2945: debates2012-02-02a.xml
2025-09-20 19:56:04,122 - database_manager - INFO - Parse debates XML-Datei: debates2012-02-02a.xml
2025-09-20 19:56:04,139 - database_manager - INFO - Debates XML erfolgreich geparst: 18 Debatten, 521 Reden, 64048 Wörter
2025-09-20 19:56:04,139 - database_manager - INFO - Verarbeite Datei 2393/2945: debates2012-03-23b.xml
2025-09-20 19:56:04,139 - database_manager - INFO - Parse debates XML-Datei: debates2012-03-23b.xml
2025-09-20 19:56:04,151 - database_manager - INFO - Debates XML erfolgreich geparst: 3 Debatten, 255 Reden, 44259 Wörter
2025-09-20 19:56:04,151 - database_manager - INFO - Verarbeite Datei 2394/2945: debates2017-01-25b.xml
2025-09-20 19:56:04,151 - database_manager - INFO - Parse debates XML-Datei: debates2017-01-25b.xml
2025-09-20 19:56:04,152 - database_manager - INFO - Debates XML erfolgreich geparst: 0 Debatten, 0 Reden, 0 Wörter
2025-09-20 19:56:04,152 - database_manager - INFO - Verarbeite Datei 2395/2945: debates2020-01-29a.xml
2025-09-20 19:56:04,152 - database_manager - INFO - Parse debates XML-Datei: debates2020-01-29a.xml
2025-09-20 19:56:04,153 - database_manager - INFO - Debates XML erfolgreich geparst: 0 Debatten, 0 Reden, 0 Wörter
2025-09-20 19:56:04,153 - database_manager - INFO - Verarbeite Datei 2396/2945: debates2020-07-20c.xml
2025-09-20 19:56:04,153 - database_manager - INFO - Parse debates XML-Datei: debates2020-07-20c.xml
2025-09-20 19:56:04,173 - database_manager - INFO - Debates XML erfolgreich geparst: 22 Debatten, 460 Reden, 67923 Wörter
2025-09-20 19:56:04,173 - database_manager - INFO - Verarbeite Datei 2397/2945: debates2019-01-10a.xml
2025-09-20 19:56:04,173 - database_manager - INFO - Parse debates XML-Datei: debates2019-01-10a.xml
2025-09-20 19:56:04,174 - database_manager - INFO - Debates XML erfolgreich geparst: 0 Debatten, 0 Reden, 0 Wörter
2025-09-20 19:56:04,174 - database_manager - INFO - Verarbeite Datei 2398/2945: debates2020-10-08b.xml
2025-09-20 19:56:04,174 - database_manager - INFO - Parse debates XML-Datei: debates2020-10-08b.xml
2025-09-20 19:56:04,175 - database_manager - INFO - Debates XML erfolgreich geparst: 0 Debatten, 0 Reden, 0 Wörter
2025-09-20 19:56:04,175 - database_manager - INFO - Verarbeite Datei 2399/2945: debates2013-05-15a.xml
2025-09-20 19:56:04,175 - database_manager - INFO - Parse debates XML-Datei: debates2013-05-15a.xml
2025-09-20 19:56:04,176 - database_manager - INFO - Debates XML erfolgreich geparst: 0 Debatten, 0 Reden, 0 Wörter
2025-09-20 19:56:04,176 - database_manager - INFO - Verarbeite Datei 2400/2945: debates2014-11-06b.xml
2025-09-20 19:56:04,176 - database_manager - INFO - Parse debates XML-Datei: debates2014-11-06b.xml
2025-09-20 19:56:04,191 - database_manager - INFO - Debates XML erfolgreich geparst: 18 Debatten, 383 Reden, 60448 Wörter
2025-09-20 19:56:04,191 - database_manager - INFO - Verarbeite Datei 2401/2945: debates2016-07-13a.xml
2025-09-20 19:56:04,191 - database_manager - INFO - Parse debates XML-Datei: debates2016-07-13a.xml
2025-09-20 19:56:04,197 - database_manager - INFO - Debates XML erfolgreich geparst: 2 Debatten, 45 Reden, 24074 Wörter
2025-09-20 19:56:04,197 - database_manager - INFO - Verarbeite Datei 2402/2945: debates2014-10-27a.xml
2025-09-20 19:56:04,197 - database_manager - INFO - Parse debates XML-Datei: debates2014-10-27a.xml
2025-09-20 19:56:04,198 - database_manager - INFO - Debates XML erfolgreich geparst: 0 Debatten, 0 Reden, 0 Wörter
2025-09-20 19:56:04,198 - database_manager - INFO - Verarbeite Datei 2403/2945: debates2021-07-13a.xml
2025-09-20 19:56:04,198 - database_manager - INFO - Parse debates XML-Datei: debates2021-07-13a.xml
2025-09-20 19:56:04,199 - database_manager - INFO - Debates XML erfolgreich geparst: 0 Debatten, 0 Reden, 0 Wörter
2025-09-20 19:56:04,199 - database_manager - INFO - Verarbeite Datei 2404/2945: debates2012-11-12a.xml
2025-09-20 19:56:04,199 - database_manager - INFO - Parse debates XML-Datei: debates2012-11-12a.xml
2025-09-20 19:56:04,220 - database_manager - INFO - Debates XML erfolgreich geparst: 22 Debatten, 616 Reden, 61856 Wörter
2025-09-20 19:56:04,220 - database_manager - INFO - Verarbeite Datei 2405/2945: debates2017-11-29a.xml
2025-09-20 19:56:04,220 - database_manager - INFO - Parse debates XML-Datei: debates2017-11-29a.xml
2025-09-20 19:56:04,221 - database_manager - INFO - Debates XML erfolgreich geparst: 0 Debatten, 0 Reden, 0 Wörter
2025-09-20 19:56:04,221 - database_manager - INFO - Verarbeite Datei 2406/2945: debates2018-05-17a.xml
2025-09-20 19:56:04,221 - database_manager - INFO - Parse debates XML-Datei: debates2018-05-17a.xml
2025-09-20 19:56:04,239 - database_manager - INFO - Debates XML erfolgreich geparst: 23 Debatten, 466 Reden, 62379 Wörter
2025-09-20 19:56:04,239 - database_manager - INFO - Verarbeite Datei 2407/2945: debates2017-07-20c.xml
2025-09-20 19:56:04,239 - database_manager - INFO - Parse debates XML-Datei: debates2017-07-20c.xml
2025-09-20 19:56:04,240 - database_manager - INFO - Debates XML erfolgreich geparst: 0 Debatten, 0 Reden, 0 Wörter
2025-09-20 19:56:04,240 - database_manager - INFO - Verarbeite Datei 2408/2945: debates2012-01-12a.xml
2025-09-20 19:56:04,240 - database_manager - INFO - Parse debates XML-Datei: debates2012-01-12a.xml
2025-09-20 19:56:04,241 - database_manager - INFO - Debates XML erfolgreich geparst: 0 Debatten, 0 Reden, 0 Wörter
2025-09-20 19:56:04,241 - database_manager - INFO - Verarbeite Datei 2409/2945: debates2017-03-14a.xml
2025-09-20 19:56:04,241 - database_manager - INFO - Parse debates XML-Datei: debates2017-03-14a.xml
2025-09-20 19:56:04,242 - database_manager - INFO - Debates XML erfolgreich geparst: 0 Debatten, 0 Reden, 0 Wörter
2025-09-20 19:56:04,242 - database_manager - INFO - Verarbeite Datei 2410/2945: debates2012-09-05a.xml
2025-09-20 19:56:04,242 - database_manager - INFO - Parse debates XML-Datei: debates2012-09-05a.xml
2025-09-20 19:56:04,243 - database_manager - INFO - Debates XML erfolgreich geparst: 0 Debatten, 0 Reden, 0 Wörter
2025-09-20 19:56:04,243 - database_manager - INFO - Verarbeite Datei 2411/2945: debates2017-11-29c.xml
2025-09-20 19:56:04,243 - database_manager - INFO - Parse debates XML-Datei: debates2017-11-29c.xml
2025-09-20 19:56:04,264 - database_manager - INFO - Debates XML erfolgreich geparst: 10 Debatten, 629 Reden, 65828 Wörter
2025-09-20 19:56:04,265 - database_manager - INFO - Verarbeite Datei 2412/2945: debates2018-01-23a.xml
2025-09-20 19:56:04,265 - database_manager - INFO - Parse debates XML-Datei: debates2018-01-23a.xml
2025-09-20 19:56:04,280 - database_manager - INFO - Debates XML erfolgreich geparst: 22 Debatten, 465 Reden, 55251 Wörter
2025-09-20 19:56:04,281 - database_manager - INFO - Verarbeite Datei 2413/2945: debates2021-07-13c.xml
2025-09-20 19:56:04,281 - database_manager - INFO - Parse debates XML-Datei: debates2021-07-13c.xml
2025-09-20 19:56:04,304 - database_manager - INFO - Debates XML erfolgreich geparst: 22 Debatten, 474 Reden, 79080 Wörter
2025-09-20 19:56:04,305 - database_manager - INFO - Verarbeite Datei 2414/2945: debates2021-12-06b.xml
2025-09-20 19:56:04,305 - database_manager - INFO - Parse debates XML-Datei: debates2021-12-06b.xml
2025-09-20 19:56:04,306 - database_manager - INFO - Debates XML erfolgreich geparst: 0 Debatten, 0 Reden, 0 Wörter
2025-09-20 19:56:04,306 - database_manager - INFO - Verarbeite Datei 2415/2945: debates2018-11-23a.xml
2025-09-20 19:56:04,306 - database_manager - INFO - Parse debates XML-Datei: debates2018-11-23a.xml
2025-09-20 19:56:04,307 - database_manager - INFO - Debates XML erfolgreich geparst: 0 Debatten, 0 Reden, 0 Wörter
2025-09-20 19:56:04,307 - database_manager - INFO - Verarbeite Datei 2416/2945: debates2015-10-14a.xml
2025-09-20 19:56:04,307 - database_manager - INFO - Parse debates XML-Datei: debates2015-10-14a.xml
2025-09-20 19:56:04,329 - database_manager - INFO - Debates XML erfolgreich geparst: 11 Debatten, 550 Reden, 78513 Wörter
2025-09-20 19:56:04,330 - database_manager - INFO - Verarbeite Datei 2417/2945: debates2017-07-20a.xml
2025-09-20 19:56:04,330 - database_manager - INFO - Parse debates XML-Datei: debates2017-07-20a.xml
2025-09-20 19:56:04,330 - database_manager - INFO - Debates XML erfolgreich geparst: 0 Debatten, 0 Reden, 0 Wörter
2025-09-20 19:56:04,330 - database_manager - INFO - Verarbeite Datei 2418/2945: debates2019-01-10c.xml
2025-09-20 19:56:04,330 - database_manager - INFO - Parse debates XML-Datei: debates2019-01-10c.xml
2025-09-20 19:56:04,331 - database_manager - INFO - Debates XML erfolgreich geparst: 0 Debatten, 0 Reden, 0 Wörter
2025-09-20 19:56:04,331 - database_manager - INFO - Verarbeite Datei 2419/2945: debates2013-11-21a.xml
2025-09-20 19:56:04,331 - database_manager - INFO - Parse debates XML-Datei: debates2013-11-21a.xml
2025-09-20 19:56:04,347 - database_manager - INFO - Debates XML erfolgreich geparst: 20 Debatten, 427 Reden, 60757 Wörter
2025-09-20 19:56:04,347 - database_manager - INFO - Verarbeite Datei 2420/2945: debates2020-07-20a.xml
2025-09-20 19:56:04,347 - database_manager - INFO - Parse debates XML-Datei: debates2020-07-20a.xml
2025-09-20 19:56:04,350 - database_manager - INFO - Debates XML erfolgreich geparst: 0 Debatten, 0 Reden, 0 Wörter
2025-09-20 19:56:04,350 - database_manager - INFO - Verarbeite Datei 2421/2945: debates2020-01-29c.xml
2025-09-20 19:56:04,350 - database_manager - INFO - Parse debates XML-Datei: debates2020-01-29c.xml
2025-09-20 19:56:04,352 - database_manager - INFO - Debates XML erfolgreich geparst: 0 Debatten, 0 Reden, 0 Wörter
2025-09-20 19:56:04,352 - database_manager - INFO - Verarbeite Datei 2422/2945: debates2016-12-06b.xml
2025-09-20 19:56:04,352 - database_manager - INFO - Parse debates XML-Datei: debates2016-12-06b.xml
2025-09-20 19:56:04,365 - database_manager - INFO - Debates XML erfolgreich geparst: 24 Debatten, 406 Reden, 45988 Wörter
2025-09-20 19:56:04,365 - database_manager - INFO - Verarbeite Datei 2423/2945: debates2013-01-21a.xml
2025-09-20 19:56:04,365 - database_manager - INFO - Parse debates XML-Datei: debates2013-01-21a.xml
2025-09-20 19:56:04,387 - database_manager - INFO - Debates XML erfolgreich geparst: 23 Debatten, 644 Reden, 61837 Wörter
2025-09-20 19:56:04,388 - database_manager - INFO - Verarbeite Datei 2424/2945: debates2020-07-21e.xml
2025-09-20 19:56:04,388 - database_manager - INFO - Parse debates XML-Datei: debates2020-07-21e.xml
2025-09-20 19:56:04,405 - database_manager - INFO - Debates XML erfolgreich geparst: 32 Debatten, 469 Reden, 68491 Wörter
2025-09-20 19:56:04,406 - database_manager - INFO - Verarbeite Datei 2425/2945: debates2018-06-07c.xml
2025-09-20 19:56:04,406 - database_manager - INFO - Parse debates XML-Datei: debates2018-06-07c.xml
2025-09-20 19:56:04,424 - database_manager - INFO - Debates XML erfolgreich geparst: 25 Debatten, 500 Reden, 66028 Wörter
2025-09-20 19:56:04,424 - database_manager - INFO - Verarbeite Datei 2426/2945: debates2018-03-12b.xml
2025-09-20 19:56:04,424 - database_manager - INFO - Parse debates XML-Datei: debates2018-03-12b.xml
2025-09-20 19:56:04,425 - database_manager - INFO - Debates XML erfolgreich geparst: 0 Debatten, 0 Reden, 0 Wörter
2025-09-20 19:56:04,425 - database_manager - INFO - Verarbeite Datei 2427/2945: debates2015-03-04a.xml
2025-09-20 19:56:04,425 - database_manager - INFO - Parse debates XML-Datei: debates2015-03-04a.xml
2025-09-20 19:56:04,426 - database_manager - INFO - Debates XML erfolgreich geparst: 0 Debatten, 0 Reden, 0 Wörter
2025-09-20 19:56:04,426 - database_manager - INFO - Verarbeite Datei 2428/2945: debates2021-11-16b.xml
2025-09-20 19:56:04,426 - database_manager - INFO - Parse debates XML-Datei: debates2021-11-16b.xml
2025-09-20 19:56:04,427 - database_manager - INFO - Debates XML erfolgreich geparst: 0 Debatten, 0 Reden, 0 Wörter
2025-09-20 19:56:04,428 - database_manager - INFO - Verarbeite Datei 2429/2945: debates2012-07-17b.xml
2025-09-20 19:56:04,428 - database_manager - INFO - Parse debates XML-Datei: debates2012-07-17b.xml
2025-09-20 19:56:04,443 - database_manager - INFO - Debates XML erfolgreich geparst: 19 Debatten, 397 Reden, 61831 Wörter
2025-09-20 19:56:04,443 - database_manager - INFO - Verarbeite Datei 2430/2945: debates2020-05-11b.xml
2025-09-20 19:56:04,443 - database_manager - INFO - Parse debates XML-Datei: debates2020-05-11b.xml
2025-09-20 19:56:04,455 - database_manager - INFO - Debates XML erfolgreich geparst: 34 Debatten, 326 Reden, 50623 Wörter
2025-09-20 19:56:04,455 - database_manager - INFO - Verarbeite Datei 2431/2945: debates2014-07-03a.xml
2025-09-20 19:56:04,455 - database_manager - INFO - Parse debates XML-Datei: debates2014-07-03a.xml
2025-09-20 19:56:04,471 - database_manager - INFO - Debates XML erfolgreich geparst: 21 Debatten, 356 Reden, 62053 Wörter
2025-09-20 19:56:04,471 - database_manager - INFO - Verarbeite Datei 2432/2945: debates2019-04-09a.xml
2025-09-20 19:56:04,471 - database_manager - INFO - Parse debates XML-Datei: debates2019-04-09a.xml
2025-09-20 19:56:04,472 - database_manager - INFO - Debates XML erfolgreich geparst: 0 Debatten, 0 Reden, 0 Wörter
2025-09-20 19:56:04,472 - database_manager - INFO - Verarbeite Datei 2433/2945: debates2019-07-15b.xml
2025-09-20 19:56:04,472 - database_manager - INFO - Parse debates XML-Datei: debates2019-07-15b.xml
2025-09-20 19:56:04,486 - database_manager - INFO - Debates XML erfolgreich geparst: 25 Debatten, 457 Reden, 50340 Wörter
2025-09-20 19:56:04,487 - database_manager - INFO - Verarbeite Datei 2434/2945: debates2015-02-09c.xml
2025-09-20 19:56:04,487 - database_manager - INFO - Parse debates XML-Datei: debates2015-02-09c.xml
2025-09-20 19:56:04,494 - database_manager - INFO - Debates XML erfolgreich geparst: 29 Debatten, 281 Reden, 26411 Wörter
2025-09-20 19:56:04,495 - database_manager - INFO - Verarbeite Datei 2435/2945: debates2018-04-16b.xml
2025-09-20 19:56:04,495 - database_manager - INFO - Parse debates XML-Datei: debates2018-04-16b.xml
2025-09-20 19:56:04,521 - database_manager - INFO - Debates XML erfolgreich geparst: 17 Debatten, 741 Reden, 74794 Wörter
2025-09-20 19:56:04,521 - database_manager - INFO - Verarbeite Datei 2436/2945: debates2017-01-09a.xml
2025-09-20 19:56:04,521 - database_manager - INFO - Parse debates XML-Datei: debates2017-01-09a.xml
2025-09-20 19:56:04,522 - database_manager - INFO - Debates XML erfolgreich geparst: 0 Debatten, 0 Reden, 0 Wörter
2025-09-20 19:56:04,522 - database_manager - INFO - Verarbeite Datei 2437/2945: debates2020-01-09a.xml
2025-09-20 19:56:04,522 - database_manager - INFO - Parse debates XML-Datei: debates2020-01-09a.xml
2025-09-20 19:56:04,523 - database_manager - INFO - Debates XML erfolgreich geparst: 0 Debatten, 0 Reden, 0 Wörter
2025-09-20 19:56:04,523 - database_manager - INFO - Verarbeite Datei 2438/2945: debates2019-01-30a.xml
2025-09-20 19:56:04,523 - database_manager - INFO - Parse debates XML-Datei: debates2019-01-30a.xml
2025-09-20 19:56:04,538 - database_manager - INFO - Debates XML erfolgreich geparst: 37 Debatten, 411 Reden, 48271 Wörter
2025-09-20 19:56:04,538 - database_manager - INFO - Verarbeite Datei 2439/2945: debates2020-11-09a.xml
2025-09-20 19:56:04,538 - database_manager - INFO - Parse debates XML-Datei: debates2020-11-09a.xml
2025-09-20 19:56:04,539 - database_manager - INFO - Debates XML erfolgreich geparst: 0 Debatten, 0 Reden, 0 Wörter
2025-09-20 19:56:04,539 - database_manager - INFO - Verarbeite Datei 2440/2945: debates2013-07-08a.xml
2025-09-20 19:56:04,539 - database_manager - INFO - Parse debates XML-Datei: debates2013-07-08a.xml
2025-09-20 19:56:04,540 - database_manager - INFO - Debates XML erfolgreich geparst: 0 Debatten, 0 Reden, 0 Wörter
2025-09-20 19:56:04,540 - database_manager - INFO - Verarbeite Datei 2441/2945: debates2018-06-27a.xml
2025-09-20 19:56:04,540 - database_manager - INFO - Parse debates XML-Datei: debates2018-06-27a.xml
2025-09-20 19:56:04,557 - database_manager - INFO - Debates XML erfolgreich geparst: 15 Debatten, 504 Reden, 64251 Wörter
2025-09-20 19:56:04,557 - database_manager - INFO - Verarbeite Datei 2442/2945: debates2017-12-19a.xml
2025-09-20 19:56:04,557 - database_manager - INFO - Parse debates XML-Datei: debates2017-12-19a.xml
2025-09-20 19:56:04,559 - database_manager - INFO - Debates XML erfolgreich geparst: 0 Debatten, 0 Reden, 0 Wörter
2025-09-20 19:56:04,559 - database_manager - INFO - Verarbeite Datei 2443/2945: debates2017-10-24a.xml
2025-09-20 19:56:04,559 - database_manager - INFO - Parse debates XML-Datei: debates2017-10-24a.xml
2025-09-20 19:56:04,582 - database_manager - INFO - Debates XML erfolgreich geparst: 17 Debatten, 625 Reden, 64502 Wörter
2025-09-20 19:56:04,582 - database_manager - INFO - Verarbeite Datei 2444/2945: debates2012-02-22a.xml
2025-09-20 19:56:04,582 - database_manager - INFO - Parse debates XML-Datei: debates2012-02-22a.xml
2025-09-20 19:56:04,583 - database_manager - INFO - Debates XML erfolgreich geparst: 0 Debatten, 0 Reden, 0 Wörter
2025-09-20 19:56:04,583 - database_manager - INFO - Verarbeite Datei 2445/2945: debates2021-09-21b.xml
2025-09-20 19:56:04,583 - database_manager - INFO - Parse debates XML-Datei: debates2021-09-21b.xml
2025-09-20 19:56:04,584 - database_manager - INFO - Debates XML erfolgreich geparst: 0 Debatten, 0 Reden, 0 Wörter
2025-09-20 19:56:04,584 - database_manager - INFO - Verarbeite Datei 2446/2945: debates2019-04-29c.xml
2025-09-20 19:56:04,584 - database_manager - INFO - Parse debates XML-Datei: debates2019-04-29c.xml
2025-09-20 19:56:04,597 - database_manager - INFO - Debates XML erfolgreich geparst: 15 Debatten, 402 Reden, 45478 Wörter
2025-09-20 19:56:04,597 - database_manager - INFO - Verarbeite Datei 2447/2945: debates2016-05-03f.xml
2025-09-20 19:56:04,597 - database_manager - INFO - Parse debates XML-Datei: debates2016-05-03f.xml
2025-09-20 19:56:04,615 - database_manager - INFO - Debates XML erfolgreich geparst: 26 Debatten, 522 Reden, 62737 Wörter
2025-09-20 19:56:04,615 - database_manager - INFO - Verarbeite Datei 2448/2945: debates2014-03-17a.xml
2025-09-20 19:56:04,615 - database_manager - INFO - Parse debates XML-Datei: debates2014-03-17a.xml
2025-09-20 19:56:04,616 - database_manager - INFO - Debates XML erfolgreich geparst: 0 Debatten, 0 Reden, 0 Wörter
2025-09-20 19:56:04,616 - database_manager - INFO - Verarbeite Datei 2449/2945: debates2019-02-20a.xml
2025-09-20 19:56:04,616 - database_manager - INFO - Parse debates XML-Datei: debates2019-02-20a.xml
2025-09-20 19:56:04,617 - database_manager - INFO - Debates XML erfolgreich geparst: 0 Debatten, 0 Reden, 0 Wörter
2025-09-20 19:56:04,617 - database_manager - INFO - Verarbeite Datei 2450/2945: debates2013-07-04b.xml
2025-09-20 19:56:04,617 - database_manager - INFO - Parse debates XML-Datei: debates2013-07-04b.xml
2025-09-20 19:56:04,633 - database_manager - INFO - Debates XML erfolgreich geparst: 20 Debatten, 502 Reden, 59605 Wörter
2025-09-20 19:56:04,634 - database_manager - INFO - Verarbeite Datei 2451/2945: debates2013-04-18a.xml
2025-09-20 19:56:04,634 - database_manager - INFO - Parse debates XML-Datei: debates2013-04-18a.xml
2025-09-20 19:56:04,635 - database_manager - INFO - Debates XML erfolgreich geparst: 0 Debatten, 0 Reden, 0 Wörter
2025-09-20 19:56:04,635 - database_manager - INFO - Verarbeite Datei 2452/2945: debates2013-06-25a.xml
2025-09-20 19:56:04,635 - database_manager - INFO - Parse debates XML-Datei: debates2013-06-25a.xml
2025-09-20 19:56:04,653 - database_manager - INFO - Debates XML erfolgreich geparst: 19 Debatten, 518 Reden, 59112 Wörter
2025-09-20 19:56:04,654 - database_manager - INFO - Verarbeite Datei 2453/2945: debates2020-11-05b.xml
2025-09-20 19:56:04,654 - database_manager - INFO - Parse debates XML-Datei: debates2020-11-05b.xml
2025-09-20 19:56:04,655 - database_manager - INFO - Debates XML erfolgreich geparst: 0 Debatten, 0 Reden, 0 Wörter
2025-09-20 19:56:04,655 - database_manager - INFO - Verarbeite Datei 2454/2945: debates2019-12-20a.xml
2025-09-20 19:56:04,655 - database_manager - INFO - Parse debates XML-Datei: debates2019-12-20a.xml
2025-09-20 19:56:04,665 - database_manager - INFO - Debates XML erfolgreich geparst: 1 Debatten, 190 Reden, 39953 Wörter
2025-09-20 19:56:04,666 - database_manager - INFO - Verarbeite Datei 2455/2945: debates2017-03-22a.xml
2025-09-20 19:56:04,666 - database_manager - INFO - Parse debates XML-Datei: debates2017-03-22a.xml
2025-09-20 19:56:04,666 - database_manager - INFO - Debates XML erfolgreich geparst: 0 Debatten, 0 Reden, 0 Wörter
2025-09-20 19:56:04,666 - database_manager - INFO - Verarbeite Datei 2456/2945: debates2015-09-14b.xml
2025-09-20 19:56:04,666 - database_manager - INFO - Parse debates XML-Datei: debates2015-09-14b.xml
2025-09-20 19:56:04,689 - database_manager - INFO - Debates XML erfolgreich geparst: 21 Debatten, 583 Reden, 65991 Wörter
2025-09-20 19:56:04,689 - database_manager - INFO - Verarbeite Datei 2457/2945: debates2012-01-24a.xml
2025-09-20 19:56:04,689 - database_manager - INFO - Parse debates XML-Datei: debates2012-01-24a.xml
2025-09-20 19:56:04,691 - database_manager - INFO - Debates XML erfolgreich geparst: 0 Debatten, 0 Reden, 0 Wörter
2025-09-20 19:56:04,691 - database_manager - INFO - Verarbeite Datei 2458/2945: debates2012-03-19a.xml
2025-09-20 19:56:04,691 - database_manager - INFO - Parse debates XML-Datei: debates2012-03-19a.xml
2025-09-20 19:56:04,705 - database_manager - INFO - Debates XML erfolgreich geparst: 26 Debatten, 344 Reden, 55208 Wörter
2025-09-20 19:56:04,706 - database_manager - INFO - Verarbeite Datei 2459/2945: debates2018-05-21a.xml
2025-09-20 19:56:04,706 - database_manager - INFO - Parse debates XML-Datei: debates2018-05-21a.xml
2025-09-20 19:56:04,724 - database_manager - INFO - Debates XML erfolgreich geparst: 29 Debatten, 597 Reden, 64108 Wörter
2025-09-20 19:56:04,724 - database_manager - INFO - Verarbeite Datei 2460/2945: debates2018-03-28c.xml
2025-09-20 19:56:04,724 - database_manager - INFO - Parse debates XML-Datei: debates2018-03-28c.xml
2025-09-20 19:56:04,746 - database_manager - INFO - Debates XML erfolgreich geparst: 24 Debatten, 667 Reden, 79616 Wörter
2025-09-20 19:56:04,746 - database_manager - INFO - Verarbeite Datei 2461/2945: debates2021-05-18a.xml
2025-09-20 19:56:04,746 - database_manager - INFO - Parse debates XML-Datei: debates2021-05-18a.xml
2025-09-20 19:56:04,748 - database_manager - INFO - Debates XML erfolgreich geparst: 0 Debatten, 0 Reden, 0 Wörter
2025-09-20 19:56:04,748 - database_manager - INFO - Verarbeite Datei 2462/2945: debates2019-10-07b.xml
2025-09-20 19:56:04,748 - database_manager - INFO - Parse debates XML-Datei: debates2019-10-07b.xml
2025-09-20 19:56:04,749 - database_manager - INFO - Debates XML erfolgreich geparst: 0 Debatten, 0 Reden, 0 Wörter
2025-09-20 19:56:04,749 - database_manager - INFO - Verarbeite Datei 2463/2945: debates2020-09-08c.xml
2025-09-20 19:56:04,749 - database_manager - INFO - Parse debates XML-Datei: debates2020-09-08c.xml
2025-09-20 19:56:04,750 - database_manager - INFO - Debates XML erfolgreich geparst: 0 Debatten, 0 Reden, 0 Wörter
2025-09-20 19:56:04,750 - database_manager - INFO - Verarbeite Datei 2464/2945: debates2016-05-18a.xml
2025-09-20 19:56:04,750 - database_manager - INFO - Parse debates XML-Datei: debates2016-05-18a.xml
2025-09-20 19:56:04,763 - database_manager - INFO - Debates XML erfolgreich geparst: 3 Debatten, 174 Reden, 60451 Wörter
2025-09-20 19:56:04,763 - database_manager - INFO - Verarbeite Datei 2465/2945: debates2020-12-03b.xml
2025-09-20 19:56:04,763 - database_manager - INFO - Parse debates XML-Datei: debates2020-12-03b.xml
2025-09-20 19:56:04,764 - database_manager - INFO - Debates XML erfolgreich geparst: 0 Debatten, 0 Reden, 0 Wörter
2025-09-20 19:56:04,764 - database_manager - INFO - Verarbeite Datei 2466/2945: debates2014-01-30b.xml
2025-09-20 19:56:04,764 - database_manager - INFO - Parse debates XML-Datei: debates2014-01-30b.xml
2025-09-20 19:56:04,786 - database_manager - INFO - Debates XML erfolgreich geparst: 34 Debatten, 609 Reden, 63719 Wörter
2025-09-20 19:56:04,786 - database_manager - INFO - Verarbeite Datei 2467/2945: debates2020-07-16c.xml
2025-09-20 19:56:04,786 - database_manager - INFO - Parse debates XML-Datei: debates2020-07-16c.xml
2025-09-20 19:56:04,809 - database_manager - INFO - Debates XML erfolgreich geparst: 17 Debatten, 534 Reden, 74107 Wörter
2025-09-20 19:56:04,809 - database_manager - INFO - Verarbeite Datei 2468/2945: debates2020-02-03b.xml
2025-09-20 19:56:04,809 - database_manager - INFO - Parse debates XML-Datei: debates2020-02-03b.xml
2025-09-20 19:56:04,811 - database_manager - INFO - Debates XML erfolgreich geparst: 0 Debatten, 0 Reden, 0 Wörter
2025-09-20 19:56:04,811 - database_manager - INFO - Verarbeite Datei 2469/2945: debates2017-01-13b.xml
2025-09-20 19:56:04,811 - database_manager - INFO - Parse debates XML-Datei: debates2017-01-13b.xml
2025-09-20 19:56:04,811 - database_manager - INFO - Debates XML erfolgreich geparst: 0 Debatten, 0 Reden, 0 Wörter
2025-09-20 19:56:04,811 - database_manager - INFO - Verarbeite Datei 2470/2945: debates2021-01-21d.xml
2025-09-20 19:56:04,811 - database_manager - INFO - Parse debates XML-Datei: debates2021-01-21d.xml
2025-09-20 19:56:04,829 - database_manager - INFO - Debates XML erfolgreich geparst: 25 Debatten, 436 Reden, 63164 Wörter
2025-09-20 19:56:04,829 - database_manager - INFO - Verarbeite Datei 2471/2945: debates2015-07-06a.xml
2025-09-20 19:56:04,829 - database_manager - INFO - Parse debates XML-Datei: debates2015-07-06a.xml
2025-09-20 19:56:04,830 - database_manager - INFO - Debates XML erfolgreich geparst: 0 Debatten, 0 Reden, 0 Wörter
2025-09-20 19:56:04,830 - database_manager - INFO - Verarbeite Datei 2472/2945: debates2017-11-13b.xml
2025-09-20 19:56:04,830 - database_manager - INFO - Parse debates XML-Datei: debates2017-11-13b.xml
2025-09-20 19:56:04,847 - database_manager - INFO - Debates XML erfolgreich geparst: 21 Debatten, 549 Reden, 60783 Wörter
2025-09-20 19:56:04,848 - database_manager - INFO - Verarbeite Datei 2473/2945: debates2018-07-10b.xml
2025-09-20 19:56:04,848 - database_manager - INFO - Parse debates XML-Datei: debates2018-07-10b.xml
2025-09-20 19:56:04,863 - database_manager - INFO - Debates XML erfolgreich geparst: 22 Debatten, 474 Reden, 51652 Wörter
2025-09-20 19:56:04,863 - database_manager - INFO - Verarbeite Datei 2474/2945: debates2021-06-08a.xml
2025-09-20 19:56:04,863 - database_manager - INFO - Parse debates XML-Datei: debates2021-06-08a.xml
2025-09-20 19:56:04,879 - database_manager - INFO - Debates XML erfolgreich geparst: 15 Debatten, 413 Reden, 65235 Wörter
2025-09-20 19:56:04,880 - database_manager - INFO - Verarbeite Datei 2475/2945: debates2012-11-28b.xml
2025-09-20 19:56:04,880 - database_manager - INFO - Parse debates XML-Datei: debates2012-11-28b.xml
2025-09-20 19:56:04,898 - database_manager - INFO - Debates XML erfolgreich geparst: 22 Debatten, 529 Reden, 66000 Wörter
2025-09-20 19:56:04,899 - database_manager - INFO - Verarbeite Datei 2476/2945: debates2018-02-05c.xml
2025-09-20 19:56:04,899 - database_manager - INFO - Parse debates XML-Datei: debates2018-02-05c.xml
2025-09-20 19:56:04,917 - database_manager - INFO - Debates XML erfolgreich geparst: 30 Debatten, 629 Reden, 68418 Wörter
2025-09-20 19:56:04,917 - database_manager - INFO - Verarbeite Datei 2477/2945: debates2016-06-08a.xml
2025-09-20 19:56:04,917 - database_manager - INFO - Parse debates XML-Datei: debates2016-06-08a.xml
2025-09-20 19:56:04,934 - database_manager - INFO - Debates XML erfolgreich geparst: 13 Debatten, 515 Reden, 63892 Wörter
2025-09-20 19:56:04,935 - database_manager - INFO - Verarbeite Datei 2478/2945: debates2019-07-22d.xml
2025-09-20 19:56:04,935 - database_manager - INFO - Parse debates XML-Datei: debates2019-07-22d.xml
2025-09-20 19:56:04,950 - database_manager - INFO - Debates XML erfolgreich geparst: 16 Debatten, 437 Reden, 55169 Wörter
2025-09-20 19:56:04,950 - database_manager - INFO - Verarbeite Datei 2479/2945: debates2020-01-13b.xml
2025-09-20 19:56:04,950 - database_manager - INFO - Parse debates XML-Datei: debates2020-01-13b.xml
2025-09-20 19:56:04,967 - database_manager - INFO - Debates XML erfolgreich geparst: 10 Debatten, 366 Reden, 62591 Wörter
2025-09-20 19:56:04,967 - database_manager - INFO - Verarbeite Datei 2480/2945: debates2021-07-05c.xml
2025-09-20 19:56:04,967 - database_manager - INFO - Parse debates XML-Datei: debates2021-07-05c.xml
2025-09-20 19:56:04,991 - database_manager - INFO - Debates XML erfolgreich geparst: 34 Debatten, 380 Reden, 80648 Wörter
2025-09-20 19:56:04,992 - database_manager - INFO - Verarbeite Datei 2481/2945: debates2018-03-08a.xml
2025-09-20 19:56:04,992 - database_manager - INFO - Parse debates XML-Datei: debates2018-03-08a.xml
2025-09-20 19:56:04,993 - database_manager - INFO - Debates XML erfolgreich geparst: 0 Debatten, 0 Reden, 0 Wörter
2025-09-20 19:56:04,993 - database_manager - INFO - Verarbeite Datei 2482/2945: debates2021-02-10b.xml
2025-09-20 19:56:04,993 - database_manager - INFO - Parse debates XML-Datei: debates2021-02-10b.xml
2025-09-20 19:56:04,993 - database_manager - INFO - Debates XML erfolgreich geparst: 0 Debatten, 0 Reden, 0 Wörter
2025-09-20 19:56:04,993 - database_manager - INFO - Verarbeite Datei 2483/2945: debates2012-09-13a.xml
2025-09-20 19:56:04,993 - database_manager - INFO - Parse debates XML-Datei: debates2012-09-13a.xml
2025-09-20 19:56:05,010 - database_manager - INFO - Debates XML erfolgreich geparst: 21 Debatten, 537 Reden, 61995 Wörter
2025-09-20 19:56:05,010 - database_manager - INFO - Verarbeite Datei 2484/2945: debates2020-09-28a.xml
2025-09-20 19:56:05,010 - database_manager - INFO - Parse debates XML-Datei: debates2020-09-28a.xml
2025-09-20 19:56:05,011 - database_manager - INFO - Debates XML erfolgreich geparst: 0 Debatten, 0 Reden, 0 Wörter
2025-09-20 19:56:05,011 - database_manager - INFO - Verarbeite Datei 2485/2945: debates2016-04-18d.xml
2025-09-20 19:56:05,011 - database_manager - INFO - Parse debates XML-Datei: debates2016-04-18d.xml
2025-09-20 19:56:05,026 - database_manager - INFO - Debates XML erfolgreich geparst: 16 Debatten, 431 Reden, 62677 Wörter
2025-09-20 19:56:05,027 - database_manager - INFO - Verarbeite Datei 2486/2945: debates2020-03-02c.xml
2025-09-20 19:56:05,027 - database_manager - INFO - Parse debates XML-Datei: debates2020-03-02c.xml
2025-09-20 19:56:05,028 - database_manager - INFO - Debates XML erfolgreich geparst: 0 Debatten, 0 Reden, 0 Wörter
2025-09-20 19:56:05,028 - database_manager - INFO - Verarbeite Datei 2487/2945: debates2020-06-17b.xml
2025-09-20 19:56:05,028 - database_manager - INFO - Parse debates XML-Datei: debates2020-06-17b.xml
2025-09-20 19:56:05,029 - database_manager - INFO - Debates XML erfolgreich geparst: 0 Debatten, 0 Reden, 0 Wörter
2025-09-20 19:56:05,029 - database_manager - INFO - Verarbeite Datei 2488/2945: debates2013-10-16b.xml
2025-09-20 19:56:05,029 - database_manager - INFO - Parse debates XML-Datei: debates2013-10-16b.xml
2025-09-20 19:56:05,048 - database_manager - INFO - Debates XML erfolgreich geparst: 13 Debatten, 482 Reden, 60933 Wörter
2025-09-20 19:56:05,048 - database_manager - INFO - Verarbeite Datei 2489/2945: debates2018-10-18a.xml
2025-09-20 19:56:05,048 - database_manager - INFO - Parse debates XML-Datei: debates2018-10-18a.xml
2025-09-20 19:56:05,049 - database_manager - INFO - Debates XML erfolgreich geparst: 0 Debatten, 0 Reden, 0 Wörter
2025-09-20 19:56:05,049 - database_manager - INFO - Verarbeite Datei 2490/2945: debates2017-04-26a.xml
2025-09-20 19:56:05,049 - database_manager - INFO - Parse debates XML-Datei: debates2017-04-26a.xml
2025-09-20 19:56:05,061 - database_manager - INFO - Debates XML erfolgreich geparst: 14 Debatten, 323 Reden, 50219 Wörter
2025-09-20 19:56:05,061 - database_manager - INFO - Verarbeite Datei 2491/2945: debates2012-06-20a.xml
2025-09-20 19:56:05,061 - database_manager - INFO - Parse debates XML-Datei: debates2012-06-20a.xml
2025-09-20 19:56:05,081 - database_manager - INFO - Debates XML erfolgreich geparst: 42 Debatten, 626 Reden, 64499 Wörter
2025-09-20 19:56:05,082 - database_manager - INFO - Verarbeite Datei 2492/2945: debates2021-10-21a.xml
2025-09-20 19:56:05,082 - database_manager - INFO - Parse debates XML-Datei: debates2021-10-21a.xml
2025-09-20 19:56:05,101 - database_manager - INFO - Debates XML erfolgreich geparst: 13 Debatten, 436 Reden, 66514 Wörter
2025-09-20 19:56:05,101 - database_manager - INFO - Verarbeite Datei 2493/2945: debates2015-03-12a.xml
2025-09-20 19:56:05,101 - database_manager - INFO - Parse debates XML-Datei: debates2015-03-12a.xml
2025-09-20 19:56:05,102 - database_manager - INFO - Debates XML erfolgreich geparst: 0 Debatten, 0 Reden, 0 Wörter
2025-09-20 19:56:05,102 - database_manager - INFO - Verarbeite Datei 2494/2945: debates2021-04-15c.xml
2025-09-20 19:56:05,102 - database_manager - INFO - Parse debates XML-Datei: debates2021-04-15c.xml
2025-09-20 19:56:05,102 - database_manager - INFO - Debates XML erfolgreich geparst: 0 Debatten, 0 Reden, 0 Wörter
2025-09-20 19:56:05,102 - database_manager - INFO - Verarbeite Datei 2495/2945: debates2020-10-12c.xml
2025-09-20 19:56:05,102 - database_manager - INFO - Parse debates XML-Datei: debates2020-10-12c.xml
2025-09-20 19:56:05,103 - database_manager - INFO - Debates XML erfolgreich geparst: 0 Debatten, 0 Reden, 0 Wörter
2025-09-20 19:56:05,103 - database_manager - INFO - Verarbeite Datei 2496/2945: debates2013-02-27a.xml
2025-09-20 19:56:05,104 - database_manager - INFO - Parse debates XML-Datei: debates2013-02-27a.xml
2025-09-20 19:56:05,104 - database_manager - INFO - Debates XML erfolgreich geparst: 0 Debatten, 0 Reden, 0 Wörter
2025-09-20 19:56:05,105 - database_manager - INFO - Verarbeite Datei 2497/2945: debates2020-09-24b.xml
2025-09-20 19:56:05,105 - database_manager - INFO - Parse debates XML-Datei: debates2020-09-24b.xml
2025-09-20 19:56:05,105 - database_manager - INFO - Debates XML erfolgreich geparst: 0 Debatten, 0 Reden, 0 Wörter
2025-09-20 19:56:05,105 - database_manager - INFO - Verarbeite Datei 2498/2945: debates2019-07-03b.xml
2025-09-20 19:56:05,105 - database_manager - INFO - Parse debates XML-Datei: debates2019-07-03b.xml
2025-09-20 19:56:05,121 - database_manager - INFO - Debates XML erfolgreich geparst: 11 Debatten, 401 Reden, 65336 Wörter
2025-09-20 19:56:05,122 - database_manager - INFO - Verarbeite Datei 2499/2945: debates2014-07-15a.xml
2025-09-20 19:56:05,122 - database_manager - INFO - Parse debates XML-Datei: debates2014-07-15a.xml
2025-09-20 19:56:05,143 - database_manager - INFO - Debates XML erfolgreich geparst: 50 Debatten, 557 Reden, 77803 Wörter
2025-09-20 19:56:05,144 - database_manager - INFO - Verarbeite Datei 2500/2945: debates2014-04-09b.xml
2025-09-20 19:56:05,144 - database_manager - INFO - Parse debates XML-Datei: debates2014-04-09b.xml
2025-09-20 19:56:05,145 - database_manager - INFO - Debates XML erfolgreich geparst: 0 Debatten, 0 Reden, 0 Wörter
2025-09-20 19:56:05,145 - database_manager - INFO - Verarbeite Datei 2501/2945: debates2016-10-21a.xml
2025-09-20 19:56:05,145 - database_manager - INFO - Parse debates XML-Datei: debates2016-10-21a.xml
2025-09-20 19:56:05,145 - database_manager - INFO - Debates XML erfolgreich geparst: 0 Debatten, 0 Reden, 0 Wörter
2025-09-20 19:56:05,145 - database_manager - INFO - Verarbeite Datei 2502/2945: debates2014-04-09c.xml
2025-09-20 19:56:05,145 - database_manager - INFO - Parse debates XML-Datei: debates2014-04-09c.xml
2025-09-20 19:56:05,146 - database_manager - INFO - Debates XML erfolgreich geparst: 0 Debatten, 0 Reden, 0 Wörter
2025-09-20 19:56:05,146 - database_manager - INFO - Verarbeite Datei 2503/2945: debates2020-10-12b.xml
2025-09-20 19:56:05,146 - database_manager - INFO - Parse debates XML-Datei: debates2020-10-12b.xml
2025-09-20 19:56:05,148 - database_manager - INFO - Debates XML erfolgreich geparst: 0 Debatten, 0 Reden, 0 Wörter
2025-09-20 19:56:05,148 - database_manager - INFO - Verarbeite Datei 2504/2945: debates2013-06-13b.xml
2025-09-20 19:56:05,148 - database_manager - INFO - Parse debates XML-Datei: debates2013-06-13b.xml
2025-09-20 19:56:05,166 - database_manager - INFO - Debates XML erfolgreich geparst: 20 Debatten, 461 Reden, 61138 Wörter
2025-09-20 19:56:05,166 - database_manager - INFO - Verarbeite Datei 2505/2945: debates2016-06-28b.xml
2025-09-20 19:56:05,166 - database_manager - INFO - Parse debates XML-Datei: debates2016-06-28b.xml
2025-09-20 19:56:05,184 - database_manager - INFO - Debates XML erfolgreich geparst: 47 Debatten, 300 Reden, 64332 Wörter
2025-09-20 19:56:05,185 - database_manager - INFO - Verarbeite Datei 2506/2945: debates2020-09-24c.xml
2025-09-20 19:56:05,185 - database_manager - INFO - Parse debates XML-Datei: debates2020-09-24c.xml
2025-09-20 19:56:05,186 - database_manager - INFO - Debates XML erfolgreich geparst: 0 Debatten, 0 Reden, 0 Wörter
2025-09-20 19:56:05,186 - database_manager - INFO - Verarbeite Datei 2507/2945: debates2021-04-15b.xml
2025-09-20 19:56:05,186 - database_manager - INFO - Parse debates XML-Datei: debates2021-04-15b.xml
2025-09-20 19:56:05,190 - database_manager - INFO - Debates XML erfolgreich geparst: 0 Debatten, 0 Reden, 0 Wörter
2025-09-20 19:56:05,191 - database_manager - INFO - Verarbeite Datei 2508/2945: debates2012-11-08a.xml
2025-09-20 19:56:05,191 - database_manager - INFO - Parse debates XML-Datei: debates2012-11-08a.xml
2025-09-20 19:56:05,933 - database_manager - INFO - Debates XML erfolgreich geparst: 22 Debatten, 439 Reden, 60954 Wörter
2025-09-20 19:56:05,934 - database_manager - INFO - Verarbeite Datei 2509/2945: debates2017-10-12b.xml
2025-09-20 19:56:05,935 - database_manager - INFO - Parse debates XML-Datei: debates2017-10-12b.xml
2025-09-20 19:56:05,958 - database_manager - INFO - Debates XML erfolgreich geparst: 18 Debatten, 526 Reden, 64798 Wörter
2025-09-20 19:56:05,976 - database_manager - INFO - Verarbeite Datei 2510/2945: debates2020-03-02b.xml
2025-09-20 19:56:05,980 - database_manager - INFO - Parse debates XML-Datei: debates2020-03-02b.xml
2025-09-20 19:56:05,988 - database_manager - INFO - Debates XML erfolgreich geparst: 0 Debatten, 0 Reden, 0 Wörter
2025-09-20 19:56:05,988 - database_manager - INFO - Verarbeite Datei 2511/2945: debates2020-09-29d.xml
2025-09-20 19:56:05,988 - database_manager - INFO - Parse debates XML-Datei: debates2020-09-29d.xml
2025-09-20 19:56:06,011 - database_manager - INFO - Debates XML erfolgreich geparst: 47 Debatten, 511 Reden, 74005 Wörter
2025-09-20 19:56:06,011 - database_manager - INFO - Verarbeite Datei 2512/2945: debates2020-06-17c.xml
2025-09-20 19:56:06,011 - database_manager - INFO - Parse debates XML-Datei: debates2020-06-17c.xml
2025-09-20 19:56:06,013 - database_manager - INFO - Debates XML erfolgreich geparst: 0 Debatten, 0 Reden, 0 Wörter
2025-09-20 19:56:06,013 - database_manager - INFO - Verarbeite Datei 2513/2945: debates2013-04-22a.xml
2025-09-20 19:56:06,013 - database_manager - INFO - Parse debates XML-Datei: debates2013-04-22a.xml
2025-09-20 19:56:06,027 - database_manager - INFO - Debates XML erfolgreich geparst: 24 Debatten, 426 Reden, 49054 Wörter
2025-09-20 19:56:06,028 - database_manager - INFO - Verarbeite Datei 2514/2945: debates2016-04-19a.xml
2025-09-20 19:56:06,028 - database_manager - INFO - Parse debates XML-Datei: debates2016-04-19a.xml
2025-09-20 19:56:06,029 - database_manager - INFO - Debates XML erfolgreich geparst: 0 Debatten, 0 Reden, 0 Wörter
2025-09-20 19:56:06,029 - database_manager - INFO - Verarbeite Datei 2515/2945: debates2014-11-10a.xml
2025-09-20 19:56:06,029 - database_manager - INFO - Parse debates XML-Datei: debates2014-11-10a.xml
2025-09-20 19:56:06,030 - database_manager - INFO - Debates XML erfolgreich geparst: 0 Debatten, 0 Reden, 0 Wörter
2025-09-20 19:56:06,030 - database_manager - INFO - Verarbeite Datei 2516/2945: debates2012-10-25a.xml
2025-09-20 19:56:06,030 - database_manager - INFO - Parse debates XML-Datei: debates2012-10-25a.xml
2025-09-20 19:56:06,048 - database_manager - INFO - Debates XML erfolgreich geparst: 21 Debatten, 493 Reden, 62996 Wörter
2025-09-20 19:56:06,048 - database_manager - INFO - Verarbeite Datei 2517/2945: debates2012-12-18a.xml
2025-09-20 19:56:06,048 - database_manager - INFO - Parse debates XML-Datei: debates2012-12-18a.xml
2025-09-20 19:56:06,049 - database_manager - INFO - Debates XML erfolgreich geparst: 0 Debatten, 0 Reden, 0 Wörter
2025-09-20 19:56:06,049 - database_manager - INFO - Verarbeite Datei 2518/2945: debates2021-06-24a.xml
2025-09-20 19:56:06,049 - database_manager - INFO - Parse debates XML-Datei: debates2021-06-24a.xml
2025-09-20 19:56:06,050 - database_manager - INFO - Debates XML erfolgreich geparst: 0 Debatten, 0 Reden, 0 Wörter
2025-09-20 19:56:06,050 - database_manager - INFO - Verarbeite Datei 2519/2945: debates2021-04-19a.xml
2025-09-20 19:56:06,050 - database_manager - INFO - Parse debates XML-Datei: debates2021-04-19a.xml
2025-09-20 19:56:06,051 - database_manager - INFO - Debates XML erfolgreich geparst: 0 Debatten, 0 Reden, 0 Wörter
2025-09-20 19:56:06,051 - database_manager - INFO - Verarbeite Datei 2520/2945: debates2021-07-05b.xml
2025-09-20 19:56:06,051 - database_manager - INFO - Parse debates XML-Datei: debates2021-07-05b.xml
2025-09-20 19:56:06,052 - database_manager - INFO - Debates XML erfolgreich geparst: 0 Debatten, 0 Reden, 0 Wörter
2025-09-20 19:56:06,052 - database_manager - INFO - Verarbeite Datei 2521/2945: debates2018-05-01b.xml
2025-09-20 19:56:06,052 - database_manager - INFO - Parse debates XML-Datei: debates2018-05-01b.xml
2025-09-20 19:56:06,071 - database_manager - INFO - Debates XML erfolgreich geparst: 50 Debatten, 496 Reden, 66020 Wörter
2025-09-20 19:56:06,072 - database_manager - INFO - Verarbeite Datei 2522/2945: debates2021-02-10c.xml
2025-09-20 19:56:06,072 - database_manager - INFO - Parse debates XML-Datei: debates2021-02-10c.xml
2025-09-20 19:56:06,088 - database_manager - INFO - Debates XML erfolgreich geparst: 15 Debatten, 262 Reden, 66148 Wörter
2025-09-20 19:56:06,089 - database_manager - INFO - Verarbeite Datei 2523/2945: debates2017-02-23a.xml
2025-09-20 19:56:06,089 - database_manager - INFO - Parse debates XML-Datei: debates2017-02-23a.xml
2025-09-20 19:56:06,090 - database_manager - INFO - Debates XML erfolgreich geparst: 0 Debatten, 0 Reden, 0 Wörter
2025-09-20 19:56:06,090 - database_manager - INFO - Verarbeite Datei 2524/2945: debates2019-07-23a.xml
2025-09-20 19:56:06,090 - database_manager - INFO - Parse debates XML-Datei: debates2019-07-23a.xml
2025-09-20 19:56:06,099 - database_manager - INFO - Debates XML erfolgreich geparst: 23 Debatten, 297 Reden, 41956 Wörter
2025-09-20 19:56:06,099 - database_manager - INFO - Verarbeite Datei 2525/2945: debates2014-04-29a.xml
2025-09-20 19:56:06,099 - database_manager - INFO - Parse debates XML-Datei: debates2014-04-29a.xml
2025-09-20 19:56:06,101 - database_manager - INFO - Debates XML erfolgreich geparst: 0 Debatten, 0 Reden, 0 Wörter
2025-09-20 19:56:06,101 - database_manager - INFO - Verarbeite Datei 2526/2945: debates2013-03-26a.xml
2025-09-20 19:56:06,101 - database_manager - INFO - Parse debates XML-Datei: debates2013-03-26a.xml
2025-09-20 19:56:06,102 - database_manager - INFO - Debates XML erfolgreich geparst: 0 Debatten, 0 Reden, 0 Wörter
2025-09-20 19:56:06,102 - database_manager - INFO - Verarbeite Datei 2527/2945: debates2016-01-20a.xml
2025-09-20 19:56:06,102 - database_manager - INFO - Parse debates XML-Datei: debates2016-01-20a.xml
2025-09-20 19:56:06,102 - database_manager - INFO - Debates XML erfolgreich geparst: 5 Debatten, 0 Reden, 0 Wörter
2025-09-20 19:56:06,102 - database_manager - INFO - Verarbeite Datei 2528/2945: debates2021-01-20a.xml
2025-09-20 19:56:06,102 - database_manager - INFO - Parse debates XML-Datei: debates2021-01-20a.xml
2025-09-20 19:56:06,104 - database_manager - INFO - Debates XML erfolgreich geparst: 0 Debatten, 0 Reden, 0 Wörter
2025-09-20 19:56:06,105 - database_manager - INFO - Verarbeite Datei 2529/2945: debates2018-02-05b.xml
2025-09-20 19:56:06,105 - database_manager - INFO - Parse debates XML-Datei: debates2018-02-05b.xml
2025-09-20 19:56:06,106 - database_manager - INFO - Debates XML erfolgreich geparst: 0 Debatten, 0 Reden, 0 Wörter
2025-09-20 19:56:06,106 - database_manager - INFO - Verarbeite Datei 2530/2945: debates2018-01-19a.xml
2025-09-20 19:56:06,106 - database_manager - INFO - Parse debates XML-Datei: debates2018-01-19a.xml
2025-09-20 19:56:06,113 - database_manager - INFO - Debates XML erfolgreich geparst: 3 Debatten, 117 Reden, 25426 Wörter
2025-09-20 19:56:06,113 - database_manager - INFO - Verarbeite Datei 2531/2945: debates2017-01-13c.xml
2025-09-20 19:56:06,113 - database_manager - INFO - Parse debates XML-Datei: debates2017-01-13c.xml
2025-09-20 19:56:06,122 - database_manager - INFO - Debates XML erfolgreich geparst: 3 Debatten, 190 Reden, 40095 Wörter
2025-09-20 19:56:06,123 - database_manager - INFO - Verarbeite Datei 2532/2945: debates2018-11-19a.xml
2025-09-20 19:56:06,123 - database_manager - INFO - Parse debates XML-Datei: debates2018-11-19a.xml
2025-09-20 19:56:06,124 - database_manager - INFO - Debates XML erfolgreich geparst: 0 Debatten, 0 Reden, 0 Wörter
2025-09-20 19:56:06,124 - database_manager - INFO - Verarbeite Datei 2533/2945: debates2018-12-05b.xml
2025-09-20 19:56:06,124 - database_manager - INFO - Parse debates XML-Datei: debates2018-12-05b.xml
2025-09-20 19:56:06,144 - database_manager - INFO - Debates XML erfolgreich geparst: 15 Debatten, 471 Reden, 83219 Wörter
2025-09-20 19:56:06,145 - database_manager - INFO - Verarbeite Datei 2534/2945: debates2020-07-16b.xml
2025-09-20 19:56:06,145 - database_manager - INFO - Parse debates XML-Datei: debates2020-07-16b.xml
2025-09-20 19:56:06,146 - database_manager - INFO - Debates XML erfolgreich geparst: 0 Debatten, 0 Reden, 0 Wörter
2025-09-20 19:56:06,146 - database_manager - INFO - Verarbeite Datei 2535/2945: debates2020-09-09f.xml
2025-09-20 19:56:06,146 - database_manager - INFO - Parse debates XML-Datei: debates2020-09-09f.xml
2025-09-20 19:56:06,164 - database_manager - INFO - Debates XML erfolgreich geparst: 13 Debatten, 443 Reden, 65949 Wörter
2025-09-20 19:56:06,165 - database_manager - INFO - Verarbeite Datei 2536/2945: debates2014-06-18b.xml
2025-09-20 19:56:06,165 - database_manager - INFO - Parse debates XML-Datei: debates2014-06-18b.xml
2025-09-20 19:56:06,189 - database_manager - INFO - Debates XML erfolgreich geparst: 15 Debatten, 506 Reden, 63089 Wörter
2025-09-20 19:56:06,189 - database_manager - INFO - Verarbeite Datei 2537/2945: debates2020-02-03c.xml
2025-09-20 19:56:06,189 - database_manager - INFO - Parse debates XML-Datei: debates2020-02-03c.xml
2025-09-20 19:56:06,191 - database_manager - INFO - Debates XML erfolgreich geparst: 0 Debatten, 0 Reden, 0 Wörter
2025-09-20 19:56:06,191 - database_manager - INFO - Verarbeite Datei 2538/2945: debates2020-09-08b.xml
2025-09-20 19:56:06,191 - database_manager - INFO - Parse debates XML-Datei: debates2020-09-08b.xml
2025-09-20 19:56:06,192 - database_manager - INFO - Debates XML erfolgreich geparst: 0 Debatten, 0 Reden, 0 Wörter
2025-09-20 19:56:06,192 - database_manager - INFO - Verarbeite Datei 2539/2945: debates2019-10-07c.xml
2025-09-20 19:56:06,192 - database_manager - INFO - Parse debates XML-Datei: debates2019-10-07c.xml
2025-09-20 19:56:06,212 - database_manager - INFO - Debates XML erfolgreich geparst: 29 Debatten, 613 Reden, 56359 Wörter
2025-09-20 19:56:06,212 - database_manager - INFO - Verarbeite Datei 2540/2945: debates2020-12-03c.xml
2025-09-20 19:56:06,212 - database_manager - INFO - Parse debates XML-Datei: debates2020-12-03c.xml
2025-09-20 19:56:06,213 - database_manager - INFO - Debates XML erfolgreich geparst: 0 Debatten, 0 Reden, 0 Wörter
2025-09-20 19:56:06,213 - database_manager - INFO - Verarbeite Datei 2541/2945: debates2016-03-11b.xml
2025-09-20 19:56:06,213 - database_manager - INFO - Parse debates XML-Datei: debates2016-03-11b.xml
2025-09-20 19:56:06,227 - database_manager - INFO - Debates XML erfolgreich geparst: 2 Debatten, 376 Reden, 40209 Wörter
2025-09-20 19:56:06,227 - database_manager - INFO - Verarbeite Datei 2542/2945: debates2021-03-11b.xml
2025-09-20 19:56:06,227 - database_manager - INFO - Parse debates XML-Datei: debates2021-03-11b.xml
2025-09-20 19:56:06,243 - database_manager - INFO - Debates XML erfolgreich geparst: 19 Debatten, 351 Reden, 65153 Wörter
2025-09-20 19:56:06,244 - database_manager - INFO - Verarbeite Datei 2543/2945: debates2018-03-28b.xml
2025-09-20 19:56:06,244 - database_manager - INFO - Parse debates XML-Datei: debates2018-03-28b.xml
2025-09-20 19:56:06,245 - database_manager - INFO - Debates XML erfolgreich geparst: 0 Debatten, 0 Reden, 0 Wörter
2025-09-20 19:56:06,245 - database_manager - INFO - Verarbeite Datei 2544/2945: debates2018-01-15b.xml
2025-09-20 19:56:06,245 - database_manager - INFO - Parse debates XML-Datei: debates2018-01-15b.xml
2025-09-20 19:56:06,262 - database_manager - INFO - Debates XML erfolgreich geparst: 20 Debatten, 479 Reden, 55258 Wörter
2025-09-20 19:56:06,262 - database_manager - INFO - Verarbeite Datei 2545/2945: debates2012-05-10b.xml
2025-09-20 19:56:06,262 - database_manager - INFO - Parse debates XML-Datei: debates2012-05-10b.xml
2025-09-20 19:56:06,282 - database_manager - INFO - Debates XML erfolgreich geparst: 13 Debatten, 331 Reden, 65329 Wörter
2025-09-20 19:56:06,282 - database_manager - INFO - Verarbeite Datei 2546/2945: debates2021-05-19d.xml
2025-09-20 19:56:06,282 - database_manager - INFO - Parse debates XML-Datei: debates2021-05-19d.xml
2025-09-20 19:56:06,300 - database_manager - INFO - Debates XML erfolgreich geparst: 13 Debatten, 367 Reden, 67369 Wörter
2025-09-20 19:56:06,301 - database_manager - INFO - Verarbeite Datei 2547/2945: debates2015-11-03a.xml
2025-09-20 19:56:06,301 - database_manager - INFO - Parse debates XML-Datei: debates2015-11-03a.xml
2025-09-20 19:56:06,302 - database_manager - INFO - Debates XML erfolgreich geparst: 0 Debatten, 0 Reden, 0 Wörter
2025-09-20 19:56:06,302 - database_manager - INFO - Verarbeite Datei 2548/2945: debates2015-10-22b.xml
2025-09-20 19:56:06,302 - database_manager - INFO - Parse debates XML-Datei: debates2015-10-22b.xml
2025-09-20 19:56:06,328 - database_manager - INFO - Debates XML erfolgreich geparst: 20 Debatten, 642 Reden, 65367 Wörter
2025-09-20 19:56:06,329 - database_manager - INFO - Verarbeite Datei 2549/2945: debates2020-11-05c.xml
2025-09-20 19:56:06,329 - database_manager - INFO - Parse debates XML-Datei: debates2020-11-05c.xml
2025-09-20 19:56:06,347 - database_manager - INFO - Debates XML erfolgreich geparst: 19 Debatten, 483 Reden, 62870 Wörter
2025-09-20 19:56:06,361 - database_manager - INFO - Verarbeite Datei 2550/2945: debates2013-02-11b.xml
2025-09-20 19:56:06,361 - database_manager - INFO - Parse debates XML-Datei: debates2013-02-11b.xml
2025-09-20 19:56:06,386 - database_manager - INFO - Debates XML erfolgreich geparst: 22 Debatten, 673 Reden, 64790 Wörter
2025-09-20 19:56:06,386 - database_manager - INFO - Verarbeite Datei 2551/2945: debates2019-04-29b.xml
2025-09-20 19:56:06,386 - database_manager - INFO - Parse debates XML-Datei: debates2019-04-29b.xml
2025-09-20 19:56:06,387 - database_manager - INFO - Debates XML erfolgreich geparst: 0 Debatten, 0 Reden, 0 Wörter
2025-09-20 19:56:06,387 - database_manager - INFO - Verarbeite Datei 2552/2945: debates2019-05-08a.xml
2025-09-20 19:56:06,387 - database_manager - INFO - Parse debates XML-Datei: debates2019-05-08a.xml
2025-09-20 19:56:06,399 - database_manager - INFO - Debates XML erfolgreich geparst: 14 Debatten, 390 Reden, 47530 Wörter
2025-09-20 19:56:06,400 - database_manager - INFO - Verarbeite Datei 2553/2945: debates2021-09-21c.xml
2025-09-20 19:56:06,400 - database_manager - INFO - Parse debates XML-Datei: debates2021-09-21c.xml
2025-09-20 19:56:06,418 - database_manager - INFO - Debates XML erfolgreich geparst: 12 Debatten, 410 Reden, 64772 Wörter
2025-09-20 19:56:06,419 - database_manager - INFO - Verarbeite Datei 2554/2945: debates2015-02-05a.xml
2025-09-20 19:56:06,419 - database_manager - INFO - Parse debates XML-Datei: debates2015-02-05a.xml
2025-09-20 19:56:06,435 - database_manager - INFO - Debates XML erfolgreich geparst: 14 Debatten, 386 Reden, 63634 Wörter
2025-09-20 19:56:06,435 - database_manager - INFO - Verarbeite Datei 2555/2945: debates2017-09-12a.xml
2025-09-20 19:56:06,435 - database_manager - INFO - Parse debates XML-Datei: debates2017-09-12a.xml
2025-09-20 19:56:06,462 - database_manager - INFO - Debates XML erfolgreich geparst: 18 Debatten, 702 Reden, 90191 Wörter
2025-09-20 19:56:06,466 - database_manager - INFO - Verarbeite Datei 2556/2945: debates2016-03-07b.xml
2025-09-20 19:56:06,466 - database_manager - INFO - Parse debates XML-Datei: debates2016-03-07b.xml
2025-09-20 19:56:06,482 - database_manager - INFO - Debates XML erfolgreich geparst: 17 Debatten, 379 Reden, 54318 Wörter
2025-09-20 19:56:06,484 - database_manager - INFO - Verarbeite Datei 2557/2945: debates2016-02-26a.xml
2025-09-20 19:56:06,484 - database_manager - INFO - Parse debates XML-Datei: debates2016-02-26a.xml
2025-09-20 19:56:06,489 - database_manager - INFO - Debates XML erfolgreich geparst: 0 Debatten, 0 Reden, 0 Wörter
2025-09-20 19:56:06,489 - database_manager - INFO - Verarbeite Datei 2558/2945: debates2020-01-08d.xml
2025-09-20 19:56:06,489 - database_manager - INFO - Parse debates XML-Datei: debates2020-01-08d.xml
2025-09-20 19:56:06,513 - database_manager - INFO - Debates XML erfolgreich geparst: 37 Debatten, 484 Reden, 86637 Wörter
2025-09-20 19:56:06,514 - database_manager - INFO - Verarbeite Datei 2559/2945: debates2019-06-18a.xml
2025-09-20 19:56:06,514 - database_manager - INFO - Parse debates XML-Datei: debates2019-06-18a.xml
2025-09-20 19:56:06,515 - database_manager - INFO - Debates XML erfolgreich geparst: 0 Debatten, 0 Reden, 0 Wörter
2025-09-20 19:56:06,515 - database_manager - INFO - Verarbeite Datei 2560/2945: debates2019-04-25a.xml
2025-09-20 19:56:06,515 - database_manager - INFO - Parse debates XML-Datei: debates2019-04-25a.xml
2025-09-20 19:56:06,516 - database_manager - INFO - Debates XML erfolgreich geparst: 0 Debatten, 0 Reden, 0 Wörter
2025-09-20 19:56:06,516 - database_manager - INFO - Verarbeite Datei 2561/2945: debates2014-05-12a.xml
2025-09-20 19:56:06,516 - database_manager - INFO - Parse debates XML-Datei: debates2014-05-12a.xml
2025-09-20 19:56:06,517 - database_manager - INFO - Debates XML erfolgreich geparst: 0 Debatten, 0 Reden, 0 Wörter
2025-09-20 19:56:06,517 - database_manager - INFO - Verarbeite Datei 2562/2945: debates2018-10-22a.xml
2025-09-20 19:56:06,517 - database_manager - INFO - Parse debates XML-Datei: debates2018-10-22a.xml
2025-09-20 19:56:06,518 - database_manager - INFO - Debates XML erfolgreich geparst: 0 Debatten, 0 Reden, 0 Wörter
2025-09-20 19:56:06,518 - database_manager - INFO - Verarbeite Datei 2563/2945: debates2017-06-21a.xml
2025-09-20 19:56:06,518 - database_manager - INFO - Parse debates XML-Datei: debates2017-06-21a.xml
2025-09-20 19:56:06,534 - database_manager - INFO - Debates XML erfolgreich geparst: 5 Debatten, 283 Reden, 68318 Wörter
2025-09-20 19:56:06,534 - database_manager - INFO - Verarbeite Datei 2564/2945: debates2015-12-09b.xml
2025-09-20 19:56:06,534 - database_manager - INFO - Parse debates XML-Datei: debates2015-12-09b.xml
2025-09-20 19:56:06,552 - database_manager - INFO - Debates XML erfolgreich geparst: 18 Debatten, 469 Reden, 63164 Wörter
2025-09-20 19:56:06,552 - database_manager - INFO - Verarbeite Datei 2565/2945: debates2015-01-15a.xml
2025-09-20 19:56:06,553 - database_manager - INFO - Parse debates XML-Datei: debates2015-01-15a.xml
2025-09-20 19:56:06,553 - database_manager - INFO - Debates XML erfolgreich geparst: 0 Debatten, 0 Reden, 0 Wörter
2025-09-20 19:56:06,554 - database_manager - INFO - Verarbeite Datei 2566/2945: debates2015-02-09b.xml
2025-09-20 19:56:06,554 - database_manager - INFO - Parse debates XML-Datei: debates2015-02-09b.xml
2025-09-20 19:56:06,554 - database_manager - INFO - Debates XML erfolgreich geparst: 0 Debatten, 0 Reden, 0 Wörter
2025-09-20 19:56:06,554 - database_manager - INFO - Verarbeite Datei 2567/2945: debates2019-04-08d.xml
2025-09-20 19:56:06,554 - database_manager - INFO - Parse debates XML-Datei: debates2019-04-08d.xml
2025-09-20 19:56:06,576 - database_manager - INFO - Debates XML erfolgreich geparst: 21 Debatten, 637 Reden, 65392 Wörter
2025-09-20 19:56:06,577 - database_manager - INFO - Verarbeite Datei 2568/2945: debates2014-12-16a.xml
2025-09-20 19:56:06,583 - database_manager - INFO - Parse debates XML-Datei: debates2014-12-16a.xml
2025-09-20 19:56:06,610 - database_manager - INFO - Debates XML erfolgreich geparst: 36 Debatten, 463 Reden, 62218 Wörter
2025-09-20 19:56:06,611 - database_manager - INFO - Verarbeite Datei 2569/2945: debates2013-06-05b.xml
2025-09-20 19:56:06,611 - database_manager - INFO - Parse debates XML-Datei: debates2013-06-05b.xml
2025-09-20 19:56:06,632 - database_manager - INFO - Debates XML erfolgreich geparst: 13 Debatten, 493 Reden, 61973 Wörter
2025-09-20 19:56:06,633 - database_manager - INFO - Verarbeite Datei 2570/2945: debates2020-11-25a.xml
2025-09-20 19:56:06,633 - database_manager - INFO - Parse debates XML-Datei: debates2020-11-25a.xml
2025-09-20 19:56:06,634 - database_manager - INFO - Debates XML erfolgreich geparst: 0 Debatten, 0 Reden, 0 Wörter
2025-09-20 19:56:06,634 - database_manager - INFO - Verarbeite Datei 2571/2945: debates2019-03-21a.xml
2025-09-20 19:56:06,634 - database_manager - INFO - Parse debates XML-Datei: debates2019-03-21a.xml
2025-09-20 19:56:06,650 - database_manager - INFO - Debates XML erfolgreich geparst: 19 Debatten, 465 Reden, 65123 Wörter
2025-09-20 19:56:06,650 - database_manager - INFO - Verarbeite Datei 2572/2945: debates2020-03-18a.xml
2025-09-20 19:56:06,650 - database_manager - INFO - Parse debates XML-Datei: debates2020-03-18a.xml
2025-09-20 19:56:06,669 - database_manager - INFO - Debates XML erfolgreich geparst: 18 Debatten, 422 Reden, 66194 Wörter
2025-09-20 19:56:06,671 - database_manager - INFO - Verarbeite Datei 2573/2945: debates2017-01-25a.xml
2025-09-20 19:56:06,671 - database_manager - INFO - Parse debates XML-Datei: debates2017-01-25a.xml
2025-09-20 19:56:06,672 - database_manager - INFO - Debates XML erfolgreich geparst: 0 Debatten, 0 Reden, 0 Wörter
2025-09-20 19:56:06,672 - database_manager - INFO - Verarbeite Datei 2574/2945: debates2021-11-16c.xml
2025-09-20 19:56:06,672 - database_manager - INFO - Parse debates XML-Datei: debates2021-11-16c.xml
2025-09-20 19:56:06,672 - database_manager - INFO - Debates XML erfolgreich geparst: 0 Debatten, 0 Reden, 0 Wörter
2025-09-20 19:56:06,673 - database_manager - INFO - Verarbeite Datei 2575/2945: debates2012-03-23a.xml
2025-09-20 19:56:06,673 - database_manager - INFO - Parse debates XML-Datei: debates2012-03-23a.xml
2025-09-20 19:56:06,674 - database_manager - INFO - Debates XML erfolgreich geparst: 0 Debatten, 0 Reden, 0 Wörter
2025-09-20 19:56:06,674 - database_manager - INFO - Verarbeite Datei 2576/2945: debates2018-06-07b.xml
2025-09-20 19:56:06,674 - database_manager - INFO - Parse debates XML-Datei: debates2018-06-07b.xml
2025-09-20 19:56:06,678 - database_manager - INFO - Debates XML erfolgreich geparst: 0 Debatten, 0 Reden, 0 Wörter
2025-09-20 19:56:06,682 - database_manager - INFO - Verarbeite Datei 2577/2945: debates2015-06-11a.xml
2025-09-20 19:56:06,682 - database_manager - INFO - Parse debates XML-Datei: debates2015-06-11a.xml
2025-09-20 19:56:06,691 - database_manager - INFO - Debates XML erfolgreich geparst: 0 Debatten, 0 Reden, 0 Wörter
2025-09-20 19:56:06,698 - database_manager - INFO - Verarbeite Datei 2578/2945: debates2018-03-12c.xml
2025-09-20 19:56:06,698 - database_manager - INFO - Parse debates XML-Datei: debates2018-03-12c.xml
2025-09-20 19:56:06,717 - database_manager - INFO - Debates XML erfolgreich geparst: 21 Debatten, 638 Reden, 59346 Wörter
2025-09-20 19:56:06,718 - database_manager - INFO - Verarbeite Datei 2579/2945: debates2014-11-06a.xml
2025-09-20 19:56:06,718 - database_manager - INFO - Parse debates XML-Datei: debates2014-11-06a.xml
2025-09-20 19:56:06,719 - database_manager - INFO - Debates XML erfolgreich geparst: 0 Debatten, 0 Reden, 0 Wörter
2025-09-20 19:56:06,719 - database_manager - INFO - Verarbeite Datei 2580/2945: debates2016-07-13b.xml
2025-09-20 19:56:06,719 - database_manager - INFO - Parse debates XML-Datei: debates2016-07-13b.xml
2025-09-20 19:56:06,733 - database_manager - INFO - Debates XML erfolgreich geparst: 16 Debatten, 337 Reden, 60858 Wörter
2025-09-20 19:56:06,734 - database_manager - INFO - Verarbeite Datei 2581/2945: debates2014-10-27b.xml
2025-09-20 19:56:06,734 - database_manager - INFO - Parse debates XML-Datei: debates2014-10-27b.xml
2025-09-20 19:56:06,759 - database_manager - INFO - Debates XML erfolgreich geparst: 23 Debatten, 734 Reden, 67659 Wörter
2025-09-20 19:56:06,759 - database_manager - INFO - Verarbeite Datei 2582/2945: debates2019-10-31a.xml
2025-09-20 19:56:06,759 - database_manager - INFO - Parse debates XML-Datei: debates2019-10-31a.xml
2025-09-20 19:56:06,774 - database_manager - INFO - Debates XML erfolgreich geparst: 29 Debatten, 386 Reden, 60538 Wörter
2025-09-20 19:56:06,774 - database_manager - INFO - Verarbeite Datei 2583/2945: debates2020-10-08a.xml
2025-09-20 19:56:06,774 - database_manager - INFO - Parse debates XML-Datei: debates2020-10-08a.xml
2025-09-20 19:56:06,775 - database_manager - INFO - Debates XML erfolgreich geparst: 0 Debatten, 0 Reden, 0 Wörter
2025-09-20 19:56:06,775 - database_manager - INFO - Verarbeite Datei 2584/2945: debates2013-05-15b.xml
2025-09-20 19:56:06,775 - database_manager - INFO - Parse debates XML-Datei: debates2013-05-15b.xml
2025-09-20 19:56:06,796 - database_manager - INFO - Debates XML erfolgreich geparst: 16 Debatten, 525 Reden, 65808 Wörter
2025-09-20 19:56:06,798 - database_manager - INFO - Verarbeite Datei 2585/2945: debates2020-07-21d.xml
2025-09-20 19:56:06,803 - database_manager - INFO - Parse debates XML-Datei: debates2020-07-21d.xml
2025-09-20 19:56:06,804 - database_manager - INFO - Debates XML erfolgreich geparst: 0 Debatten, 0 Reden, 0 Wörter
2025-09-20 19:56:06,811 - database_manager - INFO - Verarbeite Datei 2586/2945: debates2019-01-10b.xml
2025-09-20 19:56:06,811 - database_manager - INFO - Parse debates XML-Datei: debates2019-01-10b.xml
2025-09-20 19:56:06,822 - database_manager - INFO - Debates XML erfolgreich geparst: 0 Debatten, 0 Reden, 0 Wörter
2025-09-20 19:56:06,822 - database_manager - INFO - Verarbeite Datei 2587/2945: debates2014-01-06a.xml
2025-09-20 19:56:06,822 - database_manager - INFO - Parse debates XML-Datei: debates2014-01-06a.xml
2025-09-20 19:56:06,841 - database_manager - INFO - Debates XML erfolgreich geparst: 33 Debatten, 439 Reden, 65907 Wörter
2025-09-20 19:56:06,842 - database_manager - INFO - Verarbeite Datei 2588/2945: debates2020-01-29b.xml
2025-09-20 19:56:06,842 - database_manager - INFO - Parse debates XML-Datei: debates2020-01-29b.xml
2025-09-20 19:56:06,844 - database_manager - INFO - Debates XML erfolgreich geparst: 0 Debatten, 0 Reden, 0 Wörter
2025-09-20 19:56:06,844 - database_manager - INFO - Verarbeite Datei 2589/2945: debates2021-12-06c.xml
2025-09-20 19:56:06,844 - database_manager - INFO - Parse debates XML-Datei: debates2021-12-06c.xml
2025-09-20 19:56:06,866 - database_manager - INFO - Debates XML erfolgreich geparst: 23 Debatten, 612 Reden, 73402 Wörter
2025-09-20 19:56:06,867 - database_manager - INFO - Verarbeite Datei 2590/2945: debates2017-03-14b.xml
2025-09-20 19:56:06,867 - database_manager - INFO - Parse debates XML-Datei: debates2017-03-14b.xml
2025-09-20 19:56:06,894 - database_manager - INFO - Debates XML erfolgreich geparst: 39 Debatten, 576 Reden, 100652 Wörter
2025-09-20 19:56:06,894 - database_manager - INFO - Verarbeite Datei 2591/2945: debates2012-01-12b.xml
2025-09-20 19:56:06,895 - database_manager - INFO - Parse debates XML-Datei: debates2012-01-12b.xml
2025-09-20 19:56:06,921 - database_manager - INFO - Debates XML erfolgreich geparst: 22 Debatten, 569 Reden, 65193 Wörter
2025-09-20 19:56:06,921 - database_manager - INFO - Verarbeite Datei 2592/2945: debates2017-11-29b.xml
2025-09-20 19:56:06,921 - database_manager - INFO - Parse debates XML-Datei: debates2017-11-29b.xml
2025-09-20 19:56:06,922 - database_manager - INFO - Debates XML erfolgreich geparst: 0 Debatten, 0 Reden, 0 Wörter
2025-09-20 19:56:06,922 - database_manager - INFO - Verarbeite Datei 2593/2945: debates2021-07-13b.xml
2025-09-20 19:56:06,922 - database_manager - INFO - Parse debates XML-Datei: debates2021-07-13b.xml
2025-09-20 19:56:06,923 - database_manager - INFO - Debates XML erfolgreich geparst: 0 Debatten, 0 Reden, 0 Wörter
2025-09-20 19:56:06,923 - database_manager - INFO - Verarbeite Datei 2594/2945: debates2016-07-12b.xml
2025-09-20 19:56:06,923 - database_manager - INFO - Parse debates XML-Datei: debates2016-07-12b.xml
2025-09-20 19:56:06,937 - database_manager - INFO - Debates XML erfolgreich geparst: 19 Debatten, 406 Reden, 54120 Wörter
2025-09-20 19:56:06,938 - database_manager - INFO - Verarbeite Datei 2595/2945: debates2014-11-07a.xml
2025-09-20 19:56:06,938 - database_manager - INFO - Parse debates XML-Datei: debates2014-11-07a.xml
2025-09-20 19:56:06,947 - database_manager - INFO - Debates XML erfolgreich geparst: 7 Debatten, 112 Reden, 39881 Wörter
2025-09-20 19:56:06,947 - database_manager - INFO - Verarbeite Datei 2596/2945: debates2019-10-30a.xml
2025-09-20 19:56:06,947 - database_manager - INFO - Parse debates XML-Datei: debates2019-10-30a.xml
2025-09-20 19:56:06,965 - database_manager - INFO - Debates XML erfolgreich geparst: 12 Debatten, 444 Reden, 62295 Wörter
2025-09-20 19:56:06,966 - database_manager - INFO - Verarbeite Datei 2597/2945: debates2014-01-07a.xml
2025-09-20 19:56:06,966 - database_manager - INFO - Parse debates XML-Datei: debates2014-01-07a.xml
2025-09-20 19:56:06,967 - database_manager - INFO - Debates XML erfolgreich geparst: 0 Debatten, 0 Reden, 0 Wörter
2025-09-20 19:56:06,967 - database_manager - INFO - Verarbeite Datei 2598/2945: debates2020-01-28b.xml
2025-09-20 19:56:06,967 - database_manager - INFO - Parse debates XML-Datei: debates2020-01-28b.xml
2025-09-20 19:56:06,967 - database_manager - INFO - Debates XML erfolgreich geparst: 0 Debatten, 0 Reden, 0 Wörter
2025-09-20 19:56:06,968 - database_manager - INFO - Verarbeite Datei 2599/2945: debates2021-12-07c.xml
2025-09-20 19:56:06,968 - database_manager - INFO - Parse debates XML-Datei: debates2021-12-07c.xml
2025-09-20 19:56:06,991 - database_manager - INFO - Debates XML erfolgreich geparst: 36 Debatten, 546 Reden, 81152 Wörter
2025-09-20 19:56:06,992 - database_manager - INFO - Verarbeite Datei 2600/2945: debates2017-03-15b.xml
2025-09-20 19:56:06,992 - database_manager - INFO - Parse debates XML-Datei: debates2017-03-15b.xml
2025-09-20 19:56:06,999 - database_manager - INFO - Debates XML erfolgreich geparst: 0 Debatten, 0 Reden, 0 Wörter
2025-09-20 19:56:07,000 - database_manager - INFO - Verarbeite Datei 2601/2945: debates2017-11-28b.xml
2025-09-20 19:56:07,000 - database_manager - INFO - Parse debates XML-Datei: debates2017-11-28b.xml
2025-09-20 19:56:07,038 - database_manager - INFO - Debates XML erfolgreich geparst: 28 Debatten, 567 Reden, 74503 Wörter
2025-09-20 19:56:07,038 - database_manager - INFO - Verarbeite Datei 2602/2945: debates2017-10-09a.xml
2025-09-20 19:56:07,038 - database_manager - INFO - Parse debates XML-Datei: debates2017-10-09a.xml
2025-09-20 19:56:07,039 - database_manager - INFO - Debates XML erfolgreich geparst: 0 Debatten, 0 Reden, 0 Wörter
2025-09-20 19:56:07,039 - database_manager - INFO - Verarbeite Datei 2603/2945: debates2018-05-16b.xml
2025-09-20 19:56:07,039 - database_manager - INFO - Parse debates XML-Datei: debates2018-05-16b.xml
2025-09-20 19:56:07,062 - database_manager - INFO - Debates XML erfolgreich geparst: 9 Debatten, 526 Reden, 65961 Wörter
2025-09-20 19:56:07,062 - database_manager - INFO - Verarbeite Datei 2604/2945: debates2017-07-20d.xml
2025-09-20 19:56:07,062 - database_manager - INFO - Parse debates XML-Datei: debates2017-07-20d.xml
2025-09-20 19:56:07,078 - database_manager - INFO - Debates XML erfolgreich geparst: 19 Debatten, 430 Reden, 63465 Wörter
2025-09-20 19:56:07,078 - database_manager - INFO - Verarbeite Datei 2605/2945: debates2021-07-12b.xml
2025-09-20 19:56:07,087 - database_manager - INFO - Parse debates XML-Datei: debates2021-07-12b.xml
2025-09-20 19:56:07,088 - database_manager - INFO - Debates XML erfolgreich geparst: 0 Debatten, 0 Reden, 0 Wörter
2025-09-20 19:56:07,088 - database_manager - INFO - Verarbeite Datei 2606/2945: debates2016-05-23a.xml
2025-09-20 19:56:07,088 - database_manager - INFO - Parse debates XML-Datei: debates2016-05-23a.xml
2025-09-20 19:56:07,103 - database_manager - INFO - Debates XML erfolgreich geparst: 2 Debatten, 138 Reden, 56303 Wörter
2025-09-20 19:56:07,103 - database_manager - INFO - Verarbeite Datei 2607/2945: debates2014-12-17a.xml
2025-09-20 19:56:07,103 - database_manager - INFO - Parse debates XML-Datei: debates2014-12-17a.xml
2025-09-20 19:56:07,105 - database_manager - INFO - Debates XML erfolgreich geparst: 0 Debatten, 0 Reden, 0 Wörter
2025-09-20 19:56:07,105 - database_manager - INFO - Verarbeite Datei 2608/2945: debates2020-11-24a.xml
2025-09-20 19:56:07,105 - database_manager - INFO - Parse debates XML-Datei: debates2020-11-24a.xml
2025-09-20 19:56:07,106 - database_manager - INFO - Debates XML erfolgreich geparst: 0 Debatten, 0 Reden, 0 Wörter
2025-09-20 19:56:07,106 - database_manager - INFO - Verarbeite Datei 2609/2945: debates2020-10-05b.xml
2025-09-20 19:56:07,106 - database_manager - INFO - Parse debates XML-Datei: debates2020-10-05b.xml
2025-09-20 19:56:07,127 - database_manager - INFO - Debates XML erfolgreich geparst: 20 Debatten, 498 Reden, 60820 Wörter
2025-09-20 19:56:07,127 - database_manager - INFO - Verarbeite Datei 2610/2945: debates2013-06-04b.xml
2025-09-20 19:56:07,127 - database_manager - INFO - Parse debates XML-Datei: debates2013-06-04b.xml
2025-09-20 19:56:07,144 - database_manager - INFO - Debates XML erfolgreich geparst: 25 Debatten, 390 Reden, 59689 Wörter
2025-09-20 19:56:07,144 - database_manager - INFO - Verarbeite Datei 2611/2945: debates2019-03-20a.xml
2025-09-20 19:56:07,144 - database_manager - INFO - Parse debates XML-Datei: debates2019-03-20a.xml
2025-09-20 19:56:07,146 - database_manager - INFO - Debates XML erfolgreich geparst: 0 Debatten, 0 Reden, 0 Wörter
2025-09-20 19:56:07,146 - database_manager - INFO - Verarbeite Datei 2612/2945: debates2020-03-19a.xml
2025-09-20 19:56:07,146 - database_manager - INFO - Parse debates XML-Datei: debates2020-03-19a.xml
2025-09-20 19:56:07,163 - database_manager - INFO - Debates XML erfolgreich geparst: 20 Debatten, 490 Reden, 62673 Wörter
2025-09-20 19:56:07,164 - database_manager - INFO - Verarbeite Datei 2613/2945: debates2017-01-24a.xml
2025-09-20 19:56:07,164 - database_manager - INFO - Parse debates XML-Datei: debates2017-01-24a.xml
2025-09-20 19:56:07,165 - database_manager - INFO - Debates XML erfolgreich geparst: 0 Debatten, 0 Reden, 0 Wörter
2025-09-20 19:56:07,165 - database_manager - INFO - Verarbeite Datei 2614/2945: debates2021-11-17c.xml
2025-09-20 19:56:07,165 - database_manager - INFO - Parse debates XML-Datei: debates2021-11-17c.xml
2025-09-20 19:56:07,166 - database_manager - INFO - Debates XML erfolgreich geparst: 0 Debatten, 0 Reden, 0 Wörter
2025-09-20 19:56:07,166 - database_manager - INFO - Verarbeite Datei 2615/2945: debates2012-07-16c.xml
2025-09-20 19:56:07,166 - database_manager - INFO - Parse debates XML-Datei: debates2012-07-16c.xml
2025-09-20 19:56:07,167 - database_manager - INFO - Debates XML erfolgreich geparst: 0 Debatten, 0 Reden, 0 Wörter
2025-09-20 19:56:07,167 - database_manager - INFO - Verarbeite Datei 2616/2945: debates2012-03-22a.xml
2025-09-20 19:56:07,167 - database_manager - INFO - Parse debates XML-Datei: debates2012-03-22a.xml
2025-09-20 19:56:07,168 - database_manager - INFO - Debates XML erfolgreich geparst: 0 Debatten, 0 Reden, 0 Wörter
2025-09-20 19:56:07,168 - database_manager - INFO - Verarbeite Datei 2617/2945: debates2018-06-06b.xml
2025-09-20 19:56:07,168 - database_manager - INFO - Parse debates XML-Datei: debates2018-06-06b.xml
2025-09-20 19:56:07,186 - database_manager - INFO - Debates XML erfolgreich geparst: 12 Debatten, 421 Reden, 65156 Wörter
2025-09-20 19:56:07,186 - database_manager - INFO - Verarbeite Datei 2618/2945: debates2015-06-10a.xml
2025-09-20 19:56:07,186 - database_manager - INFO - Parse debates XML-Datei: debates2015-06-10a.xml
2025-09-20 19:56:07,187 - database_manager - INFO - Debates XML erfolgreich geparst: 0 Debatten, 0 Reden, 0 Wörter
2025-09-20 19:56:07,187 - database_manager - INFO - Verarbeite Datei 2619/2945: debates2015-02-24c.xml
2025-09-20 19:56:07,187 - database_manager - INFO - Parse debates XML-Datei: debates2015-02-24c.xml
2025-09-20 19:56:07,207 - database_manager - INFO - Debates XML erfolgreich geparst: 34 Debatten, 322 Reden, 55308 Wörter
2025-09-20 19:56:07,208 - database_manager - INFO - Verarbeite Datei 2620/2945: debates2018-03-13c.xml
2025-09-20 19:56:07,208 - database_manager - INFO - Parse debates XML-Datei: debates2018-03-13c.xml
2025-09-20 19:56:07,237 - database_manager - INFO - Debates XML erfolgreich geparst: 16 Debatten, 520 Reden, 56877 Wörter
2025-09-20 19:56:07,237 - database_manager - INFO - Verarbeite Datei 2621/2945: debates2019-09-26b.xml
2025-09-20 19:56:07,237 - database_manager - INFO - Parse debates XML-Datei: debates2019-09-26b.xml
2025-09-20 19:56:07,238 - database_manager - INFO - Debates XML erfolgreich geparst: 0 Debatten, 0 Reden, 0 Wörter
2025-09-20 19:56:07,239 - database_manager - INFO - Verarbeite Datei 2622/2945: debates2019-04-24a.xml
2025-09-20 19:56:07,239 - database_manager - INFO - Parse debates XML-Datei: debates2019-04-24a.xml
2025-09-20 19:56:07,239 - database_manager - INFO - Debates XML erfolgreich geparst: 0 Debatten, 0 Reden, 0 Wörter
2025-09-20 19:56:07,239 - database_manager - INFO - Verarbeite Datei 2623/2945: debates2019-06-19a.xml
2025-09-20 19:56:07,239 - database_manager - INFO - Parse debates XML-Datei: debates2019-06-19a.xml
2025-09-20 19:56:07,254 - database_manager - INFO - Debates XML erfolgreich geparst: 17 Debatten, 350 Reden, 48103 Wörter
2025-09-20 19:56:07,254 - database_manager - INFO - Verarbeite Datei 2624/2945: debates2014-05-13a.xml
2025-09-20 19:56:07,254 - database_manager - INFO - Parse debates XML-Datei: debates2014-05-13a.xml
2025-09-20 19:56:07,275 - database_manager - INFO - Debates XML erfolgreich geparst: 44 Debatten, 466 Reden, 75855 Wörter
2025-09-20 19:56:07,276 - database_manager - INFO - Verarbeite Datei 2625/2945: debates2020-07-01b.xml
2025-09-20 19:56:07,276 - database_manager - INFO - Parse debates XML-Datei: debates2020-07-01b.xml
2025-09-20 19:56:07,279 - database_manager - INFO - Debates XML erfolgreich geparst: 5 Debatten, 0 Reden, 0 Wörter
2025-09-20 19:56:07,280 - database_manager - INFO - Verarbeite Datei 2626/2945: debates2013-10-21a.xml
2025-09-20 19:56:07,280 - database_manager - INFO - Parse debates XML-Datei: debates2013-10-21a.xml
2025-09-20 19:56:07,297 - database_manager - INFO - Debates XML erfolgreich geparst: 18 Debatten, 433 Reden, 61829 Wörter
2025-09-20 19:56:07,297 - database_manager - INFO - Verarbeite Datei 2627/2945: debates2018-10-23a.xml
2025-09-20 19:56:07,297 - database_manager - INFO - Parse debates XML-Datei: debates2018-10-23a.xml
2025-09-20 19:56:07,298 - database_manager - INFO - Debates XML erfolgreich geparst: 0 Debatten, 0 Reden, 0 Wörter
2025-09-20 19:56:07,299 - database_manager - INFO - Verarbeite Datei 2628/2945: debates2012-04-26a.xml
2025-09-20 19:56:07,299 - database_manager - INFO - Parse debates XML-Datei: debates2012-04-26a.xml
2025-09-20 19:56:07,317 - database_manager - INFO - Debates XML erfolgreich geparst: 23 Debatten, 642 Reden, 62574 Wörter
2025-09-20 19:56:07,317 - database_manager - INFO - Verarbeite Datei 2629/2945: debates2015-01-14a.xml
2025-09-20 19:56:07,317 - database_manager - INFO - Parse debates XML-Datei: debates2015-01-14a.xml
2025-09-20 19:56:07,335 - database_manager - INFO - Debates XML erfolgreich geparst: 15 Debatten, 439 Reden, 62658 Wörter
2025-09-20 19:56:07,335 - database_manager - INFO - Verarbeite Datei 2630/2945: debates2020-11-04c.xml
2025-09-20 19:56:07,335 - database_manager - INFO - Parse debates XML-Datei: debates2020-11-04c.xml
2025-09-20 19:56:07,336 - database_manager - INFO - Debates XML erfolgreich geparst: 0 Debatten, 0 Reden, 0 Wörter
2025-09-20 19:56:07,336 - database_manager - INFO - Verarbeite Datei 2631/2945: debates2016-05-03c.xml
2025-09-20 19:56:07,336 - database_manager - INFO - Parse debates XML-Datei: debates2016-05-03c.xml
2025-09-20 19:56:07,339 - database_manager - INFO - Debates XML erfolgreich geparst: 0 Debatten, 0 Reden, 0 Wörter
2025-09-20 19:56:07,339 - database_manager - INFO - Verarbeite Datei 2632/2945: debates2014-07-22b.xml
2025-09-20 19:56:07,339 - database_manager - INFO - Parse debates XML-Datei: debates2014-07-22b.xml
2025-09-20 19:56:07,340 - database_manager - INFO - Debates XML erfolgreich geparst: 0 Debatten, 0 Reden, 0 Wörter
2025-09-20 19:56:07,340 - database_manager - INFO - Verarbeite Datei 2633/2945: debates2019-05-09a.xml
2025-09-20 19:56:07,340 - database_manager - INFO - Parse debates XML-Datei: debates2019-05-09a.xml
2025-09-20 19:56:07,341 - database_manager - INFO - Debates XML erfolgreich geparst: 0 Debatten, 0 Reden, 0 Wörter
2025-09-20 19:56:07,341 - database_manager - INFO - Verarbeite Datei 2634/2945: debates2013-12-10b.xml
2025-09-20 19:56:07,341 - database_manager - INFO - Parse debates XML-Datei: debates2013-12-10b.xml
2025-09-20 19:56:07,355 - database_manager - INFO - Debates XML erfolgreich geparst: 31 Debatten, 418 Reden, 47406 Wörter
2025-09-20 19:56:07,365 - database_manager - INFO - Verarbeite Datei 2635/2945: debates2015-12-04a.xml
2025-09-20 19:56:07,365 - database_manager - INFO - Parse debates XML-Datei: debates2015-12-04a.xml
2025-09-20 19:56:07,365 - database_manager - INFO - Debates XML erfolgreich geparst: 0 Debatten, 0 Reden, 0 Wörter
2025-09-20 19:56:07,365 - database_manager - INFO - Verarbeite Datei 2636/2945: debates2018-12-12b.xml
2025-09-20 19:56:07,365 - database_manager - INFO - Parse debates XML-Datei: debates2018-12-12b.xml
2025-09-20 19:56:07,379 - database_manager - INFO - Debates XML erfolgreich geparst: 12 Debatten, 383 Reden, 39085 Wörter
2025-09-20 19:56:07,384 - database_manager - INFO - Verarbeite Datei 2637/2945: debates2015-03-25b.xml
2025-09-20 19:56:07,384 - database_manager - INFO - Parse debates XML-Datei: debates2015-03-25b.xml
2025-09-20 19:56:07,416 - database_manager - INFO - Debates XML erfolgreich geparst: 37 Debatten, 501 Reden, 60784 Wörter
2025-09-20 19:56:07,417 - database_manager - INFO - Verarbeite Datei 2638/2945: debates2015-02-04a.xml
2025-09-20 19:56:07,417 - database_manager - INFO - Parse debates XML-Datei: debates2015-02-04a.xml
2025-09-20 19:56:07,418 - database_manager - INFO - Debates XML erfolgreich geparst: 0 Debatten, 0 Reden, 0 Wörter
2025-09-20 19:56:07,418 - database_manager - INFO - Verarbeite Datei 2639/2945: debates2017-09-13a.xml
2025-09-20 19:56:07,418 - database_manager - INFO - Parse debates XML-Datei: debates2017-09-13a.xml
2025-09-20 19:56:07,419 - database_manager - INFO - Debates XML erfolgreich geparst: 0 Debatten, 0 Reden, 0 Wörter
2025-09-20 19:56:07,419 - database_manager - INFO - Verarbeite Datei 2640/2945: debates2020-09-09b.xml
2025-09-20 19:56:07,419 - database_manager - INFO - Parse debates XML-Datei: debates2020-09-09b.xml
2025-09-20 19:56:07,420 - database_manager - INFO - Debates XML erfolgreich geparst: 0 Debatten, 0 Reden, 0 Wörter
2025-09-20 19:56:07,420 - database_manager - INFO - Verarbeite Datei 2641/2945: debates2019-09-30b.xml
2025-09-20 19:56:07,420 - database_manager - INFO - Parse debates XML-Datei: debates2019-09-30b.xml
2025-09-20 19:56:07,429 - database_manager - INFO - Debates XML erfolgreich geparst: 4 Debatten, 171 Reden, 36351 Wörter
2025-09-20 19:56:07,430 - database_manager - INFO - Verarbeite Datei 2642/2945: debates2014-09-26a.xml
2025-09-20 19:56:07,430 - database_manager - INFO - Parse debates XML-Datei: debates2014-09-26a.xml
2025-09-20 19:56:07,449 - database_manager - INFO - Debates XML erfolgreich geparst: 1 Debatten, 366 Reden, 52838 Wörter
2025-09-20 19:56:07,450 - database_manager - INFO - Verarbeite Datei 2643/2945: debates2016-03-10b.xml
2025-09-20 19:56:07,450 - database_manager - INFO - Parse debates XML-Datei: debates2016-03-10b.xml
2025-09-20 19:56:07,470 - database_manager - INFO - Debates XML erfolgreich geparst: 20 Debatten, 531 Reden, 65138 Wörter
2025-09-20 19:56:07,472 - database_manager - INFO - Verarbeite Datei 2644/2945: debates2021-03-10b.xml
2025-09-20 19:56:07,472 - database_manager - INFO - Parse debates XML-Datei: debates2021-03-10b.xml
2025-09-20 19:56:07,492 - database_manager - INFO - Debates XML erfolgreich geparst: 15 Debatten, 354 Reden, 63754 Wörter
2025-09-20 19:56:07,494 - database_manager - INFO - Verarbeite Datei 2645/2945: debates2018-02-08a.xml
2025-09-20 19:56:07,497 - database_manager - INFO - Parse debates XML-Datei: debates2018-02-08a.xml
2025-09-20 19:56:07,498 - database_manager - INFO - Debates XML erfolgreich geparst: 0 Debatten, 0 Reden, 0 Wörter
2025-09-20 19:56:07,498 - database_manager - INFO - Verarbeite Datei 2646/2945: debates2018-03-29b.xml
2025-09-20 19:56:07,498 - database_manager - INFO - Parse debates XML-Datei: debates2018-03-29b.xml
2025-09-20 19:56:07,516 - database_manager - INFO - Debates XML erfolgreich geparst: 24 Debatten, 547 Reden, 64278 Wörter
2025-09-20 19:56:07,516 - database_manager - INFO - Verarbeite Datei 2647/2945: debates2012-04-30a.xml
2025-09-20 19:56:07,516 - database_manager - INFO - Parse debates XML-Datei: debates2012-04-30a.xml
2025-09-20 19:56:07,537 - database_manager - INFO - Debates XML erfolgreich geparst: 27 Debatten, 676 Reden, 64395 Wörter
2025-09-20 19:56:07,538 - database_manager - INFO - Verarbeite Datei 2648/2945: debates2017-07-17b.xml
2025-09-20 19:56:07,538 - database_manager - INFO - Parse debates XML-Datei: debates2017-07-17b.xml
2025-09-20 19:56:07,539 - database_manager - INFO - Debates XML erfolgreich geparst: 0 Debatten, 0 Reden, 0 Wörter
2025-09-20 19:56:07,539 - database_manager - INFO - Verarbeite Datei 2649/2945: debates2015-11-02a.xml
2025-09-20 19:56:07,539 - database_manager - INFO - Parse debates XML-Datei: debates2015-11-02a.xml
2025-09-20 19:56:07,540 - database_manager - INFO - Debates XML erfolgreich geparst: 0 Debatten, 0 Reden, 0 Wörter
2025-09-20 19:56:07,540 - database_manager - INFO - Verarbeite Datei 2650/2945: debates2015-10-23b.xml
2025-09-20 19:56:07,540 - database_manager - INFO - Parse debates XML-Datei: debates2015-10-23b.xml
2025-09-20 19:56:07,549 - database_manager - INFO - Debates XML erfolgreich geparst: 4 Debatten, 170 Reden, 37571 Wörter
2025-09-20 19:56:07,549 - database_manager - INFO - Verarbeite Datei 2651/2945: debates2018-11-14b.xml
2025-09-20 19:56:07,549 - database_manager - INFO - Parse debates XML-Datei: debates2018-11-14b.xml
2025-09-20 19:56:07,550 - database_manager - INFO - Debates XML erfolgreich geparst: 0 Debatten, 0 Reden, 0 Wörter
2025-09-20 19:56:07,550 - database_manager - INFO - Verarbeite Datei 2652/2945: debates2019-07-22a.xml
2025-09-20 19:56:07,550 - database_manager - INFO - Parse debates XML-Datei: debates2019-07-22a.xml
2025-09-20 19:56:07,551 - database_manager - INFO - Debates XML erfolgreich geparst: 0 Debatten, 0 Reden, 0 Wörter
2025-09-20 19:56:07,551 - database_manager - INFO - Verarbeite Datei 2653/2945: debates2016-11-21a.xml
2025-09-20 19:56:07,551 - database_manager - INFO - Parse debates XML-Datei: debates2016-11-21a.xml
2025-09-20 19:56:07,552 - database_manager - INFO - Debates XML erfolgreich geparst: 0 Debatten, 0 Reden, 0 Wörter
2025-09-20 19:56:07,552 - database_manager - INFO - Verarbeite Datei 2654/2945: debates2014-04-28a.xml
2025-09-20 19:56:07,552 - database_manager - INFO - Parse debates XML-Datei: debates2014-04-28a.xml
2025-09-20 19:56:07,574 - database_manager - INFO - Debates XML erfolgreich geparst: 23 Debatten, 524 Reden, 72094 Wörter
2025-09-20 19:56:07,575 - database_manager - INFO - Verarbeite Datei 2655/2945: debates2016-01-21a.xml
2025-09-20 19:56:07,575 - database_manager - INFO - Parse debates XML-Datei: debates2016-01-21a.xml
2025-09-20 19:56:07,582 - database_manager - INFO - Debates XML erfolgreich geparst: 3 Debatten, 0 Reden, 0 Wörter
2025-09-20 19:56:07,583 - database_manager - INFO - Verarbeite Datei 2656/2945: debates2021-01-21a.xml
2025-09-20 19:56:07,583 - database_manager - INFO - Parse debates XML-Datei: debates2021-01-21a.xml
2025-09-20 19:56:07,589 - database_manager - INFO - Debates XML erfolgreich geparst: 0 Debatten, 0 Reden, 0 Wörter
2025-09-20 19:56:07,596 - database_manager - INFO - Verarbeite Datei 2657/2945: debates2018-07-11c.xml
2025-09-20 19:56:07,599 - database_manager - INFO - Parse debates XML-Datei: debates2018-07-11c.xml
2025-09-20 19:56:07,621 - database_manager - INFO - Debates XML erfolgreich geparst: 13 Debatten, 544 Reden, 62038 Wörter
2025-09-20 19:56:07,622 - database_manager - INFO - Verarbeite Datei 2658/2945: debates2015-02-12a.xml
2025-09-20 19:56:07,622 - database_manager - INFO - Parse debates XML-Datei: debates2015-02-12a.xml
2025-09-20 19:56:07,636 - database_manager - INFO - Debates XML erfolgreich geparst: 19 Debatten, 287 Reden, 58532 Wörter
2025-09-20 19:56:07,636 - database_manager - INFO - Verarbeite Datei 2659/2945: debates2017-09-05a.xml
2025-09-20 19:56:07,636 - database_manager - INFO - Parse debates XML-Datei: debates2017-09-05a.xml
2025-09-20 19:56:07,639 - database_manager - INFO - Debates XML erfolgreich geparst: 5 Debatten, 70 Reden, 4410 Wörter
2025-09-20 19:56:07,639 - database_manager - INFO - Verarbeite Datei 2660/2945: debates2018-01-18a.xml
2025-09-20 19:56:07,639 - database_manager - INFO - Parse debates XML-Datei: debates2018-01-18a.xml
2025-09-20 19:56:07,658 - database_manager - INFO - Debates XML erfolgreich geparst: 18 Debatten, 467 Reden, 64039 Wörter
2025-09-20 19:56:07,661 - database_manager - INFO - Verarbeite Datei 2661/2945: debates2018-12-04b.xml
2025-09-20 19:56:07,661 - database_manager - INFO - Parse debates XML-Datei: debates2018-12-04b.xml
2025-09-20 19:56:07,663 - database_manager - INFO - Debates XML erfolgreich geparst: 0 Debatten, 0 Reden, 0 Wörter
2025-09-20 19:56:07,663 - database_manager - INFO - Verarbeite Datei 2662/2945: debates2020-03-03b.xml
2025-09-20 19:56:07,663 - database_manager - INFO - Parse debates XML-Datei: debates2020-03-03b.xml
2025-09-20 19:56:07,664 - database_manager - INFO - Debates XML erfolgreich geparst: 0 Debatten, 0 Reden, 0 Wörter
2025-09-20 19:56:07,664 - database_manager - INFO - Verarbeite Datei 2663/2945: debates2020-06-16c.xml
2025-09-20 19:56:07,664 - database_manager - INFO - Parse debates XML-Datei: debates2020-06-16c.xml
2025-09-20 19:56:07,667 - database_manager - INFO - Debates XML erfolgreich geparst: 0 Debatten, 0 Reden, 0 Wörter
2025-09-20 19:56:07,667 - database_manager - INFO - Verarbeite Datei 2664/2945: debates2019-01-07b.xml
2025-09-20 19:56:07,667 - database_manager - INFO - Parse debates XML-Datei: debates2019-01-07b.xml
2025-09-20 19:56:07,673 - database_manager - INFO - Debates XML erfolgreich geparst: 0 Debatten, 0 Reden, 0 Wörter
2025-09-20 19:56:07,673 - database_manager - INFO - Verarbeite Datei 2665/2945: debates2013-10-17c.xml
2025-09-20 19:56:07,674 - database_manager - INFO - Parse debates XML-Datei: debates2013-10-17c.xml
2025-09-20 19:56:07,694 - database_manager - INFO - Debates XML erfolgreich geparst: 18 Debatten, 501 Reden, 60382 Wörter
2025-09-20 19:56:07,695 - database_manager - INFO - Verarbeite Datei 2666/2945: debates2016-02-11c.xml
2025-09-20 19:56:07,695 - database_manager - INFO - Parse debates XML-Datei: debates2016-02-11c.xml
2025-09-20 19:56:07,714 - database_manager - INFO - Debates XML erfolgreich geparst: 20 Debatten, 565 Reden, 62633 Wörter
2025-09-20 19:56:07,714 - database_manager - INFO - Verarbeite Datei 2667/2945: debates2013-04-23a.xml
2025-09-20 19:56:07,714 - database_manager - INFO - Parse debates XML-Datei: debates2013-04-23a.xml
2025-09-20 19:56:07,729 - database_manager - INFO - Debates XML erfolgreich geparst: 32 Debatten, 397 Reden, 57206 Wörter
2025-09-20 19:56:07,730 - database_manager - INFO - Verarbeite Datei 2668/2945: debates2016-04-18a.xml
2025-09-20 19:56:07,730 - database_manager - INFO - Parse debates XML-Datei: debates2016-04-18a.xml
2025-09-20 19:56:07,736 - database_manager - INFO - Debates XML erfolgreich geparst: 0 Debatten, 0 Reden, 0 Wörter
2025-09-20 19:56:07,736 - database_manager - INFO - Verarbeite Datei 2669/2945: debates2014-11-11a.xml
2025-09-20 19:56:07,736 - database_manager - INFO - Parse debates XML-Datei: debates2014-11-11a.xml
2025-09-20 19:56:07,737 - database_manager - INFO - Debates XML erfolgreich geparst: 0 Debatten, 0 Reden, 0 Wörter
2025-09-20 19:56:07,737 - database_manager - INFO - Verarbeite Datei 2670/2945: debates2012-12-19a.xml
2025-09-20 19:56:07,737 - database_manager - INFO - Parse debates XML-Datei: debates2012-12-19a.xml
2025-09-20 19:56:07,766 - database_manager - INFO - Debates XML erfolgreich geparst: 17 Debatten, 489 Reden, 64099 Wörter
2025-09-20 19:56:07,767 - database_manager - INFO - Verarbeite Datei 2671/2945: debates2012-10-24a.xml
2025-09-20 19:56:07,767 - database_manager - INFO - Parse debates XML-Datei: debates2012-10-24a.xml
2025-09-20 19:56:07,768 - database_manager - INFO - Debates XML erfolgreich geparst: 0 Debatten, 0 Reden, 0 Wörter
2025-09-20 19:56:07,768 - database_manager - INFO - Verarbeite Datei 2672/2945: debates2012-11-05b.xml
2025-09-20 19:56:07,768 - database_manager - INFO - Parse debates XML-Datei: debates2012-11-05b.xml
2025-09-20 19:56:07,787 - database_manager - INFO - Debates XML erfolgreich geparst: 39 Debatten, 432 Reden, 62257 Wörter
2025-09-20 19:56:07,787 - database_manager - INFO - Verarbeite Datei 2673/2945: debates2017-02-22a.xml
2025-09-20 19:56:07,796 - database_manager - INFO - Parse debates XML-Datei: debates2017-02-22a.xml
2025-09-20 19:56:07,814 - database_manager - INFO - Debates XML erfolgreich geparst: 22 Debatten, 425 Reden, 57596 Wörter
2025-09-20 19:56:07,815 - database_manager - INFO - Verarbeite Datei 2674/2945: debates2014-03-20b.xml
2025-09-20 19:56:07,815 - database_manager - INFO - Parse debates XML-Datei: debates2014-03-20b.xml
2025-09-20 19:56:07,817 - database_manager - INFO - Debates XML erfolgreich geparst: 0 Debatten, 0 Reden, 0 Wörter
2025-09-20 19:56:07,817 - database_manager - INFO - Verarbeite Datei 2675/2945: debates2020-10-13b.xml
2025-09-20 19:56:07,817 - database_manager - INFO - Parse debates XML-Datei: debates2020-10-13b.xml
2025-09-20 19:56:07,846 - database_manager - INFO - Debates XML erfolgreich geparst: 39 Debatten, 512 Reden, 91412 Wörter
2025-09-20 19:56:07,847 - database_manager - INFO - Verarbeite Datei 2676/2945: debates2016-04-14b.xml
2025-09-20 19:56:07,847 - database_manager - INFO - Parse debates XML-Datei: debates2016-04-14b.xml
2025-09-20 19:56:07,865 - database_manager - INFO - Debates XML erfolgreich geparst: 18 Debatten, 388 Reden, 59883 Wörter
2025-09-20 19:56:07,865 - database_manager - INFO - Verarbeite Datei 2677/2945: debates2014-12-01a.xml
2025-09-20 19:56:07,865 - database_manager - INFO - Parse debates XML-Datei: debates2014-12-01a.xml
2025-09-20 19:56:07,871 - database_manager - INFO - Debates XML erfolgreich geparst: 0 Debatten, 0 Reden, 0 Wörter
2025-09-20 19:56:07,871 - database_manager - INFO - Verarbeite Datei 2678/2945: debates2016-06-29b.xml
2025-09-20 19:56:07,871 - database_manager - INFO - Parse debates XML-Datei: debates2016-06-29b.xml
2025-09-20 19:56:07,876 - database_manager - INFO - Debates XML erfolgreich geparst: 0 Debatten, 0 Reden, 0 Wörter
2025-09-20 19:56:07,876 - database_manager - INFO - Verarbeite Datei 2679/2945: debates2019-12-17b.xml
2025-09-20 19:56:07,876 - database_manager - INFO - Parse debates XML-Datei: debates2019-12-17b.xml
2025-09-20 19:56:07,879 - database_manager - INFO - Debates XML erfolgreich geparst: 1 Debatten, 20 Reden, 6718 Wörter
2025-09-20 19:56:07,879 - database_manager - INFO - Verarbeite Datei 2680/2945: debates2012-11-09a.xml
2025-09-20 19:56:07,879 - database_manager - INFO - Parse debates XML-Datei: debates2012-11-09a.xml
2025-09-20 19:56:07,880 - database_manager - INFO - Debates XML erfolgreich geparst: 0 Debatten, 0 Reden, 0 Wörter
2025-09-20 19:56:07,880 - database_manager - INFO - Verarbeite Datei 2681/2945: debates2021-06-29b.xml
2025-09-20 19:56:07,880 - database_manager - INFO - Parse debates XML-Datei: debates2021-06-29b.xml
2025-09-20 19:56:07,904 - database_manager - INFO - Debates XML erfolgreich geparst: 20 Debatten, 426 Reden, 67012 Wörter
2025-09-20 19:56:07,904 - database_manager - INFO - Verarbeite Datei 2682/2945: debates2021-07-08a.xml
2025-09-20 19:56:07,904 - database_manager - INFO - Parse debates XML-Datei: debates2021-07-08a.xml
2025-09-20 19:56:07,957 - database_manager - INFO - Debates XML erfolgreich geparst: 16 Debatten, 396 Reden, 70579 Wörter
2025-09-20 19:56:07,958 - database_manager - INFO - Verarbeite Datei 2683/2945: debates2021-09-16a.xml
2025-09-20 19:56:07,958 - database_manager - INFO - Parse debates XML-Datei: debates2021-09-16a.xml
2025-09-20 19:56:07,958 - database_manager - INFO - Debates XML erfolgreich geparst: 0 Debatten, 0 Reden, 0 Wörter
2025-09-20 19:56:07,959 - database_manager - INFO - Verarbeite Datei 2684/2945: debates2017-04-27a.xml
2025-09-20 19:56:07,959 - database_manager - INFO - Parse debates XML-Datei: debates2017-04-27a.xml
2025-09-20 19:56:07,967 - database_manager - INFO - Debates XML erfolgreich geparst: 18 Debatten, 245 Reden, 15504 Wörter
2025-09-20 19:56:07,968 - database_manager - INFO - Verarbeite Datei 2685/2945: debates2021-11-01b.xml
2025-09-20 19:56:07,968 - database_manager - INFO - Parse debates XML-Datei: debates2021-11-01b.xml
2025-09-20 19:56:07,993 - database_manager - INFO - Debates XML erfolgreich geparst: 15 Debatten, 351 Reden, 66037 Wörter
2025-09-20 19:56:07,993 - database_manager - INFO - Verarbeite Datei 2686/2945: debates2021-10-20a.xml
2025-09-20 19:56:07,993 - database_manager - INFO - Parse debates XML-Datei: debates2021-10-20a.xml
2025-09-20 19:56:07,998 - database_manager - INFO - Debates XML erfolgreich geparst: 0 Debatten, 0 Reden, 0 Wörter
2025-09-20 19:56:07,998 - database_manager - INFO - Verarbeite Datei 2687/2945: debates2012-06-21a.xml
2025-09-20 19:56:07,998 - database_manager - INFO - Parse debates XML-Datei: debates2012-06-21a.xml
2025-09-20 19:56:08,018 - database_manager - INFO - Debates XML erfolgreich geparst: 5 Debatten, 246 Reden, 40497 Wörter
2025-09-20 19:56:08,018 - database_manager - INFO - Verarbeite Datei 2688/2945: debates2018-03-05b.xml
2025-09-20 19:56:08,018 - database_manager - INFO - Parse debates XML-Datei: debates2018-03-05b.xml
2025-09-20 19:56:08,041 - database_manager - INFO - Debates XML erfolgreich geparst: 31 Debatten, 623 Reden, 66963 Wörter
2025-09-20 19:56:08,041 - database_manager - INFO - Verarbeite Datei 2689/2945: debates2013-02-26a.xml
2025-09-20 19:56:08,041 - database_manager - INFO - Parse debates XML-Datei: debates2013-02-26a.xml
2025-09-20 19:56:08,042 - database_manager - INFO - Debates XML erfolgreich geparst: 0 Debatten, 0 Reden, 0 Wörter
2025-09-20 19:56:08,042 - database_manager - INFO - Verarbeite Datei 2690/2945: debates2013-03-07b.xml
2025-09-20 19:56:08,042 - database_manager - INFO - Parse debates XML-Datei: debates2013-03-07b.xml
2025-09-20 19:56:08,062 - database_manager - INFO - Debates XML erfolgreich geparst: 26 Debatten, 510 Reden, 62212 Wörter
2025-09-20 19:56:08,063 - database_manager - INFO - Verarbeite Datei 2691/2945: debates2016-06-29c.xml
2025-09-20 19:56:08,063 - database_manager - INFO - Parse debates XML-Datei: debates2016-06-29c.xml
2025-09-20 19:56:08,068 - database_manager - INFO - Debates XML erfolgreich geparst: 0 Debatten, 0 Reden, 0 Wörter
2025-09-20 19:56:08,068 - database_manager - INFO - Verarbeite Datei 2692/2945: debates2014-07-14a.xml
2025-09-20 19:56:08,068 - database_manager - INFO - Parse debates XML-Datei: debates2014-07-14a.xml
2025-09-20 19:56:08,089 - database_manager - INFO - Debates XML erfolgreich geparst: 24 Debatten, 384 Reden, 45460 Wörter
2025-09-20 19:56:08,089 - database_manager - INFO - Verarbeite Datei 2693/2945: debates2016-10-20a.xml
2025-09-20 19:56:08,089 - database_manager - INFO - Parse debates XML-Datei: debates2016-10-20a.xml
2025-09-20 19:56:08,108 - database_manager - INFO - Debates XML erfolgreich geparst: 18 Debatten, 511 Reden, 65430 Wörter
2025-09-20 19:56:08,108 - database_manager - INFO - Verarbeite Datei 2694/2945: debates2014-04-08b.xml
2025-09-20 19:56:08,108 - database_manager - INFO - Parse debates XML-Datei: debates2014-04-08b.xml
2025-09-20 19:56:08,128 - database_manager - INFO - Debates XML erfolgreich geparst: 33 Debatten, 477 Reden, 63052 Wörter
2025-09-20 19:56:08,129 - database_manager - INFO - Verarbeite Datei 2695/2945: debates2014-03-20c.xml
2025-09-20 19:56:08,129 - database_manager - INFO - Parse debates XML-Datei: debates2014-03-20c.xml
2025-09-20 19:56:08,150 - database_manager - INFO - Debates XML erfolgreich geparst: 25 Debatten, 433 Reden, 66883 Wörter
2025-09-20 19:56:08,150 - database_manager - INFO - Verarbeite Datei 2696/2945: debates2020-04-27a.xml
2025-09-20 19:56:08,150 - database_manager - INFO - Parse debates XML-Datei: debates2020-04-27a.xml
2025-09-20 19:56:08,151 - database_manager - INFO - Debates XML erfolgreich geparst: 0 Debatten, 0 Reden, 0 Wörter
2025-09-20 19:56:08,151 - database_manager - INFO - Verarbeite Datei 2697/2945: debates2018-10-15b.xml
2025-09-20 19:56:08,151 - database_manager - INFO - Parse debates XML-Datei: debates2018-10-15b.xml
2025-09-20 19:56:08,164 - database_manager - INFO - Debates XML erfolgreich geparst: 19 Debatten, 533 Reden, 42201 Wörter
2025-09-20 19:56:08,165 - database_manager - INFO - Verarbeite Datei 2698/2945: debates2021-04-19d.xml
2025-09-20 19:56:08,165 - database_manager - INFO - Parse debates XML-Datei: debates2021-04-19d.xml
2025-09-20 19:56:08,190 - database_manager - INFO - Debates XML erfolgreich geparst: 29 Debatten, 372 Reden, 75261 Wörter
2025-09-20 19:56:08,191 - database_manager - INFO - Verarbeite Datei 2699/2945: debates2018-02-28b.xml
2025-09-20 19:56:08,191 - database_manager - INFO - Parse debates XML-Datei: debates2018-02-28b.xml
2025-09-20 19:56:08,208 - database_manager - INFO - Debates XML erfolgreich geparst: 16 Debatten, 492 Reden, 63201 Wörter
2025-09-20 19:56:08,209 - database_manager - INFO - Verarbeite Datei 2700/2945: debates2012-09-12a.xml
2025-09-20 19:56:08,209 - database_manager - INFO - Parse debates XML-Datei: debates2012-09-12a.xml
2025-09-20 19:56:08,235 - database_manager - INFO - Debates XML erfolgreich geparst: 30 Debatten, 387 Reden, 56583 Wörter
2025-09-20 19:56:08,236 - database_manager - INFO - Verarbeite Datei 2701/2945: debates2021-02-11b.xml
2025-09-20 19:56:08,236 - database_manager - INFO - Parse debates XML-Datei: debates2021-02-11b.xml
2025-09-20 19:56:08,252 - database_manager - INFO - Debates XML erfolgreich geparst: 17 Debatten, 399 Reden, 67489 Wörter
2025-09-20 19:56:08,252 - database_manager - INFO - Verarbeite Datei 2702/2945: debates2016-02-11b.xml
2025-09-20 19:56:08,252 - database_manager - INFO - Parse debates XML-Datei: debates2016-02-11b.xml
2025-09-20 19:56:08,265 - database_manager - INFO - Debates XML erfolgreich geparst: 3 Debatten, 279 Reden, 44424 Wörter
2025-09-20 19:56:08,265 - database_manager - INFO - Verarbeite Datei 2703/2945: debates2020-09-29a.xml
2025-09-20 19:56:08,265 - database_manager - INFO - Parse debates XML-Datei: debates2020-09-29a.xml
2025-09-20 19:56:08,268 - database_manager - INFO - Debates XML erfolgreich geparst: 0 Debatten, 0 Reden, 0 Wörter
2025-09-20 19:56:08,269 - database_manager - INFO - Verarbeite Datei 2704/2945: debates2020-03-03c.xml
2025-09-20 19:56:08,269 - database_manager - INFO - Parse debates XML-Datei: debates2020-03-03c.xml
2025-09-20 19:56:08,269 - database_manager - INFO - Debates XML erfolgreich geparst: 0 Debatten, 0 Reden, 0 Wörter
2025-09-20 19:56:08,269 - database_manager - INFO - Verarbeite Datei 2705/2945: debates2016-04-19d.xml
2025-09-20 19:56:08,269 - database_manager - INFO - Parse debates XML-Datei: debates2016-04-19d.xml
2025-09-20 19:56:08,285 - database_manager - INFO - Debates XML erfolgreich geparst: 21 Debatten, 408 Reden, 57551 Wörter
2025-09-20 19:56:08,286 - database_manager - INFO - Verarbeite Datei 2706/2945: debates2013-10-17b.xml
2025-09-20 19:56:08,286 - database_manager - INFO - Parse debates XML-Datei: debates2013-10-17b.xml
2025-09-20 19:56:08,287 - database_manager - INFO - Debates XML erfolgreich geparst: 0 Debatten, 0 Reden, 0 Wörter
2025-09-20 19:56:08,293 - database_manager - INFO - Verarbeite Datei 2707/2945: debates2019-01-07c.xml
2025-09-20 19:56:08,293 - database_manager - INFO - Parse debates XML-Datei: debates2019-01-07c.xml
2025-09-20 19:56:08,318 - database_manager - INFO - Debates XML erfolgreich geparst: 28 Debatten, 687 Reden, 68975 Wörter
2025-09-20 19:56:08,319 - database_manager - INFO - Verarbeite Datei 2708/2945: debates2020-06-16b.xml
2025-09-20 19:56:08,319 - database_manager - INFO - Parse debates XML-Datei: debates2020-06-16b.xml
2025-09-20 19:56:08,320 - database_manager - INFO - Debates XML erfolgreich geparst: 0 Debatten, 0 Reden, 0 Wörter
2025-09-20 19:56:08,320 - database_manager - INFO - Verarbeite Datei 2709/2945: debates2017-01-12b.xml
2025-09-20 19:56:08,320 - database_manager - INFO - Parse debates XML-Datei: debates2017-01-12b.xml
2025-09-20 19:56:08,337 - database_manager - INFO - Debates XML erfolgreich geparst: 18 Debatten, 507 Reden, 63516 Wörter
2025-09-20 19:56:08,337 - database_manager - INFO - Verarbeite Datei 2710/2945: debates2012-03-14b.xml
2025-09-20 19:56:08,337 - database_manager - INFO - Parse debates XML-Datei: debates2012-03-14b.xml
2025-09-20 19:56:08,351 - database_manager - INFO - Debates XML erfolgreich geparst: 20 Debatten, 327 Reden, 52113 Wörter
2025-09-20 19:56:08,352 - database_manager - INFO - Verarbeite Datei 2711/2945: debates2018-12-04c.xml
2025-09-20 19:56:08,352 - database_manager - INFO - Parse debates XML-Datei: debates2018-12-04c.xml
2025-09-20 19:56:08,353 - database_manager - INFO - Debates XML erfolgreich geparst: 0 Debatten, 0 Reden, 0 Wörter
2025-09-20 19:56:08,353 - database_manager - INFO - Verarbeite Datei 2712/2945: debates2015-07-07a.xml
2025-09-20 19:56:08,353 - database_manager - INFO - Parse debates XML-Datei: debates2015-07-07a.xml
2025-09-20 19:56:08,354 - database_manager - INFO - Debates XML erfolgreich geparst: 0 Debatten, 0 Reden, 0 Wörter
2025-09-20 19:56:08,354 - database_manager - INFO - Verarbeite Datei 2713/2945: debates2018-07-11b.xml
2025-09-20 19:56:08,354 - database_manager - INFO - Parse debates XML-Datei: debates2018-07-11b.xml
2025-09-20 19:56:08,355 - database_manager - INFO - Debates XML erfolgreich geparst: 0 Debatten, 0 Reden, 0 Wörter
2025-09-20 19:56:08,355 - database_manager - INFO - Verarbeite Datei 2714/2945: debates2012-11-29b.xml
2025-09-20 19:56:08,355 - database_manager - INFO - Parse debates XML-Datei: debates2012-11-29b.xml
2025-09-20 19:56:08,373 - database_manager - INFO - Debates XML erfolgreich geparst: 26 Debatten, 596 Reden, 62077 Wörter
2025-09-20 19:56:08,373 - database_manager - INFO - Verarbeite Datei 2715/2945: debates2021-06-09a.xml
2025-09-20 19:56:08,374 - database_manager - INFO - Parse debates XML-Datei: debates2021-06-09a.xml
2025-09-20 19:56:08,374 - database_manager - INFO - Debates XML erfolgreich geparst: 0 Debatten, 0 Reden, 0 Wörter
2025-09-20 19:56:08,374 - database_manager - INFO - Verarbeite Datei 2716/2945: debates2016-06-09a.xml
2025-09-20 19:56:08,374 - database_manager - INFO - Parse debates XML-Datei: debates2016-06-09a.xml
2025-09-20 19:56:08,375 - database_manager - INFO - Debates XML erfolgreich geparst: 0 Debatten, 0 Reden, 0 Wörter
2025-09-20 19:56:08,375 - database_manager - INFO - Verarbeite Datei 2717/2945: debates2020-11-12b.xml
2025-09-20 19:56:08,375 - database_manager - INFO - Parse debates XML-Datei: debates2020-11-12b.xml
2025-09-20 19:56:08,391 - database_manager - INFO - Debates XML erfolgreich geparst: 13 Debatten, 402 Reden, 60447 Wörter
2025-09-20 19:56:08,392 - database_manager - INFO - Verarbeite Datei 2718/2945: debates2017-03-23a.xml
2025-09-20 19:56:08,392 - database_manager - INFO - Parse debates XML-Datei: debates2017-03-23a.xml
2025-09-20 19:56:08,393 - database_manager - INFO - Debates XML erfolgreich geparst: 0 Debatten, 0 Reden, 0 Wörter
2025-09-20 19:56:08,399 - database_manager - INFO - Verarbeite Datei 2719/2945: debates2015-09-15b.xml
2025-09-20 19:56:08,399 - database_manager - INFO - Parse debates XML-Datei: debates2015-09-15b.xml
2025-09-20 19:56:08,420 - database_manager - INFO - Debates XML erfolgreich geparst: 27 Debatten, 570 Reden, 61074 Wörter
2025-09-20 19:56:08,420 - database_manager - INFO - Verarbeite Datei 2720/2945: debates2017-02-02b.xml
2025-09-20 19:56:08,420 - database_manager - INFO - Parse debates XML-Datei: debates2017-02-02b.xml
2025-09-20 19:56:08,440 - database_manager - INFO - Debates XML erfolgreich geparst: 21 Debatten, 562 Reden, 66754 Wörter
2025-09-20 19:56:08,440 - database_manager - INFO - Verarbeite Datei 2721/2945: debates2012-01-25a.xml
2025-09-20 19:56:08,440 - database_manager - INFO - Parse debates XML-Datei: debates2012-01-25a.xml
2025-09-20 19:56:08,455 - database_manager - INFO - Debates XML erfolgreich geparst: 14 Debatten, 435 Reden, 45786 Wörter
2025-09-20 19:56:08,456 - database_manager - INFO - Verarbeite Datei 2722/2945: debates2018-11-14c.xml
2025-09-20 19:56:08,456 - database_manager - INFO - Parse debates XML-Datei: debates2018-11-14c.xml
2025-09-20 19:56:08,457 - database_manager - INFO - Debates XML erfolgreich geparst: 0 Debatten, 0 Reden, 0 Wörter
2025-09-20 19:56:08,457 - database_manager - INFO - Verarbeite Datei 2723/2945: debates2017-07-17c.xml
2025-09-20 19:56:08,457 - database_manager - INFO - Parse debates XML-Datei: debates2017-07-17c.xml
2025-09-20 19:56:08,458 - database_manager - INFO - Debates XML erfolgreich geparst: 0 Debatten, 0 Reden, 0 Wörter
2025-09-20 19:56:08,458 - database_manager - INFO - Verarbeite Datei 2724/2945: debates2021-05-19a.xml
2025-09-20 19:56:08,458 - database_manager - INFO - Parse debates XML-Datei: debates2021-05-19a.xml
2025-09-20 19:56:08,459 - database_manager - INFO - Debates XML erfolgreich geparst: 0 Debatten, 0 Reden, 0 Wörter
2025-09-20 19:56:08,459 - database_manager - INFO - Verarbeite Datei 2725/2945: debates2020-09-09c.xml
2025-09-20 19:56:08,459 - database_manager - INFO - Parse debates XML-Datei: debates2020-09-09c.xml
2025-09-20 19:56:08,460 - database_manager - INFO - Debates XML erfolgreich geparst: 0 Debatten, 0 Reden, 0 Wörter
2025-09-20 19:56:08,460 - database_manager - INFO - Verarbeite Datei 2726/2945: debates2016-05-19a.xml
2025-09-20 19:56:08,460 - database_manager - INFO - Parse debates XML-Datei: debates2016-05-19a.xml
2025-09-20 19:56:08,470 - database_manager - INFO - Debates XML erfolgreich geparst: 9 Debatten, 150 Reden, 42879 Wörter
2025-09-20 19:56:08,470 - database_manager - INFO - Verarbeite Datei 2727/2945: debates2020-03-23a.xml
2025-09-20 19:56:08,470 - database_manager - INFO - Parse debates XML-Datei: debates2020-03-23a.xml
2025-09-20 19:56:08,493 - database_manager - INFO - Debates XML erfolgreich geparst: 101 Debatten, 502 Reden, 91125 Wörter
2025-09-20 19:56:08,494 - database_manager - INFO - Verarbeite Datei 2728/2945: debates2021-04-22a.xml
2025-09-20 19:56:08,494 - database_manager - INFO - Parse debates XML-Datei: debates2021-04-22a.xml
2025-09-20 19:56:08,509 - database_manager - INFO - Debates XML erfolgreich geparst: 23 Debatten, 358 Reden, 62003 Wörter
2025-09-20 19:56:08,513 - database_manager - INFO - Verarbeite Datei 2729/2945: debates2018-06-26a.xml
2025-09-20 19:56:08,513 - database_manager - INFO - Parse debates XML-Datei: debates2018-06-26a.xml
2025-09-20 19:56:08,514 - database_manager - INFO - Debates XML erfolgreich geparst: 0 Debatten, 0 Reden, 0 Wörter
2025-09-20 19:56:08,514 - database_manager - INFO - Verarbeite Datei 2730/2945: debates2017-10-25a.xml
2025-09-20 19:56:08,514 - database_manager - INFO - Parse debates XML-Datei: debates2017-10-25a.xml
2025-09-20 19:56:08,515 - database_manager - INFO - Debates XML erfolgreich geparst: 0 Debatten, 0 Reden, 0 Wörter
2025-09-20 19:56:08,515 - database_manager - INFO - Verarbeite Datei 2731/2945: debates2017-12-18a.xml
2025-09-20 19:56:08,515 - database_manager - INFO - Parse debates XML-Datei: debates2017-12-18a.xml
2025-09-20 19:56:08,516 - database_manager - INFO - Debates XML erfolgreich geparst: 0 Debatten, 0 Reden, 0 Wörter
2025-09-20 19:56:08,516 - database_manager - INFO - Verarbeite Datei 2732/2945: debates2021-09-20b.xml
2025-09-20 19:56:08,516 - database_manager - INFO - Parse debates XML-Datei: debates2021-09-20b.xml
2025-09-20 19:56:08,539 - database_manager - INFO - Debates XML erfolgreich geparst: 18 Debatten, 414 Reden, 51836 Wörter
2025-09-20 19:56:08,539 - database_manager - INFO - Verarbeite Datei 2733/2945: debates2012-02-23a.xml
2025-09-20 19:56:08,539 - database_manager - INFO - Parse debates XML-Datei: debates2012-02-23a.xml
2025-09-20 19:56:08,552 - database_manager - INFO - Debates XML erfolgreich geparst: 28 Debatten, 427 Reden, 46925 Wörter
2025-09-20 19:56:08,552 - database_manager - INFO - Verarbeite Datei 2734/2945: debates2014-07-22c.xml
2025-09-20 19:56:08,552 - database_manager - INFO - Parse debates XML-Datei: debates2014-07-22c.xml
2025-09-20 19:56:08,568 - database_manager - INFO - Debates XML erfolgreich geparst: 23 Debatten, 358 Reden, 64196 Wörter
2025-09-20 19:56:08,568 - database_manager - INFO - Verarbeite Datei 2735/2945: debates2019-02-21a.xml
2025-09-20 19:56:08,568 - database_manager - INFO - Parse debates XML-Datei: debates2019-02-21a.xml
2025-09-20 19:56:08,583 - database_manager - INFO - Debates XML erfolgreich geparst: 24 Debatten, 451 Reden, 59033 Wörter
2025-09-20 19:56:08,584 - database_manager - INFO - Verarbeite Datei 2736/2945: debates2020-11-04b.xml
2025-09-20 19:56:08,584 - database_manager - INFO - Parse debates XML-Datei: debates2020-11-04b.xml
2025-09-20 19:56:08,585 - database_manager - INFO - Debates XML erfolgreich geparst: 0 Debatten, 0 Reden, 0 Wörter
2025-09-20 19:56:08,585 - database_manager - INFO - Verarbeite Datei 2737/2945: debates2013-06-24a.xml
2025-09-20 19:56:08,585 - database_manager - INFO - Parse debates XML-Datei: debates2013-06-24a.xml
2025-09-20 19:56:08,586 - database_manager - INFO - Debates XML erfolgreich geparst: 0 Debatten, 0 Reden, 0 Wörter
2025-09-20 19:56:08,586 - database_manager - INFO - Verarbeite Datei 2738/2945: debates2016-05-03b.xml
2025-09-20 19:56:08,586 - database_manager - INFO - Parse debates XML-Datei: debates2016-05-03b.xml
2025-09-20 19:56:08,587 - database_manager - INFO - Debates XML erfolgreich geparst: 0 Debatten, 0 Reden, 0 Wörter
2025-09-20 19:56:08,587 - database_manager - INFO - Verarbeite Datei 2739/2945: debates2018-04-17b.xml
2025-09-20 19:56:08,587 - database_manager - INFO - Parse debates XML-Datei: debates2018-04-17b.xml
2025-09-20 19:56:08,605 - database_manager - INFO - Debates XML erfolgreich geparst: 17 Debatten, 596 Reden, 61901 Wörter
2025-09-20 19:56:08,605 - database_manager - INFO - Verarbeite Datei 2740/2945: debates2020-01-08a.xml
2025-09-20 19:56:08,605 - database_manager - INFO - Parse debates XML-Datei: debates2020-01-08a.xml
2025-09-20 19:56:08,606 - database_manager - INFO - Debates XML erfolgreich geparst: 0 Debatten, 0 Reden, 0 Wörter
2025-09-20 19:56:08,606 - database_manager - INFO - Verarbeite Datei 2741/2945: debates2019-01-31a.xml
2025-09-20 19:56:08,606 - database_manager - INFO - Parse debates XML-Datei: debates2019-01-31a.xml
2025-09-20 19:56:08,607 - database_manager - INFO - Debates XML erfolgreich geparst: 0 Debatten, 0 Reden, 0 Wörter
2025-09-20 19:56:08,607 - database_manager - INFO - Verarbeite Datei 2742/2945: debates2020-07-01c.xml
2025-09-20 19:56:08,607 - database_manager - INFO - Parse debates XML-Datei: debates2020-07-01c.xml
2025-09-20 19:56:08,608 - database_manager - INFO - Debates XML erfolgreich geparst: 0 Debatten, 0 Reden, 0 Wörter
2025-09-20 19:56:08,608 - database_manager - INFO - Verarbeite Datei 2743/2945: debates2013-07-09a.xml
2025-09-20 19:56:08,608 - database_manager - INFO - Parse debates XML-Datei: debates2013-07-09a.xml
2025-09-20 19:56:08,609 - database_manager - INFO - Debates XML erfolgreich geparst: 0 Debatten, 0 Reden, 0 Wörter
2025-09-20 19:56:08,609 - database_manager - INFO - Verarbeite Datei 2744/2945: debates2019-09-26c.xml
2025-09-20 19:56:08,609 - database_manager - INFO - Parse debates XML-Datei: debates2019-09-26c.xml
2025-09-20 19:56:08,617 - database_manager - INFO - Debates XML erfolgreich geparst: 2 Debatten, 204 Reden, 24241 Wörter
2025-09-20 19:56:08,617 - database_manager - INFO - Verarbeite Datei 2745/2945: debates2013-04-15b.xml
2025-09-20 19:56:08,617 - database_manager - INFO - Parse debates XML-Datei: debates2013-04-15b.xml
2025-09-20 19:56:08,637 - database_manager - INFO - Debates XML erfolgreich geparst: 23 Debatten, 459 Reden, 67104 Wörter
2025-09-20 19:56:08,639 - database_manager - INFO - Verarbeite Datei 2746/2945: debates2020-12-14b.xml
2025-09-20 19:56:08,639 - database_manager - INFO - Parse debates XML-Datei: debates2020-12-14b.xml
2025-09-20 19:56:08,665 - database_manager - INFO - Debates XML erfolgreich geparst: 20 Debatten, 401 Reden, 60709 Wörter
2025-09-20 19:56:08,665 - database_manager - INFO - Verarbeite Datei 2747/2945: debates2016-06-13b.xml
2025-09-20 19:56:08,665 - database_manager - INFO - Parse debates XML-Datei: debates2016-06-13b.xml
2025-09-20 19:56:09,423 - database_manager - INFO - Debates XML erfolgreich geparst: 69 Debatten, 419 Reden, 85849 Wörter
2025-09-20 19:56:09,424 - database_manager - INFO - Verarbeite Datei 2748/2945: debates2018-03-13b.xml
2025-09-20 19:56:09,424 - database_manager - INFO - Parse debates XML-Datei: debates2018-03-13b.xml
2025-09-20 19:56:09,425 - database_manager - INFO - Debates XML erfolgreich geparst: 0 Debatten, 0 Reden, 0 Wörter
2025-09-20 19:56:09,425 - database_manager - INFO - Verarbeite Datei 2749/2945: debates2015-03-05a.xml
2025-09-20 19:56:09,425 - database_manager - INFO - Parse debates XML-Datei: debates2015-03-05a.xml
2025-09-20 19:56:09,440 - database_manager - INFO - Debates XML erfolgreich geparst: 23 Debatten, 400 Reden, 60484 Wörter
2025-09-20 19:56:09,440 - database_manager - INFO - Verarbeite Datei 2750/2945: debates2015-02-24b.xml
2025-09-20 19:56:09,441 - database_manager - INFO - Parse debates XML-Datei: debates2015-02-24b.xml
2025-09-20 19:56:09,441 - database_manager - INFO - Debates XML erfolgreich geparst: 0 Debatten, 0 Reden, 0 Wörter
2025-09-20 19:56:09,441 - database_manager - INFO - Verarbeite Datei 2751/2945: debates2012-07-16b.xml
2025-09-20 19:56:09,441 - database_manager - INFO - Parse debates XML-Datei: debates2012-07-16b.xml
2025-09-20 19:56:09,442 - database_manager - INFO - Debates XML erfolgreich geparst: 0 Debatten, 0 Reden, 0 Wörter
2025-09-20 19:56:09,442 - database_manager - INFO - Verarbeite Datei 2752/2945: debates2021-11-17b.xml
2025-09-20 19:56:09,443 - database_manager - INFO - Parse debates XML-Datei: debates2021-11-17b.xml
2025-09-20 19:56:09,443 - database_manager - INFO - Debates XML erfolgreich geparst: 0 Debatten, 0 Reden, 0 Wörter
2025-09-20 19:56:09,443 - database_manager - INFO - Verarbeite Datei 2753/2945: debates2014-06-23b.xml
2025-09-20 19:56:09,444 - database_manager - INFO - Parse debates XML-Datei: debates2014-06-23b.xml
2025-09-20 19:56:09,464 - database_manager - INFO - Debates XML erfolgreich geparst: 50 Debatten, 479 Reden, 68193 Wörter
2025-09-20 19:56:09,464 - database_manager - INFO - Verarbeite Datei 2754/2945: debates2016-11-17b.xml
2025-09-20 19:56:09,464 - database_manager - INFO - Parse debates XML-Datei: debates2016-11-17b.xml
2025-09-20 19:56:09,482 - database_manager - INFO - Debates XML erfolgreich geparst: 18 Debatten, 439 Reden, 62785 Wörter
2025-09-20 19:56:09,482 - database_manager - INFO - Verarbeite Datei 2755/2945: debates2014-07-02a.xml
2025-09-20 19:56:09,482 - database_manager - INFO - Parse debates XML-Datei: debates2014-07-02a.xml
2025-09-20 19:56:09,484 - database_manager - INFO - Debates XML erfolgreich geparst: 0 Debatten, 0 Reden, 0 Wörter
2025-09-20 19:56:09,484 - database_manager - INFO - Verarbeite Datei 2756/2945: debates2019-04-08a.xml
2025-09-20 19:56:09,484 - database_manager - INFO - Parse debates XML-Datei: debates2019-04-08a.xml
2025-09-20 19:56:09,485 - database_manager - INFO - Debates XML erfolgreich geparst: 0 Debatten, 0 Reden, 0 Wörter
2025-09-20 19:56:09,485 - database_manager - INFO - Verarbeite Datei 2757/2945: debates2012-09-04a.xml
2025-09-20 19:56:09,485 - database_manager - INFO - Parse debates XML-Datei: debates2012-09-04a.xml
2025-09-20 19:56:09,495 - database_manager - INFO - Debates XML erfolgreich geparst: 19 Debatten, 214 Reden, 37437 Wörter
2025-09-20 19:56:09,496 - database_manager - INFO - Verarbeite Datei 2758/2945: debates2021-07-12c.xml
2025-09-20 19:56:09,496 - database_manager - INFO - Parse debates XML-Datei: debates2021-07-12c.xml
2025-09-20 19:56:09,514 - database_manager - INFO - Debates XML erfolgreich geparst: 16 Debatten, 363 Reden, 61096 Wörter
2025-09-20 19:56:09,514 - database_manager - INFO - Verarbeite Datei 2759/2945: debates2018-01-22a.xml
2025-09-20 19:56:09,514 - database_manager - INFO - Parse debates XML-Datei: debates2018-01-22a.xml
2025-09-20 19:56:09,527 - database_manager - INFO - Debates XML erfolgreich geparst: 22 Debatten, 387 Reden, 53279 Wörter
2025-09-20 19:56:09,527 - database_manager - INFO - Verarbeite Datei 2760/2945: debates2017-03-15c.xml
2025-09-20 19:56:09,527 - database_manager - INFO - Parse debates XML-Datei: debates2017-03-15c.xml
2025-09-20 19:56:09,547 - database_manager - INFO - Debates XML erfolgreich geparst: 19 Debatten, 560 Reden, 57959 Wörter
2025-09-20 19:56:09,548 - database_manager - INFO - Verarbeite Datei 2761/2945: debates2021-12-07b.xml
2025-09-20 19:56:09,548 - database_manager - INFO - Parse debates XML-Datei: debates2021-12-07b.xml
2025-09-20 19:56:09,549 - database_manager - INFO - Debates XML erfolgreich geparst: 0 Debatten, 0 Reden, 0 Wörter
2025-09-20 19:56:09,549 - database_manager - INFO - Verarbeite Datei 2762/2945: debates2018-11-22a.xml
2025-09-20 19:56:09,549 - database_manager - INFO - Parse debates XML-Datei: debates2018-11-22a.xml
2025-09-20 19:56:09,550 - database_manager - INFO - Debates XML erfolgreich geparst: 0 Debatten, 0 Reden, 0 Wörter
2025-09-20 19:56:09,550 - database_manager - INFO - Verarbeite Datei 2763/2945: debates2015-10-15a.xml
2025-09-20 19:56:09,550 - database_manager - INFO - Parse debates XML-Datei: debates2015-10-15a.xml
2025-09-20 19:56:09,562 - database_manager - INFO - Debates XML erfolgreich geparst: 24 Debatten, 374 Reden, 41145 Wörter
2025-09-20 19:56:09,562 - database_manager - INFO - Verarbeite Datei 2764/2945: debates2020-10-08d.xml
2025-09-20 19:56:09,562 - database_manager - INFO - Parse debates XML-Datei: debates2020-10-08d.xml
2025-09-20 19:56:09,579 - database_manager - INFO - Debates XML erfolgreich geparst: 17 Debatten, 356 Reden, 66441 Wörter
2025-09-20 19:56:09,579 - database_manager - INFO - Verarbeite Datei 2765/2945: debates2020-07-21a.xml
2025-09-20 19:56:09,579 - database_manager - INFO - Parse debates XML-Datei: debates2020-07-21a.xml
2025-09-20 19:56:09,580 - database_manager - INFO - Debates XML erfolgreich geparst: 0 Debatten, 0 Reden, 0 Wörter
2025-09-20 19:56:09,580 - database_manager - INFO - Verarbeite Datei 2766/2945: debates2013-11-20a.xml
2025-09-20 19:56:09,580 - database_manager - INFO - Parse debates XML-Datei: debates2013-11-20a.xml
2025-09-20 19:56:09,581 - database_manager - INFO - Debates XML erfolgreich geparst: 0 Debatten, 0 Reden, 0 Wörter
2025-09-20 19:56:09,582 - database_manager - INFO - Verarbeite Datei 2767/2945: debates2020-01-28c.xml
2025-09-20 19:56:09,582 - database_manager - INFO - Parse debates XML-Datei: debates2020-01-28c.xml
2025-09-20 19:56:09,595 - database_manager - INFO - Debates XML erfolgreich geparst: 15 Debatten, 414 Reden, 50468 Wörter
2025-09-20 19:56:09,595 - database_manager - INFO - Verarbeite Datei 2768/2945: debates2019-07-18a.xml
2025-09-20 19:56:09,596 - database_manager - INFO - Parse debates XML-Datei: debates2019-07-18a.xml
2025-09-20 19:56:09,612 - database_manager - INFO - Debates XML erfolgreich geparst: 19 Debatten, 461 Reden, 57163 Wörter
2025-09-20 19:56:09,612 - database_manager - INFO - Verarbeite Datei 2769/2945: debates2016-12-07b.xml
2025-09-20 19:56:09,612 - database_manager - INFO - Parse debates XML-Datei: debates2016-12-07b.xml
2025-09-20 19:56:09,634 - database_manager - INFO - Debates XML erfolgreich geparst: 13 Debatten, 554 Reden, 65205 Wörter
2025-09-20 19:56:09,635 - database_manager - INFO - Verarbeite Datei 2770/2945: debates2014-09-10b.xml
2025-09-20 19:56:09,635 - database_manager - INFO - Parse debates XML-Datei: debates2014-09-10b.xml
2025-09-20 19:56:09,656 - database_manager - INFO - Debates XML erfolgreich geparst: 23 Debatten, 479 Reden, 78920 Wörter
2025-09-20 19:56:09,656 - database_manager - INFO - Verarbeite Datei 2771/2945: debates2020-01-28a.xml
2025-09-20 19:56:09,656 - database_manager - INFO - Parse debates XML-Datei: debates2020-01-28a.xml
2025-09-20 19:56:09,657 - database_manager - INFO - Debates XML erfolgreich geparst: 0 Debatten, 0 Reden, 0 Wörter
2025-09-20 19:56:09,657 - database_manager - INFO - Verarbeite Datei 2772/2945: debates2019-01-11a.xml
2025-09-20 19:56:09,657 - database_manager - INFO - Parse debates XML-Datei: debates2019-01-11a.xml
2025-09-20 19:56:09,666 - database_manager - INFO - Debates XML erfolgreich geparst: 3 Debatten, 157 Reden, 42977 Wörter
2025-09-20 19:56:09,667 - database_manager - INFO - Verarbeite Datei 2773/2945: debates2020-07-21c.xml
2025-09-20 19:56:09,667 - database_manager - INFO - Parse debates XML-Datei: debates2020-07-21c.xml
2025-09-20 19:56:09,668 - database_manager - INFO - Debates XML erfolgreich geparst: 0 Debatten, 0 Reden, 0 Wörter
2025-09-20 19:56:09,668 - database_manager - INFO - Verarbeite Datei 2774/2945: debates2014-01-07b.xml
2025-09-20 19:56:09,668 - database_manager - INFO - Parse debates XML-Datei: debates2014-01-07b.xml
2025-09-20 19:56:09,683 - database_manager - INFO - Debates XML erfolgreich geparst: 17 Debatten, 425 Reden, 52673 Wörter
2025-09-20 19:56:09,684 - database_manager - INFO - Verarbeite Datei 2775/2945: debates2013-05-14a.xml
2025-09-20 19:56:09,684 - database_manager - INFO - Parse debates XML-Datei: debates2013-05-14a.xml
2025-09-20 19:56:09,703 - database_manager - INFO - Debates XML erfolgreich geparst: 21 Debatten, 472 Reden, 64613 Wörter
2025-09-20 19:56:09,703 - database_manager - INFO - Verarbeite Datei 2776/2945: debates2016-07-12a.xml
2025-09-20 19:56:09,703 - database_manager - INFO - Parse debates XML-Datei: debates2016-07-12a.xml
2025-09-20 19:56:09,704 - database_manager - INFO - Debates XML erfolgreich geparst: 1 Debatten, 2 Reden, 447 Wörter
2025-09-20 19:56:09,704 - database_manager - INFO - Verarbeite Datei 2777/2945: debates2012-11-13a.xml
2025-09-20 19:56:09,704 - database_manager - INFO - Parse debates XML-Datei: debates2012-11-13a.xml
2025-09-20 19:56:09,720 - database_manager - INFO - Debates XML erfolgreich geparst: 21 Debatten, 432 Reden, 63530 Wörter
2025-09-20 19:56:09,720 - database_manager - INFO - Verarbeite Datei 2778/2945: debates2021-07-12a.xml
2025-09-20 19:56:09,720 - database_manager - INFO - Parse debates XML-Datei: debates2021-07-12a.xml
2025-09-20 19:56:09,721 - database_manager - INFO - Debates XML erfolgreich geparst: 0 Debatten, 0 Reden, 0 Wörter
2025-09-20 19:56:09,721 - database_manager - INFO - Verarbeite Datei 2779/2945: debates2017-11-28a.xml
2025-09-20 19:56:09,721 - database_manager - INFO - Parse debates XML-Datei: debates2017-11-28a.xml
2025-09-20 19:56:09,722 - database_manager - INFO - Debates XML erfolgreich geparst: 0 Debatten, 0 Reden, 0 Wörter
2025-09-20 19:56:09,722 - database_manager - INFO - Verarbeite Datei 2780/2945: debates2017-10-09b.xml
2025-09-20 19:56:09,722 - database_manager - INFO - Parse debates XML-Datei: debates2017-10-09b.xml
2025-09-20 19:56:09,723 - database_manager - INFO - Debates XML erfolgreich geparst: 0 Debatten, 0 Reden, 0 Wörter
2025-09-20 19:56:09,723 - database_manager - INFO - Verarbeite Datei 2781/2945: debates2018-05-16a.xml
2025-09-20 19:56:09,723 - database_manager - INFO - Parse debates XML-Datei: debates2018-05-16a.xml
2025-09-20 19:56:09,724 - database_manager - INFO - Debates XML erfolgreich geparst: 0 Debatten, 0 Reden, 0 Wörter
2025-09-20 19:56:09,724 - database_manager - INFO - Verarbeite Datei 2782/2945: debates2017-03-15a.xml
2025-09-20 19:56:09,724 - database_manager - INFO - Parse debates XML-Datei: debates2017-03-15a.xml
2025-09-20 19:56:09,725 - database_manager - INFO - Debates XML erfolgreich geparst: 0 Debatten, 0 Reden, 0 Wörter
2025-09-20 19:56:09,725 - database_manager - INFO - Verarbeite Datei 2783/2945: debates2019-04-08c.xml
2025-09-20 19:56:09,725 - database_manager - INFO - Parse debates XML-Datei: debates2019-04-08c.xml
2025-09-20 19:56:09,726 - database_manager - INFO - Debates XML erfolgreich geparst: 0 Debatten, 0 Reden, 0 Wörter
2025-09-20 19:56:09,726 - database_manager - INFO - Verarbeite Datei 2784/2945: debates2019-03-20b.xml
2025-09-20 19:56:09,726 - database_manager - INFO - Parse debates XML-Datei: debates2019-03-20b.xml
2025-09-20 19:56:09,749 - database_manager - INFO - Debates XML erfolgreich geparst: 24 Debatten, 679 Reden, 74104 Wörter
2025-09-20 19:56:09,750 - database_manager - INFO - Verarbeite Datei 2785/2945: debates2020-11-24b.xml
2025-09-20 19:56:09,750 - database_manager - INFO - Parse debates XML-Datei: debates2020-11-24b.xml
2025-09-20 19:56:09,751 - database_manager - INFO - Debates XML erfolgreich geparst: 0 Debatten, 0 Reden, 0 Wörter
2025-09-20 19:56:09,751 - database_manager - INFO - Verarbeite Datei 2786/2945: debates2020-10-05a.xml
2025-09-20 19:56:09,751 - database_manager - INFO - Parse debates XML-Datei: debates2020-10-05a.xml
2025-09-20 19:56:09,752 - database_manager - INFO - Debates XML erfolgreich geparst: 0 Debatten, 0 Reden, 0 Wörter
2025-09-20 19:56:09,752 - database_manager - INFO - Verarbeite Datei 2787/2945: debates2013-06-04a.xml
2025-09-20 19:56:09,752 - database_manager - INFO - Parse debates XML-Datei: debates2013-06-04a.xml
2025-09-20 19:56:09,753 - database_manager - INFO - Debates XML erfolgreich geparst: 0 Debatten, 0 Reden, 0 Wörter
2025-09-20 19:56:09,753 - database_manager - INFO - Verarbeite Datei 2788/2945: debates2014-12-17b.xml
2025-09-20 19:56:09,753 - database_manager - INFO - Parse debates XML-Datei: debates2014-12-17b.xml
2025-09-20 19:56:09,772 - database_manager - INFO - Debates XML erfolgreich geparst: 14 Debatten, 551 Reden, 63413 Wörter
2025-09-20 19:56:09,772 - database_manager - INFO - Verarbeite Datei 2789/2945: debates2021-11-16d.xml
2025-09-20 19:56:09,772 - database_manager - INFO - Parse debates XML-Datei: debates2021-11-16d.xml
2025-09-20 19:56:09,786 - database_manager - INFO - Debates XML erfolgreich geparst: 16 Debatten, 329 Reden, 53073 Wörter
2025-09-20 19:56:09,786 - database_manager - INFO - Verarbeite Datei 2790/2945: debates2012-12-03a.xml
2025-09-20 19:56:09,786 - database_manager - INFO - Parse debates XML-Datei: debates2012-12-03a.xml
2025-09-20 19:56:09,805 - database_manager - INFO - Debates XML erfolgreich geparst: 27 Debatten, 461 Reden, 61122 Wörter
2025-09-20 19:56:09,806 - database_manager - INFO - Verarbeite Datei 2791/2945: debates2018-06-06a.xml
2025-09-20 19:56:09,806 - database_manager - INFO - Parse debates XML-Datei: debates2018-06-06a.xml
2025-09-20 19:56:09,807 - database_manager - INFO - Debates XML erfolgreich geparst: 0 Debatten, 0 Reden, 0 Wörter
2025-09-20 19:56:09,807 - database_manager - INFO - Verarbeite Datei 2792/2945: debates2015-06-10b.xml
2025-09-20 19:56:09,807 - database_manager - INFO - Parse debates XML-Datei: debates2015-06-10b.xml
2025-09-20 19:56:09,825 - database_manager - INFO - Debates XML erfolgreich geparst: 13 Debatten, 529 Reden, 63941 Wörter
2025-09-20 19:56:09,825 - database_manager - INFO - Verarbeite Datei 2793/2945: debates2012-03-22b.xml
2025-09-20 19:56:09,825 - database_manager - INFO - Parse debates XML-Datei: debates2012-03-22b.xml
2025-09-20 19:56:09,845 - database_manager - INFO - Debates XML erfolgreich geparst: 19 Debatten, 591 Reden, 65404 Wörter
2025-09-20 19:56:09,845 - database_manager - INFO - Verarbeite Datei 2794/2945: debates2017-01-24b.xml
2025-09-20 19:56:09,845 - database_manager - INFO - Parse debates XML-Datei: debates2017-01-24b.xml
2025-09-20 19:56:09,862 - database_manager - INFO - Debates XML erfolgreich geparst: 24 Debatten, 529 Reden, 59456 Wörter
2025-09-20 19:56:09,863 - database_manager - INFO - Verarbeite Datei 2795/2945: debates2020-07-01a.xml
2025-09-20 19:56:09,863 - database_manager - INFO - Parse debates XML-Datei: debates2020-07-01a.xml
2025-09-20 19:56:09,864 - database_manager - INFO - Debates XML erfolgreich geparst: 0 Debatten, 0 Reden, 0 Wörter
2025-09-20 19:56:09,864 - database_manager - INFO - Verarbeite Datei 2796/2945: debates2019-01-31c.xml
2025-09-20 19:56:09,864 - database_manager - INFO - Parse debates XML-Datei: debates2019-01-31c.xml
2025-09-20 19:56:09,881 - database_manager - INFO - Debates XML erfolgreich geparst: 20 Debatten, 530 Reden, 64550 Wörter
2025-09-20 19:56:09,881 - database_manager - INFO - Verarbeite Datei 2797/2945: debates2020-01-08c.xml
2025-09-20 19:56:09,882 - database_manager - INFO - Parse debates XML-Datei: debates2020-01-08c.xml
2025-09-20 19:56:09,886 - database_manager - INFO - Debates XML erfolgreich geparst: 0 Debatten, 0 Reden, 0 Wörter
2025-09-20 19:56:09,886 - database_manager - INFO - Verarbeite Datei 2798/2945: debates2019-04-24b.xml
2025-09-20 19:56:09,886 - database_manager - INFO - Parse debates XML-Datei: debates2019-04-24b.xml
2025-09-20 19:56:09,902 - database_manager - INFO - Debates XML erfolgreich geparst: 10 Debatten, 418 Reden, 61420 Wörter
2025-09-20 19:56:09,903 - database_manager - INFO - Verarbeite Datei 2799/2945: debates2013-07-09c.xml
2025-09-20 19:56:09,903 - database_manager - INFO - Parse debates XML-Datei: debates2013-07-09c.xml
2025-09-20 19:56:09,926 - database_manager - INFO - Debates XML erfolgreich geparst: 36 Debatten, 621 Reden, 80573 Wörter
2025-09-20 19:56:09,926 - database_manager - INFO - Verarbeite Datei 2800/2945: debates2019-09-26a.xml
2025-09-20 19:56:09,926 - database_manager - INFO - Parse debates XML-Datei: debates2019-09-26a.xml
2025-09-20 19:56:09,927 - database_manager - INFO - Debates XML erfolgreich geparst: 0 Debatten, 0 Reden, 0 Wörter
2025-09-20 19:56:09,927 - database_manager - INFO - Verarbeite Datei 2801/2945: debates2018-10-23b.xml
2025-09-20 19:56:09,927 - database_manager - INFO - Parse debates XML-Datei: debates2018-10-23b.xml
2025-09-20 19:56:09,930 - database_manager - INFO - Debates XML erfolgreich geparst: 0 Debatten, 0 Reden, 0 Wörter
2025-09-20 19:56:09,931 - database_manager - INFO - Verarbeite Datei 2802/2945: debates2015-12-08a.xml
2025-09-20 19:56:09,931 - database_manager - INFO - Parse debates XML-Datei: debates2015-12-08a.xml
2025-09-20 19:56:09,946 - database_manager - INFO - Debates XML erfolgreich geparst: 29 Debatten, 461 Reden, 59602 Wörter
2025-09-20 19:56:09,947 - database_manager - INFO - Verarbeite Datei 2803/2945: debates2013-12-10a.xml
2025-09-20 19:56:09,947 - database_manager - INFO - Parse debates XML-Datei: debates2013-12-10a.xml
2025-09-20 19:56:09,948 - database_manager - INFO - Debates XML erfolgreich geparst: 0 Debatten, 0 Reden, 0 Wörter
2025-09-20 19:56:09,948 - database_manager - INFO - Verarbeite Datei 2804/2945: debates2014-07-22a.xml
2025-09-20 19:56:09,948 - database_manager - INFO - Parse debates XML-Datei: debates2014-07-22a.xml
2025-09-20 19:56:09,949 - database_manager - INFO - Debates XML erfolgreich geparst: 0 Debatten, 0 Reden, 0 Wörter
2025-09-20 19:56:09,949 - database_manager - INFO - Verarbeite Datei 2805/2945: debates2019-05-09b.xml
2025-09-20 19:56:09,949 - database_manager - INFO - Parse debates XML-Datei: debates2019-05-09b.xml
2025-09-20 19:56:09,965 - database_manager - INFO - Debates XML erfolgreich geparst: 22 Debatten, 407 Reden, 64994 Wörter
2025-09-20 19:56:09,965 - database_manager - INFO - Verarbeite Datei 2806/2945: debates2015-03-25a.xml
2025-09-20 19:56:09,965 - database_manager - INFO - Parse debates XML-Datei: debates2015-03-25a.xml
2025-09-20 19:56:09,966 - database_manager - INFO - Debates XML erfolgreich geparst: 0 Debatten, 0 Reden, 0 Wörter
2025-09-20 19:56:09,966 - database_manager - INFO - Verarbeite Datei 2807/2945: debates2017-09-13b.xml
2025-09-20 19:56:09,966 - database_manager - INFO - Parse debates XML-Datei: debates2017-09-13b.xml
2025-09-20 19:56:09,986 - database_manager - INFO - Debates XML erfolgreich geparst: 15 Debatten, 549 Reden, 63037 Wörter
2025-09-20 19:56:09,986 - database_manager - INFO - Verarbeite Datei 2808/2945: debates2015-02-04b.xml
2025-09-20 19:56:09,986 - database_manager - INFO - Parse debates XML-Datei: debates2015-02-04b.xml
2025-09-20 19:56:10,005 - database_manager - INFO - Debates XML erfolgreich geparst: 19 Debatten, 577 Reden, 62856 Wörter
2025-09-20 19:56:10,005 - database_manager - INFO - Verarbeite Datei 2809/2945: debates2015-12-04b.xml
2025-09-20 19:56:10,005 - database_manager - INFO - Parse debates XML-Datei: debates2015-12-04b.xml
2025-09-20 19:56:10,014 - database_manager - INFO - Debates XML erfolgreich geparst: 6 Debatten, 179 Reden, 36368 Wörter
2025-09-20 19:56:10,014 - database_manager - INFO - Verarbeite Datei 2810/2945: debates2015-11-18a.xml
2025-09-20 19:56:10,014 - database_manager - INFO - Parse debates XML-Datei: debates2015-11-18a.xml
2025-09-20 19:56:10,033 - database_manager - INFO - Debates XML erfolgreich geparst: 17 Debatten, 544 Reden, 63243 Wörter
2025-09-20 19:56:10,033 - database_manager - INFO - Verarbeite Datei 2811/2945: debates2018-12-12a.xml
2025-09-20 19:56:10,033 - database_manager - INFO - Parse debates XML-Datei: debates2018-12-12a.xml
2025-09-20 19:56:10,034 - database_manager - INFO - Debates XML erfolgreich geparst: 0 Debatten, 0 Reden, 0 Wörter
2025-09-20 19:56:10,034 - database_manager - INFO - Verarbeite Datei 2812/2945: debates2019-09-30a.xml
2025-09-20 19:56:10,034 - database_manager - INFO - Parse debates XML-Datei: debates2019-09-30a.xml
2025-09-20 19:56:10,035 - database_manager - INFO - Debates XML erfolgreich geparst: 0 Debatten, 0 Reden, 0 Wörter
2025-09-20 19:56:10,035 - database_manager - INFO - Verarbeite Datei 2813/2945: debates2016-03-10a.xml
2025-09-20 19:56:10,035 - database_manager - INFO - Parse debates XML-Datei: debates2016-03-10a.xml
2025-09-20 19:56:10,036 - database_manager - INFO - Debates XML erfolgreich geparst: 0 Debatten, 0 Reden, 0 Wörter
2025-09-20 19:56:10,036 - database_manager - INFO - Verarbeite Datei 2814/2945: debates2020-02-03d.xml
2025-09-20 19:56:10,036 - database_manager - INFO - Parse debates XML-Datei: debates2020-02-03d.xml
2025-09-20 19:56:10,056 - database_manager - INFO - Debates XML erfolgreich geparst: 19 Debatten, 508 Reden, 70262 Wörter
2025-09-20 19:56:10,057 - database_manager - INFO - Verarbeite Datei 2815/2945: debates2013-01-16a.xml
2025-09-20 19:56:10,057 - database_manager - INFO - Parse debates XML-Datei: debates2013-01-16a.xml
2025-09-20 19:56:10,076 - database_manager - INFO - Debates XML erfolgreich geparst: 19 Debatten, 505 Reden, 63922 Wörter
2025-09-20 19:56:10,076 - database_manager - INFO - Verarbeite Datei 2816/2945: debates2020-09-09a.xml
2025-09-20 19:56:10,076 - database_manager - INFO - Parse debates XML-Datei: debates2020-09-09a.xml
2025-09-20 19:56:10,078 - database_manager - INFO - Debates XML erfolgreich geparst: 0 Debatten, 0 Reden, 0 Wörter
2025-09-20 19:56:10,078 - database_manager - INFO - Verarbeite Datei 2817/2945: debates2014-06-19a.xml
2025-09-20 19:56:10,078 - database_manager - INFO - Parse debates XML-Datei: debates2014-06-19a.xml
2025-09-20 19:56:10,092 - database_manager - INFO - Debates XML erfolgreich geparst: 15 Debatten, 351 Reden, 61837 Wörter
2025-09-20 19:56:10,093 - database_manager - INFO - Verarbeite Datei 2818/2945: debates2019-05-13a.xml
2025-09-20 19:56:10,093 - database_manager - INFO - Parse debates XML-Datei: debates2019-05-13a.xml
2025-09-20 19:56:10,101 - database_manager - INFO - Debates XML erfolgreich geparst: 24 Debatten, 283 Reden, 29975 Wörter
2025-09-20 19:56:10,101 - database_manager - INFO - Verarbeite Datei 2819/2945: debates2020-12-03d.xml
2025-09-20 19:56:10,101 - database_manager - INFO - Parse debates XML-Datei: debates2020-12-03d.xml
2025-09-20 19:56:10,119 - database_manager - INFO - Debates XML erfolgreich geparst: 17 Debatten, 423 Reden, 62705 Wörter
2025-09-20 19:56:10,120 - database_manager - INFO - Verarbeite Datei 2820/2945: debates2017-07-17a.xml
2025-09-20 19:56:10,120 - database_manager - INFO - Parse debates XML-Datei: debates2017-07-17a.xml
2025-09-20 19:56:10,122 - database_manager - INFO - Debates XML erfolgreich geparst: 0 Debatten, 0 Reden, 0 Wörter
2025-09-20 19:56:10,122 - database_manager - INFO - Verarbeite Datei 2821/2945: debates2015-11-02b.xml
2025-09-20 19:56:10,122 - database_manager - INFO - Parse debates XML-Datei: debates2015-11-02b.xml
2025-09-20 19:56:10,144 - database_manager - INFO - Debates XML erfolgreich geparst: 15 Debatten, 463 Reden, 67619 Wörter
2025-09-20 19:56:10,144 - database_manager - INFO - Verarbeite Datei 2822/2945: debates2015-10-23a.xml
2025-09-20 19:56:10,144 - database_manager - INFO - Parse debates XML-Datei: debates2015-10-23a.xml
2025-09-20 19:56:10,145 - database_manager - INFO - Debates XML erfolgreich geparst: 0 Debatten, 0 Reden, 0 Wörter
2025-09-20 19:56:10,145 - database_manager - INFO - Verarbeite Datei 2823/2945: debates2018-11-14a.xml
2025-09-20 19:56:10,145 - database_manager - INFO - Parse debates XML-Datei: debates2018-11-14a.xml
2025-09-20 19:56:10,146 - database_manager - INFO - Debates XML erfolgreich geparst: 0 Debatten, 0 Reden, 0 Wörter
2025-09-20 19:56:10,146 - database_manager - INFO - Verarbeite Datei 2824/2945: debates2018-02-08b.xml
2025-09-20 19:56:10,146 - database_manager - INFO - Parse debates XML-Datei: debates2018-02-08b.xml
2025-09-20 19:56:10,147 - database_manager - INFO - Debates XML erfolgreich geparst: 0 Debatten, 0 Reden, 0 Wörter
2025-09-20 19:56:10,147 - database_manager - INFO - Verarbeite Datei 2825/2945: debates2018-03-29a.xml
2025-09-20 19:56:10,147 - database_manager - INFO - Parse debates XML-Datei: debates2018-03-29a.xml
2025-09-20 19:56:10,148 - database_manager - INFO - Debates XML erfolgreich geparst: 0 Debatten, 0 Reden, 0 Wörter
2025-09-20 19:56:10,148 - database_manager - INFO - Verarbeite Datei 2826/2945: debates2021-05-19c.xml
2025-09-20 19:56:10,148 - database_manager - INFO - Parse debates XML-Datei: debates2021-05-19c.xml
2025-09-20 19:56:10,149 - database_manager - INFO - Debates XML erfolgreich geparst: 0 Debatten, 0 Reden, 0 Wörter
2025-09-20 19:56:10,149 - database_manager - INFO - Verarbeite Datei 2827/2945: debates2021-03-10a.xml
2025-09-20 19:56:10,149 - database_manager - INFO - Parse debates XML-Datei: debates2021-03-10a.xml
2025-09-20 19:56:10,149 - database_manager - INFO - Debates XML erfolgreich geparst: 0 Debatten, 0 Reden, 0 Wörter
2025-09-20 19:56:10,149 - database_manager - INFO - Verarbeite Datei 2828/2945: debates2016-01-21b.xml
2025-09-20 19:56:10,149 - database_manager - INFO - Parse debates XML-Datei: debates2016-01-21b.xml
2025-09-20 19:56:10,167 - database_manager - INFO - Debates XML erfolgreich geparst: 15 Debatten, 465 Reden, 66048 Wörter
2025-09-20 19:56:10,168 - database_manager - INFO - Verarbeite Datei 2829/2945: debates2013-02-06a.xml
2025-09-20 19:56:10,168 - database_manager - INFO - Parse debates XML-Datei: debates2013-02-06a.xml
2025-09-20 19:56:10,185 - database_manager - INFO - Debates XML erfolgreich geparst: 22 Debatten, 542 Reden, 63919 Wörter
2025-09-20 19:56:10,186 - database_manager - INFO - Verarbeite Datei 2830/2945: debates2019-07-22b.xml
2025-09-20 19:56:10,186 - database_manager - INFO - Parse debates XML-Datei: debates2019-07-22b.xml
2025-09-20 19:56:10,186 - database_manager - INFO - Debates XML erfolgreich geparst: 0 Debatten, 0 Reden, 0 Wörter
2025-09-20 19:56:10,186 - database_manager - INFO - Verarbeite Datei 2831/2945: debates2016-11-21b.xml
2025-09-20 19:56:10,186 - database_manager - INFO - Parse debates XML-Datei: debates2016-11-21b.xml
2025-09-20 19:56:10,203 - database_manager - INFO - Debates XML erfolgreich geparst: 42 Debatten, 411 Reden, 58600 Wörter
2025-09-20 19:56:10,204 - database_manager - INFO - Verarbeite Datei 2832/2945: debates2018-12-04a.xml
2025-09-20 19:56:10,204 - database_manager - INFO - Parse debates XML-Datei: debates2018-12-04a.xml
2025-09-20 19:56:10,206 - database_manager - INFO - Debates XML erfolgreich geparst: 0 Debatten, 0 Reden, 0 Wörter
2025-09-20 19:56:10,206 - database_manager - INFO - Verarbeite Datei 2833/2945: debates2017-09-05b.xml
2025-09-20 19:56:10,206 - database_manager - INFO - Parse debates XML-Datei: debates2017-09-05b.xml
2025-09-20 19:56:10,226 - database_manager - INFO - Debates XML erfolgreich geparst: 92 Debatten, 642 Reden, 62931 Wörter
2025-09-20 19:56:10,226 - database_manager - INFO - Verarbeite Datei 2834/2945: debates2021-06-09c.xml
2025-09-20 19:56:10,226 - database_manager - INFO - Parse debates XML-Datei: debates2021-06-09c.xml
2025-09-20 19:56:10,243 - database_manager - INFO - Debates XML erfolgreich geparst: 17 Debatten, 348 Reden, 65565 Wörter
2025-09-20 19:56:10,244 - database_manager - INFO - Verarbeite Datei 2835/2945: debates2021-01-21b.xml
2025-09-20 19:56:10,244 - database_manager - INFO - Parse debates XML-Datei: debates2021-01-21b.xml
2025-09-20 19:56:10,245 - database_manager - INFO - Debates XML erfolgreich geparst: 0 Debatten, 0 Reden, 0 Wörter
2025-09-20 19:56:10,245 - database_manager - INFO - Verarbeite Datei 2836/2945: debates2020-09-29c.xml
2025-09-20 19:56:10,245 - database_manager - INFO - Parse debates XML-Datei: debates2020-09-29c.xml
2025-09-20 19:56:10,246 - database_manager - INFO - Debates XML erfolgreich geparst: 0 Debatten, 0 Reden, 0 Wörter
2025-09-20 19:56:10,246 - database_manager - INFO - Verarbeite Datei 2837/2945: debates2014-10-30a.xml
2025-09-20 19:56:10,246 - database_manager - INFO - Parse debates XML-Datei: debates2014-10-30a.xml
2025-09-20 19:56:10,262 - database_manager - INFO - Debates XML erfolgreich geparst: 23 Debatten, 464 Reden, 65211 Wörter
2025-09-20 19:56:10,262 - database_manager - INFO - Verarbeite Datei 2838/2945: debates2016-04-18b.xml
2025-09-20 19:56:10,262 - database_manager - INFO - Parse debates XML-Datei: debates2016-04-18b.xml
2025-09-20 19:56:10,263 - database_manager - INFO - Debates XML erfolgreich geparst: 0 Debatten, 0 Reden, 0 Wörter
2025-09-20 19:56:10,263 - database_manager - INFO - Verarbeite Datei 2839/2945: debates2016-07-04a.xml
2025-09-20 19:56:10,263 - database_manager - INFO - Parse debates XML-Datei: debates2016-07-04a.xml
2025-09-20 19:56:10,280 - database_manager - INFO - Debates XML erfolgreich geparst: 43 Debatten, 457 Reden, 64608 Wörter
2025-09-20 19:56:10,280 - database_manager - INFO - Verarbeite Datei 2840/2945: debates2014-11-11b.xml
2025-09-20 19:56:10,280 - database_manager - INFO - Parse debates XML-Datei: debates2014-11-11b.xml
2025-09-20 19:56:10,281 - database_manager - INFO - Debates XML erfolgreich geparst: 0 Debatten, 0 Reden, 0 Wörter
2025-09-20 19:56:10,281 - database_manager - INFO - Verarbeite Datei 2841/2945: debates2020-06-17d.xml
2025-09-20 19:56:10,281 - database_manager - INFO - Parse debates XML-Datei: debates2020-06-17d.xml
2025-09-20 19:56:10,282 - database_manager - INFO - Debates XML erfolgreich geparst: 0 Debatten, 0 Reden, 0 Wörter
2025-09-20 19:56:10,282 - database_manager - INFO - Verarbeite Datei 2842/2945: debates2019-01-07a.xml
2025-09-20 19:56:10,282 - database_manager - INFO - Parse debates XML-Datei: debates2019-01-07a.xml
2025-09-20 19:56:10,283 - database_manager - INFO - Debates XML erfolgreich geparst: 0 Debatten, 0 Reden, 0 Wörter
2025-09-20 19:56:10,283 - database_manager - INFO - Verarbeite Datei 2843/2945: debates2020-03-03a.xml
2025-09-20 19:56:10,283 - database_manager - INFO - Parse debates XML-Datei: debates2020-03-03a.xml
2025-09-20 19:56:10,283 - database_manager - INFO - Debates XML erfolgreich geparst: 0 Debatten, 0 Reden, 0 Wörter
2025-09-20 19:56:10,283 - database_manager - INFO - Verarbeite Datei 2844/2945: debates2012-10-24b.xml
2025-09-20 19:56:10,283 - database_manager - INFO - Parse debates XML-Datei: debates2012-10-24b.xml
2025-09-20 19:56:10,284 - database_manager - INFO - Debates XML erfolgreich geparst: 0 Debatten, 0 Reden, 0 Wörter
2025-09-20 19:56:10,284 - database_manager - INFO - Verarbeite Datei 2845/2945: debates2012-11-05a.xml
2025-09-20 19:56:10,284 - database_manager - INFO - Parse debates XML-Datei: debates2012-11-05a.xml
2025-09-20 19:56:10,285 - database_manager - INFO - Debates XML erfolgreich geparst: 0 Debatten, 0 Reden, 0 Wörter
2025-09-20 19:56:10,285 - database_manager - INFO - Verarbeite Datei 2846/2945: debates2016-06-29a.xml
2025-09-20 19:56:10,285 - database_manager - INFO - Parse debates XML-Datei: debates2016-06-29a.xml
2025-09-20 19:56:10,286 - database_manager - INFO - Debates XML erfolgreich geparst: 0 Debatten, 0 Reden, 0 Wörter
2025-09-20 19:56:10,286 - database_manager - INFO - Verarbeite Datei 2847/2945: debates2016-04-14a.xml
2025-09-20 19:56:10,286 - database_manager - INFO - Parse debates XML-Datei: debates2016-04-14a.xml
2025-09-20 19:56:10,287 - database_manager - INFO - Debates XML erfolgreich geparst: 0 Debatten, 0 Reden, 0 Wörter
2025-09-20 19:56:10,287 - database_manager - INFO - Verarbeite Datei 2848/2945: debates2014-12-01b.xml
2025-09-20 19:56:10,287 - database_manager - INFO - Parse debates XML-Datei: debates2014-12-01b.xml
2025-09-20 19:56:10,303 - database_manager - INFO - Debates XML erfolgreich geparst: 29 Debatten, 488 Reden, 54278 Wörter
2025-09-20 19:56:10,304 - database_manager - INFO - Verarbeite Datei 2849/2945: debates2019-12-17a.xml
2025-09-20 19:56:10,304 - database_manager - INFO - Parse debates XML-Datei: debates2019-12-17a.xml
2025-09-20 19:56:10,304 - database_manager - INFO - Debates XML erfolgreich geparst: 0 Debatten, 0 Reden, 0 Wörter
2025-09-20 19:56:10,304 - database_manager - INFO - Verarbeite Datei 2850/2945: debates2014-04-09d.xml
2025-09-20 19:56:10,304 - database_manager - INFO - Parse debates XML-Datei: debates2014-04-09d.xml
2025-09-20 19:56:10,322 - database_manager - INFO - Debates XML erfolgreich geparst: 21 Debatten, 460 Reden, 61561 Wörter
2025-09-20 19:56:10,323 - database_manager - INFO - Verarbeite Datei 2851/2945: debates2013-06-12a.xml
2025-09-20 19:56:10,323 - database_manager - INFO - Parse debates XML-Datei: debates2013-06-12a.xml
2025-09-20 19:56:10,341 - database_manager - INFO - Debates XML erfolgreich geparst: 17 Debatten, 471 Reden, 62085 Wörter
2025-09-20 19:56:10,341 - database_manager - INFO - Verarbeite Datei 2852/2945: debates2020-10-13a.xml
2025-09-20 19:56:10,341 - database_manager - INFO - Parse debates XML-Datei: debates2020-10-13a.xml
2025-09-20 19:56:10,342 - database_manager - INFO - Debates XML erfolgreich geparst: 3 Debatten, 0 Reden, 0 Wörter
2025-09-20 19:56:10,343 - database_manager - INFO - Verarbeite Datei 2853/2945: debates2014-03-20a.xml
2025-09-20 19:56:10,343 - database_manager - INFO - Parse debates XML-Datei: debates2014-03-20a.xml
2025-09-20 19:56:10,343 - database_manager - INFO - Debates XML erfolgreich geparst: 0 Debatten, 0 Reden, 0 Wörter
2025-09-20 19:56:10,343 - database_manager - INFO - Verarbeite Datei 2854/2945: debates2020-09-24d.xml
2025-09-20 19:56:10,343 - database_manager - INFO - Parse debates XML-Datei: debates2020-09-24d.xml
2025-09-20 19:56:10,359 - database_manager - INFO - Debates XML erfolgreich geparst: 23 Debatten, 446 Reden, 63779 Wörter
2025-09-20 19:56:10,360 - database_manager - INFO - Verarbeite Datei 2855/2945: debates2021-10-20c.xml
2025-09-20 19:56:10,360 - database_manager - INFO - Parse debates XML-Datei: debates2021-10-20c.xml
2025-09-20 19:56:10,376 - database_manager - INFO - Debates XML erfolgreich geparst: 24 Debatten, 395 Reden, 64800 Wörter
2025-09-20 19:56:10,377 - database_manager - INFO - Verarbeite Datei 2856/2945: debates2021-09-16b.xml
2025-09-20 19:56:10,377 - database_manager - INFO - Parse debates XML-Datei: debates2021-09-16b.xml
2025-09-20 19:56:10,393 - database_manager - INFO - Debates XML erfolgreich geparst: 18 Debatten, 379 Reden, 61798 Wörter
2025-09-20 19:56:10,394 - database_manager - INFO - Verarbeite Datei 2857/2945: debates2012-11-09b.xml
2025-09-20 19:56:10,394 - database_manager - INFO - Parse debates XML-Datei: debates2012-11-09b.xml
2025-09-20 19:56:10,404 - database_manager - INFO - Debates XML erfolgreich geparst: 18 Debatten, 207 Reden, 41257 Wörter
2025-09-20 19:56:10,404 - database_manager - INFO - Verarbeite Datei 2858/2945: debates2021-06-29a.xml
2025-09-20 19:56:10,404 - database_manager - INFO - Parse debates XML-Datei: debates2021-06-29a.xml
2025-09-20 19:56:10,405 - database_manager - INFO - Debates XML erfolgreich geparst: 0 Debatten, 0 Reden, 0 Wörter
2025-09-20 19:56:10,405 - database_manager - INFO - Verarbeite Datei 2859/2945: debates2021-04-14a.xml
2025-09-20 19:56:10,405 - database_manager - INFO - Parse debates XML-Datei: debates2021-04-14a.xml
2025-09-20 19:56:10,422 - database_manager - INFO - Debates XML erfolgreich geparst: 16 Debatten, 326 Reden, 63030 Wörter
2025-09-20 19:56:10,423 - database_manager - INFO - Verarbeite Datei 2860/2945: debates2018-03-05a.xml
2025-09-20 19:56:10,423 - database_manager - INFO - Parse debates XML-Datei: debates2018-03-05a.xml
2025-09-20 19:56:10,424 - database_manager - INFO - Debates XML erfolgreich geparst: 0 Debatten, 0 Reden, 0 Wörter
2025-09-20 19:56:10,424 - database_manager - INFO - Verarbeite Datei 2861/2945: debates2021-04-15d.xml
2025-09-20 19:56:10,424 - database_manager - INFO - Parse debates XML-Datei: debates2021-04-15d.xml
2025-09-20 19:56:10,441 - database_manager - INFO - Debates XML erfolgreich geparst: 29 Debatten, 329 Reden, 56121 Wörter
2025-09-20 19:56:10,442 - database_manager - INFO - Verarbeite Datei 2862/2945: debates2021-11-01a.xml
2025-09-20 19:56:10,442 - database_manager - INFO - Parse debates XML-Datei: debates2021-11-01a.xml
2025-09-20 19:56:10,442 - database_manager - INFO - Debates XML erfolgreich geparst: 0 Debatten, 0 Reden, 0 Wörter
2025-09-20 19:56:10,443 - database_manager - INFO - Verarbeite Datei 2863/2945: debates2021-10-20b.xml
2025-09-20 19:56:10,443 - database_manager - INFO - Parse debates XML-Datei: debates2021-10-20b.xml
2025-09-20 19:56:10,444 - database_manager - INFO - Debates XML erfolgreich geparst: 0 Debatten, 0 Reden, 0 Wörter
2025-09-20 19:56:10,444 - database_manager - INFO - Verarbeite Datei 2864/2945: debates2020-10-12d.xml
2025-09-20 19:56:10,444 - database_manager - INFO - Parse debates XML-Datei: debates2020-10-12d.xml
2025-09-20 19:56:10,462 - database_manager - INFO - Debates XML erfolgreich geparst: 31 Debatten, 527 Reden, 58968 Wörter
2025-09-20 19:56:10,463 - database_manager - INFO - Verarbeite Datei 2865/2945: debates2020-05-06a.xml
2025-09-20 19:56:10,463 - database_manager - INFO - Parse debates XML-Datei: debates2020-05-06a.xml
2025-09-20 19:56:10,471 - database_manager - INFO - Debates XML erfolgreich geparst: 12 Debatten, 246 Reden, 32711 Wörter
2025-09-20 19:56:10,471 - database_manager - INFO - Verarbeite Datei 2866/2945: debates2020-04-27b.xml
2025-09-20 19:56:10,471 - database_manager - INFO - Parse debates XML-Datei: debates2020-04-27b.xml
2025-09-20 19:56:10,483 - database_manager - INFO - Debates XML erfolgreich geparst: 14 Debatten, 242 Reden, 52383 Wörter
2025-09-20 19:56:10,483 - database_manager - INFO - Verarbeite Datei 2867/2945: debates2019-07-02a.xml
2025-09-20 19:56:10,483 - database_manager - INFO - Parse debates XML-Datei: debates2019-07-02a.xml
2025-09-20 19:56:10,500 - database_manager - INFO - Debates XML erfolgreich geparst: 23 Debatten, 448 Reden, 65553 Wörter
2025-09-20 19:56:10,501 - database_manager - INFO - Verarbeite Datei 2868/2945: debates2016-11-01a.xml
2025-09-20 19:56:10,501 - database_manager - INFO - Parse debates XML-Datei: debates2016-11-01a.xml
2025-09-20 19:56:10,514 - database_manager - INFO - Debates XML erfolgreich geparst: 23 Debatten, 460 Reden, 47527 Wörter
2025-09-20 19:56:10,514 - database_manager - INFO - Verarbeite Datei 2869/2945: debates2014-04-08a.xml
2025-09-20 19:56:10,514 - database_manager - INFO - Parse debates XML-Datei: debates2014-04-08a.xml
2025-09-20 19:56:10,515 - database_manager - INFO - Debates XML erfolgreich geparst: 1 Debatten, 0 Reden, 0 Wörter
2025-09-20 19:56:10,515 - database_manager - INFO - Verarbeite Datei 2870/2945: debates2020-09-25a.xml
2025-09-20 19:56:10,515 - database_manager - INFO - Parse debates XML-Datei: debates2020-09-25a.xml
2025-09-20 19:56:10,517 - database_manager - INFO - Debates XML erfolgreich geparst: 0 Debatten, 0 Reden, 0 Wörter
2025-09-20 19:56:10,517 - database_manager - INFO - Verarbeite Datei 2871/2945: debates2013-02-26b.xml
2025-09-20 19:56:10,517 - database_manager - INFO - Parse debates XML-Datei: debates2013-02-26b.xml
2025-09-20 19:56:10,534 - database_manager - INFO - Debates XML erfolgreich geparst: 24 Debatten, 521 Reden, 59453 Wörter
2025-09-20 19:56:10,535 - database_manager - INFO - Verarbeite Datei 2872/2945: debates2013-03-07a.xml
2025-09-20 19:56:10,535 - database_manager - INFO - Parse debates XML-Datei: debates2013-03-07a.xml
2025-09-20 19:56:10,536 - database_manager - INFO - Debates XML erfolgreich geparst: 0 Debatten, 0 Reden, 0 Wörter
2025-09-20 19:56:10,536 - database_manager - INFO - Verarbeite Datei 2873/2945: debates2021-02-11a.xml
2025-09-20 19:56:10,536 - database_manager - INFO - Parse debates XML-Datei: debates2021-02-11a.xml
2025-09-20 19:56:10,536 - database_manager - INFO - Debates XML erfolgreich geparst: 0 Debatten, 0 Reden, 0 Wörter
2025-09-20 19:56:10,536 - database_manager - INFO - Verarbeite Datei 2874/2945: debates2018-02-28a.xml
2025-09-20 19:56:10,536 - database_manager - INFO - Parse debates XML-Datei: debates2018-02-28a.xml
2025-09-20 19:56:10,537 - database_manager - INFO - Debates XML erfolgreich geparst: 0 Debatten, 0 Reden, 0 Wörter
2025-09-20 19:56:10,537 - database_manager - INFO - Verarbeite Datei 2875/2945: debates2012-10-24c.xml
2025-09-20 19:56:10,537 - database_manager - INFO - Parse debates XML-Datei: debates2012-10-24c.xml
2025-09-20 19:56:10,554 - database_manager - INFO - Debates XML erfolgreich geparst: 16 Debatten, 420 Reden, 63459 Wörter
2025-09-20 19:56:10,555 - database_manager - INFO - Verarbeite Datei 2876/2945: debates2015-01-22a.xml
2025-09-20 19:56:10,555 - database_manager - INFO - Parse debates XML-Datei: debates2015-01-22a.xml
2025-09-20 19:56:10,570 - database_manager - INFO - Debates XML erfolgreich geparst: 19 Debatten, 427 Reden, 55999 Wörter
2025-09-20 19:56:10,570 - database_manager - INFO - Verarbeite Datei 2877/2945: debates2018-10-15a.xml
2025-09-20 19:56:10,570 - database_manager - INFO - Parse debates XML-Datei: debates2018-10-15a.xml
2025-09-20 19:56:10,571 - database_manager - INFO - Debates XML erfolgreich geparst: 0 Debatten, 0 Reden, 0 Wörter
2025-09-20 19:56:10,571 - database_manager - INFO - Verarbeite Datei 2878/2945: debates2013-10-17a.xml
2025-09-20 19:56:10,571 - database_manager - INFO - Parse debates XML-Datei: debates2013-10-17a.xml
2025-09-20 19:56:10,572 - database_manager - INFO - Debates XML erfolgreich geparst: 0 Debatten, 0 Reden, 0 Wörter
2025-09-20 19:56:10,572 - database_manager - INFO - Verarbeite Datei 2879/2945: debates2020-06-16a.xml
2025-09-20 19:56:10,572 - database_manager - INFO - Parse debates XML-Datei: debates2020-06-16a.xml
2025-09-20 19:56:10,573 - database_manager - INFO - Debates XML erfolgreich geparst: 0 Debatten, 0 Reden, 0 Wörter
2025-09-20 19:56:10,573 - database_manager - INFO - Verarbeite Datei 2880/2945: debates2014-11-11c.xml
2025-09-20 19:56:10,573 - database_manager - INFO - Parse debates XML-Datei: debates2014-11-11c.xml
2025-09-20 19:56:10,582 - database_manager - INFO - Debates XML erfolgreich geparst: 21 Debatten, 298 Reden, 37881 Wörter
2025-09-20 19:56:10,582 - database_manager - INFO - Verarbeite Datei 2881/2945: debates2016-04-18c.xml
2025-09-20 19:56:10,583 - database_manager - INFO - Parse debates XML-Datei: debates2016-04-18c.xml
2025-09-20 19:56:10,583 - database_manager - INFO - Debates XML erfolgreich geparst: 0 Debatten, 0 Reden, 0 Wörter
2025-09-20 19:56:10,583 - database_manager - INFO - Verarbeite Datei 2882/2945: debates2020-03-02d.xml
2025-09-20 19:56:10,583 - database_manager - INFO - Parse debates XML-Datei: debates2020-03-02d.xml
2025-09-20 19:56:10,607 - database_manager - INFO - Debates XML erfolgreich geparst: 40 Debatten, 637 Reden, 65306 Wörter
2025-09-20 19:56:10,607 - database_manager - INFO - Verarbeite Datei 2883/2945: debates2020-09-29b.xml
2025-09-20 19:56:10,607 - database_manager - INFO - Parse debates XML-Datei: debates2020-09-29b.xml
2025-09-20 19:56:10,608 - database_manager - INFO - Debates XML erfolgreich geparst: 0 Debatten, 0 Reden, 0 Wörter
2025-09-20 19:56:10,608 - database_manager - INFO - Verarbeite Datei 2884/2945: debates2016-02-11a.xml
2025-09-20 19:56:10,608 - database_manager - INFO - Parse debates XML-Datei: debates2016-02-11a.xml
2025-09-20 19:56:10,609 - database_manager - INFO - Debates XML erfolgreich geparst: 0 Debatten, 0 Reden, 0 Wörter
2025-09-20 19:56:10,609 - database_manager - INFO - Verarbeite Datei 2885/2945: debates2020-06-17e.xml
2025-09-20 19:56:10,609 - database_manager - INFO - Parse debates XML-Datei: debates2020-06-17e.xml
2025-09-20 19:56:10,626 - database_manager - INFO - Debates XML erfolgreich geparst: 23 Debatten, 467 Reden, 63466 Wörter
2025-09-20 19:56:10,627 - database_manager - INFO - Verarbeite Datei 2886/2945: debates2012-11-29a.xml
2025-09-20 19:56:10,627 - database_manager - INFO - Parse debates XML-Datei: debates2012-11-29a.xml
2025-09-20 19:56:10,628 - database_manager - INFO - Debates XML erfolgreich geparst: 0 Debatten, 0 Reden, 0 Wörter
2025-09-20 19:56:10,628 - database_manager - INFO - Verarbeite Datei 2887/2945: debates2021-06-09b.xml
2025-09-20 19:56:10,628 - database_manager - INFO - Parse debates XML-Datei: debates2021-06-09b.xml
2025-09-20 19:56:10,628 - database_manager - INFO - Debates XML erfolgreich geparst: 0 Debatten, 0 Reden, 0 Wörter
2025-09-20 19:56:10,629 - database_manager - INFO - Verarbeite Datei 2888/2945: debates2015-07-07b.xml
2025-09-20 19:56:10,629 - database_manager - INFO - Parse debates XML-Datei: debates2015-07-07b.xml
2025-09-20 19:56:10,649 - database_manager - INFO - Debates XML erfolgreich geparst: 22 Debatten, 641 Reden, 63600 Wörter
2025-09-20 19:56:10,650 - database_manager - INFO - Verarbeite Datei 2889/2945: debates2018-07-11a.xml
2025-09-20 19:56:10,650 - database_manager - INFO - Parse debates XML-Datei: debates2018-07-11a.xml
2025-09-20 19:56:10,651 - database_manager - INFO - Debates XML erfolgreich geparst: 0 Debatten, 0 Reden, 0 Wörter
2025-09-20 19:56:10,651 - database_manager - INFO - Verarbeite Datei 2890/2945: debates2021-01-21c.xml
2025-09-20 19:56:10,651 - database_manager - INFO - Parse debates XML-Datei: debates2021-01-21c.xml
2025-09-20 19:56:10,651 - database_manager - INFO - Debates XML erfolgreich geparst: 0 Debatten, 0 Reden, 0 Wörter
2025-09-20 19:56:10,651 - database_manager - INFO - Verarbeite Datei 2891/2945: debates2012-03-14a.xml
2025-09-20 19:56:10,651 - database_manager - INFO - Parse debates XML-Datei: debates2012-03-14a.xml
2025-09-20 19:56:10,652 - database_manager - INFO - Debates XML erfolgreich geparst: 0 Debatten, 0 Reden, 0 Wörter
2025-09-20 19:56:10,652 - database_manager - INFO - Verarbeite Datei 2892/2945: debates2017-01-12a.xml
2025-09-20 19:56:10,652 - database_manager - INFO - Parse debates XML-Datei: debates2017-01-12a.xml
2025-09-20 19:56:10,653 - database_manager - INFO - Debates XML erfolgreich geparst: 0 Debatten, 0 Reden, 0 Wörter
2025-09-20 19:56:10,653 - database_manager - INFO - Verarbeite Datei 2893/2945: debates2019-07-22c.xml
2025-09-20 19:56:10,653 - database_manager - INFO - Parse debates XML-Datei: debates2019-07-22c.xml
2025-09-20 19:56:10,654 - database_manager - INFO - Debates XML erfolgreich geparst: 0 Debatten, 0 Reden, 0 Wörter
2025-09-20 19:56:10,654 - database_manager - INFO - Verarbeite Datei 2894/2945: debates2020-11-12a.xml
2025-09-20 19:56:10,654 - database_manager - INFO - Parse debates XML-Datei: debates2020-11-12a.xml
2025-09-20 19:56:10,654 - database_manager - INFO - Debates XML erfolgreich geparst: 0 Debatten, 0 Reden, 0 Wörter
2025-09-20 19:56:10,654 - database_manager - INFO - Verarbeite Datei 2895/2945: debates2016-06-09b.xml
2025-09-20 19:56:10,654 - database_manager - INFO - Parse debates XML-Datei: debates2016-06-09b.xml
2025-09-20 19:56:10,666 - database_manager - INFO - Debates XML erfolgreich geparst: 19 Debatten, 396 Reden, 47515 Wörter
2025-09-20 19:56:10,667 - database_manager - INFO - Verarbeite Datei 2896/2945: debates2021-05-19b.xml
2025-09-20 19:56:10,667 - database_manager - INFO - Parse debates XML-Datei: debates2021-05-19b.xml
2025-09-20 19:56:10,668 - database_manager - INFO - Debates XML erfolgreich geparst: 0 Debatten, 0 Reden, 0 Wörter
2025-09-20 19:56:10,668 - database_manager - INFO - Verarbeite Datei 2897/2945: debates2018-02-08c.xml
2025-09-20 19:56:10,668 - database_manager - INFO - Parse debates XML-Datei: debates2018-02-08c.xml
2025-09-20 19:56:10,686 - database_manager - INFO - Debates XML erfolgreich geparst: 23 Debatten, 496 Reden, 64044 Wörter
2025-09-20 19:56:10,686 - database_manager - INFO - Verarbeite Datei 2898/2945: debates2017-03-23b.xml
2025-09-20 19:56:10,686 - database_manager - INFO - Parse debates XML-Datei: debates2017-03-23b.xml
2025-09-20 19:56:10,702 - database_manager - INFO - Debates XML erfolgreich geparst: 19 Debatten, 481 Reden, 64382 Wörter
2025-09-20 19:56:10,702 - database_manager - INFO - Verarbeite Datei 2899/2945: debates2017-02-02a.xml
2025-09-20 19:56:10,702 - database_manager - INFO - Parse debates XML-Datei: debates2017-02-02a.xml
2025-09-20 19:56:10,703 - database_manager - INFO - Debates XML erfolgreich geparst: 0 Debatten, 0 Reden, 0 Wörter
2025-09-20 19:56:10,703 - database_manager - INFO - Verarbeite Datei 2900/2945: debates2015-09-15a.xml
2025-09-20 19:56:10,703 - database_manager - INFO - Parse debates XML-Datei: debates2015-09-15a.xml
2025-09-20 19:56:10,704 - database_manager - INFO - Debates XML erfolgreich geparst: 0 Debatten, 0 Reden, 0 Wörter
2025-09-20 19:56:10,704 - database_manager - INFO - Verarbeite Datei 2901/2945: debates2020-09-08d.xml
2025-09-20 19:56:10,704 - database_manager - INFO - Parse debates XML-Datei: debates2020-09-08d.xml
2025-09-20 19:56:10,719 - database_manager - INFO - Debates XML erfolgreich geparst: 22 Debatten, 397 Reden, 52978 Wörter
2025-09-20 19:56:10,720 - database_manager - INFO - Verarbeite Datei 2902/2945: debates2020-12-02a.xml
2025-09-20 19:56:10,720 - database_manager - INFO - Parse debates XML-Datei: debates2020-12-02a.xml
2025-09-20 19:56:10,735 - database_manager - INFO - Debates XML erfolgreich geparst: 10 Debatten, 364 Reden, 49771 Wörter
2025-09-20 19:56:10,735 - database_manager - INFO - Verarbeite Datei 2903/2945: debates2021-09-20a.xml
2025-09-20 19:56:10,735 - database_manager - INFO - Parse debates XML-Datei: debates2021-09-20a.xml
2025-09-20 19:56:10,737 - database_manager - INFO - Debates XML erfolgreich geparst: 0 Debatten, 0 Reden, 0 Wörter
2025-09-20 19:56:10,737 - database_manager - INFO - Verarbeite Datei 2904/2945: debates2018-06-26b.xml
2025-09-20 19:56:10,737 - database_manager - INFO - Parse debates XML-Datei: debates2018-06-26b.xml
2025-09-20 19:56:10,752 - database_manager - INFO - Debates XML erfolgreich geparst: 19 Debatten, 531 Reden, 56809 Wörter
2025-09-20 19:56:10,753 - database_manager - INFO - Verarbeite Datei 2905/2945: debates2017-12-18b.xml
2025-09-20 19:56:10,753 - database_manager - INFO - Parse debates XML-Datei: debates2017-12-18b.xml
2025-09-20 19:56:10,777 - database_manager - INFO - Debates XML erfolgreich geparst: 34 Debatten, 762 Reden, 73478 Wörter
2025-09-20 19:56:10,777 - database_manager - INFO - Verarbeite Datei 2906/2945: debates2015-06-30a.xml
2025-09-20 19:56:10,777 - database_manager - INFO - Parse debates XML-Datei: debates2015-06-30a.xml
2025-09-20 19:56:10,794 - database_manager - INFO - Debates XML erfolgreich geparst: 23 Debatten, 413 Reden, 54761 Wörter
2025-09-20 19:56:10,795 - database_manager - INFO - Verarbeite Datei 2907/2945: debates2017-10-25b.xml
2025-09-20 19:56:10,795 - database_manager - INFO - Parse debates XML-Datei: debates2017-10-25b.xml
2025-09-20 19:56:10,811 - database_manager - INFO - Debates XML erfolgreich geparst: 12 Debatten, 418 Reden, 63245 Wörter
2025-09-20 19:56:10,812 - database_manager - INFO - Verarbeite Datei 2908/2945: debates2016-05-03a.xml
2025-09-20 19:56:10,812 - database_manager - INFO - Parse debates XML-Datei: debates2016-05-03a.xml
2025-09-20 19:56:10,813 - database_manager - INFO - Debates XML erfolgreich geparst: 0 Debatten, 0 Reden, 0 Wörter
2025-09-20 19:56:10,813 - database_manager - INFO - Verarbeite Datei 2909/2945: debates2020-11-04a.xml
2025-09-20 19:56:10,813 - database_manager - INFO - Parse debates XML-Datei: debates2020-11-04a.xml
2025-09-20 19:56:10,815 - database_manager - INFO - Debates XML erfolgreich geparst: 0 Debatten, 0 Reden, 0 Wörter
2025-09-20 19:56:10,815 - database_manager - INFO - Verarbeite Datei 2910/2945: debates2013-07-05a.xml
2025-09-20 19:56:10,815 - database_manager - INFO - Parse debates XML-Datei: debates2013-07-05a.xml
2025-09-20 19:56:10,831 - database_manager - INFO - Debates XML erfolgreich geparst: 5 Debatten, 409 Reden, 41438 Wörter
2025-09-20 19:56:10,831 - database_manager - INFO - Verarbeite Datei 2911/2945: debates2013-06-24b.xml
2025-09-20 19:56:10,832 - database_manager - INFO - Parse debates XML-Datei: debates2013-06-24b.xml
2025-09-20 19:56:10,848 - database_manager - INFO - Debates XML erfolgreich geparst: 77 Debatten, 466 Reden, 65885 Wörter
2025-09-20 19:56:10,849 - database_manager - INFO - Verarbeite Datei 2912/2945: debates2018-10-23c.xml
2025-09-20 19:56:10,849 - database_manager - INFO - Parse debates XML-Datei: debates2018-10-23c.xml
2025-09-20 19:56:10,865 - database_manager - INFO - Debates XML erfolgreich geparst: 26 Debatten, 522 Reden, 58051 Wörter
2025-09-20 19:56:10,866 - database_manager - INFO - Verarbeite Datei 2913/2945: debates2015-05-20a.xml
2025-09-20 19:56:10,866 - database_manager - INFO - Parse debates XML-Datei: debates2015-05-20a.xml
2025-09-20 19:56:10,866 - database_manager - INFO - Debates XML erfolgreich geparst: 1 Debatten, 2 Reden, 850 Wörter
2025-09-20 19:56:10,866 - database_manager - INFO - Verarbeite Datei 2914/2945: debates2017-12-14a.xml
2025-09-20 19:56:10,866 - database_manager - INFO - Parse debates XML-Datei: debates2017-12-14a.xml
2025-09-20 19:56:10,883 - database_manager - INFO - Debates XML erfolgreich geparst: 19 Debatten, 539 Reden, 64782 Wörter
2025-09-20 19:56:10,883 - database_manager - INFO - Verarbeite Datei 2915/2945: debates2018-04-17a.xml
2025-09-20 19:56:10,883 - database_manager - INFO - Parse debates XML-Datei: debates2018-04-17a.xml
2025-09-20 19:56:10,884 - database_manager - INFO - Debates XML erfolgreich geparst: 0 Debatten, 0 Reden, 0 Wörter
2025-09-20 19:56:10,885 - database_manager - INFO - Verarbeite Datei 2916/2945: debates2014-11-27a.xml
2025-09-20 19:56:10,885 - database_manager - INFO - Parse debates XML-Datei: debates2014-11-27a.xml
2025-09-20 19:56:10,900 - database_manager - INFO - Debates XML erfolgreich geparst: 25 Debatten, 493 Reden, 61969 Wörter
2025-09-20 19:56:10,901 - database_manager - INFO - Verarbeite Datei 2917/2945: debates2016-06-13a.xml
2025-09-20 19:56:10,901 - database_manager - INFO - Parse debates XML-Datei: debates2016-06-13a.xml
2025-09-20 19:56:10,902 - database_manager - INFO - Debates XML erfolgreich geparst: 0 Debatten, 0 Reden, 0 Wörter
2025-09-20 19:56:10,902 - database_manager - INFO - Verarbeite Datei 2918/2945: debates2013-07-09b.xml
2025-09-20 19:56:10,902 - database_manager - INFO - Parse debates XML-Datei: debates2013-07-09b.xml
2025-09-20 19:56:10,903 - database_manager - INFO - Debates XML erfolgreich geparst: 0 Debatten, 0 Reden, 0 Wörter
2025-09-20 19:56:10,903 - database_manager - INFO - Verarbeite Datei 2919/2945: debates2013-04-15a.xml
2025-09-20 19:56:10,903 - database_manager - INFO - Parse debates XML-Datei: debates2013-04-15a.xml
2025-09-20 19:56:10,905 - database_manager - INFO - Debates XML erfolgreich geparst: 0 Debatten, 0 Reden, 0 Wörter
2025-09-20 19:56:10,905 - database_manager - INFO - Verarbeite Datei 2920/2945: debates2020-12-14a.xml
2025-09-20 19:56:10,905 - database_manager - INFO - Parse debates XML-Datei: debates2020-12-14a.xml
2025-09-20 19:56:10,905 - database_manager - INFO - Debates XML erfolgreich geparst: 0 Debatten, 0 Reden, 0 Wörter
2025-09-20 19:56:10,905 - database_manager - INFO - Verarbeite Datei 2921/2945: debates2019-01-31b.xml
2025-09-20 19:56:10,905 - database_manager - INFO - Parse debates XML-Datei: debates2019-01-31b.xml
2025-09-20 19:56:10,906 - database_manager - INFO - Debates XML erfolgreich geparst: 0 Debatten, 0 Reden, 0 Wörter
2025-09-20 19:56:10,906 - database_manager - INFO - Verarbeite Datei 2922/2945: debates2014-01-27a.xml
2025-09-20 19:56:10,906 - database_manager - INFO - Parse debates XML-Datei: debates2014-01-27a.xml
2025-09-20 19:56:10,954 - database_manager - INFO - Debates XML erfolgreich geparst: 19 Debatten, 387 Reden, 45441 Wörter
2025-09-20 19:56:10,954 - database_manager - INFO - Verarbeite Datei 2923/2945: debates2020-01-08b.xml
2025-09-20 19:56:10,954 - database_manager - INFO - Parse debates XML-Datei: debates2020-01-08b.xml
2025-09-20 19:56:10,955 - database_manager - INFO - Debates XML erfolgreich geparst: 0 Debatten, 0 Reden, 0 Wörter
2025-09-20 19:56:10,955 - database_manager - INFO - Verarbeite Datei 2924/2945: debates2015-10-19a.xml
2025-09-20 19:56:10,955 - database_manager - INFO - Parse debates XML-Datei: debates2015-10-19a.xml
2025-09-20 19:56:10,981 - database_manager - INFO - Debates XML erfolgreich geparst: 19 Debatten, 582 Reden, 74853 Wörter
2025-09-20 19:56:10,981 - database_manager - INFO - Verarbeite Datei 2925/2945: debates2012-07-16a.xml
2025-09-20 19:56:10,981 - database_manager - INFO - Parse debates XML-Datei: debates2012-07-16a.xml
2025-09-20 19:56:10,983 - database_manager - INFO - Debates XML erfolgreich geparst: 0 Debatten, 0 Reden, 0 Wörter
2025-09-20 19:56:10,983 - database_manager - INFO - Verarbeite Datei 2926/2945: debates2021-11-17a.xml
2025-09-20 19:56:10,983 - database_manager - INFO - Parse debates XML-Datei: debates2021-11-17a.xml
2025-09-20 19:56:10,984 - database_manager - INFO - Debates XML erfolgreich geparst: 0 Debatten, 0 Reden, 0 Wörter
2025-09-20 19:56:10,984 - database_manager - INFO - Verarbeite Datei 2927/2945: debates2018-03-13a.xml
2025-09-20 19:56:10,984 - database_manager - INFO - Parse debates XML-Datei: debates2018-03-13a.xml
2025-09-20 19:56:10,985 - database_manager - INFO - Debates XML erfolgreich geparst: 0 Debatten, 0 Reden, 0 Wörter
2025-09-20 19:56:10,985 - database_manager - INFO - Verarbeite Datei 2928/2945: debates2015-02-24a.xml
2025-09-20 19:56:10,985 - database_manager - INFO - Parse debates XML-Datei: debates2015-02-24a.xml
2025-09-20 19:56:10,986 - database_manager - INFO - Debates XML erfolgreich geparst: 0 Debatten, 0 Reden, 0 Wörter
2025-09-20 19:56:10,986 - database_manager - INFO - Verarbeite Datei 2929/2945: debates2020-11-24c.xml
2025-09-20 19:56:10,986 - database_manager - INFO - Parse debates XML-Datei: debates2020-11-24c.xml
2025-09-20 19:56:11,005 - database_manager - INFO - Debates XML erfolgreich geparst: 22 Debatten, 591 Reden, 60692 Wörter
2025-09-20 19:56:11,005 - database_manager - INFO - Verarbeite Datei 2930/2945: debates2013-03-11a.xml
2025-09-20 19:56:11,005 - database_manager - INFO - Parse debates XML-Datei: debates2013-03-11a.xml
2025-09-20 19:56:11,023 - database_manager - INFO - Debates XML erfolgreich geparst: 30 Debatten, 452 Reden, 62104 Wörter
2025-09-20 19:56:11,024 - database_manager - INFO - Verarbeite Datei 2931/2945: debates2014-06-23a.xml
2025-09-20 19:56:11,024 - database_manager - INFO - Parse debates XML-Datei: debates2014-06-23a.xml
2025-09-20 19:56:11,025 - database_manager - INFO - Debates XML erfolgreich geparst: 0 Debatten, 0 Reden, 0 Wörter
2025-09-20 19:56:11,025 - database_manager - INFO - Verarbeite Datei 2932/2945: debates2016-11-17a.xml
2025-09-20 19:56:11,025 - database_manager - INFO - Parse debates XML-Datei: debates2016-11-17a.xml
2025-09-20 19:56:11,026 - database_manager - INFO - Debates XML erfolgreich geparst: 0 Debatten, 0 Reden, 0 Wörter
2025-09-20 19:56:11,026 - database_manager - INFO - Verarbeite Datei 2933/2945: debates2014-07-02b.xml
2025-09-20 19:56:11,026 - database_manager - INFO - Parse debates XML-Datei: debates2014-07-02b.xml
2025-09-20 19:56:11,048 - database_manager - INFO - Debates XML erfolgreich geparst: 69 Debatten, 470 Reden, 79205 Wörter
2025-09-20 19:56:11,048 - database_manager - INFO - Verarbeite Datei 2934/2945: debates2019-04-08b.xml
2025-09-20 19:56:11,048 - database_manager - INFO - Parse debates XML-Datei: debates2019-04-08b.xml
2025-09-20 19:56:11,049 - database_manager - INFO - Debates XML erfolgreich geparst: 0 Debatten, 0 Reden, 0 Wörter
2025-09-20 19:56:11,049 - database_manager - INFO - Verarbeite Datei 2935/2945: debates2018-11-22b.xml
2025-09-20 19:56:11,049 - database_manager - INFO - Parse debates XML-Datei: debates2018-11-22b.xml
2025-09-20 19:56:11,071 - database_manager - INFO - Debates XML erfolgreich geparst: 21 Debatten, 643 Reden, 70717 Wörter
2025-09-20 19:56:11,071 - database_manager - INFO - Verarbeite Datei 2936/2945: debates2021-12-07a.xml
2025-09-20 19:56:11,071 - database_manager - INFO - Parse debates XML-Datei: debates2021-12-07a.xml
2025-09-20 19:56:11,073 - database_manager - INFO - Debates XML erfolgreich geparst: 0 Debatten, 0 Reden, 0 Wörter
2025-09-20 19:56:11,073 - database_manager - INFO - Verarbeite Datei 2937/2945: debates2015-03-09a.xml
2025-09-20 19:56:11,073 - database_manager - INFO - Parse debates XML-Datei: debates2015-03-09a.xml
2025-09-20 19:56:11,087 - database_manager - INFO - Debates XML erfolgreich geparst: 27 Debatten, 350 Reden, 60122 Wörter
2025-09-20 19:56:11,087 - database_manager - INFO - Verarbeite Datei 2938/2945: debates2017-10-09c.xml
2025-09-20 19:56:11,087 - database_manager - INFO - Parse debates XML-Datei: debates2017-10-09c.xml
2025-09-20 19:56:11,107 - database_manager - INFO - Debates XML erfolgreich geparst: 15 Debatten, 607 Reden, 65042 Wörter
2025-09-20 19:56:11,107 - database_manager - INFO - Verarbeite Datei 2939/2945: debates2014-09-10a.xml
2025-09-20 19:56:11,107 - database_manager - INFO - Parse debates XML-Datei: debates2014-09-10a.xml
2025-09-20 19:56:11,108 - database_manager - INFO - Debates XML erfolgreich geparst: 0 Debatten, 0 Reden, 0 Wörter
2025-09-20 19:56:11,108 - database_manager - INFO - Verarbeite Datei 2940/2945: debates2019-01-10d.xml
2025-09-20 19:56:11,108 - database_manager - INFO - Parse debates XML-Datei: debates2019-01-10d.xml
2025-09-20 19:56:11,131 - database_manager - INFO - Debates XML erfolgreich geparst: 17 Debatten, 574 Reden, 88592 Wörter
2025-09-20 19:56:11,131 - database_manager - INFO - Verarbeite Datei 2941/2945: debates2020-01-29d.xml
2025-09-20 19:56:11,131 - database_manager - INFO - Parse debates XML-Datei: debates2020-01-29d.xml
2025-09-20 19:56:11,150 - database_manager - INFO - Debates XML erfolgreich geparst: 10 Debatten, 414 Reden, 64332 Wörter
2025-09-20 19:56:11,151 - database_manager - INFO - Verarbeite Datei 2942/2945: debates2019-04-04a.xml
2025-09-20 19:56:11,151 - database_manager - INFO - Parse debates XML-Datei: debates2019-04-04a.xml
2025-09-20 19:56:11,164 - database_manager - INFO - Debates XML erfolgreich geparst: 18 Debatten, 461 Reden, 43980 Wörter
2025-09-20 19:56:11,164 - database_manager - INFO - Verarbeite Datei 2943/2945: debates2016-12-07a.xml
2025-09-20 19:56:11,164 - database_manager - INFO - Parse debates XML-Datei: debates2016-12-07a.xml
2025-09-20 19:56:11,165 - database_manager - INFO - Debates XML erfolgreich geparst: 0 Debatten, 0 Reden, 0 Wörter
2025-09-20 19:56:11,165 - database_manager - INFO - Verarbeite Datei 2944/2945: debates2020-07-21b.xml
2025-09-20 19:56:11,165 - database_manager - INFO - Parse debates XML-Datei: debates2020-07-21b.xml
2025-09-20 19:56:11,166 - database_manager - INFO - Debates XML erfolgreich geparst: 0 Debatten, 0 Reden, 0 Wörter
2025-09-20 19:56:11,166 - database_manager - INFO - Verarbeite Datei 2945/2945: debates2013-11-20b.xml
2025-09-20 19:56:11,166 - database_manager - INFO - Parse debates XML-Datei: debates2013-11-20b.xml
2025-09-20 19:56:11,185 - database_manager - INFO - Debates XML erfolgreich geparst: 20 Debatten, 583 Reden, 59164 Wörter
2025-09-20 19:56:11,186 - database_manager - INFO - Verarbeitung abgeschlossen: 2945 Sitzungen erfolgreich geparst
2025-09-20 19:56:11,186 - database_manager - INFO - Konvertiere 2945 Sitzungen zu DataFrames
2025-09-20 19:56:14,835 - database_manager - INFO - DataFrames erstellt: ['sessions', 'debates', 'speeches', 'speakers', 'paragraphs']
2025-09-20 19:56:15,148 - database_manager - INFO - Indizes erfolgreich erstellt
2025-09-20 19:56:15,148 - database_manager - INFO - Debates-Tabellen erfolgreich erstellt
2025-09-20 19:56:15,158 - database_manager - INFO - Tabelle 'sessions' importiert: 2945 Zeilen
2025-09-20 19:56:15,163 - database_manager - INFO - Tabelle 'speakers' importiert: 1141 Zeilen
2025-09-20 19:56:15,231 - database_manager - INFO - Tabelle 'debates' importiert: 30043 Zeilen
2025-09-20 19:56:18,767 - database_manager - INFO - Tabelle 'speeches' importiert: 650321 Zeilen
2025-09-20 19:56:22,483 - __main__ - ERROR - Fehler bei der Verarbeitung: Constraint Error: PRIMARY KEY or UNIQUE constraint violation: duplicate key "c142.5/1"
Traceback (most recent call last):
  File "/Users/julianbeese/Developer/Master/Data/run_debates_parser.py", line 134, in main
    import_stats = db_manager.import_xml_directory(
  File "/Users/julianbeese/Developer/Master/Data/database/managers/debates_database_manager.py", line 219, in import_xml_directory
    import_stats = self._import_dataframes(dataframes, batch_size)
  File "/Users/julianbeese/Developer/Master/Data/database/managers/debates_database_manager.py", line 274, in _import_dataframes
    self.connection.execute(f"INSERT INTO {table_name} SELECT * FROM temp_df")
_duckdb.ConstraintException: Constraint Error: PRIMARY KEY or UNIQUE constraint violation: duplicate key "c142.5/1"
2025-09-20 19:56:23,070 - database_manager - INFO - Datenbankverbindung geschlossen
