2025-09-20 19:25:20,273 - debates_scraper - INFO - === Debates XML-Scraping gestartet ===
2025-09-20 19:25:20,273 - debates_scraper - INFO - Ziel-URL: https://www.theyworkforyou.com/pwdata/scrapedxml/debates/
2025-09-20 19:25:20,273 - debates_scraper - INFO - Zeitraum: 2012-2021
2025-09-20 19:25:20,273 - debates_scraper - INFO - Speicherort: scraper/data/debates
2025-09-20 19:25:20,273 - debates_scraper - INFO - Lade XML-Links von https://www.theyworkforyou.com/pwdata/scrapedxml/debates/
2025-09-20 19:25:30,862 - debates_scraper - INFO - Gefunden: 2945 XML-Dateien im Zeitraum 2012-2021
2025-09-20 19:25:30,862 - debates_scraper - INFO - Starte parallelen Download von 2945 Dateien mit 4 Workern
2025-09-20 19:25:31,977 - debates_scraper - INFO - Erfolgreich heruntergeladen: debates2012-01-11a.xml (77539 bytes)
2025-09-20 19:25:32,106 - debates_scraper - INFO - Erfolgreich heruntergeladen: debates2012-01-10a.xml (86391 bytes)
2025-09-20 19:25:32,142 - debates_scraper - INFO - Erfolgreich heruntergeladen: debates2012-01-11b.xml (752242 bytes)
2025-09-20 19:25:32,157 - debates_scraper - INFO - Erfolgreich heruntergeladen: debates2012-01-10b.xml (808164 bytes)
2025-09-20 19:25:33,018 - debates_scraper - INFO - Erfolgreich heruntergeladen: debates2012-01-12a.xml (88108 bytes)
2025-09-20 19:25:33,197 - debates_scraper - INFO - Erfolgreich heruntergeladen: debates2012-01-12b.xml (652926 bytes)
2025-09-20 19:25:33,263 - debates_scraper - INFO - Erfolgreich heruntergeladen: debates2012-01-16a.xml (681006 bytes)
2025-09-20 19:25:33,278 - debates_scraper - INFO - Erfolgreich heruntergeladen: debates2012-01-17a.xml (62117 bytes)
2025-09-20 19:25:34,188 - debates_scraper - INFO - Erfolgreich heruntergeladen: debates2012-01-17b.xml (559538 bytes)
2025-09-20 19:25:34,267 - debates_scraper - INFO - Erfolgreich heruntergeladen: debates2012-01-18a.xml (698524 bytes)
2025-09-20 19:25:34,307 - debates_scraper - INFO - Erfolgreich heruntergeladen: debates2012-01-19a.xml (513276 bytes)
2025-09-20 19:25:34,409 - debates_scraper - INFO - Erfolgreich heruntergeladen: debates2012-01-20a.xml (443922 bytes)
2025-09-20 19:25:35,255 - debates_scraper - INFO - Erfolgreich heruntergeladen: debates2012-01-23a.xml (131500 bytes)
2025-09-20 19:25:35,357 - debates_scraper - INFO - Erfolgreich heruntergeladen: debates2012-01-23b.xml (717945 bytes)
2025-09-20 19:25:35,371 - debates_scraper - INFO - Erfolgreich heruntergeladen: debates2012-01-24a.xml (124071 bytes)
2025-09-20 19:25:35,503 - debates_scraper - INFO - Erfolgreich heruntergeladen: debates2012-01-24b.xml (717152 bytes)
2025-09-20 19:25:36,393 - debates_scraper - INFO - Erfolgreich heruntergeladen: debates2012-01-25a.xml (577529 bytes)
2025-09-20 19:25:36,474 - debates_scraper - INFO - Erfolgreich heruntergeladen: debates2012-01-26a.xml (612999 bytes)
2025-09-20 19:25:36,543 - debates_scraper - INFO - Erfolgreich heruntergeladen: debates2012-01-30a.xml (534774 bytes)
2025-09-20 19:25:36,545 - debates_scraper - INFO - Erfolgreich heruntergeladen: debates2012-01-31a.xml (122403 bytes)
2025-09-20 19:25:37,511 - debates_scraper - INFO - Erfolgreich heruntergeladen: debates2012-01-31b.xml (817287 bytes)
2025-09-20 19:25:37,591 - debates_scraper - INFO - Erfolgreich heruntergeladen: debates2012-02-02a.xml (612077 bytes)
2025-09-20 19:25:37,642 - debates_scraper - INFO - Erfolgreich heruntergeladen: debates2012-02-01a.xml (1154382 bytes)
2025-09-20 19:25:37,655 - debates_scraper - INFO - Erfolgreich heruntergeladen: debates2012-02-06a.xml (88966 bytes)
2025-09-20 19:25:38,607 - debates_scraper - INFO - Erfolgreich heruntergeladen: debates2012-02-06b.xml (86505 bytes)
2025-09-20 19:25:38,683 - debates_scraper - INFO - Erfolgreich heruntergeladen: debates2012-02-07a.xml (88118 bytes)
2025-09-20 19:25:38,713 - debates_scraper - INFO - Erfolgreich heruntergeladen: debates2012-02-06c.xml (630747 bytes)
2025-09-20 19:25:38,774 - debates_scraper - INFO - Erfolgreich heruntergeladen: debates2012-02-07b.xml (664485 bytes)
2025-09-20 19:25:39,708 - debates_scraper - INFO - Erfolgreich heruntergeladen: debates2012-02-08a.xml (296181 bytes)
2025-09-20 19:25:39,784 - debates_scraper - INFO - Erfolgreich heruntergeladen: debates2012-02-09a.xml (577829 bytes)
2025-09-20 19:25:39,831 - debates_scraper - INFO - Erfolgreich heruntergeladen: debates2012-02-08b.xml (974227 bytes)
2025-09-20 19:25:39,973 - debates_scraper - INFO - Erfolgreich heruntergeladen: debates2012-02-20a.xml (630116 bytes)
2025-09-20 19:25:40,752 - debates_scraper - INFO - Erfolgreich heruntergeladen: debates2012-02-21a.xml (71885 bytes)
2025-09-20 19:25:40,884 - debates_scraper - INFO - Erfolgreich heruntergeladen: debates2012-02-21b.xml (679992 bytes)
2025-09-20 19:25:40,906 - debates_scraper - INFO - Erfolgreich heruntergeladen: debates2012-02-22a.xml (84030 bytes)
2025-09-20 19:25:41,073 - debates_scraper - INFO - Erfolgreich heruntergeladen: debates2012-02-22b.xml (699904 bytes)
2025-09-20 19:25:41,856 - debates_scraper - INFO - Erfolgreich heruntergeladen: debates2012-02-23a.xml (542151 bytes)
2025-09-20 19:25:41,952 - debates_scraper - INFO - Erfolgreich heruntergeladen: debates2012-02-27a.xml (582413 bytes)
2025-09-20 19:25:41,990 - debates_scraper - INFO - Erfolgreich heruntergeladen: debates2012-02-28a.xml (82737 bytes)
2025-09-20 19:25:42,173 - debates_scraper - INFO - Erfolgreich heruntergeladen: debates2012-02-28b.xml (605022 bytes)
2025-09-20 19:25:42,931 - debates_scraper - INFO - Erfolgreich heruntergeladen: debates2012-02-29a.xml (85626 bytes)
2025-09-20 19:25:43,092 - debates_scraper - INFO - Erfolgreich heruntergeladen: debates2012-02-29b.xml (602007 bytes)
2025-09-20 19:25:43,125 - debates_scraper - INFO - Erfolgreich heruntergeladen: debates2012-03-01a.xml (642655 bytes)
2025-09-20 19:25:43,233 - debates_scraper - INFO - Erfolgreich heruntergeladen: debates2012-03-05a.xml (92047 bytes)
2025-09-20 19:25:44,064 - debates_scraper - INFO - Erfolgreich heruntergeladen: debates2012-03-05b.xml (716216 bytes)
2025-09-20 19:25:44,158 - debates_scraper - INFO - Erfolgreich heruntergeladen: debates2012-03-06a.xml (578177 bytes)
2025-09-20 19:25:44,272 - debates_scraper - INFO - Erfolgreich heruntergeladen: debates2012-03-07a.xml (709661 bytes)
2025-09-20 19:25:44,281 - debates_scraper - INFO - Erfolgreich heruntergeladen: debates2012-03-08a.xml (611568 bytes)
2025-09-20 19:25:45,165 - debates_scraper - INFO - Erfolgreich heruntergeladen: debates2012-03-12a.xml (569958 bytes)
2025-09-20 19:25:45,281 - debates_scraper - INFO - Erfolgreich heruntergeladen: debates2012-03-13a.xml (619015 bytes)
2025-09-20 19:25:45,313 - debates_scraper - INFO - Erfolgreich heruntergeladen: debates2012-03-14a.xml (52441 bytes)
2025-09-20 19:25:45,364 - debates_scraper - INFO - Erfolgreich heruntergeladen: debates2012-03-14b.xml (595269 bytes)
2025-09-20 19:25:46,274 - debates_scraper - INFO - Erfolgreich heruntergeladen: debates2012-03-15a.xml (620523 bytes)
2025-09-20 19:25:46,333 - debates_scraper - INFO - Erfolgreich heruntergeladen: debates2012-03-19a.xml (666210 bytes)
2025-09-20 19:25:46,382 - debates_scraper - INFO - Erfolgreich heruntergeladen: debates2012-03-20a.xml (80990 bytes)
2025-09-20 19:25:46,418 - debates_scraper - INFO - Erfolgreich heruntergeladen: debates2012-03-20b.xml (805786 bytes)
2025-09-20 19:25:47,347 - debates_scraper - INFO - Erfolgreich heruntergeladen: debates2012-03-21a.xml (60261 bytes)
2025-09-20 19:25:47,433 - debates_scraper - INFO - Erfolgreich heruntergeladen: debates2012-03-22a.xml (92359 bytes)
2025-09-20 19:25:47,525 - debates_scraper - INFO - Erfolgreich heruntergeladen: debates2012-03-21b.xml (565985 bytes)
2025-09-20 19:25:47,613 - debates_scraper - INFO - Erfolgreich heruntergeladen: debates2012-03-22b.xml (625796 bytes)
2025-09-20 19:25:48,427 - debates_scraper - INFO - Erfolgreich heruntergeladen: debates2012-03-23a.xml (39561 bytes)
2025-09-20 19:25:48,535 - debates_scraper - INFO - Erfolgreich heruntergeladen: debates2012-03-23b.xml (383364 bytes)
2025-09-20 19:25:48,621 - debates_scraper - INFO - Erfolgreich heruntergeladen: debates2012-03-26a.xml (122036 bytes)
2025-09-20 19:25:48,750 - debates_scraper - INFO - Erfolgreich heruntergeladen: debates2012-03-26b.xml (936591 bytes)
2025-09-20 19:25:49,580 - debates_scraper - INFO - Erfolgreich heruntergeladen: debates2012-03-27a.xml (595820 bytes)
2025-09-20 19:25:49,659 - debates_scraper - INFO - Erfolgreich heruntergeladen: debates2012-04-16a.xml (123935 bytes)
2025-09-20 19:25:49,740 - debates_scraper - INFO - Erfolgreich heruntergeladen: debates2012-04-16b.xml (720088 bytes)
2025-09-20 19:25:49,794 - debates_scraper - INFO - Erfolgreich heruntergeladen: debates2012-04-17a.xml (120895 bytes)
2025-09-20 19:25:50,784 - debates_scraper - INFO - Erfolgreich heruntergeladen: debates2012-04-17b.xml (119179 bytes)
2025-09-20 19:25:50,862 - debates_scraper - INFO - Erfolgreich heruntergeladen: debates2012-04-17c.xml (892757 bytes)
2025-09-20 19:25:51,029 - debates_scraper - INFO - Erfolgreich heruntergeladen: debates2012-04-19a.xml (864232 bytes)
2025-09-20 19:25:51,065 - debates_scraper - INFO - Erfolgreich heruntergeladen: debates2012-04-18a.xml (1072635 bytes)
2025-09-20 19:25:51,857 - debates_scraper - INFO - Erfolgreich heruntergeladen: debates2012-04-23a.xml (116812 bytes)
2025-09-20 19:25:52,057 - debates_scraper - INFO - Erfolgreich heruntergeladen: debates2012-04-23b.xml (770988 bytes)
2025-09-20 19:25:52,107 - debates_scraper - INFO - Erfolgreich heruntergeladen: debates2012-04-24a.xml (85988 bytes)
2025-09-20 19:25:52,298 - debates_scraper - INFO - Erfolgreich heruntergeladen: debates2012-04-24b.xml (736892 bytes)
2025-09-20 19:25:52,925 - debates_scraper - INFO - Erfolgreich heruntergeladen: debates2012-04-25a.xml (87926 bytes)
2025-09-20 19:25:53,325 - debates_scraper - INFO - Erfolgreich heruntergeladen: debates2012-04-25b.xml (726488 bytes)
2025-09-20 19:25:53,356 - debates_scraper - INFO - Erfolgreich heruntergeladen: debates2012-04-26a.xml (650847 bytes)
2025-09-20 19:25:53,477 - debates_scraper - INFO - Erfolgreich heruntergeladen: debates2012-04-30a.xml (766309 bytes)
2025-09-20 19:25:53,974 - debates_scraper - INFO - Erfolgreich heruntergeladen: debates2012-05-01a.xml (11393 bytes)
2025-09-20 19:25:54,390 - debates_scraper - INFO - Erfolgreich heruntergeladen: debates2012-05-09a.xml (47441 bytes)
2025-09-20 19:25:54,504 - debates_scraper - INFO - Erfolgreich heruntergeladen: debates2012-05-09b.xml (214140 bytes)
2025-09-20 19:25:54,573 - debates_scraper - INFO - Erfolgreich heruntergeladen: debates2012-05-09c.xml (515204 bytes)
2025-09-20 19:25:55,025 - debates_scraper - INFO - Erfolgreich heruntergeladen: debates2012-05-10a.xml (146156 bytes)
2025-09-20 19:25:55,482 - debates_scraper - INFO - Erfolgreich heruntergeladen: debates2012-05-10b.xml (557219 bytes)
2025-09-20 19:25:55,549 - debates_scraper - INFO - Erfolgreich heruntergeladen: debates2012-05-14a.xml (47414 bytes)
2025-09-20 19:25:55,615 - debates_scraper - INFO - Erfolgreich heruntergeladen: debates2012-05-14b.xml (245096 bytes)
2025-09-20 19:25:56,139 - debates_scraper - INFO - Erfolgreich heruntergeladen: debates2012-05-14c.xml (540364 bytes)
2025-09-20 19:25:56,525 - debates_scraper - INFO - Erfolgreich heruntergeladen: debates2012-05-15a.xml (69068 bytes)
2025-09-20 19:25:56,617 - debates_scraper - INFO - Erfolgreich heruntergeladen: debates2012-05-15b.xml (180280 bytes)
2025-09-20 19:25:56,773 - debates_scraper - INFO - Erfolgreich heruntergeladen: debates2012-05-15c.xml (598369 bytes)
2025-09-20 19:25:57,193 - debates_scraper - INFO - Erfolgreich heruntergeladen: debates2012-05-16a.xml (63959 bytes)
2025-09-20 19:25:57,604 - debates_scraper - INFO - Erfolgreich heruntergeladen: debates2012-05-16b.xml (67193 bytes)
2025-09-20 19:25:57,660 - debates_scraper - INFO - Erfolgreich heruntergeladen: debates2012-05-16c.xml (132271 bytes)
2025-09-20 19:25:57,912 - debates_scraper - INFO - Erfolgreich heruntergeladen: debates2012-05-16d.xml (642539 bytes)
2025-09-20 19:25:58,349 - debates_scraper - INFO - Erfolgreich heruntergeladen: debates2012-05-17a.xml (221883 bytes)
2025-09-20 19:25:58,733 - debates_scraper - INFO - Erfolgreich heruntergeladen: debates2012-05-17b.xml (755610 bytes)
2025-09-20 19:25:58,895 - debates_scraper - INFO - Erfolgreich heruntergeladen: debates2012-05-21a.xml (233773 bytes)
2025-09-20 19:25:59,116 - debates_scraper - INFO - Erfolgreich heruntergeladen: debates2012-05-21b.xml (714494 bytes)
2025-09-20 19:25:59,423 - debates_scraper - INFO - Erfolgreich heruntergeladen: debates2012-05-22a.xml (116969 bytes)
2025-09-20 19:25:59,778 - debates_scraper - INFO - Erfolgreich heruntergeladen: debates2012-05-22b.xml (74471 bytes)
2025-09-20 19:25:59,975 - debates_scraper - INFO - Erfolgreich heruntergeladen: debates2012-05-22c.xml (168732 bytes)
2025-09-20 19:26:00,247 - debates_scraper - INFO - Erfolgreich heruntergeladen: debates2012-05-22d.xml (722164 bytes)
2025-09-20 19:26:00,470 - debates_scraper - INFO - Erfolgreich heruntergeladen: debates2012-05-23a.xml (79577 bytes)
2025-09-20 19:26:00,842 - debates_scraper - INFO - Erfolgreich heruntergeladen: debates2012-05-23b.xml (192346 bytes)
2025-09-20 19:26:01,169 - debates_scraper - INFO - Erfolgreich heruntergeladen: debates2012-05-23c.xml (706696 bytes)
2025-09-20 19:26:01,317 - debates_scraper - INFO - Erfolgreich heruntergeladen: debates2012-05-24a.xml (286423 bytes)
2025-09-20 19:26:01,555 - debates_scraper - INFO - Erfolgreich heruntergeladen: debates2012-05-24b.xml (558960 bytes)
2025-09-20 19:26:01,885 - debates_scraper - INFO - Erfolgreich heruntergeladen: debates2012-06-11a.xml (89132 bytes)
2025-09-20 19:26:02,336 - debates_scraper - INFO - Erfolgreich heruntergeladen: debates2012-06-11b.xml (718910 bytes)
2025-09-20 19:26:02,416 - debates_scraper - INFO - Erfolgreich heruntergeladen: debates2012-06-12a.xml (79250 bytes)
2025-09-20 19:26:02,796 - debates_scraper - INFO - Erfolgreich heruntergeladen: debates2012-06-12b.xml (663718 bytes)
2025-09-20 19:26:02,929 - debates_scraper - INFO - Erfolgreich heruntergeladen: debates2012-06-13a.xml (83551 bytes)
2025-09-20 19:26:03,440 - debates_scraper - INFO - Erfolgreich heruntergeladen: debates2012-06-13b.xml (662753 bytes)
2025-09-20 19:26:03,682 - debates_scraper - INFO - Erfolgreich heruntergeladen: debates2012-06-14a.xml (609326 bytes)
2025-09-20 19:26:03,840 - debates_scraper - INFO - Erfolgreich heruntergeladen: debates2012-06-18a.xml (85989 bytes)
2025-09-20 19:26:04,122 - debates_scraper - INFO - Erfolgreich heruntergeladen: debates2012-06-18b.xml (692879 bytes)
2025-09-20 19:26:04,546 - debates_scraper - INFO - Erfolgreich heruntergeladen: debates2012-06-19a.xml (548669 bytes)
2025-09-20 19:26:04,895 - debates_scraper - INFO - Erfolgreich heruntergeladen: debates2012-06-20a.xml (834463 bytes)
2025-09-20 19:26:04,998 - debates_scraper - INFO - Erfolgreich heruntergeladen: debates2012-06-21a.xml (368005 bytes)
2025-09-20 19:26:05,251 - debates_scraper - INFO - Erfolgreich heruntergeladen: debates2012-06-25a.xml (668673 bytes)
2025-09-20 19:26:05,591 - debates_scraper - INFO - Erfolgreich heruntergeladen: debates2012-06-26a.xml (86055 bytes)
2025-09-20 19:26:05,941 - debates_scraper - INFO - Erfolgreich heruntergeladen: debates2012-06-26b.xml (87472 bytes)
2025-09-20 19:26:06,100 - debates_scraper - INFO - Erfolgreich heruntergeladen: debates2012-06-26c.xml (732679 bytes)
2025-09-20 19:26:06,440 - debates_scraper - INFO - Erfolgreich heruntergeladen: debates2012-06-27a.xml (797239 bytes)
2025-09-20 19:26:06,633 - debates_scraper - INFO - Erfolgreich heruntergeladen: debates2012-06-28a.xml (75758 bytes)
2025-09-20 19:26:06,987 - debates_scraper - INFO - Erfolgreich heruntergeladen: debates2012-06-28b.xml (75565 bytes)
2025-09-20 19:26:07,314 - debates_scraper - INFO - Erfolgreich heruntergeladen: debates2012-06-28c.xml (614470 bytes)
2025-09-20 19:26:07,491 - debates_scraper - INFO - Erfolgreich heruntergeladen: debates2012-07-02a.xml (117767 bytes)
2025-09-20 19:26:07,681 - debates_scraper - INFO - Erfolgreich heruntergeladen: debates2012-07-02b.xml (117359 bytes)
2025-09-20 19:26:08,135 - debates_scraper - INFO - Erfolgreich heruntergeladen: debates2012-07-02c.xml (880391 bytes)
2025-09-20 19:26:08,370 - debates_scraper - INFO - Erfolgreich heruntergeladen: debates2012-07-03a.xml (143833 bytes)
2025-09-20 19:26:08,536 - debates_scraper - INFO - Erfolgreich heruntergeladen: debates2012-07-03b.xml (100097 bytes)
2025-09-20 19:26:08,865 - debates_scraper - INFO - Erfolgreich heruntergeladen: debates2012-07-03c.xml (849981 bytes)
2025-09-20 19:26:09,234 - debates_scraper - INFO - Erfolgreich heruntergeladen: debates2012-07-04a.xml (687508 bytes)
2025-09-20 19:26:09,557 - debates_scraper - INFO - Erfolgreich heruntergeladen: debates2012-07-05a.xml (727443 bytes)
2025-09-20 19:26:09,696 - debates_scraper - INFO - Erfolgreich heruntergeladen: debates2012-07-06a.xml (370071 bytes)
2025-09-20 19:26:09,982 - debates_scraper - INFO - Erfolgreich heruntergeladen: debates2012-07-09a.xml (657357 bytes)
2025-09-20 19:26:10,433 - debates_scraper - INFO - Erfolgreich heruntergeladen: debates2012-07-10a.xml (676016 bytes)
2025-09-20 19:26:10,692 - debates_scraper - INFO - Erfolgreich heruntergeladen: debates2012-07-11a.xml (714793 bytes)
2025-09-20 19:26:10,765 - debates_scraper - INFO - Erfolgreich heruntergeladen: debates2012-07-12a.xml (93711 bytes)
2025-09-20 19:26:11,183 - debates_scraper - INFO - Erfolgreich heruntergeladen: debates2012-07-12b.xml (678934 bytes)
2025-09-20 19:26:11,515 - debates_scraper - INFO - Erfolgreich heruntergeladen: debates2012-07-13a.xml (325018 bytes)
2025-09-20 19:26:11,742 - debates_scraper - INFO - Erfolgreich heruntergeladen: debates2012-07-16a.xml (104536 bytes)
2025-09-20 19:26:11,809 - debates_scraper - INFO - Erfolgreich heruntergeladen: debates2012-07-16b.xml (104449 bytes)
2025-09-20 19:26:12,232 - debates_scraper - INFO - Erfolgreich heruntergeladen: debates2012-07-16c.xml (103899 bytes)
2025-09-20 19:26:12,731 - debates_scraper - INFO - Erfolgreich heruntergeladen: debates2012-07-16d.xml (811129 bytes)
2025-09-20 19:26:12,792 - debates_scraper - INFO - Erfolgreich heruntergeladen: debates2012-07-17a.xml (68456 bytes)
2025-09-20 19:26:12,910 - debates_scraper - INFO - Erfolgreich heruntergeladen: debates2012-07-17b.xml (586792 bytes)
2025-09-20 19:26:13,342 - debates_scraper - INFO - Erfolgreich heruntergeladen: debates2012-09-03a.xml (580650 bytes)
2025-09-20 19:26:13,817 - debates_scraper - INFO - Erfolgreich heruntergeladen: debates2012-09-04a.xml (335857 bytes)
2025-09-20 19:26:13,947 - debates_scraper - INFO - Erfolgreich heruntergeladen: debates2012-09-05a.xml (74186 bytes)
2025-09-20 19:26:14,115 - debates_scraper - INFO - Erfolgreich heruntergeladen: debates2012-09-05b.xml (697985 bytes)
2025-09-20 19:26:14,448 - debates_scraper - INFO - Erfolgreich heruntergeladen: debates2012-09-06a.xml (598243 bytes)
2025-09-20 19:26:14,897 - debates_scraper - INFO - Erfolgreich heruntergeladen: debates2012-09-07a.xml (322469 bytes)
2025-09-20 19:26:14,990 - debates_scraper - INFO - Erfolgreich heruntergeladen: debates2012-09-10a.xml (111066 bytes)
2025-09-20 19:26:15,215 - debates_scraper - INFO - Erfolgreich heruntergeladen: debates2012-09-10b.xml (567318 bytes)
2025-09-20 19:26:15,495 - debates_scraper - INFO - Erfolgreich heruntergeladen: debates2012-09-11a.xml (122147 bytes)
2025-09-20 19:26:16,037 - debates_scraper - INFO - Erfolgreich heruntergeladen: debates2012-09-11b.xml (705197 bytes)
2025-09-20 19:26:16,369 - debates_scraper - INFO - Erfolgreich heruntergeladen: debates2012-09-12a.xml (701114 bytes)
2025-09-20 19:26:16,398 - debates_scraper - INFO - Erfolgreich heruntergeladen: debates2012-09-13a.xml (617851 bytes)
2025-09-20 19:26:16,571 - debates_scraper - INFO - Erfolgreich heruntergeladen: debates2012-09-14a.xml (321403 bytes)
2025-09-20 19:26:17,252 - debates_scraper - INFO - Erfolgreich heruntergeladen: debates2012-09-17a.xml (633987 bytes)
2025-09-20 19:26:17,480 - debates_scraper - INFO - Erfolgreich heruntergeladen: debates2012-09-18a.xml (556205 bytes)
2025-09-20 19:26:17,515 - debates_scraper - INFO - Erfolgreich heruntergeladen: debates2012-10-15a.xml (95577 bytes)
2025-09-20 19:26:17,747 - debates_scraper - INFO - Erfolgreich heruntergeladen: debates2012-10-15b.xml (98006 bytes)
2025-09-20 19:26:18,493 - debates_scraper - INFO - Erfolgreich heruntergeladen: debates2012-10-15c.xml (691524 bytes)
2025-09-20 19:26:18,557 - debates_scraper - INFO - Erfolgreich heruntergeladen: debates2012-10-17a.xml (121354 bytes)
2025-09-20 19:26:18,667 - debates_scraper - INFO - Erfolgreich heruntergeladen: debates2012-10-16a.xml (783155 bytes)
2025-09-20 19:26:18,829 - debates_scraper - INFO - Erfolgreich heruntergeladen: debates2012-10-17b.xml (84114 bytes)
2025-09-20 19:26:19,655 - debates_scraper - INFO - Erfolgreich heruntergeladen: debates2012-10-18a.xml (81906 bytes)
2025-09-20 19:26:19,680 - debates_scraper - INFO - Erfolgreich heruntergeladen: debates2012-10-17c.xml (965573 bytes)
2025-09-20 19:26:19,870 - debates_scraper - INFO - Erfolgreich heruntergeladen: debates2012-10-18b.xml (611570 bytes)
2025-09-20 19:26:19,900 - debates_scraper - INFO - Erfolgreich heruntergeladen: debates2012-10-19a.xml (39008 bytes)
2025-09-20 19:26:20,778 - debates_scraper - INFO - Erfolgreich heruntergeladen: debates2012-10-19b.xml (327725 bytes)
2025-09-20 19:26:20,896 - debates_scraper - INFO - Erfolgreich heruntergeladen: debates2012-10-22a.xml (569933 bytes)
2025-09-20 19:26:20,949 - debates_scraper - INFO - Erfolgreich heruntergeladen: debates2012-10-23a.xml (69622 bytes)
2025-09-20 19:26:20,957 - debates_scraper - INFO - Erfolgreich heruntergeladen: debates2012-10-23b.xml (61719 bytes)
2025-09-20 19:26:21,998 - debates_scraper - INFO - Erfolgreich heruntergeladen: debates2012-10-23c.xml (410103 bytes)
2025-09-20 19:26:22,051 - debates_scraper - INFO - Erfolgreich heruntergeladen: debates2012-10-24a.xml (109165 bytes)
2025-09-20 19:26:22,055 - debates_scraper - INFO - Erfolgreich heruntergeladen: debates2012-10-24b.xml (68680 bytes)
2025-09-20 19:26:22,146 - debates_scraper - INFO - Erfolgreich heruntergeladen: debates2012-10-24c.xml (707374 bytes)
2025-09-20 19:26:23,123 - debates_scraper - INFO - Erfolgreich heruntergeladen: debates2012-10-25a.xml (620526 bytes)
2025-09-20 19:26:23,207 - debates_scraper - INFO - Erfolgreich heruntergeladen: debates2012-10-26a.xml (351244 bytes)
2025-09-20 19:26:23,214 - debates_scraper - INFO - Erfolgreich heruntergeladen: debates2012-10-30a.xml (354713 bytes)
2025-09-20 19:26:23,240 - debates_scraper - INFO - Erfolgreich heruntergeladen: debates2012-10-29a.xml (634468 bytes)
2025-09-20 19:26:24,234 - debates_scraper - INFO - Erfolgreich heruntergeladen: debates2012-10-31a.xml (91505 bytes)
2025-09-20 19:26:24,290 - debates_scraper - INFO - Erfolgreich heruntergeladen: debates2012-10-31b.xml (91181 bytes)
2025-09-20 19:26:24,364 - debates_scraper - INFO - Erfolgreich heruntergeladen: debates2012-11-01a.xml (605672 bytes)
2025-09-20 19:26:24,427 - debates_scraper - INFO - Erfolgreich heruntergeladen: debates2012-10-31c.xml (707353 bytes)
2025-09-20 19:26:25,383 - debates_scraper - INFO - Erfolgreich heruntergeladen: debates2012-11-05a.xml (70611 bytes)
2025-09-20 19:26:25,390 - debates_scraper - INFO - Erfolgreich heruntergeladen: debates2012-11-02a.xml (323660 bytes)
2025-09-20 19:26:25,473 - debates_scraper - INFO - Erfolgreich heruntergeladen: debates2012-11-06a.xml (87049 bytes)
2025-09-20 19:26:25,550 - debates_scraper - INFO - Erfolgreich heruntergeladen: debates2012-11-05b.xml (629005 bytes)
2025-09-20 19:26:26,517 - debates_scraper - INFO - Erfolgreich heruntergeladen: debates2012-11-06b.xml (610413 bytes)
2025-09-20 19:26:26,595 - debates_scraper - INFO - Erfolgreich heruntergeladen: debates2012-11-07a.xml (704320 bytes)
2025-09-20 19:26:26,615 - debates_scraper - INFO - Erfolgreich heruntergeladen: debates2012-11-09a.xml (42264 bytes)
2025-09-20 19:26:26,650 - debates_scraper - INFO - Erfolgreich heruntergeladen: debates2012-11-08a.xml (593291 bytes)
2025-09-20 19:26:27,649 - debates_scraper - INFO - Erfolgreich heruntergeladen: debates2012-11-09b.xml (373733 bytes)
2025-09-20 19:26:27,744 - debates_scraper - INFO - Erfolgreich heruntergeladen: debates2012-11-12a.xml (802307 bytes)
2025-09-20 19:26:27,745 - debates_scraper - INFO - Erfolgreich heruntergeladen: debates2012-11-19a.xml (561912 bytes)
2025-09-20 19:26:27,793 - debates_scraper - INFO - Erfolgreich heruntergeladen: debates2012-11-13a.xml (587005 bytes)
2025-09-20 19:26:28,776 - debates_scraper - INFO - Erfolgreich heruntergeladen: debates2012-11-20a.xml (85149 bytes)
2025-09-20 19:26:28,883 - debates_scraper - INFO - Erfolgreich heruntergeladen: debates2012-11-21a.xml (583248 bytes)
2025-09-20 19:26:28,895 - debates_scraper - INFO - Erfolgreich heruntergeladen: debates2012-11-22a.xml (134607 bytes)
2025-09-20 19:26:28,930 - debates_scraper - INFO - Erfolgreich heruntergeladen: debates2012-11-20b.xml (609183 bytes)
2025-09-20 19:26:29,931 - debates_scraper - INFO - Erfolgreich heruntergeladen: debates2012-11-22b.xml (649864 bytes)
2025-09-20 19:26:29,973 - debates_scraper - INFO - Erfolgreich heruntergeladen: debates2012-11-26a.xml (69570 bytes)
2025-09-20 19:26:29,997 - debates_scraper - INFO - Erfolgreich heruntergeladen: debates2012-11-27a.xml (372715 bytes)
2025-09-20 19:26:30,015 - debates_scraper - INFO - Erfolgreich heruntergeladen: debates2012-11-26b.xml (551095 bytes)
2025-09-20 19:26:31,001 - debates_scraper - INFO - Erfolgreich heruntergeladen: debates2012-11-28a.xml (91650 bytes)
2025-09-20 19:26:31,069 - debates_scraper - INFO - Erfolgreich heruntergeladen: debates2012-11-29a.xml (93373 bytes)
2025-09-20 19:26:31,152 - debates_scraper - INFO - Erfolgreich heruntergeladen: debates2012-11-28b.xml (703065 bytes)
2025-09-20 19:26:31,207 - debates_scraper - INFO - Erfolgreich heruntergeladen: debates2012-11-29b.xml (672839 bytes)
2025-09-20 19:26:32,144 - debates_scraper - INFO - Erfolgreich heruntergeladen: debates2012-11-30a.xml (315713 bytes)
2025-09-20 19:26:32,239 - debates_scraper - INFO - Erfolgreich heruntergeladen: debates2012-12-03a.xml (597450 bytes)
2025-09-20 19:26:32,268 - debates_scraper - INFO - Erfolgreich heruntergeladen: debates2012-12-04a.xml (752594 bytes)
2025-09-20 19:26:32,398 - debates_scraper - INFO - Erfolgreich heruntergeladen: debates2012-12-05a.xml (623158 bytes)
2025-09-20 19:26:33,281 - debates_scraper - INFO - Erfolgreich heruntergeladen: debates2012-12-06a.xml (605434 bytes)
2025-09-20 19:26:33,441 - debates_scraper - INFO - Erfolgreich heruntergeladen: debates2012-12-10a.xml (629925 bytes)
2025-09-20 19:26:33,442 - debates_scraper - INFO - Erfolgreich heruntergeladen: debates2012-12-11a.xml (641067 bytes)
2025-09-20 19:26:33,468 - debates_scraper - INFO - Erfolgreich heruntergeladen: debates2012-12-12a.xml (693630 bytes)
2025-09-20 19:26:34,404 - debates_scraper - INFO - Erfolgreich heruntergeladen: debates2012-12-13a.xml (516610 bytes)
2025-09-20 19:26:34,531 - debates_scraper - INFO - Erfolgreich heruntergeladen: debates2012-12-17a.xml (731051 bytes)
2025-09-20 19:26:34,533 - debates_scraper - INFO - Erfolgreich heruntergeladen: debates2012-12-18a.xml (75335 bytes)
2025-09-20 19:26:34,666 - debates_scraper - INFO - Erfolgreich heruntergeladen: debates2012-12-18b.xml (650819 bytes)
2025-09-20 19:26:35,578 - debates_scraper - INFO - Erfolgreich heruntergeladen: debates2012-12-19a.xml (651517 bytes)
2025-09-20 19:26:35,581 - debates_scraper - INFO - Erfolgreich heruntergeladen: debates2013-01-07a.xml (67319 bytes)
2025-09-20 19:26:35,706 - debates_scraper - INFO - Erfolgreich heruntergeladen: debates2012-12-20a.xml (554999 bytes)
2025-09-20 19:26:35,733 - debates_scraper - INFO - Erfolgreich heruntergeladen: debates2013-01-07b.xml (70781 bytes)
2025-09-20 19:26:36,706 - debates_scraper - INFO - Erfolgreich heruntergeladen: debates2013-01-08a.xml (147688 bytes)
2025-09-20 19:26:36,770 - debates_scraper - INFO - Erfolgreich heruntergeladen: debates2013-01-07c.xml (583263 bytes)
2025-09-20 19:26:36,824 - debates_scraper - INFO - Erfolgreich heruntergeladen: debates2013-01-08b.xml (805131 bytes)
2025-09-20 19:26:36,855 - debates_scraper - INFO - Erfolgreich heruntergeladen: debates2013-01-09a.xml (129535 bytes)
2025-09-20 19:26:37,915 - debates_scraper - INFO - Erfolgreich heruntergeladen: debates2013-01-09b.xml (719583 bytes)
2025-09-20 19:26:37,918 - debates_scraper - INFO - Erfolgreich heruntergeladen: debates2013-01-10a.xml (592763 bytes)
2025-09-20 19:26:37,919 - debates_scraper - INFO - Erfolgreich heruntergeladen: debates2013-01-14a.xml (75494 bytes)
2025-09-20 19:26:37,947 - debates_scraper - INFO - Erfolgreich heruntergeladen: debates2013-01-14b.xml (68924 bytes)
2025-09-20 19:26:39,016 - debates_scraper - INFO - Erfolgreich heruntergeladen: debates2013-01-15a.xml (73750 bytes)
2025-09-20 19:26:39,016 - debates_scraper - INFO - Erfolgreich heruntergeladen: debates2013-01-14c.xml (67699 bytes)
2025-09-20 19:26:39,097 - debates_scraper - INFO - Erfolgreich heruntergeladen: debates2013-01-14d.xml (604639 bytes)
2025-09-20 19:26:39,121 - debates_scraper - INFO - Erfolgreich heruntergeladen: debates2013-01-15b.xml (588522 bytes)
2025-09-20 19:26:40,230 - debates_scraper - INFO - Erfolgreich heruntergeladen: debates2013-01-17a.xml (635180 bytes)
2025-09-20 19:26:40,237 - debates_scraper - INFO - Erfolgreich heruntergeladen: debates2013-01-16a.xml (749587 bytes)
2025-09-20 19:26:40,240 - debates_scraper - INFO - Erfolgreich heruntergeladen: debates2013-01-18a.xml (354489 bytes)
2025-09-20 19:26:40,297 - debates_scraper - INFO - Erfolgreich heruntergeladen: debates2013-01-21a.xml (765167 bytes)
2025-09-20 19:26:41,331 - debates_scraper - INFO - Erfolgreich heruntergeladen: debates2013-01-22a.xml (98307 bytes)
2025-09-20 19:26:41,366 - debates_scraper - INFO - Erfolgreich heruntergeladen: debates2013-01-23a.xml (704322 bytes)
2025-09-20 19:26:41,413 - debates_scraper - INFO - Erfolgreich heruntergeladen: debates2013-01-22b.xml (664641 bytes)
2025-09-20 19:26:41,478 - debates_scraper - INFO - Erfolgreich heruntergeladen: debates2013-01-24a.xml (606539 bytes)
2025-09-20 19:26:42,456 - debates_scraper - INFO - Erfolgreich heruntergeladen: debates2013-01-25a.xml (317285 bytes)
2025-09-20 19:26:42,464 - debates_scraper - INFO - Erfolgreich heruntergeladen: debates2013-01-28a.xml (113098 bytes)
2025-09-20 19:26:42,521 - debates_scraper - INFO - Erfolgreich heruntergeladen: debates2013-01-28b.xml (76917 bytes)
2025-09-20 19:26:42,604 - debates_scraper - INFO - Erfolgreich heruntergeladen: debates2013-01-28c.xml (557411 bytes)
2025-09-20 19:26:43,572 - debates_scraper - INFO - Erfolgreich heruntergeladen: debates2013-01-29a.xml (89964 bytes)
2025-09-20 19:26:43,643 - debates_scraper - INFO - Erfolgreich heruntergeladen: debates2013-01-29b.xml (616764 bytes)
2025-09-20 19:26:43,702 - debates_scraper - INFO - Erfolgreich heruntergeladen: debates2013-01-30a.xml (637283 bytes)
2025-09-20 19:26:43,702 - debates_scraper - INFO - Erfolgreich heruntergeladen: debates2013-01-31a.xml (585740 bytes)
2025-09-20 19:26:44,733 - debates_scraper - INFO - Erfolgreich heruntergeladen: debates2013-02-01a.xml (349022 bytes)
2025-09-20 19:26:44,813 - debates_scraper - INFO - Erfolgreich heruntergeladen: debates2013-02-05a.xml (88371 bytes)
2025-09-20 19:26:44,816 - debates_scraper - INFO - Erfolgreich heruntergeladen: debates2013-02-04a.xml (431552 bytes)
2025-09-20 19:26:44,871 - debates_scraper - INFO - Erfolgreich heruntergeladen: debates2013-02-05b.xml (822264 bytes)
2025-09-20 19:26:45,835 - debates_scraper - INFO - Erfolgreich heruntergeladen: debates2013-02-06a.xml (681576 bytes)
2025-09-20 19:26:45,925 - debates_scraper - INFO - Erfolgreich heruntergeladen: debates2013-02-11b.xml (666345 bytes)
2025-09-20 19:26:45,940 - debates_scraper - INFO - Erfolgreich heruntergeladen: debates2013-02-11a.xml (105216 bytes)
2025-09-20 19:26:46,020 - debates_scraper - INFO - Erfolgreich heruntergeladen: debates2013-02-07a.xml (656738 bytes)
2025-09-20 19:26:47,021 - debates_scraper - INFO - Erfolgreich heruntergeladen: debates2013-02-12a.xml (701894 bytes)
2025-09-20 19:26:47,045 - debates_scraper - INFO - Erfolgreich heruntergeladen: debates2013-02-13a.xml (108618 bytes)
2025-09-20 19:26:47,098 - debates_scraper - INFO - Erfolgreich heruntergeladen: debates2013-02-13b.xml (938197 bytes)
2025-09-20 19:26:47,131 - debates_scraper - INFO - Erfolgreich heruntergeladen: debates2013-02-14a.xml (631824 bytes)
2025-09-20 19:26:48,129 - debates_scraper - INFO - Erfolgreich heruntergeladen: debates2013-02-25a.xml (78434 bytes)
2025-09-20 19:26:48,166 - debates_scraper - INFO - Erfolgreich heruntergeladen: debates2013-02-25b.xml (650097 bytes)
2025-09-20 19:26:48,195 - debates_scraper - INFO - Erfolgreich heruntergeladen: debates2013-02-26a.xml (82276 bytes)
2025-09-20 19:26:48,280 - debates_scraper - INFO - Erfolgreich heruntergeladen: debates2013-02-26b.xml (719804 bytes)
2025-09-20 19:26:49,243 - debates_scraper - INFO - Erfolgreich heruntergeladen: debates2013-02-27a.xml (96101 bytes)
2025-09-20 19:26:49,269 - debates_scraper - INFO - Erfolgreich heruntergeladen: debates2013-02-28a.xml (62100 bytes)
2025-09-20 19:26:49,386 - debates_scraper - INFO - Erfolgreich heruntergeladen: debates2013-02-28b.xml (533990 bytes)
2025-09-20 19:26:49,416 - debates_scraper - INFO - Erfolgreich heruntergeladen: debates2013-02-27b.xml (751470 bytes)
2025-09-20 19:26:50,342 - debates_scraper - INFO - Erfolgreich heruntergeladen: debates2013-03-04a.xml (83394 bytes)
2025-09-20 19:26:50,367 - debates_scraper - INFO - Erfolgreich heruntergeladen: debates2013-03-01a.xml (321725 bytes)
2025-09-20 19:26:50,455 - debates_scraper - INFO - Erfolgreich heruntergeladen: debates2013-03-04b.xml (82280 bytes)
2025-09-20 19:26:50,556 - debates_scraper - INFO - Erfolgreich heruntergeladen: debates2013-03-04c.xml (786441 bytes)
2025-09-20 19:26:51,405 - debates_scraper - INFO - Erfolgreich heruntergeladen: debates2013-03-05a.xml (70410 bytes)
2025-09-20 19:26:51,516 - debates_scraper - INFO - Erfolgreich heruntergeladen: debates2013-03-05b.xml (594525 bytes)
2025-09-20 19:26:51,559 - debates_scraper - INFO - Erfolgreich heruntergeladen: debates2013-03-06a.xml (758256 bytes)
2025-09-20 19:26:51,611 - debates_scraper - INFO - Erfolgreich heruntergeladen: debates2013-03-07a.xml (82094 bytes)
2025-09-20 19:26:52,513 - debates_scraper - INFO - Erfolgreich heruntergeladen: debates2013-03-07b.xml (668594 bytes)
2025-09-20 19:26:52,604 - debates_scraper - INFO - Erfolgreich heruntergeladen: debates2013-03-11a.xml (621539 bytes)
2025-09-20 19:26:52,648 - debates_scraper - INFO - Erfolgreich heruntergeladen: debates2013-03-12a.xml (91209 bytes)
2025-09-20 19:26:52,676 - debates_scraper - INFO - Erfolgreich heruntergeladen: debates2013-03-12b.xml (768438 bytes)
2025-09-20 19:26:53,584 - debates_scraper - INFO - Erfolgreich heruntergeladen: debates2013-03-13a.xml (66169 bytes)
2025-09-20 19:26:53,720 - debates_scraper - INFO - Erfolgreich heruntergeladen: debates2013-03-13b.xml (907081 bytes)
2025-09-20 19:26:53,838 - debates_scraper - INFO - Erfolgreich heruntergeladen: debates2013-03-18a.xml (136186 bytes)
2025-09-20 19:26:53,865 - debates_scraper - INFO - Erfolgreich heruntergeladen: debates2013-03-14a.xml (659662 bytes)
2025-09-20 19:26:54,656 - debates_scraper - INFO - Erfolgreich heruntergeladen: debates2013-03-18b.xml (95992 bytes)
2025-09-20 19:26:54,864 - debates_scraper - INFO - Erfolgreich heruntergeladen: debates2013-03-18c.xml (878855 bytes)
2025-09-20 19:26:54,923 - debates_scraper - INFO - Erfolgreich heruntergeladen: debates2013-03-20a.xml (62696 bytes)
2025-09-20 19:26:55,014 - debates_scraper - INFO - Erfolgreich heruntergeladen: debates2013-03-19a.xml (641569 bytes)
2025-09-20 19:26:55,817 - debates_scraper - INFO - Erfolgreich heruntergeladen: debates2013-03-20b.xml (554469 bytes)
2025-09-20 19:26:55,908 - debates_scraper - INFO - Erfolgreich heruntergeladen: debates2013-03-21a.xml (95288 bytes)
2025-09-20 19:26:56,042 - debates_scraper - INFO - Erfolgreich heruntergeladen: debates2013-03-21b.xml (617752 bytes)
2025-09-20 19:26:56,061 - debates_scraper - INFO - Erfolgreich heruntergeladen: debates2013-03-22a.xml (37759 bytes)
2025-09-20 19:26:56,968 - debates_scraper - INFO - Erfolgreich heruntergeladen: debates2013-03-22b.xml (375430 bytes)
2025-09-20 19:26:57,086 - debates_scraper - INFO - Erfolgreich heruntergeladen: debates2013-03-26a.xml (92045 bytes)
2025-09-20 19:26:57,114 - debates_scraper - INFO - Erfolgreich heruntergeladen: debates2013-03-25a.xml (915035 bytes)
2025-09-20 19:26:57,289 - debates_scraper - INFO - Erfolgreich heruntergeladen: debates2013-03-26b.xml (723810 bytes)
2025-09-20 19:26:58,017 - debates_scraper - INFO - Erfolgreich heruntergeladen: debates2013-04-10a.xml (18871 bytes)
2025-09-20 19:26:58,211 - debates_scraper - INFO - Erfolgreich heruntergeladen: debates2013-04-10b.xml (417014 bytes)
2025-09-20 19:26:58,239 - debates_scraper - INFO - Erfolgreich heruntergeladen: debates2013-04-15a.xml (119387 bytes)
2025-09-20 19:26:58,415 - debates_scraper - INFO - Erfolgreich heruntergeladen: debates2013-04-15b.xml (656411 bytes)
2025-09-20 19:26:59,089 - debates_scraper - INFO - Erfolgreich heruntergeladen: debates2013-04-16a.xml (140640 bytes)
2025-09-20 19:26:59,387 - debates_scraper - INFO - Erfolgreich heruntergeladen: debates2013-04-16b.xml (1063167 bytes)
2025-09-20 19:26:59,438 - debates_scraper - INFO - Erfolgreich heruntergeladen: debates2013-04-17a.xml (715547 bytes)
2025-09-20 19:26:59,486 - debates_scraper - INFO - Erfolgreich heruntergeladen: debates2013-04-18a.xml (107094 bytes)
2025-09-20 19:27:00,299 - debates_scraper - INFO - Erfolgreich heruntergeladen: debates2013-04-18b.xml (809959 bytes)
2025-09-20 19:27:00,480 - debates_scraper - INFO - Erfolgreich heruntergeladen: debates2013-04-22a.xml (617165 bytes)
2025-09-20 19:27:00,581 - debates_scraper - INFO - Erfolgreich heruntergeladen: debates2013-04-24a.xml (570577 bytes)
2025-09-20 19:27:00,643 - debates_scraper - INFO - Erfolgreich heruntergeladen: debates2013-04-23a.xml (577479 bytes)
2025-09-20 19:27:01,370 - debates_scraper - INFO - Erfolgreich heruntergeladen: debates2013-04-25a.xml (60266 bytes)
2025-09-20 19:27:01,581 - debates_scraper - INFO - Erfolgreich heruntergeladen: debates2013-04-25b.xml (424918 bytes)
2025-09-20 19:27:01,621 - debates_scraper - INFO - Erfolgreich heruntergeladen: debates2013-05-08a.xml (42214 bytes)
2025-09-20 19:27:01,738 - debates_scraper - INFO - Erfolgreich heruntergeladen: debates2013-05-08b.xml (515462 bytes)
2025-09-20 19:27:02,496 - debates_scraper - INFO - Erfolgreich heruntergeladen: debates2013-05-09a.xml (554655 bytes)
2025-09-20 19:27:02,663 - debates_scraper - INFO - Erfolgreich heruntergeladen: debates2013-05-10a.xml (378296 bytes)
2025-09-20 19:27:02,805 - debates_scraper - INFO - Erfolgreich heruntergeladen: debates2013-05-13a.xml (544482 bytes)
2025-09-20 19:27:02,840 - debates_scraper - INFO - Erfolgreich heruntergeladen: debates2013-05-14a.xml (652014 bytes)
2025-09-20 19:27:03,602 - debates_scraper - INFO - Erfolgreich heruntergeladen: debates2013-05-15a.xml (80959 bytes)
2025-09-20 19:27:03,826 - debates_scraper - INFO - Erfolgreich heruntergeladen: debates2013-05-15b.xml (790271 bytes)
2025-09-20 19:27:03,907 - debates_scraper - INFO - Erfolgreich heruntergeladen: debates2013-05-20a.xml (89801 bytes)
2025-09-20 19:27:04,006 - debates_scraper - INFO - Erfolgreich heruntergeladen: debates2013-05-16a.xml (505674 bytes)
2025-09-20 19:27:04,750 - debates_scraper - INFO - Erfolgreich heruntergeladen: debates2013-05-20b.xml (808243 bytes)
2025-09-20 19:27:04,947 - debates_scraper - INFO - Erfolgreich heruntergeladen: debates2013-05-21a.xml (845942 bytes)
2025-09-20 19:27:05,026 - debates_scraper - INFO - Erfolgreich heruntergeladen: debates2013-06-03a.xml (124123 bytes)
2025-09-20 19:27:05,129 - debates_scraper - INFO - Erfolgreich heruntergeladen: debates2013-06-03b.xml (852232 bytes)
2025-09-20 19:27:05,823 - debates_scraper - INFO - Erfolgreich heruntergeladen: debates2013-06-04a.xml (66478 bytes)
2025-09-20 19:27:06,068 - debates_scraper - INFO - Erfolgreich heruntergeladen: debates2013-06-04b.xml (675778 bytes)
2025-09-20 19:27:06,162 - debates_scraper - INFO - Erfolgreich heruntergeladen: debates2013-06-05a.xml (121547 bytes)
2025-09-20 19:27:06,270 - debates_scraper - INFO - Erfolgreich heruntergeladen: debates2013-06-05b.xml (741111 bytes)
2025-09-20 19:27:06,917 - debates_scraper - INFO - Erfolgreich heruntergeladen: debates2013-06-06a.xml (83079 bytes)
2025-09-20 19:27:07,192 - debates_scraper - INFO - Erfolgreich heruntergeladen: debates2013-06-06b.xml (618931 bytes)
2025-09-20 19:27:07,326 - debates_scraper - INFO - Erfolgreich heruntergeladen: debates2013-06-11a.xml (87472 bytes)
2025-09-20 19:27:07,339 - debates_scraper - INFO - Erfolgreich heruntergeladen: debates2013-06-10a.xml (595884 bytes)
2025-09-20 19:27:08,123 - debates_scraper - INFO - Erfolgreich heruntergeladen: debates2013-06-11b.xml (848753 bytes)
2025-09-20 19:27:08,288 - debates_scraper - INFO - Erfolgreich heruntergeladen: debates2013-06-12a.xml (724409 bytes)
2025-09-20 19:27:08,366 - debates_scraper - INFO - Erfolgreich heruntergeladen: debates2013-06-13a.xml (71733 bytes)
2025-09-20 19:27:08,516 - debates_scraper - INFO - Erfolgreich heruntergeladen: debates2013-06-13b.xml (590608 bytes)
2025-09-20 19:27:09,280 - debates_scraper - INFO - Erfolgreich heruntergeladen: debates2013-06-17a.xml (590367 bytes)
2025-09-20 19:27:09,349 - debates_scraper - INFO - Erfolgreich heruntergeladen: debates2013-06-18a.xml (70301 bytes)
2025-09-20 19:27:09,415 - debates_scraper - INFO - Erfolgreich heruntergeladen: debates2013-06-18b.xml (70930 bytes)
2025-09-20 19:27:09,630 - debates_scraper - INFO - Erfolgreich heruntergeladen: debates2013-06-18c.xml (616519 bytes)
2025-09-20 19:27:10,443 - debates_scraper - INFO - Erfolgreich heruntergeladen: debates2013-06-20a.xml (66963 bytes)
2025-09-20 19:27:10,462 - debates_scraper - INFO - Erfolgreich heruntergeladen: debates2013-06-19a.xml (766257 bytes)
2025-09-20 19:27:10,600 - debates_scraper - INFO - Erfolgreich heruntergeladen: debates2013-06-20b.xml (582110 bytes)
2025-09-20 19:27:10,673 - debates_scraper - INFO - Erfolgreich heruntergeladen: debates2013-06-24a.xml (80240 bytes)
2025-09-20 19:27:11,599 - debates_scraper - INFO - Erfolgreich heruntergeladen: debates2013-06-24b.xml (634196 bytes)
2025-09-20 19:27:11,639 - debates_scraper - INFO - Erfolgreich heruntergeladen: debates2013-06-25a.xml (686495 bytes)
2025-09-20 19:27:11,648 - debates_scraper - INFO - Erfolgreich heruntergeladen: debates2013-06-26a.xml (93305 bytes)
2025-09-20 19:27:11,795 - debates_scraper - INFO - Erfolgreich heruntergeladen: debates2013-06-26b.xml (781313 bytes)
2025-09-20 19:27:12,755 - debates_scraper - INFO - Erfolgreich heruntergeladen: debates2013-06-27a.xml (643124 bytes)
2025-09-20 19:27:12,835 - debates_scraper - INFO - Erfolgreich heruntergeladen: debates2013-07-01a.xml (747636 bytes)
2025-09-20 19:27:12,890 - debates_scraper - INFO - Erfolgreich heruntergeladen: debates2013-07-03a.xml (602363 bytes)
2025-09-20 19:27:12,893 - debates_scraper - INFO - Erfolgreich heruntergeladen: debates2013-07-02a.xml (875976 bytes)
2025-09-20 19:27:13,867 - debates_scraper - INFO - Erfolgreich heruntergeladen: debates2013-07-04a.xml (84024 bytes)
2025-09-20 19:27:13,982 - debates_scraper - INFO - Erfolgreich heruntergeladen: debates2013-07-08a.xml (80434 bytes)
2025-09-20 19:27:14,011 - debates_scraper - INFO - Erfolgreich heruntergeladen: debates2013-07-05a.xml (472470 bytes)
2025-09-20 19:27:14,050 - debates_scraper - INFO - Erfolgreich heruntergeladen: debates2013-07-04b.xml (592662 bytes)
2025-09-20 19:27:14,948 - debates_scraper - INFO - Erfolgreich heruntergeladen: debates2013-07-08b.xml (72387 bytes)
2025-09-20 19:27:15,130 - debates_scraper - INFO - Erfolgreich heruntergeladen: debates2013-07-09a.xml (99005 bytes)
2025-09-20 19:27:15,142 - debates_scraper - INFO - Erfolgreich heruntergeladen: debates2013-07-08c.xml (787795 bytes)
2025-09-20 19:27:15,206 - debates_scraper - INFO - Erfolgreich heruntergeladen: debates2013-07-09b.xml (141962 bytes)
2025-09-20 19:27:16,172 - debates_scraper - INFO - Erfolgreich heruntergeladen: debates2013-07-09c.xml (904012 bytes)
2025-09-20 19:27:16,256 - debates_scraper - INFO - Erfolgreich heruntergeladen: debates2013-07-10a.xml (108545 bytes)
2025-09-20 19:27:16,267 - debates_scraper - INFO - Erfolgreich heruntergeladen: debates2013-07-10b.xml (108546 bytes)
2025-09-20 19:27:16,341 - debates_scraper - INFO - Erfolgreich heruntergeladen: debates2013-07-10c.xml (887588 bytes)
2025-09-20 19:27:17,329 - debates_scraper - INFO - Erfolgreich heruntergeladen: debates2013-07-11a.xml (611949 bytes)
2025-09-20 19:27:17,447 - debates_scraper - INFO - Erfolgreich heruntergeladen: debates2013-07-12a.xml (382825 bytes)
2025-09-20 19:27:17,504 - debates_scraper - INFO - Erfolgreich heruntergeladen: debates2013-07-15a.xml (760573 bytes)
2025-09-20 19:27:17,606 - debates_scraper - INFO - Erfolgreich heruntergeladen: debates2013-07-16a.xml (822113 bytes)
2025-09-20 19:27:18,408 - debates_scraper - INFO - Erfolgreich heruntergeladen: debates2013-07-17a.xml (126486 bytes)
2025-09-20 19:27:18,565 - debates_scraper - INFO - Erfolgreich heruntergeladen: debates2013-07-17b.xml (1171746 bytes)
2025-09-20 19:27:18,649 - debates_scraper - INFO - Erfolgreich heruntergeladen: debates2013-08-29a.xml (66780 bytes)
2025-09-20 19:27:18,684 - debates_scraper - INFO - Erfolgreich heruntergeladen: debates2013-07-18a.xml (569596 bytes)
2025-09-20 19:27:19,490 - debates_scraper - INFO - Erfolgreich heruntergeladen: debates2013-08-29b.xml (64129 bytes)
2025-09-20 19:27:19,694 - debates_scraper - INFO - Erfolgreich heruntergeladen: debates2013-09-02a.xml (78513 bytes)
2025-09-20 19:27:19,696 - debates_scraper - INFO - Erfolgreich heruntergeladen: debates2013-08-29c.xml (632783 bytes)
2025-09-20 19:27:19,856 - debates_scraper - INFO - Erfolgreich heruntergeladen: debates2013-09-02b.xml (610263 bytes)
2025-09-20 19:27:20,576 - debates_scraper - INFO - Erfolgreich heruntergeladen: debates2013-09-03a.xml (91655 bytes)
2025-09-20 19:27:20,848 - debates_scraper - INFO - Erfolgreich heruntergeladen: debates2013-09-03b.xml (770246 bytes)
2025-09-20 19:27:20,896 - debates_scraper - INFO - Erfolgreich heruntergeladen: debates2013-09-05a.xml (72945 bytes)
2025-09-20 19:27:20,927 - debates_scraper - INFO - Erfolgreich heruntergeladen: debates2013-09-04a.xml (712192 bytes)
2025-09-20 19:27:21,727 - debates_scraper - INFO - Erfolgreich heruntergeladen: debates2013-09-05b.xml (620705 bytes)
2025-09-20 19:27:21,928 - debates_scraper - INFO - Erfolgreich heruntergeladen: debates2013-09-06a.xml (315851 bytes)
2025-09-20 19:27:22,001 - debates_scraper - INFO - Erfolgreich heruntergeladen: debates2013-09-09a.xml (96976 bytes)
2025-09-20 19:27:22,038 - debates_scraper - INFO - Erfolgreich heruntergeladen: debates2013-09-09b.xml (767768 bytes)
2025-09-20 19:27:22,797 - debates_scraper - INFO - Erfolgreich heruntergeladen: debates2013-09-10a.xml (101452 bytes)
2025-09-20 19:27:23,075 - debates_scraper - INFO - Erfolgreich heruntergeladen: debates2013-09-10b.xml (814219 bytes)
2025-09-20 19:27:23,218 - debates_scraper - INFO - Erfolgreich heruntergeladen: debates2013-09-12a.xml (625249 bytes)
2025-09-20 19:27:23,233 - debates_scraper - INFO - Erfolgreich heruntergeladen: debates2013-09-11a.xml (895590 bytes)
2025-09-20 19:27:23,922 - debates_scraper - INFO - Erfolgreich heruntergeladen: debates2013-09-13a.xml (331704 bytes)
2025-09-20 19:27:24,190 - debates_scraper - INFO - Erfolgreich heruntergeladen: debates2013-10-08a.xml (671055 bytes)
2025-09-20 19:27:24,309 - debates_scraper - INFO - Erfolgreich heruntergeladen: debates2013-10-10a.xml (68250 bytes)
2025-09-20 19:27:24,326 - debates_scraper - INFO - Erfolgreich heruntergeladen: debates2013-10-09a.xml (688822 bytes)
2025-09-20 19:27:25,052 - debates_scraper - INFO - Erfolgreich heruntergeladen: debates2013-10-10b.xml (593323 bytes)
2025-09-20 19:27:25,241 - debates_scraper - INFO - Erfolgreich heruntergeladen: debates2013-10-14a.xml (115801 bytes)
2025-09-20 19:27:25,405 - debates_scraper - INFO - Erfolgreich heruntergeladen: debates2013-10-14b.xml (760447 bytes)
2025-09-20 19:27:25,439 - debates_scraper - INFO - Erfolgreich heruntergeladen: debates2013-10-15a.xml (102710 bytes)
2025-09-20 19:27:26,207 - debates_scraper - INFO - Erfolgreich heruntergeladen: debates2013-10-15b.xml (712800 bytes)
2025-09-20 19:27:26,290 - debates_scraper - INFO - Erfolgreich heruntergeladen: debates2013-10-16a.xml (116094 bytes)
2025-09-20 19:27:26,480 - debates_scraper - INFO - Erfolgreich heruntergeladen: debates2013-10-16b.xml (725568 bytes)
2025-09-20 19:27:26,536 - debates_scraper - INFO - Erfolgreich heruntergeladen: debates2013-10-17a.xml (82364 bytes)
2025-09-20 19:27:27,312 - debates_scraper - INFO - Erfolgreich heruntergeladen: debates2013-10-17b.xml (77372 bytes)
2025-09-20 19:27:27,381 - debates_scraper - INFO - Erfolgreich heruntergeladen: debates2013-10-17c.xml (606099 bytes)
2025-09-20 19:27:27,525 - debates_scraper - INFO - Erfolgreich heruntergeladen: debates2013-10-18a.xml (345717 bytes)
2025-09-20 19:27:27,581 - debates_scraper - INFO - Erfolgreich heruntergeladen: debates2013-10-21a.xml (567513 bytes)
2025-09-20 19:27:28,379 - debates_scraper - INFO - Erfolgreich heruntergeladen: debates2013-10-22a.xml (104471 bytes)
2025-09-20 19:27:28,455 - debates_scraper - INFO - Erfolgreich heruntergeladen: debates2013-10-22b.xml (690862 bytes)
2025-09-20 19:27:28,572 - debates_scraper - INFO - Erfolgreich heruntergeladen: debates2013-10-23a.xml (594091 bytes)
2025-09-20 19:27:28,664 - debates_scraper - INFO - Erfolgreich heruntergeladen: debates2013-10-24a.xml (613755 bytes)
2025-09-20 19:27:29,456 - debates_scraper - INFO - Erfolgreich heruntergeladen: debates2013-10-25a.xml (325064 bytes)
2025-09-20 19:27:29,506 - debates_scraper - INFO - Erfolgreich heruntergeladen: debates2013-10-28a.xml (57978 bytes)
2025-09-20 19:27:29,617 - debates_scraper - INFO - Erfolgreich heruntergeladen: debates2013-10-28b.xml (453776 bytes)
2025-09-20 19:27:29,708 - debates_scraper - INFO - Erfolgreich heruntergeladen: debates2013-10-29a.xml (69136 bytes)
2025-09-20 19:27:30,565 - debates_scraper - INFO - Erfolgreich heruntergeladen: debates2013-10-29b.xml (810644 bytes)
2025-09-20 19:27:30,598 - debates_scraper - INFO - Erfolgreich heruntergeladen: debates2013-10-30a.xml (85063 bytes)
2025-09-20 19:27:30,760 - debates_scraper - INFO - Erfolgreich heruntergeladen: debates2013-10-31a.xml (728021 bytes)
2025-09-20 19:27:30,773 - debates_scraper - INFO - Erfolgreich heruntergeladen: debates2013-10-30b.xml (772219 bytes)
2025-09-20 19:27:31,653 - debates_scraper - INFO - Erfolgreich heruntergeladen: debates2013-11-04a.xml (67259 bytes)
2025-09-20 19:27:31,687 - debates_scraper - INFO - Erfolgreich heruntergeladen: debates2013-11-01a.xml (342208 bytes)
2025-09-20 19:27:31,853 - debates_scraper - INFO - Erfolgreich heruntergeladen: debates2013-11-04b.xml (451463 bytes)
2025-09-20 19:27:31,871 - debates_scraper - INFO - Erfolgreich heruntergeladen: debates2013-11-05a.xml (584113 bytes)
2025-09-20 19:27:32,732 - debates_scraper - INFO - Erfolgreich heruntergeladen: debates2013-11-06a.xml (134756 bytes)
2025-09-20 19:27:32,781 - debates_scraper - INFO - Erfolgreich heruntergeladen: debates2013-11-06b.xml (134754 bytes)
2025-09-20 19:27:32,932 - debates_scraper - INFO - Erfolgreich heruntergeladen: debates2013-11-07a.xml (84893 bytes)
2025-09-20 19:27:32,980 - debates_scraper - INFO - Erfolgreich heruntergeladen: debates2013-11-06c.xml (769163 bytes)
2025-09-20 19:27:33,890 - debates_scraper - INFO - Erfolgreich heruntergeladen: debates2013-11-07b.xml (616477 bytes)
2025-09-20 19:27:33,955 - debates_scraper - INFO - Erfolgreich heruntergeladen: debates2013-11-08a.xml (452909 bytes)
2025-09-20 19:27:34,020 - debates_scraper - INFO - Erfolgreich heruntergeladen: debates2013-11-12a.xml (104194 bytes)
2025-09-20 19:27:34,049 - debates_scraper - INFO - Erfolgreich heruntergeladen: debates2013-11-11a.xml (786092 bytes)
2025-09-20 19:27:34,966 - debates_scraper - INFO - Erfolgreich heruntergeladen: debates2013-11-12b.xml (103571 bytes)
2025-09-20 19:27:35,052 - debates_scraper - INFO - Erfolgreich heruntergeladen: debates2013-11-12c.xml (104092 bytes)
2025-09-20 19:27:35,069 - debates_scraper - INFO - Erfolgreich heruntergeladen: debates2013-11-12d.xml (104194 bytes)
2025-09-20 19:27:35,090 - debates_scraper - INFO - Erfolgreich heruntergeladen: debates2013-11-12e.xml (104693 bytes)
2025-09-20 19:27:36,145 - debates_scraper - INFO - Erfolgreich heruntergeladen: debates2013-11-12f.xml (773330 bytes)
2025-09-20 19:27:36,148 - debates_scraper - INFO - Erfolgreich heruntergeladen: debates2013-11-18a.xml (86272 bytes)
2025-09-20 19:27:36,206 - debates_scraper - INFO - Erfolgreich heruntergeladen: debates2013-11-19a.xml (135173 bytes)
2025-09-20 19:27:36,268 - debates_scraper - INFO - Erfolgreich heruntergeladen: debates2013-11-18b.xml (580934 bytes)
2025-09-20 19:27:37,249 - debates_scraper - INFO - Erfolgreich heruntergeladen: debates2013-11-19b.xml (103138 bytes)
2025-09-20 19:27:37,272 - debates_scraper - INFO - Erfolgreich heruntergeladen: debates2013-11-19c.xml (135167 bytes)
2025-09-20 19:27:37,312 - debates_scraper - INFO - Erfolgreich heruntergeladen: debates2013-11-20a.xml (97986 bytes)
2025-09-20 19:27:37,434 - debates_scraper - INFO - Erfolgreich heruntergeladen: debates2013-11-19d.xml (721877 bytes)
2025-09-20 19:27:38,420 - debates_scraper - INFO - Erfolgreich heruntergeladen: debates2013-11-22a.xml (53725 bytes)
2025-09-20 19:27:38,420 - debates_scraper - INFO - Erfolgreich heruntergeladen: debates2013-11-20b.xml (704516 bytes)
2025-09-20 19:27:38,448 - debates_scraper - INFO - Erfolgreich heruntergeladen: debates2013-11-21a.xml (570630 bytes)
2025-09-20 19:27:38,720 - debates_scraper - INFO - Erfolgreich heruntergeladen: debates2013-11-22b.xml (459623 bytes)
2025-09-20 19:27:39,519 - debates_scraper - INFO - Erfolgreich heruntergeladen: debates2013-11-26a.xml (56617 bytes)
2025-09-20 19:27:39,548 - debates_scraper - INFO - Erfolgreich heruntergeladen: debates2013-11-25a.xml (605705 bytes)
2025-09-20 19:27:39,622 - debates_scraper - INFO - Erfolgreich heruntergeladen: debates2013-11-26b.xml (505813 bytes)
2025-09-20 19:27:39,819 - debates_scraper - INFO - Erfolgreich heruntergeladen: debates2013-11-27a.xml (695305 bytes)
2025-09-20 19:27:40,597 - debates_scraper - INFO - Erfolgreich heruntergeladen: debates2013-11-28a.xml (86050 bytes)
2025-09-20 19:27:40,664 - debates_scraper - INFO - Erfolgreich heruntergeladen: debates2013-11-29a.xml (42516 bytes)
2025-09-20 19:27:40,696 - debates_scraper - INFO - Erfolgreich heruntergeladen: debates2013-11-28b.xml (635024 bytes)
2025-09-20 19:27:40,872 - debates_scraper - INFO - Erfolgreich heruntergeladen: debates2013-11-29b.xml (432425 bytes)
2025-09-20 19:27:41,708 - debates_scraper - INFO - Erfolgreich heruntergeladen: debates2013-12-02a.xml (713836 bytes)
2025-09-20 19:27:41,799 - debates_scraper - INFO - Erfolgreich heruntergeladen: debates2013-12-04a.xml (91253 bytes)
2025-09-20 19:27:41,848 - debates_scraper - INFO - Erfolgreich heruntergeladen: debates2013-12-03a.xml (599565 bytes)
2025-09-20 19:27:41,998 - debates_scraper - INFO - Erfolgreich heruntergeladen: debates2013-12-04b.xml (917971 bytes)
2025-09-20 19:27:42,831 - debates_scraper - INFO - Erfolgreich heruntergeladen: debates2013-12-05a.xml (588743 bytes)
2025-09-20 19:27:42,869 - debates_scraper - INFO - Erfolgreich heruntergeladen: debates2013-12-09a.xml (19516 bytes)
2025-09-20 19:27:42,931 - debates_scraper - INFO - Erfolgreich heruntergeladen: debates2013-12-09b.xml (421746 bytes)
2025-09-20 19:27:43,042 - debates_scraper - INFO - Erfolgreich heruntergeladen: debates2013-12-10a.xml (110816 bytes)
2025-09-20 19:27:44,024 - debates_scraper - INFO - Erfolgreich heruntergeladen: debates2013-12-10b.xml (545197 bytes)
2025-09-20 19:27:44,064 - debates_scraper - INFO - Erfolgreich heruntergeladen: debates2013-12-11a.xml (563412 bytes)
2025-09-20 19:27:44,085 - debates_scraper - INFO - Erfolgreich heruntergeladen: debates2013-12-16a.xml (71908 bytes)
2025-09-20 19:27:44,126 - debates_scraper - INFO - Erfolgreich heruntergeladen: debates2013-12-12a.xml (543725 bytes)
2025-09-20 19:27:45,156 - debates_scraper - INFO - Erfolgreich heruntergeladen: debates2013-12-17a.xml (70746 bytes)
2025-09-20 19:27:45,222 - debates_scraper - INFO - Erfolgreich heruntergeladen: debates2013-12-16b.xml (650138 bytes)
2025-09-20 19:27:45,249 - debates_scraper - INFO - Erfolgreich heruntergeladen: debates2013-12-18a.xml (104307 bytes)
2025-09-20 19:27:45,265 - debates_scraper - INFO - Erfolgreich heruntergeladen: debates2013-12-17b.xml (616850 bytes)
2025-09-20 19:27:46,318 - debates_scraper - INFO - Erfolgreich heruntergeladen: debates2013-12-19a.xml (67993 bytes)
2025-09-20 19:27:46,357 - debates_scraper - INFO - Erfolgreich heruntergeladen: debates2013-12-18b.xml (743888 bytes)
2025-09-20 19:27:46,427 - debates_scraper - INFO - Erfolgreich heruntergeladen: debates2013-12-19b.xml (552901 bytes)
2025-09-20 19:27:46,443 - debates_scraper - INFO - Erfolgreich heruntergeladen: debates2014-01-06a.xml (732784 bytes)
2025-09-20 19:27:47,424 - debates_scraper - INFO - Erfolgreich heruntergeladen: debates2014-01-07a.xml (68597 bytes)
2025-09-20 19:27:47,499 - debates_scraper - INFO - Erfolgreich heruntergeladen: debates2014-01-08a.xml (84458 bytes)
2025-09-20 19:27:47,540 - debates_scraper - INFO - Erfolgreich heruntergeladen: debates2014-01-08b.xml (88491 bytes)
2025-09-20 19:27:47,556 - debates_scraper - INFO - Erfolgreich heruntergeladen: debates2014-01-07b.xml (656595 bytes)
2025-09-20 19:27:48,643 - debates_scraper - INFO - Erfolgreich heruntergeladen: debates2014-01-09a.xml (70442 bytes)
2025-09-20 19:27:48,647 - debates_scraper - INFO - Erfolgreich heruntergeladen: debates2014-01-13a.xml (79206 bytes)
2025-09-20 19:27:48,677 - debates_scraper - INFO - Erfolgreich heruntergeladen: debates2014-01-08c.xml (745362 bytes)
2025-09-20 19:27:48,807 - debates_scraper - INFO - Erfolgreich heruntergeladen: debates2014-01-09b.xml (580004 bytes)
2025-09-20 19:27:49,714 - debates_scraper - INFO - Erfolgreich heruntergeladen: debates2014-01-13b.xml (71445 bytes)
2025-09-20 19:27:49,749 - debates_scraper - INFO - Erfolgreich heruntergeladen: debates2014-01-13c.xml (71445 bytes)
2025-09-20 19:27:49,856 - debates_scraper - INFO - Erfolgreich heruntergeladen: debates2014-01-13d.xml (611741 bytes)
2025-09-20 19:27:49,880 - debates_scraper - INFO - Erfolgreich heruntergeladen: debates2014-01-14a.xml (70075 bytes)
2025-09-20 19:27:50,914 - debates_scraper - INFO - Erfolgreich heruntergeladen: debates2014-01-14b.xml (705988 bytes)
2025-09-20 19:27:50,935 - debates_scraper - INFO - Erfolgreich heruntergeladen: debates2014-01-15a.xml (715121 bytes)
2025-09-20 19:27:50,964 - debates_scraper - INFO - Erfolgreich heruntergeladen: debates2014-01-16a.xml (65738 bytes)
2025-09-20 19:27:51,056 - debates_scraper - INFO - Erfolgreich heruntergeladen: debates2014-01-16b.xml (562443 bytes)
2025-09-20 19:27:52,083 - debates_scraper - INFO - Erfolgreich heruntergeladen: debates2014-01-17a.xml (325370 bytes)
2025-09-20 19:27:52,114 - debates_scraper - INFO - Erfolgreich heruntergeladen: debates2014-01-20a.xml (573500 bytes)
2025-09-20 19:27:52,141 - debates_scraper - INFO - Erfolgreich heruntergeladen: debates2014-01-21a.xml (722486 bytes)
2025-09-20 19:27:52,264 - debates_scraper - INFO - Erfolgreich heruntergeladen: debates2014-01-22a.xml (759729 bytes)
2025-09-20 19:27:53,229 - debates_scraper - INFO - Erfolgreich heruntergeladen: debates2014-01-23a.xml (83109 bytes)
2025-09-20 19:27:53,261 - debates_scraper - INFO - Erfolgreich heruntergeladen: debates2014-01-24a.xml (335099 bytes)
2025-09-20 19:27:53,325 - debates_scraper - INFO - Erfolgreich heruntergeladen: debates2014-01-23b.xml (624692 bytes)
2025-09-20 19:27:53,333 - debates_scraper - INFO - Erfolgreich heruntergeladen: debates2014-01-27a.xml (533456 bytes)
2025-09-20 19:27:54,381 - debates_scraper - INFO - Erfolgreich heruntergeladen: debates2014-01-28a.xml (429104 bytes)
2025-09-20 19:27:54,439 - debates_scraper - INFO - Erfolgreich heruntergeladen: debates2014-01-29a.xml (696997 bytes)
2025-09-20 19:27:54,448 - debates_scraper - INFO - Erfolgreich heruntergeladen: debates2014-01-30a.xml (97583 bytes)
2025-09-20 19:27:54,545 - debates_scraper - INFO - Erfolgreich heruntergeladen: debates2014-01-30b.xml (785484 bytes)
2025-09-20 19:27:55,457 - debates_scraper - INFO - Erfolgreich heruntergeladen: debates2014-02-03a.xml (65302 bytes)
2025-09-20 19:27:55,556 - debates_scraper - INFO - Erfolgreich heruntergeladen: debates2014-02-04a.xml (81270 bytes)
2025-09-20 19:27:55,612 - debates_scraper - INFO - Erfolgreich heruntergeladen: debates2014-02-04b.xml (81243 bytes)
2025-09-20 19:27:55,648 - debates_scraper - INFO - Erfolgreich heruntergeladen: debates2014-02-03b.xml (514454 bytes)
2025-09-20 19:27:56,648 - debates_scraper - INFO - Erfolgreich heruntergeladen: debates2014-02-04c.xml (669428 bytes)
2025-09-20 19:27:56,712 - debates_scraper - INFO - Erfolgreich heruntergeladen: debates2014-02-06a.xml (85684 bytes)
2025-09-20 19:27:56,764 - debates_scraper - INFO - Erfolgreich heruntergeladen: debates2014-02-05a.xml (723914 bytes)
2025-09-20 19:27:56,777 - debates_scraper - INFO - Erfolgreich heruntergeladen: debates2014-02-06b.xml (626020 bytes)
2025-09-20 19:27:57,741 - debates_scraper - INFO - Erfolgreich heruntergeladen: debates2014-02-10a.xml (90753 bytes)
2025-09-20 19:27:57,875 - debates_scraper - INFO - Erfolgreich heruntergeladen: debates2014-02-12a.xml (82253 bytes)
2025-09-20 19:27:57,880 - debates_scraper - INFO - Erfolgreich heruntergeladen: debates2014-02-11a.xml (638988 bytes)
2025-09-20 19:27:57,889 - debates_scraper - INFO - Erfolgreich heruntergeladen: debates2014-02-10b.xml (724474 bytes)
2025-09-20 19:27:58,918 - debates_scraper - INFO - Erfolgreich heruntergeladen: debates2014-02-12b.xml (811670 bytes)
2025-09-20 19:27:58,968 - debates_scraper - INFO - Erfolgreich heruntergeladen: debates2014-02-24a.xml (76506 bytes)
2025-09-20 19:27:58,986 - debates_scraper - INFO - Erfolgreich heruntergeladen: debates2014-02-24b.xml (75121 bytes)
2025-09-20 19:27:59,075 - debates_scraper - INFO - Erfolgreich heruntergeladen: debates2014-02-13a.xml (544983 bytes)
2025-09-20 19:28:00,063 - debates_scraper - INFO - Erfolgreich heruntergeladen: debates2014-02-25a.xml (63293 bytes)
2025-09-20 19:28:00,067 - debates_scraper - INFO - Erfolgreich heruntergeladen: debates2014-02-24c.xml (613914 bytes)
2025-09-20 19:28:00,088 - debates_scraper - INFO - Erfolgreich heruntergeladen: debates2014-02-25b.xml (60211 bytes)
2025-09-20 19:28:00,160 - debates_scraper - INFO - Erfolgreich heruntergeladen: debates2014-02-25c.xml (458109 bytes)
2025-09-20 19:28:01,163 - debates_scraper - INFO - Erfolgreich heruntergeladen: debates2014-02-26a.xml (87854 bytes)
2025-09-20 19:28:01,180 - debates_scraper - INFO - Erfolgreich heruntergeladen: debates2014-02-27a.xml (73172 bytes)
2025-09-20 19:28:01,249 - debates_scraper - INFO - Erfolgreich heruntergeladen: debates2014-02-26b.xml (666044 bytes)
2025-09-20 19:28:01,273 - debates_scraper - INFO - Erfolgreich heruntergeladen: debates2014-02-27b.xml (586443 bytes)
2025-09-20 19:28:02,318 - debates_scraper - INFO - Erfolgreich heruntergeladen: debates2014-02-28a.xml (357186 bytes)
2025-09-20 19:28:02,349 - debates_scraper - INFO - Erfolgreich heruntergeladen: debates2014-03-03a.xml (547212 bytes)
2025-09-20 19:28:02,423 - debates_scraper - INFO - Erfolgreich heruntergeladen: debates2014-03-04a.xml (614249 bytes)
2025-09-20 19:28:02,475 - debates_scraper - INFO - Erfolgreich heruntergeladen: debates2014-03-05a.xml (801145 bytes)
2025-09-20 19:28:03,395 - debates_scraper - INFO - Erfolgreich heruntergeladen: debates2014-03-06a.xml (75773 bytes)
2025-09-20 19:28:03,498 - debates_scraper - INFO - Erfolgreich heruntergeladen: debates2014-03-06b.xml (612623 bytes)
2025-09-20 19:28:03,559 - debates_scraper - INFO - Erfolgreich heruntergeladen: debates2014-03-10a.xml (801057 bytes)
2025-09-20 19:28:03,689 - debates_scraper - INFO - Erfolgreich heruntergeladen: debates2014-03-11a.xml (755226 bytes)
2025-09-20 19:28:04,524 - debates_scraper - INFO - Erfolgreich heruntergeladen: debates2014-03-12a.xml (418830 bytes)
2025-09-20 19:28:04,591 - debates_scraper - INFO - Erfolgreich heruntergeladen: debates2014-03-13a.xml (91569 bytes)
2025-09-20 19:28:04,657 - debates_scraper - INFO - Erfolgreich heruntergeladen: debates2014-03-13b.xml (655828 bytes)
2025-09-20 19:28:04,761 - debates_scraper - INFO - Erfolgreich heruntergeladen: debates2014-03-17a.xml (46442 bytes)
2025-09-20 19:28:05,647 - debates_scraper - INFO - Erfolgreich heruntergeladen: debates2014-03-17b.xml (431479 bytes)
2025-09-20 19:28:05,731 - debates_scraper - INFO - Erfolgreich heruntergeladen: debates2014-03-19a.xml (545519 bytes)
2025-09-20 19:28:05,773 - debates_scraper - INFO - Erfolgreich heruntergeladen: debates2014-03-18a.xml (614228 bytes)
2025-09-20 19:28:05,808 - debates_scraper - INFO - Erfolgreich heruntergeladen: debates2014-03-20a.xml (74658 bytes)
2025-09-20 19:28:06,715 - debates_scraper - INFO - Erfolgreich heruntergeladen: debates2014-03-20b.xml (73761 bytes)
2025-09-20 19:28:06,863 - debates_scraper - INFO - Erfolgreich heruntergeladen: debates2014-03-20c.xml (592794 bytes)
2025-09-20 19:28:06,885 - debates_scraper - INFO - Erfolgreich heruntergeladen: debates2014-03-24a.xml (71431 bytes)
2025-09-20 19:28:06,993 - debates_scraper - INFO - Erfolgreich heruntergeladen: debates2014-03-24b.xml (582710 bytes)
2025-09-20 19:28:07,777 - debates_scraper - INFO - Erfolgreich heruntergeladen: debates2014-03-25a.xml (122675 bytes)
2025-09-20 19:28:07,932 - debates_scraper - INFO - Erfolgreich heruntergeladen: debates2014-03-25b.xml (307376 bytes)
2025-09-20 19:28:08,065 - debates_scraper - INFO - Erfolgreich heruntergeladen: debates2014-03-26a.xml (528687 bytes)
2025-09-20 19:28:08,118 - debates_scraper - INFO - Erfolgreich heruntergeladen: debates2014-03-25c.xml (1001572 bytes)
2025-09-20 19:28:08,920 - debates_scraper - INFO - Erfolgreich heruntergeladen: debates2014-03-27a.xml (597139 bytes)
2025-09-20 19:28:09,028 - debates_scraper - INFO - Erfolgreich heruntergeladen: debates2014-03-31a.xml (600162 bytes)
2025-09-20 19:28:09,110 - debates_scraper - INFO - Erfolgreich heruntergeladen: debates2014-04-01a.xml (136034 bytes)
2025-09-20 19:28:09,214 - debates_scraper - INFO - Erfolgreich heruntergeladen: debates2014-04-01b.xml (823752 bytes)
2025-09-20 19:28:10,009 - debates_scraper - INFO - Erfolgreich heruntergeladen: debates2014-04-02a.xml (56213 bytes)
2025-09-20 19:28:10,085 - debates_scraper - INFO - Erfolgreich heruntergeladen: debates2014-04-02b.xml (55459 bytes)
2025-09-20 19:28:10,233 - debates_scraper - INFO - Erfolgreich heruntergeladen: debates2014-04-02c.xml (517623 bytes)
2025-09-20 19:28:10,389 - debates_scraper - INFO - Erfolgreich heruntergeladen: debates2014-04-03a.xml (616322 bytes)
2025-09-20 19:28:11,139 - debates_scraper - INFO - Erfolgreich heruntergeladen: debates2014-04-07a.xml (435559 bytes)
2025-09-20 19:28:11,159 - debates_scraper - INFO - Erfolgreich heruntergeladen: debates2014-04-08a.xml (76479 bytes)
2025-09-20 19:28:11,355 - debates_scraper - INFO - Erfolgreich heruntergeladen: debates2014-04-08b.xml (754970 bytes)
2025-09-20 19:28:11,462 - debates_scraper - INFO - Erfolgreich heruntergeladen: debates2014-04-09a.xml (74111 bytes)
2025-09-20 19:28:12,206 - debates_scraper - INFO - Erfolgreich heruntergeladen: debates2014-04-09b.xml (72981 bytes)
2025-09-20 19:28:12,252 - debates_scraper - INFO - Erfolgreich heruntergeladen: debates2014-04-09c.xml (114936 bytes)
2025-09-20 19:28:12,456 - debates_scraper - INFO - Erfolgreich heruntergeladen: debates2014-04-09d.xml (770317 bytes)
2025-09-20 19:28:12,509 - debates_scraper - INFO - Erfolgreich heruntergeladen: debates2014-04-10a.xml (516765 bytes)
2025-09-20 19:28:13,319 - debates_scraper - INFO - Erfolgreich heruntergeladen: debates2014-04-28a.xml (767286 bytes)
2025-09-20 19:28:13,347 - debates_scraper - INFO - Erfolgreich heruntergeladen: debates2014-04-29a.xml (72274 bytes)
2025-09-20 19:28:13,591 - debates_scraper - INFO - Erfolgreich heruntergeladen: debates2014-04-29b.xml (592459 bytes)
2025-09-20 19:28:13,595 - debates_scraper - INFO - Erfolgreich heruntergeladen: debates2014-04-30a.xml (811579 bytes)
2025-09-20 19:28:14,419 - debates_scraper - INFO - Erfolgreich heruntergeladen: debates2014-05-06a.xml (76218 bytes)
2025-09-20 19:28:14,423 - debates_scraper - INFO - Erfolgreich heruntergeladen: debates2014-05-01a.xml (586444 bytes)
2025-09-20 19:28:14,648 - debates_scraper - INFO - Erfolgreich heruntergeladen: debates2014-05-06b.xml (651236 bytes)
2025-09-20 19:28:14,719 - debates_scraper - INFO - Erfolgreich heruntergeladen: debates2014-05-07a.xml (681278 bytes)
2025-09-20 19:28:16,924 - debates_scraper - INFO - Erfolgreich heruntergeladen: debates2014-05-12b.xml (67415 bytes)
2025-09-20 19:28:16,938 - debates_scraper - INFO - Erfolgreich heruntergeladen: debates2014-05-12a.xml (67270 bytes)
2025-09-20 19:28:17,009 - debates_scraper - INFO - Erfolgreich heruntergeladen: debates2014-05-08a.xml (610088 bytes)
2025-09-20 19:28:17,037 - debates_scraper - INFO - Erfolgreich heruntergeladen: debates2014-05-12c.xml (797531 bytes)
2025-09-20 19:28:18,043 - debates_scraper - INFO - Erfolgreich heruntergeladen: debates2014-05-14a.xml (76149 bytes)
2025-09-20 19:28:18,077 - debates_scraper - INFO - Erfolgreich heruntergeladen: debates2014-05-14c.xml (69976 bytes)
2025-09-20 19:28:18,101 - debates_scraper - INFO - Erfolgreich heruntergeladen: debates2014-05-14b.xml (72300 bytes)
2025-09-20 19:28:18,150 - debates_scraper - INFO - Erfolgreich heruntergeladen: debates2014-05-13a.xml (916333 bytes)
2025-09-20 19:28:19,209 - debates_scraper - INFO - Erfolgreich heruntergeladen: debates2014-06-05a.xml (44537 bytes)
2025-09-20 19:28:19,244 - debates_scraper - INFO - Erfolgreich heruntergeladen: debates2014-05-14d.xml (593737 bytes)
2025-09-20 19:28:19,252 - debates_scraper - INFO - Erfolgreich heruntergeladen: debates2014-06-04a.xml (469834 bytes)
2025-09-20 19:28:19,273 - debates_scraper - INFO - Erfolgreich heruntergeladen: debates2014-06-05b.xml (46204 bytes)
2025-09-20 19:28:20,357 - debates_scraper - INFO - Erfolgreich heruntergeladen: debates2014-06-10a.xml (77829 bytes)
2025-09-20 19:28:20,380 - debates_scraper - INFO - Erfolgreich heruntergeladen: debates2014-06-10b.xml (67417 bytes)
2025-09-20 19:28:20,419 - debates_scraper - INFO - Erfolgreich heruntergeladen: debates2014-06-05c.xml (527762 bytes)
2025-09-20 19:28:20,425 - debates_scraper - INFO - Erfolgreich heruntergeladen: debates2014-06-09a.xml (616334 bytes)
2025-09-20 19:28:21,447 - debates_scraper - INFO - Erfolgreich heruntergeladen: debates2014-06-11a.xml (65540 bytes)
2025-09-20 19:28:21,544 - debates_scraper - INFO - Erfolgreich heruntergeladen: debates2014-06-10c.xml (594135 bytes)
2025-09-20 19:28:21,562 - debates_scraper - INFO - Erfolgreich heruntergeladen: debates2014-06-12a.xml (131753 bytes)
2025-09-20 19:28:21,612 - debates_scraper - INFO - Erfolgreich heruntergeladen: debates2014-06-11b.xml (643797 bytes)
2025-09-20 19:28:22,517 - debates_scraper - INFO - Erfolgreich heruntergeladen: debates2014-06-12b.xml (90702 bytes)
2025-09-20 19:28:22,708 - debates_scraper - INFO - Erfolgreich heruntergeladen: debates2014-06-12c.xml (732294 bytes)
2025-09-20 19:28:22,729 - debates_scraper - INFO - Erfolgreich heruntergeladen: debates2014-06-17a.xml (111492 bytes)
2025-09-20 19:28:22,755 - debates_scraper - INFO - Erfolgreich heruntergeladen: debates2014-06-16a.xml (587155 bytes)
2025-09-20 19:28:23,677 - debates_scraper - INFO - Erfolgreich heruntergeladen: debates2014-06-17b.xml (755944 bytes)
2025-09-20 19:28:23,749 - debates_scraper - INFO - Erfolgreich heruntergeladen: debates2014-06-18a.xml (85943 bytes)
2025-09-20 19:28:23,835 - debates_scraper - INFO - Erfolgreich heruntergeladen: debates2014-06-19a.xml (554012 bytes)
2025-09-20 19:28:23,933 - debates_scraper - INFO - Erfolgreich heruntergeladen: debates2014-06-18b.xml (740734 bytes)
2025-09-20 19:28:24,747 - debates_scraper - INFO - Erfolgreich heruntergeladen: debates2014-06-23a.xml (84622 bytes)
2025-09-20 19:28:24,897 - debates_scraper - INFO - Erfolgreich heruntergeladen: debates2014-06-23b.xml (892043 bytes)
2025-09-20 19:28:24,952 - debates_scraper - INFO - Erfolgreich heruntergeladen: debates2014-06-24a.xml (83287 bytes)
2025-09-20 19:28:25,028 - debates_scraper - INFO - Erfolgreich heruntergeladen: debates2014-06-24b.xml (640868 bytes)
2025-09-20 19:28:25,904 - debates_scraper - INFO - Erfolgreich heruntergeladen: debates2014-06-25a.xml (751401 bytes)
2025-09-20 19:28:25,973 - debates_scraper - INFO - Erfolgreich heruntergeladen: debates2014-06-26a.xml (568625 bytes)
2025-09-20 19:28:26,115 - debates_scraper - INFO - Erfolgreich heruntergeladen: debates2014-07-01a.xml (86865 bytes)
2025-09-20 19:28:26,160 - debates_scraper - INFO - Erfolgreich heruntergeladen: debates2014-06-30a.xml (702100 bytes)
2025-09-20 19:28:27,001 - debates_scraper - INFO - Erfolgreich heruntergeladen: debates2014-07-01b.xml (86865 bytes)
2025-09-20 19:28:27,128 - debates_scraper - INFO - Erfolgreich heruntergeladen: debates2014-07-01c.xml (790200 bytes)
2025-09-20 19:28:27,188 - debates_scraper - INFO - Erfolgreich heruntergeladen: debates2014-07-02a.xml (182089 bytes)
2025-09-20 19:28:27,260 - debates_scraper - INFO - Erfolgreich heruntergeladen: debates2014-07-02b.xml (915343 bytes)
2025-09-20 19:28:28,127 - debates_scraper - INFO - Erfolgreich heruntergeladen: debates2014-07-03a.xml (555522 bytes)
2025-09-20 19:28:28,197 - debates_scraper - INFO - Erfolgreich heruntergeladen: debates2014-07-07a.xml (85545 bytes)
2025-09-20 19:28:28,284 - debates_scraper - INFO - Erfolgreich heruntergeladen: debates2014-07-07b.xml (90795 bytes)
2025-09-20 19:28:28,360 - debates_scraper - INFO - Erfolgreich heruntergeladen: debates2014-07-07c.xml (640324 bytes)
2025-09-20 19:28:29,197 - debates_scraper - INFO - Erfolgreich heruntergeladen: debates2014-07-08a.xml (61022 bytes)
2025-09-20 19:28:29,239 - debates_scraper - INFO - Erfolgreich heruntergeladen: debates2014-07-08b.xml (49997 bytes)
2025-09-20 19:28:29,379 - debates_scraper - INFO - Erfolgreich heruntergeladen: debates2014-07-08c.xml (547277 bytes)
2025-09-20 19:28:29,536 - debates_scraper - INFO - Erfolgreich heruntergeladen: debates2014-07-09a.xml (702549 bytes)
2025-09-20 19:28:30,269 - debates_scraper - INFO - Erfolgreich heruntergeladen: debates2014-07-10a.xml (78783 bytes)
2025-09-20 19:28:30,347 - debates_scraper - INFO - Erfolgreich heruntergeladen: debates2014-07-10b.xml (78842 bytes)
2025-09-20 19:28:30,502 - debates_scraper - INFO - Erfolgreich heruntergeladen: debates2014-07-10c.xml (619532 bytes)
2025-09-20 19:28:30,623 - debates_scraper - INFO - Erfolgreich heruntergeladen: debates2014-07-14a.xml (440953 bytes)
2025-09-20 19:28:31,451 - debates_scraper - INFO - Erfolgreich heruntergeladen: debates2014-07-16a.xml (64767 bytes)
2025-09-20 19:28:31,456 - debates_scraper - INFO - Erfolgreich heruntergeladen: debates2014-07-15a.xml (957405 bytes)
2025-09-20 19:28:31,595 - debates_scraper - INFO - Erfolgreich heruntergeladen: debates2014-07-16b.xml (679851 bytes)
2025-09-20 19:28:31,703 - debates_scraper - INFO - Erfolgreich heruntergeladen: debates2014-07-17a.xml (616736 bytes)
2025-09-20 19:28:32,521 - debates_scraper - INFO - Erfolgreich heruntergeladen: debates2014-07-21a.xml (77366 bytes)
2025-09-20 19:28:32,633 - debates_scraper - INFO - Erfolgreich heruntergeladen: debates2014-07-22a.xml (68143 bytes)
2025-09-20 19:28:32,645 - debates_scraper - INFO - Erfolgreich heruntergeladen: debates2014-07-21b.xml (451372 bytes)
2025-09-20 19:28:32,766 - debates_scraper - INFO - Erfolgreich heruntergeladen: debates2014-07-22b.xml (68152 bytes)
2025-09-20 19:28:33,699 - debates_scraper - INFO - Erfolgreich heruntergeladen: debates2014-07-22c.xml (581794 bytes)
2025-09-20 19:28:33,806 - debates_scraper - INFO - Erfolgreich heruntergeladen: debates2014-09-01a.xml (644163 bytes)
2025-09-20 19:28:33,807 - debates_scraper - INFO - Erfolgreich heruntergeladen: debates2014-09-03a.xml (86249 bytes)
2025-09-20 19:28:33,823 - debates_scraper - INFO - Erfolgreich heruntergeladen: debates2014-09-02a.xml (512118 bytes)
2025-09-20 19:28:34,901 - debates_scraper - INFO - Erfolgreich heruntergeladen: debates2014-09-04a.xml (72259 bytes)
2025-09-20 19:28:34,930 - debates_scraper - INFO - Erfolgreich heruntergeladen: debates2014-09-05a.xml (45429 bytes)
2025-09-20 19:28:34,931 - debates_scraper - INFO - Erfolgreich heruntergeladen: debates2014-09-03b.xml (689387 bytes)
2025-09-20 19:28:35,001 - debates_scraper - INFO - Erfolgreich heruntergeladen: debates2014-09-04b.xml (601435 bytes)
2025-09-20 19:28:36,023 - debates_scraper - INFO - Erfolgreich heruntergeladen: debates2014-09-09a.xml (73967 bytes)
2025-09-20 19:28:36,049 - debates_scraper - INFO - Erfolgreich heruntergeladen: debates2014-09-05b.xml (487715 bytes)
2025-09-20 19:28:36,103 - debates_scraper - INFO - Erfolgreich heruntergeladen: debates2014-09-08a.xml (479079 bytes)
2025-09-20 19:28:36,172 - debates_scraper - INFO - Erfolgreich heruntergeladen: debates2014-09-09b.xml (650902 bytes)
2025-09-20 19:28:37,155 - debates_scraper - INFO - Erfolgreich heruntergeladen: debates2014-09-10a.xml (79479 bytes)
2025-09-20 19:28:37,255 - debates_scraper - INFO - Erfolgreich heruntergeladen: debates2014-09-11a.xml (459656 bytes)
2025-09-20 19:28:37,265 - debates_scraper - INFO - Erfolgreich heruntergeladen: debates2014-09-12a.xml (415250 bytes)
2025-09-20 19:28:37,265 - debates_scraper - INFO - Erfolgreich heruntergeladen: debates2014-09-10b.xml (721259 bytes)
2025-09-20 19:28:38,360 - debates_scraper - INFO - Erfolgreich heruntergeladen: debates2014-10-14a.xml (95051 bytes)
2025-09-20 19:28:38,377 - debates_scraper - INFO - Erfolgreich heruntergeladen: debates2014-09-26a.xml (524454 bytes)
2025-09-20 19:28:38,439 - debates_scraper - INFO - Erfolgreich heruntergeladen: debates2014-10-13a.xml (80608 bytes)
2025-09-20 19:28:38,443 - debates_scraper - INFO - Erfolgreich heruntergeladen: debates2014-10-13b.xml (633688 bytes)
2025-09-20 19:28:39,447 - debates_scraper - INFO - Erfolgreich heruntergeladen: debates2014-10-15a.xml (113361 bytes)
2025-09-20 19:28:39,541 - debates_scraper - INFO - Erfolgreich heruntergeladen: debates2014-10-16a.xml (624019 bytes)
2025-09-20 19:28:39,541 - debates_scraper - INFO - Erfolgreich heruntergeladen: debates2014-10-14b.xml (660004 bytes)
2025-09-20 19:28:39,646 - debates_scraper - INFO - Erfolgreich heruntergeladen: debates2014-10-15b.xml (677265 bytes)
2025-09-20 19:28:40,607 - debates_scraper - INFO - Erfolgreich heruntergeladen: debates2014-10-20a.xml (47769 bytes)
2025-09-20 19:28:40,618 - debates_scraper - INFO - Erfolgreich heruntergeladen: debates2014-10-17a.xml (432953 bytes)
2025-09-20 19:28:40,663 - debates_scraper - INFO - Erfolgreich heruntergeladen: debates2014-10-20b.xml (374912 bytes)
2025-09-20 19:28:40,687 - debates_scraper - INFO - Erfolgreich heruntergeladen: debates2014-10-21a.xml (96442 bytes)
2025-09-20 19:28:41,717 - debates_scraper - INFO - Erfolgreich heruntergeladen: debates2014-10-21b.xml (97831 bytes)
2025-09-20 19:28:41,797 - debates_scraper - INFO - Erfolgreich heruntergeladen: debates2014-10-21c.xml (655838 bytes)
2025-09-20 19:28:41,847 - debates_scraper - INFO - Erfolgreich heruntergeladen: debates2014-10-22a.xml (616312 bytes)
2025-09-20 19:28:41,857 - debates_scraper - INFO - Erfolgreich heruntergeladen: debates2014-10-23a.xml (588012 bytes)
2025-09-20 19:28:42,842 - debates_scraper - INFO - Erfolgreich heruntergeladen: debates2014-10-24a.xml (311340 bytes)
2025-09-20 19:28:42,897 - debates_scraper - INFO - Erfolgreich heruntergeladen: debates2014-10-27a.xml (114615 bytes)
2025-09-20 19:28:42,922 - debates_scraper - INFO - Erfolgreich heruntergeladen: debates2014-10-28a.xml (77068 bytes)
2025-09-20 19:28:42,963 - debates_scraper - INFO - Erfolgreich heruntergeladen: debates2014-10-27b.xml (755221 bytes)
2025-09-20 19:28:43,955 - debates_scraper - INFO - Erfolgreich heruntergeladen: debates2014-10-28b.xml (75189 bytes)
2025-09-20 19:28:44,072 - debates_scraper - INFO - Erfolgreich heruntergeladen: debates2014-10-29a.xml (376217 bytes)
2025-09-20 19:28:44,084 - debates_scraper - INFO - Erfolgreich heruntergeladen: debates2014-10-30a.xml (629893 bytes)
2025-09-20 19:28:44,089 - debates_scraper - INFO - Erfolgreich heruntergeladen: debates2014-10-28c.xml (644101 bytes)
2025-09-20 19:28:45,080 - debates_scraper - INFO - Erfolgreich heruntergeladen: debates2014-11-03a.xml (576357 bytes)
2025-09-20 19:28:45,152 - debates_scraper - INFO - Erfolgreich heruntergeladen: debates2014-11-05a.xml (685503 bytes)
2025-09-20 19:28:45,161 - debates_scraper - INFO - Erfolgreich heruntergeladen: debates2014-11-06a.xml (61044 bytes)
2025-09-20 19:28:45,276 - debates_scraper - INFO - Erfolgreich heruntergeladen: debates2014-11-04a.xml (873818 bytes)
2025-09-20 19:28:46,233 - debates_scraper - INFO - Erfolgreich heruntergeladen: debates2014-11-10a.xml (96811 bytes)
2025-09-20 19:28:46,233 - debates_scraper - INFO - Erfolgreich heruntergeladen: debates2014-11-06b.xml (567135 bytes)
2025-09-20 19:28:46,300 - debates_scraper - INFO - Erfolgreich heruntergeladen: debates2014-11-07a.xml (326133 bytes)
2025-09-20 19:28:46,375 - debates_scraper - INFO - Erfolgreich heruntergeladen: debates2014-11-10b.xml (659733 bytes)
2025-09-20 19:28:47,284 - debates_scraper - INFO - Erfolgreich heruntergeladen: debates2014-11-11a.xml (56936 bytes)
2025-09-20 19:28:47,312 - debates_scraper - INFO - Erfolgreich heruntergeladen: debates2014-11-11b.xml (49059 bytes)
2025-09-20 19:28:47,404 - debates_scraper - INFO - Erfolgreich heruntergeladen: debates2014-11-11c.xml (369355 bytes)
2025-09-20 19:28:47,500 - debates_scraper - INFO - Erfolgreich heruntergeladen: debates2014-11-17a.xml (564751 bytes)
2025-09-20 19:28:48,364 - debates_scraper - INFO - Erfolgreich heruntergeladen: debates2014-11-18a.xml (78866 bytes)
2025-09-20 19:28:48,466 - debates_scraper - INFO - Erfolgreich heruntergeladen: debates2014-11-18b.xml (696019 bytes)
2025-09-20 19:28:48,504 - debates_scraper - INFO - Erfolgreich heruntergeladen: debates2014-11-19a.xml (723760 bytes)
2025-09-20 19:28:48,542 - debates_scraper - INFO - Erfolgreich heruntergeladen: debates2014-11-20a.xml (85225 bytes)
2025-09-20 19:28:49,465 - debates_scraper - INFO - Erfolgreich heruntergeladen: debates2014-11-20b.xml (623304 bytes)
2025-09-20 19:28:49,523 - debates_scraper - INFO - Erfolgreich heruntergeladen: debates2014-11-21a.xml (446389 bytes)
2025-09-20 19:28:49,573 - debates_scraper - INFO - Erfolgreich heruntergeladen: debates2014-11-24a.xml (58491 bytes)
2025-09-20 19:28:49,639 - debates_scraper - INFO - Erfolgreich heruntergeladen: debates2014-11-24b.xml (543222 bytes)
2025-09-20 19:28:50,589 - debates_scraper - INFO - Erfolgreich heruntergeladen: debates2014-11-25a.xml (769898 bytes)
2025-09-20 19:28:50,701 - debates_scraper - INFO - Erfolgreich heruntergeladen: debates2014-11-28a.xml (367513 bytes)
2025-09-20 19:28:50,703 - debates_scraper - INFO - Erfolgreich heruntergeladen: debates2014-11-26a.xml (737240 bytes)
2025-09-20 19:28:50,742 - debates_scraper - INFO - Erfolgreich heruntergeladen: debates2014-11-27a.xml (600473 bytes)
2025-09-20 19:28:51,689 - debates_scraper - INFO - Erfolgreich heruntergeladen: debates2014-12-01a.xml (120775 bytes)
2025-09-20 19:28:51,769 - debates_scraper - INFO - Erfolgreich heruntergeladen: debates2014-12-02a.xml (64065 bytes)
2025-09-20 19:28:51,872 - debates_scraper - INFO - Erfolgreich heruntergeladen: debates2014-12-02b.xml (626085 bytes)
2025-09-20 19:28:51,961 - debates_scraper - INFO - Erfolgreich heruntergeladen: debates2014-12-01b.xml (741729 bytes)
2025-09-20 19:28:52,741 - debates_scraper - INFO - Erfolgreich heruntergeladen: debates2014-12-03a.xml (84914 bytes)
2025-09-20 19:28:52,814 - debates_scraper - INFO - Erfolgreich heruntergeladen: debates2014-12-03b.xml (64883 bytes)
2025-09-20 19:28:52,972 - debates_scraper - INFO - Erfolgreich heruntergeladen: debates2014-12-03c.xml (562929 bytes)
2025-09-20 19:28:53,155 - debates_scraper - INFO - Erfolgreich heruntergeladen: debates2014-12-04a.xml (671663 bytes)
2025-09-20 19:28:53,839 - debates_scraper - INFO - Erfolgreich heruntergeladen: debates2014-12-04b.xml (549122 bytes)
2025-09-20 19:28:53,913 - debates_scraper - INFO - Erfolgreich heruntergeladen: debates2014-12-05a.xml (376443 bytes)
2025-09-20 19:28:54,014 - debates_scraper - INFO - Erfolgreich heruntergeladen: debates2014-12-08a.xml (76888 bytes)
2025-09-20 19:28:54,226 - debates_scraper - INFO - Erfolgreich heruntergeladen: debates2014-12-08b.xml (635402 bytes)
2025-09-20 19:28:55,092 - debates_scraper - INFO - Erfolgreich heruntergeladen: debates2014-12-09a.xml (431160 bytes)
2025-09-20 19:28:55,120 - debates_scraper - INFO - Erfolgreich heruntergeladen: debates2014-12-10a.xml (496997 bytes)
2025-09-20 19:28:55,258 - debates_scraper - INFO - Erfolgreich heruntergeladen: debates2014-12-11a.xml (561524 bytes)
2025-09-20 19:28:55,322 - debates_scraper - INFO - Erfolgreich heruntergeladen: debates2014-12-15a.xml (740474 bytes)
2025-09-20 19:28:56,206 - debates_scraper - INFO - Erfolgreich heruntergeladen: debates2014-12-17a.xml (85557 bytes)
2025-09-20 19:28:56,285 - debates_scraper - INFO - Erfolgreich heruntergeladen: debates2014-12-16a.xml (700178 bytes)
2025-09-20 19:28:56,370 - debates_scraper - INFO - Erfolgreich heruntergeladen: debates2014-12-17b.xml (749859 bytes)
2025-09-20 19:28:56,476 - debates_scraper - INFO - Erfolgreich heruntergeladen: debates2014-12-18a.xml (600493 bytes)
2025-09-20 19:28:57,286 - debates_scraper - INFO - Erfolgreich heruntergeladen: debates2015-01-05a.xml (62573 bytes)
2025-09-20 19:28:57,328 - debates_scraper - INFO - Erfolgreich heruntergeladen: debates2015-01-05b.xml (61451 bytes)
2025-09-20 19:28:57,580 - debates_scraper - INFO - Erfolgreich heruntergeladen: debates2015-01-05c.xml (576471 bytes)
2025-09-20 19:28:57,607 - debates_scraper - INFO - Erfolgreich heruntergeladen: debates2015-01-06a.xml (100892 bytes)
2025-09-20 19:28:58,387 - debates_scraper - INFO - Erfolgreich heruntergeladen: debates2015-01-06b.xml (100978 bytes)
2025-09-20 19:28:58,454 - debates_scraper - INFO - Erfolgreich heruntergeladen: debates2015-01-06c.xml (599530 bytes)
2025-09-20 19:28:58,622 - debates_scraper - INFO - Erfolgreich heruntergeladen: debates2015-01-07a.xml (69414 bytes)
2025-09-20 19:28:58,845 - debates_scraper - INFO - Erfolgreich heruntergeladen: debates2015-01-07b.xml (516038 bytes)
2025-09-20 19:28:59,457 - debates_scraper - INFO - Erfolgreich heruntergeladen: debates2015-01-08a.xml (61654 bytes)
2025-09-20 19:28:59,496 - debates_scraper - INFO - Erfolgreich heruntergeladen: debates2015-01-08b.xml (57773 bytes)
2025-09-20 19:28:59,717 - debates_scraper - INFO - Erfolgreich heruntergeladen: debates2015-01-08c.xml (536576 bytes)
2025-09-20 19:28:59,889 - debates_scraper - INFO - Erfolgreich heruntergeladen: debates2015-01-09a.xml (33725 bytes)
2025-09-20 19:29:00,532 - debates_scraper - INFO - Erfolgreich heruntergeladen: debates2015-01-09b.xml (342164 bytes)
2025-09-20 19:29:00,698 - debates_scraper - INFO - Erfolgreich heruntergeladen: debates2015-01-12a.xml (69719 bytes)
2025-09-20 19:29:00,868 - debates_scraper - INFO - Erfolgreich heruntergeladen: debates2015-01-12b.xml (70473 bytes)
2025-09-20 19:29:00,994 - debates_scraper - INFO - Erfolgreich heruntergeladen: debates2015-01-12c.xml (608190 bytes)
2025-09-20 19:29:01,581 - debates_scraper - INFO - Erfolgreich heruntergeladen: debates2015-01-13a.xml (76650 bytes)
2025-09-20 19:29:01,804 - debates_scraper - INFO - Erfolgreich heruntergeladen: debates2015-01-13b.xml (729552 bytes)
2025-09-20 19:29:01,977 - debates_scraper - INFO - Erfolgreich heruntergeladen: debates2015-01-14a.xml (630840 bytes)
2025-09-20 19:29:02,037 - debates_scraper - INFO - Erfolgreich heruntergeladen: debates2015-01-15a.xml (72489 bytes)
2025-09-20 19:29:02,789 - debates_scraper - INFO - Erfolgreich heruntergeladen: debates2015-01-15b.xml (627472 bytes)
2025-09-20 19:29:02,963 - debates_scraper - INFO - Erfolgreich heruntergeladen: debates2015-01-16a.xml (342050 bytes)
2025-09-20 19:29:03,071 - debates_scraper - INFO - Erfolgreich heruntergeladen: debates2015-01-19a.xml (263504 bytes)
2025-09-20 19:29:03,130 - debates_scraper - INFO - Erfolgreich heruntergeladen: debates2015-01-20a.xml (76348 bytes)
2025-09-20 19:29:04,072 - debates_scraper - INFO - Erfolgreich heruntergeladen: debates2015-01-20b.xml (616886 bytes)
2025-09-20 19:29:04,072 - debates_scraper - INFO - Erfolgreich heruntergeladen: debates2015-01-21a.xml (80870 bytes)
2025-09-20 19:29:04,113 - debates_scraper - INFO - Erfolgreich heruntergeladen: debates2015-01-21b.xml (76915 bytes)
2025-09-20 19:29:04,231 - debates_scraper - INFO - Erfolgreich heruntergeladen: debates2015-01-21c.xml (680719 bytes)
2025-09-20 19:29:05,214 - debates_scraper - INFO - Erfolgreich heruntergeladen: debates2015-01-23a.xml (346571 bytes)
2025-09-20 19:29:05,216 - debates_scraper - INFO - Erfolgreich heruntergeladen: debates2015-01-22a.xml (535371 bytes)
2025-09-20 19:29:05,243 - debates_scraper - INFO - Erfolgreich heruntergeladen: debates2015-01-26a.xml (133616 bytes)
2025-09-20 19:29:05,274 - debates_scraper - INFO - Erfolgreich heruntergeladen: debates2015-01-26b.xml (133002 bytes)
2025-09-20 19:29:06,312 - debates_scraper - INFO - Erfolgreich heruntergeladen: debates2015-01-26c.xml (91011 bytes)
2025-09-20 19:29:06,484 - debates_scraper - INFO - Erfolgreich heruntergeladen: debates2015-01-28a.xml (117142 bytes)
2025-09-20 19:29:06,490 - debates_scraper - INFO - Erfolgreich heruntergeladen: debates2015-01-26d.xml (895441 bytes)
2025-09-20 19:29:06,497 - debates_scraper - INFO - Erfolgreich heruntergeladen: debates2015-01-27a.xml (551474 bytes)
2025-09-20 19:29:07,516 - debates_scraper - INFO - Erfolgreich heruntergeladen: debates2015-01-28b.xml (683456 bytes)
2025-09-20 19:29:07,700 - debates_scraper - INFO - Erfolgreich heruntergeladen: debates2015-01-29a.xml (609107 bytes)
2025-09-20 19:29:07,706 - debates_scraper - INFO - Erfolgreich heruntergeladen: debates2015-02-03a.xml (135764 bytes)
2025-09-20 19:29:07,765 - debates_scraper - INFO - Erfolgreich heruntergeladen: debates2015-02-02a.xml (513387 bytes)
2025-09-20 19:29:08,631 - debates_scraper - INFO - Erfolgreich heruntergeladen: debates2015-02-03b.xml (134237 bytes)
2025-09-20 19:29:08,765 - debates_scraper - INFO - Erfolgreich heruntergeladen: debates2015-02-03c.xml (134140 bytes)
2025-09-20 19:29:08,816 - debates_scraper - INFO - Erfolgreich heruntergeladen: debates2015-02-03d.xml (91323 bytes)
2025-09-20 19:29:08,867 - debates_scraper - INFO - Erfolgreich heruntergeladen: debates2015-02-03e.xml (675091 bytes)
2025-09-20 19:29:09,807 - debates_scraper - INFO - Erfolgreich heruntergeladen: debates2015-02-04a.xml (89650 bytes)
2025-09-20 19:29:09,918 - debates_scraper - INFO - Erfolgreich heruntergeladen: debates2015-02-05a.xml (571743 bytes)
2025-09-20 19:29:09,955 - debates_scraper - INFO - Erfolgreich heruntergeladen: debates2015-02-04b.xml (724198 bytes)
2025-09-20 19:29:09,959 - debates_scraper - INFO - Erfolgreich heruntergeladen: debates2015-02-09a.xml (47224 bytes)
2025-09-20 19:29:10,914 - debates_scraper - INFO - Erfolgreich heruntergeladen: debates2015-02-09b.xml (46535 bytes)
2025-09-20 19:29:11,015 - debates_scraper - INFO - Erfolgreich heruntergeladen: debates2015-02-09c.xml (278122 bytes)
2025-09-20 19:29:11,051 - debates_scraper - INFO - Erfolgreich heruntergeladen: debates2015-02-10a.xml (84275 bytes)
2025-09-20 19:29:11,185 - debates_scraper - INFO - Erfolgreich heruntergeladen: debates2015-02-10b.xml (125952 bytes)
2025-09-20 19:29:12,038 - debates_scraper - INFO - Erfolgreich heruntergeladen: debates2015-02-10c.xml (88528 bytes)
2025-09-20 19:29:12,096 - debates_scraper - INFO - Erfolgreich heruntergeladen: debates2015-02-11a.xml (89748 bytes)
2025-09-20 19:29:12,249 - debates_scraper - INFO - Erfolgreich heruntergeladen: debates2015-02-11b.xml (92293 bytes)
2025-09-20 19:29:12,400 - debates_scraper - INFO - Erfolgreich heruntergeladen: debates2015-02-10d.xml (777712 bytes)
2025-09-20 19:29:13,112 - debates_scraper - INFO - Erfolgreich heruntergeladen: debates2015-02-11c.xml (120559 bytes)
2025-09-20 19:29:13,477 - debates_scraper - INFO - Erfolgreich heruntergeladen: debates2015-02-12a.xml (514497 bytes)
2025-09-20 19:29:13,478 - debates_scraper - INFO - Erfolgreich heruntergeladen: debates2015-02-11d.xml (884342 bytes)
2025-09-20 19:29:13,566 - debates_scraper - INFO - Erfolgreich heruntergeladen: debates2015-02-23a.xml (130211 bytes)
2025-09-20 19:29:14,297 - debates_scraper - INFO - Erfolgreich heruntergeladen: debates2015-02-23b.xml (123025 bytes)
2025-09-20 19:29:14,590 - debates_scraper - INFO - Erfolgreich heruntergeladen: debates2015-02-23c.xml (79480 bytes)
2025-09-20 19:29:14,647 - debates_scraper - INFO - Erfolgreich heruntergeladen: debates2015-02-23d.xml (926637 bytes)
2025-09-20 19:29:14,667 - debates_scraper - INFO - Erfolgreich heruntergeladen: debates2015-02-24a.xml (54952 bytes)
2025-09-20 19:29:15,547 - debates_scraper - INFO - Erfolgreich heruntergeladen: debates2015-02-24b.xml (53731 bytes)
2025-09-20 19:29:15,726 - debates_scraper - INFO - Erfolgreich heruntergeladen: debates2015-02-24c.xml (505959 bytes)
2025-09-20 19:29:15,759 - debates_scraper - INFO - Erfolgreich heruntergeladen: debates2015-02-26a.xml (79243 bytes)
2025-09-20 19:29:15,923 - debates_scraper - INFO - Erfolgreich heruntergeladen: debates2015-02-25a.xml (710341 bytes)
2025-09-20 19:29:16,708 - debates_scraper - INFO - Erfolgreich heruntergeladen: debates2015-02-26b.xml (613121 bytes)
2025-09-20 19:29:16,805 - debates_scraper - INFO - Erfolgreich heruntergeladen: debates2015-02-27a.xml (331888 bytes)
2025-09-20 19:29:16,953 - debates_scraper - INFO - Erfolgreich heruntergeladen: debates2015-03-02a.xml (66600 bytes)
2025-09-20 19:29:17,143 - debates_scraper - INFO - Erfolgreich heruntergeladen: debates2015-03-02b.xml (578677 bytes)
2025-09-20 19:29:17,759 - debates_scraper - INFO - Erfolgreich heruntergeladen: debates2015-03-03a.xml (63963 bytes)
2025-09-20 19:29:17,999 - debates_scraper - INFO - Erfolgreich heruntergeladen: debates2015-03-03b.xml (579458 bytes)
2025-09-20 19:29:18,059 - debates_scraper - INFO - Erfolgreich heruntergeladen: debates2015-03-04a.xml (82006 bytes)
2025-09-20 19:29:18,264 - debates_scraper - INFO - Erfolgreich heruntergeladen: debates2015-03-04b.xml (614809 bytes)
2025-09-20 19:29:18,879 - debates_scraper - INFO - Erfolgreich heruntergeladen: debates2015-03-05a.xml (572714 bytes)
2025-09-20 19:29:19,060 - debates_scraper - INFO - Erfolgreich heruntergeladen: debates2015-03-06a.xml (28347 bytes)
2025-09-20 19:29:19,113 - debates_scraper - INFO - Erfolgreich heruntergeladen: debates2015-03-06b.xml (313688 bytes)
2025-09-20 19:29:19,339 - debates_scraper - INFO - Erfolgreich heruntergeladen: debates2015-03-09a.xml (583781 bytes)
2025-09-20 19:29:20,097 - debates_scraper - INFO - Erfolgreich heruntergeladen: debates2015-03-10a.xml (632394 bytes)
2025-09-20 19:29:20,260 - debates_scraper - INFO - Erfolgreich heruntergeladen: debates2015-03-11a.xml (53574 bytes)
2025-09-20 19:29:20,262 - debates_scraper - INFO - Erfolgreich heruntergeladen: debates2015-03-11b.xml (483426 bytes)
2025-09-20 19:29:20,387 - debates_scraper - INFO - Erfolgreich heruntergeladen: debates2015-03-12a.xml (68389 bytes)
2025-09-20 19:29:21,344 - debates_scraper - INFO - Erfolgreich heruntergeladen: debates2015-03-12b.xml (583426 bytes)
2025-09-20 19:29:21,414 - debates_scraper - INFO - Erfolgreich heruntergeladen: debates2015-03-16a.xml (64441 bytes)
2025-09-20 19:29:21,438 - debates_scraper - INFO - Erfolgreich heruntergeladen: debates2015-03-17a.xml (68870 bytes)
2025-09-20 19:29:21,482 - debates_scraper - INFO - Erfolgreich heruntergeladen: debates2015-03-16b.xml (478597 bytes)
2025-09-20 19:29:22,521 - debates_scraper - INFO - Erfolgreich heruntergeladen: debates2015-03-17b.xml (571890 bytes)
2025-09-20 19:29:22,538 - debates_scraper - INFO - Erfolgreich heruntergeladen: debates2015-03-18a.xml (61279 bytes)
2025-09-20 19:29:22,716 - debates_scraper - INFO - Erfolgreich heruntergeladen: debates2015-03-18b.xml (555292 bytes)
2025-09-20 19:29:22,745 - debates_scraper - INFO - Erfolgreich heruntergeladen: debates2015-03-19a.xml (588862 bytes)
2025-09-20 19:29:23,593 - debates_scraper - INFO - Erfolgreich heruntergeladen: debates2015-03-20a.xml (32273 bytes)
2025-09-20 19:29:23,736 - debates_scraper - INFO - Erfolgreich heruntergeladen: debates2015-03-20b.xml (344933 bytes)
2025-09-20 19:29:23,798 - debates_scraper - INFO - Erfolgreich heruntergeladen: debates2015-03-23a.xml (81191 bytes)
2025-09-20 19:29:23,965 - debates_scraper - INFO - Erfolgreich heruntergeladen: debates2015-03-23b.xml (838644 bytes)
2025-09-20 19:29:24,818 - debates_scraper - INFO - Erfolgreich heruntergeladen: debates2015-03-24a.xml (633856 bytes)
2025-09-20 19:29:24,872 - debates_scraper - INFO - Erfolgreich heruntergeladen: debates2015-03-25a.xml (82712 bytes)
2025-09-20 19:29:25,014 - debates_scraper - INFO - Erfolgreich heruntergeladen: debates2015-03-25b.xml (784186 bytes)
2025-09-20 19:29:25,038 - debates_scraper - INFO - Erfolgreich heruntergeladen: debates2015-03-26a.xml (82773 bytes)
2025-09-20 19:29:25,921 - debates_scraper - INFO - Erfolgreich heruntergeladen: debates2015-05-18a.xml (27615 bytes)
2025-09-20 19:29:26,014 - debates_scraper - INFO - Erfolgreich heruntergeladen: debates2015-03-26b.xml (601417 bytes)
2025-09-20 19:29:26,063 - debates_scraper - INFO - Erfolgreich heruntergeladen: debates2015-05-19a.xml (33286 bytes)
2025-09-20 19:29:26,085 - debates_scraper - INFO - Erfolgreich heruntergeladen: debates2015-05-19b.xml (33286 bytes)
2025-09-20 19:29:26,993 - debates_scraper - INFO - Erfolgreich heruntergeladen: debates2015-05-19c.xml (35833 bytes)
2025-09-20 19:29:27,063 - debates_scraper - INFO - Erfolgreich heruntergeladen: debates2015-05-20a.xml (12806 bytes)
2025-09-20 19:29:27,120 - debates_scraper - INFO - Erfolgreich heruntergeladen: debates2015-05-21a.xml (6716 bytes)
2025-09-20 19:29:27,129 - debates_scraper - INFO - Erfolgreich heruntergeladen: debates2015-05-26a.xml (6350 bytes)
2025-09-20 19:29:28,101 - debates_scraper - INFO - Erfolgreich heruntergeladen: debates2015-05-27a.xml (49732 bytes)
2025-09-20 19:29:28,181 - debates_scraper - INFO - Erfolgreich heruntergeladen: debates2015-05-28a.xml (57623 bytes)
2025-09-20 19:29:28,237 - debates_scraper - INFO - Erfolgreich heruntergeladen: debates2015-05-27b.xml (543766 bytes)
2025-09-20 19:29:28,310 - debates_scraper - INFO - Erfolgreich heruntergeladen: debates2015-05-28b.xml (577799 bytes)
2025-09-20 19:29:29,174 - debates_scraper - INFO - Erfolgreich heruntergeladen: debates2015-06-01a.xml (48985 bytes)
2025-09-20 19:29:29,304 - debates_scraper - INFO - Erfolgreich heruntergeladen: debates2015-06-01b.xml (545779 bytes)
2025-09-20 19:29:29,305 - debates_scraper - INFO - Erfolgreich heruntergeladen: debates2015-06-02a.xml (58258 bytes)
2025-09-20 19:29:29,428 - debates_scraper - INFO - Erfolgreich heruntergeladen: debates2015-06-02b.xml (570864 bytes)
2025-09-20 19:29:30,251 - debates_scraper - INFO - Erfolgreich heruntergeladen: debates2015-06-03a.xml (67395 bytes)
2025-09-20 19:29:30,404 - debates_scraper - INFO - Erfolgreich heruntergeladen: debates2015-06-03c.xml (65854 bytes)
2025-09-20 19:29:30,432 - debates_scraper - INFO - Erfolgreich heruntergeladen: debates2015-06-03b.xml (669588 bytes)
2025-09-20 19:29:30,503 - debates_scraper - INFO - Erfolgreich heruntergeladen: debates2015-06-03d.xml (646513 bytes)
2025-09-20 19:29:31,324 - debates_scraper - INFO - Erfolgreich heruntergeladen: debates2015-06-04a.xml (85850 bytes)
2025-09-20 19:29:31,473 - debates_scraper - INFO - Erfolgreich heruntergeladen: debates2015-06-04b.xml (120492 bytes)
2025-09-20 19:29:31,544 - debates_scraper - INFO - Erfolgreich heruntergeladen: debates2015-06-08a.xml (74569 bytes)
2025-09-20 19:29:31,630 - debates_scraper - INFO - Erfolgreich heruntergeladen: debates2015-06-04c.xml (783169 bytes)
2025-09-20 19:29:32,483 - debates_scraper - INFO - Erfolgreich heruntergeladen: debates2015-06-08b.xml (615695 bytes)
2025-09-20 19:29:32,528 - debates_scraper - INFO - Erfolgreich heruntergeladen: debates2015-06-09a.xml (81648 bytes)
2025-09-20 19:29:32,593 - debates_scraper - INFO - Erfolgreich heruntergeladen: debates2015-06-09b.xml (82570 bytes)
2025-09-20 19:29:32,728 - debates_scraper - INFO - Erfolgreich heruntergeladen: debates2015-06-09c.xml (707035 bytes)
2025-09-20 19:29:33,552 - debates_scraper - INFO - Erfolgreich heruntergeladen: debates2015-06-10a.xml (89860 bytes)
2025-09-20 19:29:33,635 - debates_scraper - INFO - Erfolgreich heruntergeladen: debates2015-06-11a.xml (94694 bytes)
2025-09-20 19:29:33,730 - debates_scraper - INFO - Erfolgreich heruntergeladen: debates2015-06-10b.xml (669328 bytes)
2025-09-20 19:29:33,771 - debates_scraper - INFO - Erfolgreich heruntergeladen: debates2015-06-11b.xml (94544 bytes)
2025-09-20 19:29:34,683 - debates_scraper - INFO - Erfolgreich heruntergeladen: debates2015-06-11c.xml (588353 bytes)
2025-09-20 19:29:34,754 - debates_scraper - INFO - Erfolgreich heruntergeladen: debates2015-06-15a.xml (121056 bytes)
2025-09-20 19:29:34,813 - debates_scraper - INFO - Erfolgreich heruntergeladen: debates2015-06-16a.xml (86507 bytes)
2025-09-20 19:29:34,830 - debates_scraper - INFO - Erfolgreich heruntergeladen: debates2015-06-15b.xml (938621 bytes)
2025-09-20 19:29:35,767 - debates_scraper - INFO - Erfolgreich heruntergeladen: debates2015-06-16b.xml (81161 bytes)
2025-09-20 19:29:35,860 - debates_scraper - INFO - Erfolgreich heruntergeladen: debates2015-06-17a.xml (84574 bytes)
2025-09-20 19:29:35,970 - debates_scraper - INFO - Erfolgreich heruntergeladen: debates2015-06-16c.xml (673531 bytes)
2025-09-20 19:29:36,026 - debates_scraper - INFO - Erfolgreich heruntergeladen: debates2015-06-17b.xml (701390 bytes)
2025-09-20 19:29:36,887 - debates_scraper - INFO - Erfolgreich heruntergeladen: debates2015-06-18a.xml (161173 bytes)
2025-09-20 19:29:37,016 - debates_scraper - INFO - Erfolgreich heruntergeladen: debates2015-06-22a.xml (75162 bytes)
2025-09-20 19:29:37,090 - debates_scraper - INFO - Erfolgreich heruntergeladen: debates2015-06-18b.xml (820224 bytes)
2025-09-20 19:29:37,121 - debates_scraper - INFO - Erfolgreich heruntergeladen: debates2015-06-22b.xml (653300 bytes)
2025-09-20 19:29:38,047 - debates_scraper - INFO - Erfolgreich heruntergeladen: debates2015-06-23a.xml (621028 bytes)
2025-09-20 19:29:38,190 - debates_scraper - INFO - Erfolgreich heruntergeladen: debates2015-06-25a.xml (603211 bytes)
2025-09-20 19:29:38,243 - debates_scraper - INFO - Erfolgreich heruntergeladen: debates2015-06-29a.xml (102201 bytes)
2025-09-20 19:29:38,252 - debates_scraper - INFO - Erfolgreich heruntergeladen: debates2015-06-24a.xml (731143 bytes)
2025-09-20 19:29:39,224 - debates_scraper - INFO - Erfolgreich heruntergeladen: debates2015-06-29b.xml (880732 bytes)
2025-09-20 19:29:39,286 - debates_scraper - INFO - Erfolgreich heruntergeladen: debates2015-07-01a.xml (88778 bytes)
2025-09-20 19:29:39,390 - debates_scraper - INFO - Erfolgreich heruntergeladen: debates2015-06-30a.xml (891445 bytes)
2025-09-20 19:29:39,429 - debates_scraper - INFO - Erfolgreich heruntergeladen: debates2015-07-01b.xml (684731 bytes)
2025-09-20 19:29:40,296 - debates_scraper - INFO - Erfolgreich heruntergeladen: debates2015-07-02a.xml (85449 bytes)
2025-09-20 19:29:40,434 - debates_scraper - INFO - Erfolgreich heruntergeladen: debates2015-07-06a.xml (95908 bytes)
2025-09-20 19:29:40,444 - debates_scraper - INFO - Erfolgreich heruntergeladen: debates2015-07-02b.xml (638899 bytes)
2025-09-20 19:29:40,555 - debates_scraper - INFO - Erfolgreich heruntergeladen: debates2015-07-06b.xml (817580 bytes)
2025-09-20 19:29:41,416 - debates_scraper - INFO - Erfolgreich heruntergeladen: debates2015-07-07a.xml (103444 bytes)
2025-09-20 19:29:41,556 - debates_scraper - INFO - Erfolgreich heruntergeladen: debates2015-07-07b.xml (721843 bytes)
2025-09-20 19:29:41,597 - debates_scraper - INFO - Erfolgreich heruntergeladen: debates2015-07-08a.xml (548561 bytes)
2025-09-20 19:29:41,658 - debates_scraper - INFO - Erfolgreich heruntergeladen: debates2015-07-09a.xml (643003 bytes)
2025-09-20 19:29:42,591 - debates_scraper - INFO - Erfolgreich heruntergeladen: debates2015-07-13a.xml (589457 bytes)
2025-09-20 19:29:42,652 - debates_scraper - INFO - Erfolgreich heruntergeladen: debates2015-07-14a.xml (88050 bytes)
2025-09-20 19:29:42,722 - debates_scraper - INFO - Erfolgreich heruntergeladen: debates2015-07-14b.xml (901470 bytes)
2025-09-20 19:29:42,780 - debates_scraper - INFO - Erfolgreich heruntergeladen: debates2015-07-15a.xml (876217 bytes)
2025-09-20 19:29:43,658 - debates_scraper - INFO - Erfolgreich heruntergeladen: debates2015-07-16a.xml (71974 bytes)
2025-09-20 19:29:43,786 - debates_scraper - INFO - Erfolgreich heruntergeladen: debates2015-07-20a.xml (97979 bytes)
2025-09-20 19:29:43,822 - debates_scraper - INFO - Erfolgreich heruntergeladen: debates2015-07-16b.xml (605305 bytes)
2025-09-20 19:29:43,823 - debates_scraper - INFO - Erfolgreich heruntergeladen: debates2015-07-20b.xml (102322 bytes)
2025-09-20 19:29:44,863 - debates_scraper - INFO - Erfolgreich heruntergeladen: debates2015-07-20c.xml (750791 bytes)
2025-09-20 19:29:44,922 - debates_scraper - INFO - Erfolgreich heruntergeladen: debates2015-09-07a.xml (97972 bytes)
2025-09-20 19:29:44,967 - debates_scraper - INFO - Erfolgreich heruntergeladen: debates2015-07-21a.xml (662876 bytes)
2025-09-20 19:29:45,055 - debates_scraper - INFO - Erfolgreich heruntergeladen: debates2015-09-07b.xml (1142387 bytes)
2025-09-20 19:29:45,995 - debates_scraper - INFO - Erfolgreich heruntergeladen: debates2015-09-08a.xml (99586 bytes)
2025-09-20 19:29:46,055 - debates_scraper - INFO - Erfolgreich heruntergeladen: debates2015-09-08b.xml (94017 bytes)
2025-09-20 19:29:46,200 - debates_scraper - INFO - Erfolgreich heruntergeladen: debates2015-09-08c.xml (965749 bytes)
2025-09-20 19:29:46,316 - debates_scraper - INFO - Erfolgreich heruntergeladen: debates2015-09-09a.xml (586432 bytes)
2025-09-20 19:29:47,162 - debates_scraper - INFO - Erfolgreich heruntergeladen: debates2015-09-10a.xml (576250 bytes)
2025-09-20 19:29:47,180 - debates_scraper - INFO - Erfolgreich heruntergeladen: debates2015-09-11a.xml (401794 bytes)
2025-09-20 19:29:47,254 - debates_scraper - INFO - Erfolgreich heruntergeladen: debates2015-09-14a.xml (93001 bytes)
2025-09-20 19:29:47,421 - debates_scraper - INFO - Erfolgreich heruntergeladen: debates2015-09-14b.xml (704102 bytes)
2025-09-20 19:29:48,262 - debates_scraper - INFO - Erfolgreich heruntergeladen: debates2015-09-15a.xml (89478 bytes)
2025-09-20 19:29:48,292 - debates_scraper - INFO - Erfolgreich heruntergeladen: debates2015-09-16a.xml (61588 bytes)
2025-09-20 19:29:48,353 - debates_scraper - INFO - Erfolgreich heruntergeladen: debates2015-09-15b.xml (682790 bytes)
2025-09-20 19:29:48,472 - debates_scraper - INFO - Erfolgreich heruntergeladen: debates2015-09-16b.xml (653696 bytes)
2025-09-20 19:29:49,307 - debates_scraper - INFO - Erfolgreich heruntergeladen: debates2015-09-17a.xml (64921 bytes)
2025-09-20 19:29:49,395 - debates_scraper - INFO - Erfolgreich heruntergeladen: debates2015-10-12a.xml (84675 bytes)
2025-09-20 19:29:49,461 - debates_scraper - INFO - Erfolgreich heruntergeladen: debates2015-09-17b.xml (599926 bytes)
2025-09-20 19:29:49,576 - debates_scraper - INFO - Erfolgreich heruntergeladen: debates2015-10-12b.xml (629062 bytes)
2025-09-20 19:29:50,464 - debates_scraper - INFO - Erfolgreich heruntergeladen: debates2015-10-13a.xml (732933 bytes)
2025-09-20 19:29:50,535 - debates_scraper - INFO - Erfolgreich heruntergeladen: debates2015-10-15a.xml (415014 bytes)
2025-09-20 19:29:50,588 - debates_scraper - INFO - Erfolgreich heruntergeladen: debates2015-10-14a.xml (819961 bytes)
2025-09-20 19:29:50,640 - debates_scraper - INFO - Erfolgreich heruntergeladen: debates2015-10-16a.xml (339305 bytes)
2025-09-20 19:29:51,604 - debates_scraper - INFO - Erfolgreich heruntergeladen: debates2015-10-20a.xml (102532 bytes)
2025-09-20 19:29:51,622 - debates_scraper - INFO - Erfolgreich heruntergeladen: debates2015-10-19a.xml (713120 bytes)
2025-09-20 19:29:51,683 - debates_scraper - INFO - Erfolgreich heruntergeladen: debates2015-10-21a.xml (76379 bytes)
2025-09-20 19:29:51,766 - debates_scraper - INFO - Erfolgreich heruntergeladen: debates2015-10-20b.xml (698674 bytes)
2025-09-20 19:29:52,712 - debates_scraper - INFO - Erfolgreich heruntergeladen: debates2015-10-22a.xml (103273 bytes)
2025-09-20 19:29:52,795 - debates_scraper - INFO - Erfolgreich heruntergeladen: debates2015-10-21b.xml (833939 bytes)
2025-09-20 19:29:52,807 - debates_scraper - INFO - Erfolgreich heruntergeladen: debates2015-10-23a.xml (32451 bytes)
2025-09-20 19:29:52,897 - debates_scraper - INFO - Erfolgreich heruntergeladen: debates2015-10-22b.xml (903346 bytes)
2025-09-20 19:29:53,794 - debates_scraper - INFO - Erfolgreich heruntergeladen: debates2015-10-23b.xml (328957 bytes)
2025-09-20 19:29:53,846 - debates_scraper - INFO - Erfolgreich heruntergeladen: debates2015-10-26a.xml (91882 bytes)
2025-09-20 19:29:53,929 - debates_scraper - INFO - Erfolgreich heruntergeladen: debates2015-10-26b.xml (141444 bytes)
2025-09-20 19:29:53,971 - debates_scraper - INFO - Erfolgreich heruntergeladen: debates2015-10-26c.xml (975319 bytes)
2025-09-20 19:29:54,847 - debates_scraper - INFO - Erfolgreich heruntergeladen: debates2015-10-27a.xml (84468 bytes)
2025-09-20 19:29:54,964 - debates_scraper - INFO - Erfolgreich heruntergeladen: debates2015-10-27b.xml (860499 bytes)
2025-09-20 19:29:55,028 - debates_scraper - INFO - Erfolgreich heruntergeladen: debates2015-10-29a.xml (621597 bytes)
2025-09-20 19:29:55,130 - debates_scraper - INFO - Erfolgreich heruntergeladen: debates2015-10-28a.xml (805209 bytes)
2025-09-20 19:29:55,980 - debates_scraper - INFO - Erfolgreich heruntergeladen: debates2015-10-30a.xml (346414 bytes)
2025-09-20 19:29:56,012 - debates_scraper - INFO - Erfolgreich heruntergeladen: debates2015-11-02a.xml (76793 bytes)
2025-09-20 19:29:56,130 - debates_scraper - INFO - Erfolgreich heruntergeladen: debates2015-11-02b.xml (790569 bytes)
2025-09-20 19:29:56,181 - debates_scraper - INFO - Erfolgreich heruntergeladen: debates2015-11-03a.xml (107411 bytes)
2025-09-20 19:29:57,084 - debates_scraper - INFO - Erfolgreich heruntergeladen: debates2015-11-03b.xml (455224 bytes)
2025-09-20 19:29:57,172 - debates_scraper - INFO - Erfolgreich heruntergeladen: debates2015-11-05a.xml (87283 bytes)
2025-09-20 19:29:57,192 - debates_scraper - INFO - Erfolgreich heruntergeladen: debates2015-11-04a.xml (670133 bytes)
2025-09-20 19:29:57,223 - debates_scraper - INFO - Erfolgreich heruntergeladen: debates2015-11-05b.xml (87809 bytes)
2025-09-20 19:29:58,236 - debates_scraper - INFO - Erfolgreich heruntergeladen: debates2015-11-05c.xml (635677 bytes)
2025-09-20 19:29:58,238 - debates_scraper - INFO - Erfolgreich heruntergeladen: debates2015-11-06a.xml (48648 bytes)
2025-09-20 19:29:58,338 - debates_scraper - INFO - Erfolgreich heruntergeladen: debates2015-11-06b.xml (384710 bytes)
2025-09-20 19:29:58,443 - debates_scraper - INFO - Erfolgreich heruntergeladen: debates2015-11-09a.xml (1112959 bytes)
2025-09-20 19:29:59,420 - debates_scraper - INFO - Erfolgreich heruntergeladen: debates2015-11-10a.xml (912178 bytes)
2025-09-20 19:29:59,422 - debates_scraper - INFO - Erfolgreich heruntergeladen: debates2015-11-16a.xml (692365 bytes)
2025-09-20 19:29:59,541 - debates_scraper - INFO - Erfolgreich heruntergeladen: debates2015-11-18a.xml (710165 bytes)
2025-09-20 19:29:59,558 - debates_scraper - INFO - Erfolgreich heruntergeladen: debates2015-11-17a.xml (738375 bytes)
2025-09-20 19:30:00,552 - debates_scraper - INFO - Erfolgreich heruntergeladen: debates2015-11-20a.xml (405203 bytes)
2025-09-20 19:30:00,572 - debates_scraper - INFO - Erfolgreich heruntergeladen: debates2015-11-19a.xml (587342 bytes)
2025-09-20 19:30:00,623 - debates_scraper - INFO - Erfolgreich heruntergeladen: debates2015-11-24a.xml (103153 bytes)
2025-09-20 19:30:00,719 - debates_scraper - INFO - Erfolgreich heruntergeladen: debates2015-11-23a.xml (677153 bytes)
2025-09-20 19:30:01,721 - debates_scraper - INFO - Erfolgreich heruntergeladen: debates2015-11-26a.xml (89919 bytes)
2025-09-20 19:30:01,729 - debates_scraper - INFO - Erfolgreich heruntergeladen: debates2015-11-24b.xml (804070 bytes)
2025-09-20 19:30:01,755 - debates_scraper - INFO - Erfolgreich heruntergeladen: debates2015-11-25a.xml (577349 bytes)
2025-09-20 19:30:01,789 - debates_scraper - INFO - Erfolgreich heruntergeladen: debates2015-11-26b.xml (89937 bytes)
2025-09-20 19:30:02,821 - debates_scraper - INFO - Erfolgreich heruntergeladen: debates2015-11-30a.xml (75317 bytes)
2025-09-20 19:30:02,846 - debates_scraper - INFO - Erfolgreich heruntergeladen: debates2015-11-30b.xml (72946 bytes)
2025-09-20 19:30:02,897 - debates_scraper - INFO - Erfolgreich heruntergeladen: debates2015-11-26c.xml (639313 bytes)
2025-09-20 19:30:02,962 - debates_scraper - INFO - Erfolgreich heruntergeladen: debates2015-11-30c.xml (498611 bytes)
2025-09-20 19:30:03,948 - debates_scraper - INFO - Erfolgreich heruntergeladen: debates2015-12-01a.xml (86520 bytes)
2025-09-20 19:30:03,987 - debates_scraper - INFO - Erfolgreich heruntergeladen: debates2015-12-01b.xml (85991 bytes)
2025-09-20 19:30:04,001 - debates_scraper - INFO - Erfolgreich heruntergeladen: debates2015-11-30d.xml (528613 bytes)
2025-09-20 19:30:04,104 - debates_scraper - INFO - Erfolgreich heruntergeladen: debates2015-12-01c.xml (983752 bytes)
2025-09-20 19:30:05,020 - debates_scraper - INFO - Erfolgreich heruntergeladen: debates2015-12-02a.xml (75743 bytes)
2025-09-20 19:30:05,054 - debates_scraper - INFO - Erfolgreich heruntergeladen: debates2015-12-02b.xml (76325 bytes)
2025-09-20 19:30:05,092 - debates_scraper - INFO - Erfolgreich heruntergeladen: debates2015-12-02c.xml (75743 bytes)
2025-09-20 19:30:05,286 - debates_scraper - INFO - Erfolgreich heruntergeladen: debates2015-12-02d.xml (865148 bytes)
2025-09-20 19:30:06,122 - debates_scraper - INFO - Erfolgreich heruntergeladen: debates2015-12-04a.xml (32697 bytes)
2025-09-20 19:30:06,144 - debates_scraper - INFO - Erfolgreich heruntergeladen: debates2015-12-03a.xml (458406 bytes)
2025-09-20 19:30:06,236 - debates_scraper - INFO - Erfolgreich heruntergeladen: debates2015-12-04b.xml (326629 bytes)
2025-09-20 19:30:06,348 - debates_scraper - INFO - Erfolgreich heruntergeladen: debates2015-12-07a.xml (80811 bytes)
2025-09-20 19:30:07,299 - debates_scraper - INFO - Erfolgreich heruntergeladen: debates2015-12-07b.xml (775216 bytes)
2025-09-20 19:30:07,355 - debates_scraper - INFO - Erfolgreich heruntergeladen: debates2015-12-09a.xml (75423 bytes)
2025-09-20 19:30:07,430 - debates_scraper - INFO - Erfolgreich heruntergeladen: debates2015-12-08a.xml (662524 bytes)
2025-09-20 19:30:07,476 - debates_scraper - INFO - Erfolgreich heruntergeladen: debates2015-12-09b.xml (701467 bytes)
2025-09-20 19:30:08,342 - debates_scraper - INFO - Erfolgreich heruntergeladen: debates2015-12-10a.xml (79381 bytes)
2025-09-20 19:30:08,419 - debates_scraper - INFO - Erfolgreich heruntergeladen: debates2015-12-10b.xml (84591 bytes)
2025-09-20 19:30:08,531 - debates_scraper - INFO - Erfolgreich heruntergeladen: debates2015-12-10c.xml (634331 bytes)
2025-09-20 19:30:08,596 - debates_scraper - INFO - Erfolgreich heruntergeladen: debates2015-12-14a.xml (577747 bytes)
2025-09-20 19:30:09,418 - debates_scraper - INFO - Erfolgreich heruntergeladen: debates2015-12-15a.xml (82931 bytes)
2025-09-20 19:30:09,514 - debates_scraper - INFO - Erfolgreich heruntergeladen: debates2015-12-15b.xml (730832 bytes)
2025-09-20 19:30:09,598 - debates_scraper - INFO - Erfolgreich heruntergeladen: debates2015-12-16a.xml (84835 bytes)
2025-09-20 19:30:09,636 - debates_scraper - INFO - Erfolgreich heruntergeladen: debates2015-12-16b.xml (86028 bytes)
2025-09-20 19:30:10,530 - debates_scraper - INFO - Erfolgreich heruntergeladen: debates2015-12-16c.xml (688394 bytes)
2025-09-20 19:30:10,640 - debates_scraper - INFO - Erfolgreich heruntergeladen: debates2016-01-05a.xml (139107 bytes)
2025-09-20 19:30:10,692 - debates_scraper - INFO - Erfolgreich heruntergeladen: debates2015-12-17a.xml (628616 bytes)
2025-09-20 19:30:10,758 - debates_scraper - INFO - Erfolgreich heruntergeladen: debates2016-01-05b.xml (142511 bytes)
2025-09-20 19:30:11,655 - debates_scraper - INFO - Erfolgreich heruntergeladen: debates2016-01-05c.xml (140455 bytes)
2025-09-20 19:30:11,731 - debates_scraper - INFO - Erfolgreich heruntergeladen: debates2016-01-06a.xml (71700 bytes)
2025-09-20 19:30:11,833 - debates_scraper - INFO - Erfolgreich heruntergeladen: debates2016-01-05d.xml (1286283 bytes)
2025-09-20 19:30:11,858 - debates_scraper - INFO - Erfolgreich heruntergeladen: debates2016-01-06b.xml (703670 bytes)
2025-09-20 19:30:12,742 - debates_scraper - INFO - Erfolgreich heruntergeladen: debates2016-01-07a.xml (75634 bytes)
2025-09-20 19:30:12,861 - debates_scraper - INFO - Erfolgreich heruntergeladen: debates2016-01-07b.xml (616738 bytes)
2025-09-20 19:30:12,896 - debates_scraper - INFO - Erfolgreich heruntergeladen: debates2016-01-11b.xml (76169 bytes)
2025-09-20 19:30:12,896 - debates_scraper - INFO - Erfolgreich heruntergeladen: debates2016-01-11a.xml (80772 bytes)
2025-09-20 19:30:13,922 - debates_scraper - INFO - Erfolgreich heruntergeladen: debates2016-01-12a.xml (79976 bytes)
2025-09-20 19:30:13,963 - debates_scraper - INFO - Erfolgreich heruntergeladen: debates2016-01-11c.xml (585872 bytes)
2025-09-20 19:30:14,005 - debates_scraper - INFO - Erfolgreich heruntergeladen: debates2016-01-13a.xml (66502 bytes)
2025-09-20 19:30:14,116 - debates_scraper - INFO - Erfolgreich heruntergeladen: debates2016-01-12b.xml (832502 bytes)
2025-09-20 19:30:15,004 - debates_scraper - INFO - Erfolgreich heruntergeladen: debates2016-01-13b.xml (60071 bytes)
2025-09-20 19:30:15,044 - debates_scraper - INFO - Erfolgreich heruntergeladen: debates2016-01-14a.xml (74303 bytes)
2025-09-20 19:30:15,136 - debates_scraper - INFO - Erfolgreich heruntergeladen: debates2016-01-13c.xml (604151 bytes)
2025-09-20 19:30:15,159 - debates_scraper - INFO - Erfolgreich heruntergeladen: debates2016-01-14b.xml (73347 bytes)
2025-09-20 19:30:16,114 - debates_scraper - INFO - Erfolgreich heruntergeladen: debates2016-01-18a.xml (76336 bytes)
2025-09-20 19:30:16,193 - debates_scraper - INFO - Erfolgreich heruntergeladen: debates2016-01-14c.xml (610225 bytes)
2025-09-20 19:30:16,228 - debates_scraper - INFO - Erfolgreich heruntergeladen: debates2016-01-18b.xml (610649 bytes)
2025-09-20 19:30:16,254 - debates_scraper - INFO - Erfolgreich heruntergeladen: debates2016-01-19a.xml (78015 bytes)
2025-09-20 19:30:17,233 - debates_scraper - INFO - Erfolgreich heruntergeladen: debates2016-01-19b.xml (77525 bytes)
2025-09-20 19:30:17,280 - debates_scraper - INFO - Erfolgreich heruntergeladen: debates2016-01-20a.xml (63031 bytes)
2025-09-20 19:30:17,363 - debates_scraper - INFO - Erfolgreich heruntergeladen: debates2016-01-19c.xml (750354 bytes)
2025-09-20 19:30:17,423 - debates_scraper - INFO - Erfolgreich heruntergeladen: debates2016-01-20b.xml (679139 bytes)
2025-09-20 19:30:18,330 - debates_scraper - INFO - Erfolgreich heruntergeladen: debates2016-01-21a.xml (74100 bytes)
2025-09-20 19:30:18,403 - debates_scraper - INFO - Erfolgreich heruntergeladen: debates2016-01-21b.xml (625128 bytes)
2025-09-20 19:30:18,435 - debates_scraper - INFO - Erfolgreich heruntergeladen: debates2016-01-22a.xml (47118 bytes)
2025-09-20 19:30:18,475 - debates_scraper - INFO - Erfolgreich heruntergeladen: debates2016-01-22b.xml (381359 bytes)
2025-09-20 19:30:19,375 - debates_scraper - INFO - Erfolgreich heruntergeladen: debates2016-01-25a.xml (70952 bytes)
2025-09-20 19:30:19,496 - debates_scraper - INFO - Erfolgreich heruntergeladen: debates2016-01-25b.xml (68859 bytes)
2025-09-20 19:30:19,572 - debates_scraper - INFO - Erfolgreich heruntergeladen: debates2016-01-26a.xml (59618 bytes)
2025-09-20 19:30:19,638 - debates_scraper - INFO - Erfolgreich heruntergeladen: debates2016-01-25c.xml (611715 bytes)
2025-09-20 19:30:20,511 - debates_scraper - INFO - Erfolgreich heruntergeladen: debates2016-01-26b.xml (586568 bytes)
2025-09-20 19:30:20,599 - debates_scraper - INFO - Erfolgreich heruntergeladen: debates2016-01-27a.xml (71523 bytes)
2025-09-20 19:30:20,613 - debates_scraper - INFO - Erfolgreich heruntergeladen: debates2016-01-27b.xml (75011 bytes)
2025-09-20 19:30:20,679 - debates_scraper - INFO - Erfolgreich heruntergeladen: debates2016-01-27c.xml (76063 bytes)
2025-09-20 19:30:21,663 - debates_scraper - INFO - Erfolgreich heruntergeladen: debates2016-01-27d.xml (688845 bytes)
2025-09-20 19:30:21,704 - debates_scraper - INFO - Erfolgreich heruntergeladen: debates2016-01-28b.xml (81829 bytes)
2025-09-20 19:30:21,716 - debates_scraper - INFO - Erfolgreich heruntergeladen: debates2016-01-28c.xml (82819 bytes)
2025-09-20 19:30:21,760 - debates_scraper - INFO - Erfolgreich heruntergeladen: debates2016-01-28a.xml (82647 bytes)
2025-09-20 19:30:22,812 - debates_scraper - INFO - Erfolgreich heruntergeladen: debates2016-01-29a.xml (33365 bytes)
2025-09-20 19:30:22,853 - debates_scraper - INFO - Erfolgreich heruntergeladen: debates2016-02-01a.xml (61920 bytes)
2025-09-20 19:30:22,890 - debates_scraper - INFO - Erfolgreich heruntergeladen: debates2016-01-28d.xml (622732 bytes)
2025-09-20 19:30:22,899 - debates_scraper - INFO - Erfolgreich heruntergeladen: debates2016-01-29b.xml (371588 bytes)
2025-09-20 19:30:23,901 - debates_scraper - INFO - Erfolgreich heruntergeladen: debates2016-02-01b.xml (66471 bytes)
2025-09-20 19:30:24,022 - debates_scraper - INFO - Erfolgreich heruntergeladen: debates2016-02-02a.xml (676642 bytes)
2025-09-20 19:30:24,047 - debates_scraper - INFO - Erfolgreich heruntergeladen: debates2016-02-01c.xml (666761 bytes)
2025-09-20 19:30:24,081 - debates_scraper - INFO - Erfolgreich heruntergeladen: debates2016-02-03a.xml (801698 bytes)
2025-09-20 19:30:25,031 - debates_scraper - INFO - Erfolgreich heruntergeladen: debates2016-02-03b.xml (808548 bytes)
2025-09-20 19:30:25,070 - debates_scraper - INFO - Erfolgreich heruntergeladen: debates2016-02-04a.xml (619199 bytes)
2025-09-20 19:30:25,149 - debates_scraper - INFO - Erfolgreich heruntergeladen: debates2016-02-08a.xml (82647 bytes)
2025-09-20 19:30:25,198 - debates_scraper - INFO - Erfolgreich heruntergeladen: debates2016-02-05a.xml (329083 bytes)
2025-09-20 19:30:26,104 - debates_scraper - INFO - Erfolgreich heruntergeladen: debates2016-02-08b.xml (82950 bytes)
2025-09-20 19:30:26,195 - debates_scraper - INFO - Erfolgreich heruntergeladen: debates2016-02-09a.xml (79131 bytes)
2025-09-20 19:30:26,218 - debates_scraper - INFO - Erfolgreich heruntergeladen: debates2016-02-08c.xml (613950 bytes)
2025-09-20 19:30:26,299 - debates_scraper - INFO - Erfolgreich heruntergeladen: debates2016-02-09b.xml (606049 bytes)
2025-09-20 19:30:27,236 - debates_scraper - INFO - Erfolgreich heruntergeladen: debates2016-02-09c.xml (598686 bytes)
2025-09-20 19:30:27,314 - debates_scraper - INFO - Erfolgreich heruntergeladen: debates2016-02-11a.xml (89002 bytes)
2025-09-20 19:30:27,345 - debates_scraper - INFO - Erfolgreich heruntergeladen: debates2016-02-10a.xml (798535 bytes)
2025-09-20 19:30:27,376 - debates_scraper - INFO - Erfolgreich heruntergeladen: debates2016-02-11b.xml (514610 bytes)
2025-09-20 19:30:28,406 - debates_scraper - INFO - Erfolgreich heruntergeladen: debates2016-02-22a.xml (77904 bytes)
2025-09-20 19:30:28,506 - debates_scraper - INFO - Erfolgreich heruntergeladen: debates2016-02-11c.xml (565072 bytes)
2025-09-20 19:30:28,529 - debates_scraper - INFO - Erfolgreich heruntergeladen: debates2016-02-22b.xml (490331 bytes)
2025-09-20 19:30:28,550 - debates_scraper - INFO - Erfolgreich heruntergeladen: debates2016-02-22c.xml (522842 bytes)
2025-09-20 19:30:29,534 - debates_scraper - INFO - Erfolgreich heruntergeladen: debates2016-02-23a.xml (79966 bytes)
2025-09-20 19:30:29,671 - debates_scraper - INFO - Erfolgreich heruntergeladen: debates2016-02-23b.xml (788343 bytes)
2025-09-20 19:30:29,672 - debates_scraper - INFO - Erfolgreich heruntergeladen: debates2016-02-25a.xml (643773 bytes)
2025-09-20 19:30:29,681 - debates_scraper - INFO - Erfolgreich heruntergeladen: debates2016-02-24a.xml (789950 bytes)
2025-09-20 19:30:30,634 - debates_scraper - INFO - Erfolgreich heruntergeladen: debates2016-02-26a.xml (354704 bytes)
2025-09-20 19:30:30,720 - debates_scraper - INFO - Erfolgreich heruntergeladen: debates2016-02-29a.xml (88743 bytes)
2025-09-20 19:30:30,838 - debates_scraper - INFO - Erfolgreich heruntergeladen: debates2016-02-29c.xml (638695 bytes)
2025-09-20 19:30:30,867 - debates_scraper - INFO - Erfolgreich heruntergeladen: debates2016-02-29b.xml (592910 bytes)
2025-09-20 19:30:31,702 - debates_scraper - INFO - Erfolgreich heruntergeladen: debates2016-03-01a.xml (73339 bytes)
2025-09-20 19:30:31,762 - debates_scraper - INFO - Erfolgreich heruntergeladen: debates2016-03-01b.xml (81494 bytes)
2025-09-20 19:30:31,951 - debates_scraper - INFO - Erfolgreich heruntergeladen: debates2016-03-01c.xml (499042 bytes)
2025-09-20 19:30:31,988 - debates_scraper - INFO - Erfolgreich heruntergeladen: debates2016-03-01d.xml (522125 bytes)
2025-09-20 19:30:32,772 - debates_scraper - INFO - Erfolgreich heruntergeladen: debates2016-03-02a.xml (122550 bytes)
2025-09-20 19:30:32,925 - debates_scraper - INFO - Erfolgreich heruntergeladen: debates2016-03-02b.xml (740010 bytes)
2025-09-20 19:30:33,022 - debates_scraper - INFO - Erfolgreich heruntergeladen: debates2016-03-03a.xml (72662 bytes)
2025-09-20 19:30:33,053 - debates_scraper - INFO - Erfolgreich heruntergeladen: debates2016-03-03b.xml (72446 bytes)
2025-09-20 19:30:33,955 - debates_scraper - INFO - Erfolgreich heruntergeladen: debates2016-03-03c.xml (606393 bytes)
2025-09-20 19:30:34,019 - debates_scraper - INFO - Erfolgreich heruntergeladen: debates2016-03-04a.xml (40883 bytes)
2025-09-20 19:30:34,097 - debates_scraper - INFO - Erfolgreich heruntergeladen: debates2016-03-07a.xml (59779 bytes)
2025-09-20 19:30:34,139 - debates_scraper - INFO - Erfolgreich heruntergeladen: debates2016-03-04b.xml (355903 bytes)
2025-09-20 19:30:35,098 - debates_scraper - INFO - Erfolgreich heruntergeladen: debates2016-03-07b.xml (493344 bytes)
2025-09-20 19:30:35,166 - debates_scraper - INFO - Erfolgreich heruntergeladen: debates2016-03-08b.xml (666662 bytes)
2025-09-20 19:30:35,185 - debates_scraper - INFO - Erfolgreich heruntergeladen: debates2016-03-08a.xml (660603 bytes)
2025-09-20 19:30:35,312 - debates_scraper - INFO - Erfolgreich heruntergeladen: debates2016-03-09a.xml (753000 bytes)
2025-09-20 19:30:36,167 - debates_scraper - INFO - Erfolgreich heruntergeladen: debates2016-03-10a.xml (101513 bytes)
2025-09-20 19:30:36,254 - debates_scraper - INFO - Erfolgreich heruntergeladen: debates2016-03-10b.xml (652526 bytes)
2025-09-20 19:30:36,254 - debates_scraper - INFO - Erfolgreich heruntergeladen: debates2016-03-11a.xml (61444 bytes)
2025-09-20 19:30:36,360 - debates_scraper - INFO - Erfolgreich heruntergeladen: debates2016-03-11b.xml (410332 bytes)
2025-09-20 19:30:37,209 - debates_scraper - INFO - Erfolgreich heruntergeladen: debates2016-03-14a.xml (67131 bytes)
2025-09-20 19:30:37,373 - debates_scraper - INFO - Erfolgreich heruntergeladen: debates2016-03-14b.xml (801494 bytes)
2025-09-20 19:30:37,436 - debates_scraper - INFO - Erfolgreich heruntergeladen: debates2016-03-15a.xml (703643 bytes)
2025-09-20 19:30:37,565 - debates_scraper - INFO - Erfolgreich heruntergeladen: debates2016-03-16a.xml (57920 bytes)
2025-09-20 19:30:38,388 - debates_scraper - INFO - Erfolgreich heruntergeladen: debates2016-03-16b.xml (569066 bytes)
2025-09-20 19:30:38,520 - debates_scraper - INFO - Erfolgreich heruntergeladen: debates2016-03-17a.xml (640581 bytes)
2025-09-20 19:30:38,537 - debates_scraper - INFO - Erfolgreich heruntergeladen: debates2016-03-21a.xml (669140 bytes)
2025-09-20 19:30:38,622 - debates_scraper - INFO - Erfolgreich heruntergeladen: debates2016-03-22a.xml (1024818 bytes)
2025-09-20 19:30:39,495 - debates_scraper - INFO - Erfolgreich heruntergeladen: debates2016-03-23a.xml (961198 bytes)
2025-09-20 19:30:39,597 - debates_scraper - INFO - Erfolgreich heruntergeladen: debates2016-03-24a.xml (609087 bytes)
2025-09-20 19:30:39,667 - debates_scraper - INFO - Erfolgreich heruntergeladen: debates2016-04-12a.xml (80024 bytes)
2025-09-20 19:30:39,712 - debates_scraper - INFO - Erfolgreich heruntergeladen: debates2016-04-11a.xml (648229 bytes)
2025-09-20 19:30:40,620 - debates_scraper - INFO - Erfolgreich heruntergeladen: debates2016-04-12b.xml (657353 bytes)
2025-09-20 19:30:40,692 - debates_scraper - INFO - Erfolgreich heruntergeladen: debates2016-04-13a.xml (130715 bytes)
2025-09-20 19:30:40,709 - debates_scraper - INFO - Erfolgreich heruntergeladen: debates2016-04-13b.xml (128745 bytes)
2025-09-20 19:30:40,784 - debates_scraper - INFO - Erfolgreich heruntergeladen: debates2016-04-13c.xml (745183 bytes)
2025-09-20 19:30:41,675 - debates_scraper - INFO - Erfolgreich heruntergeladen: debates2016-04-14a.xml (70255 bytes)
2025-09-20 19:30:41,773 - debates_scraper - INFO - Erfolgreich heruntergeladen: debates2016-04-14b.xml (496678 bytes)
2025-09-20 19:30:41,804 - debates_scraper - INFO - Erfolgreich heruntergeladen: debates2016-04-18a.xml (67897 bytes)
2025-09-20 19:30:41,836 - debates_scraper - INFO - Erfolgreich heruntergeladen: debates2016-04-18b.xml (99772 bytes)
2025-09-20 19:30:42,721 - debates_scraper - INFO - Erfolgreich heruntergeladen: debates2016-04-18c.xml (80426 bytes)
2025-09-20 19:30:42,866 - debates_scraper - INFO - Erfolgreich heruntergeladen: debates2016-04-18d.xml (541716 bytes)
2025-09-20 19:30:42,930 - debates_scraper - INFO - Erfolgreich heruntergeladen: debates2016-04-19a.xml (113729 bytes)
2025-09-20 19:30:42,971 - debates_scraper - INFO - Erfolgreich heruntergeladen: debates2016-04-19b.xml (152540 bytes)
2025-09-20 19:30:43,879 - debates_scraper - INFO - Erfolgreich heruntergeladen: debates2016-04-19c.xml (429288 bytes)
2025-09-20 19:30:44,019 - debates_scraper - INFO - Erfolgreich heruntergeladen: debates2016-04-20a.xml (599493 bytes)
2025-09-20 19:30:44,036 - debates_scraper - INFO - Erfolgreich heruntergeladen: debates2016-04-21a.xml (44142 bytes)
2025-09-20 19:30:44,052 - debates_scraper - INFO - Erfolgreich heruntergeladen: debates2016-04-19d.xml (725657 bytes)
2025-09-20 19:30:44,979 - debates_scraper - INFO - Erfolgreich heruntergeladen: debates2016-04-21b.xml (287447 bytes)
2025-09-20 19:30:45,093 - debates_scraper - INFO - Erfolgreich heruntergeladen: debates2016-04-25a.xml (88171 bytes)
2025-09-20 19:30:45,146 - debates_scraper - INFO - Erfolgreich heruntergeladen: debates2016-04-25c.xml (90912 bytes)
2025-09-20 19:30:45,147 - debates_scraper - INFO - Erfolgreich heruntergeladen: debates2016-04-25b.xml (86652 bytes)
2025-09-20 19:30:46,189 - debates_scraper - INFO - Erfolgreich heruntergeladen: debates2016-04-25d.xml (771050 bytes)
2025-09-20 19:30:46,229 - debates_scraper - INFO - Erfolgreich heruntergeladen: debates2016-04-27a.xml (63162 bytes)
2025-09-20 19:30:46,272 - debates_scraper - INFO - Erfolgreich heruntergeladen: debates2016-04-26a.xml (729802 bytes)
2025-09-20 19:30:46,324 - debates_scraper - INFO - Erfolgreich heruntergeladen: debates2016-04-27b.xml (503872 bytes)
2025-09-20 19:30:47,316 - debates_scraper - INFO - Erfolgreich heruntergeladen: debates2016-05-03a.xml (80704 bytes)
2025-09-20 19:30:47,320 - debates_scraper - INFO - Erfolgreich heruntergeladen: debates2016-04-28a.xml (553138 bytes)
2025-09-20 19:30:47,371 - debates_scraper - INFO - Erfolgreich heruntergeladen: debates2016-05-03b.xml (82393 bytes)
2025-09-20 19:30:47,372 - debates_scraper - INFO - Erfolgreich heruntergeladen: debates2016-05-03c.xml (296467 bytes)
2025-09-20 19:30:48,398 - debates_scraper - INFO - Erfolgreich heruntergeladen: debates2016-05-03e.xml (82375 bytes)
2025-09-20 19:30:48,425 - debates_scraper - INFO - Erfolgreich heruntergeladen: debates2016-05-03d.xml (83990 bytes)
2025-09-20 19:30:48,484 - debates_scraper - INFO - Erfolgreich heruntergeladen: debates2016-05-04a.xml (63872 bytes)
2025-09-20 19:30:48,546 - debates_scraper - INFO - Erfolgreich heruntergeladen: debates2016-05-03f.xml (729966 bytes)
2025-09-20 19:30:49,499 - debates_scraper - INFO - Erfolgreich heruntergeladen: debates2016-05-05a.xml (36516 bytes)
2025-09-20 19:30:49,553 - debates_scraper - INFO - Erfolgreich heruntergeladen: debates2016-05-04b.xml (563819 bytes)
2025-09-20 19:30:49,637 - debates_scraper - INFO - Erfolgreich heruntergeladen: debates2016-05-05b.xml (259991 bytes)
2025-09-20 19:30:49,638 - debates_scraper - INFO - Erfolgreich heruntergeladen: debates2016-05-09a.xml (225255 bytes)
2025-09-20 19:30:50,655 - debates_scraper - INFO - Erfolgreich heruntergeladen: debates2016-05-09b.xml (793134 bytes)
2025-09-20 19:30:50,705 - debates_scraper - INFO - Erfolgreich heruntergeladen: debates2016-05-11a.xml (94204 bytes)
2025-09-20 19:30:50,706 - debates_scraper - INFO - Erfolgreich heruntergeladen: debates2016-05-10a.xml (348518 bytes)
2025-09-20 19:30:50,785 - debates_scraper - INFO - Erfolgreich heruntergeladen: debates2016-05-11b.xml (371204 bytes)
2025-09-20 19:30:51,804 - debates_scraper - INFO - Erfolgreich heruntergeladen: debates2016-05-12a.xml (276558 bytes)
2025-09-20 19:30:51,882 - debates_scraper - INFO - Erfolgreich heruntergeladen: debates2016-05-19a.xml (485105 bytes)
2025-09-20 19:30:51,882 - debates_scraper - INFO - Erfolgreich heruntergeladen: debates2016-05-18a.xml (464229 bytes)
2025-09-20 19:30:51,963 - debates_scraper - INFO - Erfolgreich heruntergeladen: debates2016-05-23a.xml (483031 bytes)
2025-09-20 19:30:52,880 - debates_scraper - INFO - Erfolgreich heruntergeladen: debates2016-05-24a.xml (75624 bytes)
2025-09-20 19:30:52,925 - debates_scraper - INFO - Erfolgreich heruntergeladen: debates2016-05-24b.xml (73247 bytes)
2025-09-20 19:30:53,011 - debates_scraper - INFO - Erfolgreich heruntergeladen: debates2016-05-25a.xml (76879 bytes)
2025-09-20 19:30:53,062 - debates_scraper - INFO - Erfolgreich heruntergeladen: debates2016-05-24c.xml (539346 bytes)
2025-09-20 19:30:54,018 - debates_scraper - INFO - Erfolgreich heruntergeladen: debates2016-05-26a.xml (95926 bytes)
2025-09-20 19:30:54,043 - debates_scraper - INFO - Erfolgreich heruntergeladen: debates2016-05-25b.xml (593575 bytes)
2025-09-20 19:30:54,144 - debates_scraper - INFO - Erfolgreich heruntergeladen: debates2016-06-06a.xml (124628 bytes)
2025-09-20 19:30:54,195 - debates_scraper - INFO - Erfolgreich heruntergeladen: debates2016-05-26b.xml (707262 bytes)
2025-09-20 19:30:55,150 - debates_scraper - INFO - Erfolgreich heruntergeladen: debates2016-06-06b.xml (888273 bytes)
2025-09-20 19:30:55,247 - debates_scraper - INFO - Erfolgreich heruntergeladen: debates2016-06-07a.xml (728431 bytes)
2025-09-20 19:30:55,263 - debates_scraper - INFO - Erfolgreich heruntergeladen: debates2016-06-09a.xml (63664 bytes)
2025-09-20 19:30:55,322 - debates_scraper - INFO - Erfolgreich heruntergeladen: debates2016-06-08a.xml (638354 bytes)
2025-09-20 19:30:56,279 - debates_scraper - INFO - Erfolgreich heruntergeladen: debates2016-06-09b.xml (414204 bytes)
2025-09-20 19:30:56,320 - debates_scraper - INFO - Erfolgreich heruntergeladen: debates2016-06-13a.xml (73940 bytes)
2025-09-20 19:30:56,363 - debates_scraper - INFO - Erfolgreich heruntergeladen: debates2016-06-14a.xml (75823 bytes)
2025-09-20 19:30:56,484 - debates_scraper - INFO - Erfolgreich heruntergeladen: debates2016-06-13b.xml (857444 bytes)
2025-09-20 19:30:57,417 - debates_scraper - INFO - Erfolgreich heruntergeladen: debates2016-06-15a.xml (74028 bytes)
2025-09-20 19:30:57,437 - debates_scraper - INFO - Erfolgreich heruntergeladen: debates2016-06-14b.xml (516688 bytes)
2025-09-20 19:30:57,528 - debates_scraper - INFO - Erfolgreich heruntergeladen: debates2016-06-20a.xml (14116 bytes)
2025-09-20 19:30:57,542 - debates_scraper - INFO - Erfolgreich heruntergeladen: debates2016-06-15b.xml (590145 bytes)
2025-09-20 19:30:58,492 - debates_scraper - INFO - Erfolgreich heruntergeladen: debates2016-06-20b.xml (26200 bytes)
2025-09-20 19:30:58,554 - debates_scraper - INFO - Erfolgreich heruntergeladen: debates2016-06-20c.xml (64734 bytes)
2025-09-20 19:30:58,602 - debates_scraper - INFO - Erfolgreich heruntergeladen: debates2016-06-27a.xml (81847 bytes)
2025-09-20 19:30:58,721 - debates_scraper - INFO - Erfolgreich heruntergeladen: debates2016-06-27b.xml (616674 bytes)
2025-09-20 19:30:59,548 - debates_scraper - INFO - Erfolgreich heruntergeladen: debates2016-06-28a.xml (53649 bytes)
2025-09-20 19:30:59,686 - debates_scraper - INFO - Erfolgreich heruntergeladen: debates2016-06-28b.xml (780889 bytes)
2025-09-20 19:30:59,697 - debates_scraper - INFO - Erfolgreich heruntergeladen: debates2016-06-29a.xml (82309 bytes)
2025-09-20 19:30:59,763 - debates_scraper - INFO - Erfolgreich heruntergeladen: debates2016-06-29b.xml (88039 bytes)
2025-09-20 19:31:00,655 - debates_scraper - INFO - Erfolgreich heruntergeladen: debates2016-06-29c.xml (82979 bytes)
2025-09-20 19:31:00,824 - debates_scraper - INFO - Erfolgreich heruntergeladen: debates2016-06-30a.xml (535074 bytes)
2025-09-20 19:31:00,829 - debates_scraper - INFO - Erfolgreich heruntergeladen: debates2016-06-29d.xml (645197 bytes)
2025-09-20 19:31:00,952 - debates_scraper - INFO - Erfolgreich heruntergeladen: debates2016-07-04a.xml (589134 bytes)
2025-09-20 19:31:01,833 - debates_scraper - INFO - Erfolgreich heruntergeladen: debates2016-07-05a.xml (669585 bytes)
2025-09-20 19:31:01,922 - debates_scraper - INFO - Erfolgreich heruntergeladen: debates2016-07-06a.xml (82940 bytes)
2025-09-20 19:31:01,924 - debates_scraper - INFO - Erfolgreich heruntergeladen: debates2016-07-06b.xml (623691 bytes)
2025-09-20 19:31:01,998 - debates_scraper - INFO - Erfolgreich heruntergeladen: debates2016-07-07a.xml (64016 bytes)
2025-09-20 19:31:03,006 - debates_scraper - INFO - Erfolgreich heruntergeladen: debates2016-07-07b.xml (537648 bytes)
2025-09-20 19:31:03,012 - debates_scraper - INFO - Erfolgreich heruntergeladen: debates2016-07-11b.xml (65660 bytes)
2025-09-20 19:31:03,017 - debates_scraper - INFO - Erfolgreich heruntergeladen: debates2016-07-11a.xml (65585 bytes)
2025-09-20 19:31:03,161 - debates_scraper - INFO - Erfolgreich heruntergeladen: debates2016-07-11c.xml (235456 bytes)
2025-09-20 19:31:04,131 - debates_scraper - INFO - Erfolgreich heruntergeladen: debates2016-07-12a.xml (120371 bytes)
2025-09-20 19:31:04,178 - debates_scraper - INFO - Erfolgreich heruntergeladen: debates2016-07-11d.xml (690057 bytes)
2025-09-20 19:31:04,195 - debates_scraper - INFO - Erfolgreich heruntergeladen: debates2016-07-12b.xml (604690 bytes)
2025-09-20 19:31:04,234 - debates_scraper - INFO - Erfolgreich heruntergeladen: debates2016-07-13a.xml (237809 bytes)
2025-09-20 19:31:05,238 - debates_scraper - INFO - Erfolgreich heruntergeladen: debates2016-07-14a.xml (59390 bytes)
2025-09-20 19:31:05,283 - debates_scraper - INFO - Erfolgreich heruntergeladen: debates2016-07-14b.xml (155412 bytes)
2025-09-20 19:31:05,307 - debates_scraper - INFO - Erfolgreich heruntergeladen: debates2016-07-13b.xml (528577 bytes)
2025-09-20 19:31:05,404 - debates_scraper - INFO - Erfolgreich heruntergeladen: debates2016-07-14c.xml (474818 bytes)
2025-09-20 19:31:06,322 - debates_scraper - INFO - Erfolgreich heruntergeladen: debates2016-07-18a.xml (83282 bytes)
2025-09-20 19:31:06,406 - debates_scraper - INFO - Erfolgreich heruntergeladen: debates2016-07-18b.xml (181513 bytes)
2025-09-20 19:31:06,448 - debates_scraper - INFO - Erfolgreich heruntergeladen: debates2016-07-19a.xml (67197 bytes)
2025-09-20 19:31:06,488 - debates_scraper - INFO - Erfolgreich heruntergeladen: debates2016-07-18c.xml (586966 bytes)
2025-09-20 19:31:07,387 - debates_scraper - INFO - Erfolgreich heruntergeladen: debates2016-07-19b.xml (110949 bytes)
2025-09-20 19:31:07,500 - debates_scraper - INFO - Erfolgreich heruntergeladen: debates2016-07-19c.xml (592674 bytes)
2025-09-20 19:31:07,595 - debates_scraper - INFO - Erfolgreich heruntergeladen: debates2016-07-20a.xml (277970 bytes)
2025-09-20 19:31:07,688 - debates_scraper - INFO - Erfolgreich heruntergeladen: debates2016-07-20b.xml (680825 bytes)
2025-09-20 19:31:08,457 - debates_scraper - INFO - Erfolgreich heruntergeladen: debates2016-07-21a.xml (75502 bytes)
2025-09-20 19:31:08,563 - debates_scraper - INFO - Erfolgreich heruntergeladen: debates2016-07-21b.xml (256405 bytes)
2025-09-20 19:31:08,688 - debates_scraper - INFO - Erfolgreich heruntergeladen: debates2016-07-21c.xml (534136 bytes)
2025-09-20 19:31:08,842 - debates_scraper - INFO - Erfolgreich heruntergeladen: debates2016-09-05a.xml (903264 bytes)
2025-09-20 19:31:09,603 - debates_scraper - INFO - Erfolgreich heruntergeladen: debates2016-09-06a.xml (636665 bytes)
2025-09-20 19:31:09,661 - debates_scraper - INFO - Erfolgreich heruntergeladen: debates2016-09-07a.xml (68627 bytes)
2025-09-20 19:31:09,811 - debates_scraper - INFO - Erfolgreich heruntergeladen: debates2016-09-07b.xml (514522 bytes)
2025-09-20 19:31:09,935 - debates_scraper - INFO - Erfolgreich heruntergeladen: debates2016-09-08a.xml (523412 bytes)
2025-09-20 19:31:10,696 - debates_scraper - INFO - Erfolgreich heruntergeladen: debates2016-09-12a.xml (85948 bytes)
2025-09-20 19:31:10,880 - debates_scraper - INFO - Erfolgreich heruntergeladen: debates2016-09-12b.xml (751396 bytes)
2025-09-20 19:31:10,912 - debates_scraper - INFO - Erfolgreich heruntergeladen: debates2016-09-13a.xml (524916 bytes)
2025-09-20 19:31:10,976 - debates_scraper - INFO - Erfolgreich heruntergeladen: debates2016-09-14a.xml (73315 bytes)
2025-09-20 19:31:11,793 - debates_scraper - INFO - Erfolgreich heruntergeladen: debates2016-09-14b.xml (116187 bytes)
2025-09-20 19:31:11,977 - debates_scraper - INFO - Erfolgreich heruntergeladen: debates2016-09-14c.xml (589520 bytes)
2025-09-20 19:31:12,010 - debates_scraper - INFO - Erfolgreich heruntergeladen: debates2016-09-15a.xml (77786 bytes)
2025-09-20 19:31:12,035 - debates_scraper - INFO - Erfolgreich heruntergeladen: debates2016-09-15b.xml (80534 bytes)
2025-09-20 19:31:12,946 - debates_scraper - INFO - Erfolgreich heruntergeladen: debates2016-09-15c.xml (546633 bytes)
2025-09-20 19:31:13,020 - debates_scraper - INFO - Erfolgreich heruntergeladen: debates2016-10-10a.xml (81340 bytes)
2025-09-20 19:31:13,123 - debates_scraper - INFO - Erfolgreich heruntergeladen: debates2016-10-10c.xml (542974 bytes)
2025-09-20 19:31:13,180 - debates_scraper - INFO - Erfolgreich heruntergeladen: debates2016-10-10b.xml (270589 bytes)
2025-09-20 19:31:14,063 - debates_scraper - INFO - Erfolgreich heruntergeladen: debates2016-10-11a.xml (92910 bytes)
2025-09-20 19:31:14,114 - debates_scraper - INFO - Erfolgreich heruntergeladen: debates2016-10-11b.xml (82438 bytes)
2025-09-20 19:31:14,187 - debates_scraper - INFO - Erfolgreich heruntergeladen: debates2016-10-11c.xml (84876 bytes)
2025-09-20 19:31:14,274 - debates_scraper - INFO - Erfolgreich heruntergeladen: debates2016-10-11d.xml (580104 bytes)
2025-09-20 19:31:15,163 - debates_scraper - INFO - Erfolgreich heruntergeladen: debates2016-10-12a.xml (93708 bytes)
2025-09-20 19:31:15,231 - debates_scraper - INFO - Erfolgreich heruntergeladen: debates2016-10-13a.xml (58510 bytes)
2025-09-20 19:31:15,288 - debates_scraper - INFO - Erfolgreich heruntergeladen: debates2016-10-12b.xml (571587 bytes)
2025-09-20 19:31:15,367 - debates_scraper - INFO - Erfolgreich heruntergeladen: debates2016-10-13b.xml (515954 bytes)
2025-09-20 19:31:16,292 - debates_scraper - INFO - Erfolgreich heruntergeladen: debates2016-10-17a.xml (373617 bytes)
2025-09-20 19:31:16,326 - debates_scraper - INFO - Erfolgreich heruntergeladen: debates2016-10-18a.xml (79727 bytes)
2025-09-20 19:31:16,344 - debates_scraper - INFO - Erfolgreich heruntergeladen: debates2016-10-18b.xml (79228 bytes)
2025-09-20 19:31:16,415 - debates_scraper - INFO - Erfolgreich heruntergeladen: debates2016-10-18c.xml (163455 bytes)
2025-09-20 19:31:17,429 - debates_scraper - INFO - Erfolgreich heruntergeladen: debates2016-10-19a.xml (96258 bytes)
2025-09-20 19:31:17,454 - debates_scraper - INFO - Erfolgreich heruntergeladen: debates2016-10-19b.xml (97487 bytes)
2025-09-20 19:31:17,479 - debates_scraper - INFO - Erfolgreich heruntergeladen: debates2016-10-18d.xml (554456 bytes)
2025-09-20 19:31:17,597 - debates_scraper - INFO - Erfolgreich heruntergeladen: debates2016-10-19c.xml (653062 bytes)
2025-09-20 19:31:18,525 - debates_scraper - INFO - Erfolgreich heruntergeladen: debates2016-10-21a.xml (36940 bytes)
2025-09-20 19:31:18,553 - debates_scraper - INFO - Erfolgreich heruntergeladen: debates2016-10-20a.xml (556361 bytes)
2025-09-20 19:31:18,631 - debates_scraper - INFO - Erfolgreich heruntergeladen: debates2016-10-21b.xml (325890 bytes)
2025-09-20 19:31:18,672 - debates_scraper - INFO - Erfolgreich heruntergeladen: debates2016-10-24a.xml (513578 bytes)
2025-09-20 19:31:19,588 - debates_scraper - INFO - Erfolgreich heruntergeladen: debates2016-10-25a.xml (78733 bytes)
2025-09-20 19:31:19,704 - debates_scraper - INFO - Erfolgreich heruntergeladen: debates2016-10-25b.xml (518258 bytes)
2025-09-20 19:31:19,721 - debates_scraper - INFO - Erfolgreich heruntergeladen: debates2016-10-26a.xml (599686 bytes)
2025-09-20 19:31:19,847 - debates_scraper - INFO - Erfolgreich heruntergeladen: debates2016-10-27a.xml (532338 bytes)
2025-09-20 19:31:20,721 - debates_scraper - INFO - Erfolgreich heruntergeladen: debates2016-10-28a.xml (323320 bytes)
2025-09-20 19:31:20,783 - debates_scraper - INFO - Erfolgreich heruntergeladen: debates2016-10-31a.xml (86969 bytes)
2025-09-20 19:31:20,802 - debates_scraper - INFO - Erfolgreich heruntergeladen: debates2016-10-31b.xml (546776 bytes)
2025-09-20 19:31:20,922 - debates_scraper - INFO - Erfolgreich heruntergeladen: debates2016-11-01a.xml (482078 bytes)
2025-09-20 19:31:21,798 - debates_scraper - INFO - Erfolgreich heruntergeladen: debates2016-11-02a.xml (81967 bytes)
2025-09-20 19:31:21,896 - debates_scraper - INFO - Erfolgreich heruntergeladen: debates2016-11-03a.xml (553707 bytes)
2025-09-20 19:31:21,972 - debates_scraper - INFO - Erfolgreich heruntergeladen: debates2016-11-02b.xml (643490 bytes)
2025-09-20 19:31:21,996 - debates_scraper - INFO - Erfolgreich heruntergeladen: debates2016-11-04a.xml (322424 bytes)
2025-09-20 19:31:22,953 - debates_scraper - INFO - Erfolgreich heruntergeladen: debates2016-11-07a.xml (578393 bytes)
2025-09-20 19:31:22,975 - debates_scraper - INFO - Erfolgreich heruntergeladen: debates2016-11-08a.xml (61954 bytes)
2025-09-20 19:31:23,010 - debates_scraper - INFO - Erfolgreich heruntergeladen: debates2016-11-08b.xml (72461 bytes)
2025-09-20 19:31:23,064 - debates_scraper - INFO - Erfolgreich heruntergeladen: debates2016-11-08c.xml (482481 bytes)
2025-09-20 19:31:24,047 - debates_scraper - INFO - Erfolgreich heruntergeladen: debates2016-11-14a.xml (69186 bytes)
2025-09-20 19:31:24,088 - debates_scraper - INFO - Erfolgreich heruntergeladen: debates2016-11-14b.xml (66613 bytes)
2025-09-20 19:31:24,111 - debates_scraper - INFO - Erfolgreich heruntergeladen: debates2016-11-14d.xml (70605 bytes)
2025-09-20 19:31:24,152 - debates_scraper - INFO - Erfolgreich heruntergeladen: debates2016-11-14c.xml (67328 bytes)
2025-09-20 19:31:25,198 - debates_scraper - INFO - Erfolgreich heruntergeladen: debates2016-11-14e.xml (405305 bytes)
2025-09-20 19:31:25,211 - debates_scraper - INFO - Erfolgreich heruntergeladen: debates2016-11-15a.xml (118288 bytes)
2025-09-20 19:31:25,286 - debates_scraper - INFO - Erfolgreich heruntergeladen: debates2016-11-15b.xml (611282 bytes)
2025-09-20 19:31:25,371 - debates_scraper - INFO - Erfolgreich heruntergeladen: debates2016-11-16a.xml (634365 bytes)
2025-09-20 19:31:26,276 - debates_scraper - INFO - Erfolgreich heruntergeladen: debates2016-11-17a.xml (69959 bytes)
2025-09-20 19:31:26,340 - debates_scraper - INFO - Erfolgreich heruntergeladen: debates2016-11-17b.xml (540980 bytes)
2025-09-20 19:31:26,401 - debates_scraper - INFO - Erfolgreich heruntergeladen: debates2016-11-18a.xml (371159 bytes)
2025-09-20 19:31:26,416 - debates_scraper - INFO - Erfolgreich heruntergeladen: debates2016-11-21a.xml (73427 bytes)
2025-09-20 19:31:27,405 - debates_scraper - INFO - Erfolgreich heruntergeladen: debates2016-11-21b.xml (806928 bytes)
2025-09-20 19:31:27,441 - debates_scraper - INFO - Erfolgreich heruntergeladen: debates2016-11-22a.xml (80783 bytes)
2025-09-20 19:31:27,455 - debates_scraper - INFO - Erfolgreich heruntergeladen: debates2016-11-22b.xml (652861 bytes)
2025-09-20 19:31:27,530 - debates_scraper - INFO - Erfolgreich heruntergeladen: debates2016-11-23a.xml (72096 bytes)
2025-09-20 19:31:28,505 - debates_scraper - INFO - Erfolgreich heruntergeladen: debates2016-11-23b.xml (71231 bytes)
2025-09-20 19:31:28,553 - debates_scraper - INFO - Erfolgreich heruntergeladen: debates2016-11-23c.xml (489079 bytes)
2025-09-20 19:31:28,632 - debates_scraper - INFO - Erfolgreich heruntergeladen: debates2016-11-25a.xml (321371 bytes)
2025-09-20 19:31:28,639 - debates_scraper - INFO - Erfolgreich heruntergeladen: debates2016-11-24a.xml (537277 bytes)
2025-09-20 19:31:29,646 - debates_scraper - INFO - Erfolgreich heruntergeladen: debates2016-11-29a.xml (66164 bytes)
2025-09-20 19:31:29,688 - debates_scraper - INFO - Erfolgreich heruntergeladen: debates2016-11-28a.xml (712740 bytes)
2025-09-20 19:31:29,733 - debates_scraper - INFO - Erfolgreich heruntergeladen: debates2016-11-30a.xml (91662 bytes)
2025-09-20 19:31:29,755 - debates_scraper - INFO - Erfolgreich heruntergeladen: debates2016-11-29b.xml (483561 bytes)
2025-09-20 19:31:30,787 - debates_scraper - INFO - Erfolgreich heruntergeladen: debates2016-12-01a.xml (72517 bytes)
2025-09-20 19:31:30,827 - debates_scraper - INFO - Erfolgreich heruntergeladen: debates2016-11-30b.xml (650309 bytes)
2025-09-20 19:31:30,832 - debates_scraper - INFO - Erfolgreich heruntergeladen: debates2016-12-01b.xml (72726 bytes)
2025-09-20 19:31:30,923 - debates_scraper - INFO - Erfolgreich heruntergeladen: debates2016-12-01c.xml (559302 bytes)
2025-09-20 19:31:31,900 - debates_scraper - INFO - Erfolgreich heruntergeladen: debates2016-12-05b.xml (54497 bytes)
2025-09-20 19:31:31,917 - debates_scraper - INFO - Erfolgreich heruntergeladen: debates2016-12-02a.xml (398707 bytes)
2025-09-20 19:31:31,925 - debates_scraper - INFO - Erfolgreich heruntergeladen: debates2016-12-05a.xml (55118 bytes)
2025-09-20 19:31:32,036 - debates_scraper - INFO - Erfolgreich heruntergeladen: debates2016-12-05c.xml (370057 bytes)
2025-09-20 19:31:32,978 - debates_scraper - INFO - Erfolgreich heruntergeladen: debates2016-12-06a.xml (64684 bytes)
2025-09-20 19:31:33,018 - debates_scraper - INFO - Erfolgreich heruntergeladen: debates2016-12-07a.xml (85118 bytes)
2025-09-20 19:31:33,062 - debates_scraper - INFO - Erfolgreich heruntergeladen: debates2016-12-06b.xml (390659 bytes)
2025-09-20 19:31:33,146 - debates_scraper - INFO - Erfolgreich heruntergeladen: debates2016-12-07b.xml (684477 bytes)
2025-09-20 19:31:34,029 - debates_scraper - INFO - Erfolgreich heruntergeladen: debates2016-12-08a.xml (60714 bytes)
2025-09-20 19:31:34,125 - debates_scraper - INFO - Erfolgreich heruntergeladen: debates2016-12-12a.xml (67053 bytes)
2025-09-20 19:31:34,162 - debates_scraper - INFO - Erfolgreich heruntergeladen: debates2016-12-08b.xml (513779 bytes)
2025-09-20 19:31:34,238 - debates_scraper - INFO - Erfolgreich heruntergeladen: debates2016-12-12b.xml (569140 bytes)
2025-09-20 19:31:35,091 - debates_scraper - INFO - Erfolgreich heruntergeladen: debates2016-12-13a.xml (87491 bytes)
2025-09-20 19:31:35,222 - debates_scraper - INFO - Erfolgreich heruntergeladen: debates2016-12-13b.xml (745740 bytes)
2025-09-20 19:31:35,293 - debates_scraper - INFO - Erfolgreich heruntergeladen: debates2016-12-15a.xml (551550 bytes)
2025-09-20 19:31:35,333 - debates_scraper - INFO - Erfolgreich heruntergeladen: debates2016-12-14a.xml (718280 bytes)
2025-09-20 19:31:36,213 - debates_scraper - INFO - Erfolgreich heruntergeladen: debates2016-12-16a.xml (345704 bytes)
2025-09-20 19:31:36,263 - debates_scraper - INFO - Erfolgreich heruntergeladen: debates2016-12-19a.xml (85431 bytes)
2025-09-20 19:31:36,329 - debates_scraper - INFO - Erfolgreich heruntergeladen: debates2016-12-19b.xml (97933 bytes)
2025-09-20 19:31:36,402 - debates_scraper - INFO - Erfolgreich heruntergeladen: debates2016-12-19c.xml (544316 bytes)
2025-09-20 19:31:37,285 - debates_scraper - INFO - Erfolgreich heruntergeladen: debates2016-12-20a.xml (56282 bytes)
2025-09-20 19:31:37,393 - debates_scraper - INFO - Erfolgreich heruntergeladen: debates2017-01-09a.xml (84330 bytes)
2025-09-20 19:31:37,432 - debates_scraper - INFO - Erfolgreich heruntergeladen: debates2016-12-20b.xml (512301 bytes)
2025-09-20 19:31:37,496 - debates_scraper - INFO - Erfolgreich heruntergeladen: debates2017-01-09b.xml (599277 bytes)
2025-09-20 19:31:38,378 - debates_scraper - INFO - Erfolgreich heruntergeladen: debates2017-01-10a.xml (120358 bytes)
2025-09-20 19:31:38,488 - debates_scraper - INFO - Erfolgreich heruntergeladen: debates2017-01-10b.xml (75627 bytes)
2025-09-20 19:31:38,537 - debates_scraper - INFO - Erfolgreich heruntergeladen: debates2017-01-11a.xml (80903 bytes)
2025-09-20 19:31:38,620 - debates_scraper - INFO - Erfolgreich heruntergeladen: debates2017-01-10c.xml (776715 bytes)
2025-09-20 19:31:39,430 - debates_scraper - INFO - Erfolgreich heruntergeladen: debates2017-01-11b.xml (77561 bytes)
2025-09-20 19:31:39,582 - debates_scraper - INFO - Erfolgreich heruntergeladen: debates2017-01-11c.xml (594971 bytes)
2025-09-20 19:31:39,628 - debates_scraper - INFO - Erfolgreich heruntergeladen: debates2017-01-12a.xml (78745 bytes)
2025-09-20 19:31:39,670 - debates_scraper - INFO - Erfolgreich heruntergeladen: debates2017-01-12b.xml (553265 bytes)
2025-09-20 19:31:40,509 - debates_scraper - INFO - Erfolgreich heruntergeladen: debates2017-01-13a.xml (36040 bytes)
2025-09-20 19:31:40,626 - debates_scraper - INFO - Erfolgreich heruntergeladen: debates2017-01-13b.xml (36936 bytes)
2025-09-20 19:31:40,695 - debates_scraper - INFO - Erfolgreich heruntergeladen: debates2017-01-13c.xml (320399 bytes)
2025-09-20 19:31:40,767 - debates_scraper - INFO - Erfolgreich heruntergeladen: debates2017-01-16a.xml (57060 bytes)
2025-09-20 19:31:41,620 - debates_scraper - INFO - Erfolgreich heruntergeladen: debates2017-01-16b.xml (51661 bytes)
2025-09-20 19:31:41,724 - debates_scraper - INFO - Erfolgreich heruntergeladen: debates2017-01-16c.xml (352959 bytes)
2025-09-20 19:31:41,837 - debates_scraper - INFO - Erfolgreich heruntergeladen: debates2017-01-18a.xml (505027 bytes)
2025-09-20 19:31:41,866 - debates_scraper - INFO - Erfolgreich heruntergeladen: debates2017-01-17a.xml (751860 bytes)
2025-09-20 19:31:42,857 - debates_scraper - INFO - Erfolgreich heruntergeladen: debates2017-01-19a.xml (84164 bytes)
2025-09-20 19:31:42,930 - debates_scraper - INFO - Erfolgreich heruntergeladen: debates2017-01-23a.xml (95487 bytes)
2025-09-20 19:31:42,963 - debates_scraper - INFO - Erfolgreich heruntergeladen: debates2017-01-19b.xml (526979 bytes)
2025-09-20 19:31:43,004 - debates_scraper - INFO - Erfolgreich heruntergeladen: debates2017-01-20a.xml (277608 bytes)
2025-09-20 19:31:43,957 - debates_scraper - INFO - Erfolgreich heruntergeladen: debates2017-01-23b.xml (95487 bytes)
2025-09-20 19:31:43,998 - debates_scraper - INFO - Erfolgreich heruntergeladen: debates2017-01-23c.xml (96545 bytes)
2025-09-20 19:31:44,045 - debates_scraper - INFO - Erfolgreich heruntergeladen: debates2017-01-24a.xml (83659 bytes)
2025-09-20 19:31:44,082 - debates_scraper - INFO - Erfolgreich heruntergeladen: debates2017-01-23d.xml (558894 bytes)
2025-09-20 19:31:45,094 - debates_scraper - INFO - Erfolgreich heruntergeladen: debates2017-01-25a.xml (76257 bytes)
2025-09-20 19:31:45,137 - debates_scraper - INFO - Erfolgreich heruntergeladen: debates2017-01-25b.xml (76458 bytes)
2025-09-20 19:31:45,143 - debates_scraper - INFO - Erfolgreich heruntergeladen: debates2017-01-24b.xml (619650 bytes)
2025-09-20 19:31:45,259 - debates_scraper - INFO - Erfolgreich heruntergeladen: debates2017-01-25c.xml (665855 bytes)
2025-09-20 19:31:46,195 - debates_scraper - INFO - Erfolgreich heruntergeladen: debates2017-01-26a.xml (524294 bytes)
2025-09-20 19:31:46,211 - debates_scraper - INFO - Erfolgreich heruntergeladen: debates2017-01-27a.xml (26264 bytes)
2025-09-20 19:31:46,292 - debates_scraper - INFO - Erfolgreich heruntergeladen: debates2017-01-27b.xml (341444 bytes)
2025-09-20 19:31:46,354 - debates_scraper - INFO - Erfolgreich heruntergeladen: debates2017-01-30a.xml (103351 bytes)
2025-09-20 19:31:47,315 - debates_scraper - INFO - Erfolgreich heruntergeladen: debates2017-01-31a.xml (106866 bytes)
2025-09-20 19:31:47,383 - debates_scraper - INFO - Erfolgreich heruntergeladen: debates2017-01-30b.xml (612842 bytes)
2025-09-20 19:31:47,393 - debates_scraper - INFO - Erfolgreich heruntergeladen: debates2017-01-31b.xml (99371 bytes)
2025-09-20 19:31:47,478 - debates_scraper - INFO - Erfolgreich heruntergeladen: debates2017-01-31c.xml (843171 bytes)
2025-09-20 19:31:48,390 - debates_scraper - INFO - Erfolgreich heruntergeladen: debates2017-02-01a.xml (293071 bytes)
2025-09-20 19:31:48,461 - debates_scraper - INFO - Erfolgreich heruntergeladen: debates2017-02-01b.xml (677644 bytes)
2025-09-20 19:31:48,492 - debates_scraper - INFO - Erfolgreich heruntergeladen: debates2017-02-02a.xml (89118 bytes)
2025-09-20 19:31:48,553 - debates_scraper - INFO - Erfolgreich heruntergeladen: debates2017-02-02b.xml (574540 bytes)
2025-09-20 19:31:49,470 - debates_scraper - INFO - Erfolgreich heruntergeladen: debates2017-02-03a.xml (315152 bytes)
2025-09-20 19:31:49,572 - debates_scraper - INFO - Erfolgreich heruntergeladen: debates2017-02-06b.xml (997226 bytes)
2025-09-20 19:31:49,596 - debates_scraper - INFO - Erfolgreich heruntergeladen: debates2017-02-06a.xml (142112 bytes)
2025-09-20 19:31:49,681 - debates_scraper - INFO - Erfolgreich heruntergeladen: debates2017-02-07a.xml (154156 bytes)
2025-09-20 19:31:50,680 - debates_scraper - INFO - Erfolgreich heruntergeladen: debates2017-02-07b.xml (984269 bytes)
2025-09-20 19:31:50,720 - debates_scraper - INFO - Erfolgreich heruntergeladen: debates2017-02-08a.xml (107050 bytes)
2025-09-20 19:31:50,751 - debates_scraper - INFO - Erfolgreich heruntergeladen: debates2017-02-08b.xml (1481049 bytes)
2025-09-20 19:31:50,779 - debates_scraper - INFO - Erfolgreich heruntergeladen: debates2017-02-09a.xml (571970 bytes)
2025-09-20 19:31:51,786 - debates_scraper - INFO - Erfolgreich heruntergeladen: debates2017-02-20a.xml (62703 bytes)
2025-09-20 19:31:51,824 - debates_scraper - INFO - Erfolgreich heruntergeladen: debates2017-02-20b.xml (365013 bytes)
2025-09-20 19:31:51,850 - debates_scraper - INFO - Erfolgreich heruntergeladen: debates2017-02-21a.xml (63468 bytes)
2025-09-20 19:31:51,958 - debates_scraper - INFO - Erfolgreich heruntergeladen: debates2017-02-21b.xml (687986 bytes)
2025-09-20 19:31:52,894 - debates_scraper - INFO - Erfolgreich heruntergeladen: debates2017-02-22a.xml (562889 bytes)
2025-09-20 19:31:52,945 - debates_scraper - INFO - Erfolgreich heruntergeladen: debates2017-02-23a.xml (88442 bytes)
2025-09-20 19:31:52,997 - debates_scraper - INFO - Erfolgreich heruntergeladen: debates2017-02-23b.xml (632632 bytes)
2025-09-20 19:31:53,058 - debates_scraper - INFO - Erfolgreich heruntergeladen: debates2017-02-24a.xml (365216 bytes)
2025-09-20 19:31:53,964 - debates_scraper - INFO - Erfolgreich heruntergeladen: debates2017-02-27a.xml (73131 bytes)
2025-09-20 19:31:54,077 - debates_scraper - INFO - Erfolgreich heruntergeladen: debates2017-02-27b.xml (532958 bytes)
2025-09-20 19:31:54,118 - debates_scraper - INFO - Erfolgreich heruntergeladen: debates2017-02-28a.xml (556135 bytes)
2025-09-20 19:31:54,156 - debates_scraper - INFO - Erfolgreich heruntergeladen: debates2017-03-01a.xml (63674 bytes)
2025-09-20 19:31:55,149 - debates_scraper - INFO - Erfolgreich heruntergeladen: debates2017-03-01b.xml (523643 bytes)
2025-09-20 19:31:55,213 - debates_scraper - INFO - Erfolgreich heruntergeladen: debates2017-03-02a.xml (530669 bytes)
2025-09-20 19:31:55,242 - debates_scraper - INFO - Erfolgreich heruntergeladen: debates2017-03-06a.xml (432490 bytes)
2025-09-20 19:31:55,254 - debates_scraper - INFO - Erfolgreich heruntergeladen: debates2017-03-07a.xml (650709 bytes)
2025-09-20 19:31:56,203 - debates_scraper - INFO - Erfolgreich heruntergeladen: debates2017-03-08a.xml (59928 bytes)
2025-09-20 19:31:56,263 - debates_scraper - INFO - Erfolgreich heruntergeladen: debates2017-03-08b.xml (54102 bytes)
2025-09-20 19:31:56,327 - debates_scraper - INFO - Erfolgreich heruntergeladen: debates2017-03-09a.xml (85585 bytes)
2025-09-20 19:31:56,395 - debates_scraper - INFO - Erfolgreich heruntergeladen: debates2017-03-08c.xml (502535 bytes)
2025-09-20 19:31:57,327 - debates_scraper - INFO - Erfolgreich heruntergeladen: debates2017-03-09b.xml (540989 bytes)
2025-09-20 19:31:57,365 - debates_scraper - INFO - Erfolgreich heruntergeladen: debates2017-03-13a.xml (81010 bytes)
2025-09-20 19:31:57,366 - debates_scraper - INFO - Erfolgreich heruntergeladen: debates2017-03-13b.xml (80747 bytes)
2025-09-20 19:31:57,436 - debates_scraper - INFO - Erfolgreich heruntergeladen: debates2017-03-13c.xml (80627 bytes)
2025-09-20 19:31:58,403 - debates_scraper - INFO - Erfolgreich heruntergeladen: debates2017-03-13d.xml (84904 bytes)
2025-09-20 19:31:58,492 - debates_scraper - INFO - Erfolgreich heruntergeladen: debates2017-03-14a.xml (99774 bytes)
2025-09-20 19:31:58,569 - debates_scraper - INFO - Erfolgreich heruntergeladen: debates2017-03-14b.xml (1005261 bytes)
2025-09-20 19:31:58,587 - debates_scraper - INFO - Erfolgreich heruntergeladen: debates2017-03-13e.xml (735238 bytes)
2025-09-20 19:31:59,481 - debates_scraper - INFO - Erfolgreich heruntergeladen: debates2017-03-15a.xml (88910 bytes)
2025-09-20 19:31:59,550 - debates_scraper - INFO - Erfolgreich heruntergeladen: debates2017-03-15b.xml (88687 bytes)
2025-09-20 19:31:59,670 - debates_scraper - INFO - Erfolgreich heruntergeladen: debates2017-03-15c.xml (644681 bytes)
2025-09-20 19:31:59,725 - debates_scraper - INFO - Erfolgreich heruntergeladen: debates2017-03-16a.xml (409639 bytes)
2025-09-20 19:32:00,622 - debates_scraper - INFO - Erfolgreich heruntergeladen: debates2017-03-21a.xml (55954 bytes)
2025-09-20 19:32:00,629 - debates_scraper - INFO - Erfolgreich heruntergeladen: debates2017-03-20a.xml (551950 bytes)
2025-09-20 19:32:00,741 - debates_scraper - INFO - Erfolgreich heruntergeladen: debates2017-03-21b.xml (347706 bytes)
2025-09-20 19:32:00,770 - debates_scraper - INFO - Erfolgreich heruntergeladen: debates2017-03-22a.xml (51113 bytes)
2025-09-20 19:32:01,716 - debates_scraper - INFO - Erfolgreich heruntergeladen: debates2017-03-23a.xml (77930 bytes)
2025-09-20 19:32:01,780 - debates_scraper - INFO - Erfolgreich heruntergeladen: debates2017-03-22b.xml (239514 bytes)
2025-09-20 19:32:01,846 - debates_scraper - INFO - Erfolgreich heruntergeladen: debates2017-03-23b.xml (540076 bytes)
2025-09-20 19:32:01,919 - debates_scraper - INFO - Erfolgreich heruntergeladen: debates2017-03-24a.xml (309355 bytes)
2025-09-20 19:32:02,845 - debates_scraper - INFO - Erfolgreich heruntergeladen: debates2017-03-28a.xml (70573 bytes)
2025-09-20 19:32:02,846 - debates_scraper - INFO - Erfolgreich heruntergeladen: debates2017-03-27a.xml (500895 bytes)
2025-09-20 19:32:02,903 - debates_scraper - INFO - Erfolgreich heruntergeladen: debates2017-03-28b.xml (70575 bytes)
2025-09-20 19:32:03,018 - debates_scraper - INFO - Erfolgreich heruntergeladen: debates2017-03-28c.xml (494332 bytes)
2025-09-20 19:32:03,913 - debates_scraper - INFO - Erfolgreich heruntergeladen: debates2017-03-29a.xml (92509 bytes)
2025-09-20 19:32:03,915 - debates_scraper - INFO - Erfolgreich heruntergeladen: debates2017-03-29b.xml (91951 bytes)
2025-09-20 19:32:04,082 - debates_scraper - INFO - Erfolgreich heruntergeladen: debates2017-03-29c.xml (690697 bytes)
2025-09-20 19:32:04,112 - debates_scraper - INFO - Erfolgreich heruntergeladen: debates2017-03-30a.xml (560614 bytes)
2025-09-20 19:32:04,954 - debates_scraper - INFO - Erfolgreich heruntergeladen: debates2017-04-18a.xml (75839 bytes)
2025-09-20 19:32:05,013 - debates_scraper - INFO - Erfolgreich heruntergeladen: debates2017-04-18b.xml (586171 bytes)
2025-09-20 19:32:05,144 - debates_scraper - INFO - Erfolgreich heruntergeladen: debates2017-04-19a.xml (502880 bytes)
2025-09-20 19:32:05,180 - debates_scraper - INFO - Erfolgreich heruntergeladen: debates2017-04-20a.xml (451747 bytes)
2025-09-20 19:32:06,000 - debates_scraper - INFO - Erfolgreich heruntergeladen: debates2017-04-24a.xml (65283 bytes)
2025-09-20 19:32:06,059 - debates_scraper - INFO - Erfolgreich heruntergeladen: debates2017-04-24b.xml (68057 bytes)
2025-09-20 19:32:06,216 - debates_scraper - INFO - Erfolgreich heruntergeladen: debates2017-04-24c.xml (425966 bytes)
2025-09-20 19:32:06,245 - debates_scraper - INFO - Erfolgreich heruntergeladen: debates2017-04-25a.xml (67033 bytes)
2025-09-20 19:32:07,146 - debates_scraper - INFO - Erfolgreich heruntergeladen: debates2017-04-25b.xml (428684 bytes)
2025-09-20 19:32:07,156 - debates_scraper - INFO - Erfolgreich heruntergeladen: debates2017-04-26a.xml (417103 bytes)
2025-09-20 19:32:07,258 - debates_scraper - INFO - Erfolgreich heruntergeladen: debates2017-04-27a.xml (153175 bytes)
2025-09-20 19:32:07,280 - debates_scraper - INFO - Erfolgreich heruntergeladen: debates2017-06-13a.xml (11422 bytes)
2025-09-20 19:32:08,188 - debates_scraper - INFO - Erfolgreich heruntergeladen: debates2017-06-13b.xml (38766 bytes)
2025-09-20 19:32:08,225 - debates_scraper - INFO - Erfolgreich heruntergeladen: debates2017-06-14a.xml (35170 bytes)
2025-09-20 19:32:08,296 - debates_scraper - INFO - Erfolgreich heruntergeladen: debates2017-06-15a.xml (15488 bytes)
2025-09-20 19:32:08,374 - debates_scraper - INFO - Erfolgreich heruntergeladen: debates2017-06-21a.xml (508287 bytes)
2025-09-20 19:32:09,316 - debates_scraper - INFO - Erfolgreich heruntergeladen: debates2017-06-22a.xml (324904 bytes)
2025-09-20 19:32:09,395 - debates_scraper - INFO - Erfolgreich heruntergeladen: debates2017-06-22b.xml (526115 bytes)
2025-09-20 19:32:09,465 - debates_scraper - INFO - Erfolgreich heruntergeladen: debates2017-06-26a.xml (552975 bytes)
2025-09-20 19:32:09,465 - debates_scraper - INFO - Erfolgreich heruntergeladen: debates2017-06-27a.xml (528830 bytes)
2025-09-20 19:32:10,372 - debates_scraper - INFO - Erfolgreich heruntergeladen: debates2017-06-28a.xml (68076 bytes)
2025-09-20 19:32:10,435 - debates_scraper - INFO - Erfolgreich heruntergeladen: debates2017-06-28b.xml (63451 bytes)
2025-09-20 19:32:10,537 - debates_scraper - INFO - Erfolgreich heruntergeladen: debates2017-06-28c.xml (220240 bytes)
2025-09-20 19:32:10,655 - debates_scraper - INFO - Erfolgreich heruntergeladen: debates2017-06-28d.xml (577127 bytes)
2025-09-20 19:32:11,445 - debates_scraper - INFO - Erfolgreich heruntergeladen: debates2017-06-29a.xml (98537 bytes)
2025-09-20 19:32:11,583 - debates_scraper - INFO - Erfolgreich heruntergeladen: debates2017-06-29b.xml (366001 bytes)
2025-09-20 19:32:11,635 - debates_scraper - INFO - Erfolgreich heruntergeladen: debates2017-06-29c.xml (731780 bytes)
2025-09-20 19:32:11,694 - debates_scraper - INFO - Erfolgreich heruntergeladen: debates2017-07-03a.xml (72296 bytes)
2025-09-20 19:32:12,517 - debates_scraper - INFO - Erfolgreich heruntergeladen: debates2017-07-03b.xml (108516 bytes)
2025-09-20 19:32:12,646 - debates_scraper - INFO - Erfolgreich heruntergeladen: debates2017-07-03c.xml (74938 bytes)
2025-09-20 19:32:12,728 - debates_scraper - INFO - Erfolgreich heruntergeladen: debates2017-07-03d.xml (73996 bytes)
2025-09-20 19:32:12,779 - debates_scraper - INFO - Erfolgreich heruntergeladen: debates2017-07-03e.xml (514703 bytes)
2025-09-20 19:32:13,565 - debates_scraper - INFO - Erfolgreich heruntergeladen: debates2017-07-04a.xml (82662 bytes)
2025-09-20 19:32:13,698 - debates_scraper - INFO - Erfolgreich heruntergeladen: debates2017-07-04b.xml (89939 bytes)
2025-09-20 19:32:13,777 - debates_scraper - INFO - Erfolgreich heruntergeladen: debates2017-07-04c.xml (84707 bytes)
2025-09-20 19:32:13,823 - debates_scraper - INFO - Erfolgreich heruntergeladen: debates2017-07-04d.xml (82591 bytes)
2025-09-20 19:32:14,723 - debates_scraper - INFO - Erfolgreich heruntergeladen: debates2017-07-04e.xml (568593 bytes)
2025-09-20 19:32:14,820 - debates_scraper - INFO - Erfolgreich heruntergeladen: debates2017-07-06a.xml (95519 bytes)
2025-09-20 19:32:14,888 - debates_scraper - INFO - Erfolgreich heruntergeladen: debates2017-07-06b.xml (573986 bytes)
2025-09-20 19:32:14,913 - debates_scraper - INFO - Erfolgreich heruntergeladen: debates2017-07-05a.xml (543390 bytes)
2025-09-20 19:32:15,886 - debates_scraper - INFO - Erfolgreich heruntergeladen: debates2017-07-11a.xml (137786 bytes)
2025-09-20 19:32:15,954 - debates_scraper - INFO - Erfolgreich heruntergeladen: debates2017-07-11b.xml (243743 bytes)
2025-09-20 19:32:15,995 - debates_scraper - INFO - Erfolgreich heruntergeladen: debates2017-07-10a.xml (531115 bytes)
2025-09-20 19:32:16,060 - debates_scraper - INFO - Erfolgreich heruntergeladen: debates2017-07-11c.xml (243746 bytes)
2025-09-20 19:32:16,991 - debates_scraper - INFO - Erfolgreich heruntergeladen: debates2017-07-11d.xml (93546 bytes)
2025-09-20 19:32:17,087 - debates_scraper - INFO - Erfolgreich heruntergeladen: debates2017-07-11f.xml (400809 bytes)
2025-09-20 19:32:17,100 - debates_scraper - INFO - Erfolgreich heruntergeladen: debates2017-07-11e.xml (236750 bytes)
2025-09-20 19:32:17,232 - debates_scraper - INFO - Erfolgreich heruntergeladen: debates2017-07-11g.xml (664835 bytes)
2025-09-20 19:32:18,040 - debates_scraper - INFO - Erfolgreich heruntergeladen: debates2017-07-12a.xml (67793 bytes)
2025-09-20 19:32:18,178 - debates_scraper - INFO - Erfolgreich heruntergeladen: debates2017-07-12b.xml (504277 bytes)
2025-09-20 19:32:18,271 - debates_scraper - INFO - Erfolgreich heruntergeladen: debates2017-07-13a.xml (488206 bytes)
2025-09-20 19:32:18,281 - debates_scraper - INFO - Erfolgreich heruntergeladen: debates2017-07-17a.xml (109352 bytes)
2025-09-20 19:32:19,108 - debates_scraper - INFO - Erfolgreich heruntergeladen: debates2017-07-17b.xml (115383 bytes)
2025-09-20 19:32:19,224 - debates_scraper - INFO - Erfolgreich heruntergeladen: debates2017-07-17c.xml (109195 bytes)
2025-09-20 19:32:19,342 - debates_scraper - INFO - Erfolgreich heruntergeladen: debates2017-07-17d.xml (286439 bytes)
2025-09-20 19:32:19,428 - debates_scraper - INFO - Erfolgreich heruntergeladen: debates2017-07-17e.xml (741529 bytes)
2025-09-20 19:32:20,161 - debates_scraper - INFO - Erfolgreich heruntergeladen: debates2017-07-18a.xml (65813 bytes)
2025-09-20 19:32:20,322 - debates_scraper - INFO - Erfolgreich heruntergeladen: debates2017-07-18b.xml (503100 bytes)
2025-09-20 19:32:20,390 - debates_scraper - INFO - Erfolgreich heruntergeladen: debates2017-07-19a.xml (84866 bytes)
2025-09-20 19:32:20,465 - debates_scraper - INFO - Erfolgreich heruntergeladen: debates2017-07-19b.xml (85655 bytes)
2025-09-20 19:32:21,233 - debates_scraper - INFO - Erfolgreich heruntergeladen: debates2017-07-19c.xml (86796 bytes)
2025-09-20 19:32:21,442 - debates_scraper - INFO - Erfolgreich heruntergeladen: debates2017-07-19d.xml (556950 bytes)
2025-09-20 19:32:21,487 - debates_scraper - INFO - Erfolgreich heruntergeladen: debates2017-07-20a.xml (78148 bytes)
2025-09-20 19:32:21,506 - debates_scraper - INFO - Erfolgreich heruntergeladen: debates2017-07-20b.xml (78148 bytes)
2025-09-20 19:32:22,288 - debates_scraper - INFO - Erfolgreich heruntergeladen: debates2017-07-20c.xml (78148 bytes)
2025-09-20 19:32:22,541 - debates_scraper - INFO - Erfolgreich heruntergeladen: debates2017-07-20d.xml (560414 bytes)
2025-09-20 19:32:22,607 - debates_scraper - INFO - Erfolgreich heruntergeladen: debates2017-09-05a.xml (158332 bytes)
2025-09-20 19:32:22,681 - debates_scraper - INFO - Erfolgreich heruntergeladen: debates2017-09-05b.xml (562161 bytes)
2025-09-20 19:32:23,338 - debates_scraper - INFO - Erfolgreich heruntergeladen: debates2017-09-06a.xml (85587 bytes)
2025-09-20 19:32:23,614 - debates_scraper - INFO - Erfolgreich heruntergeladen: debates2017-09-06b.xml (94588 bytes)
2025-09-20 19:32:23,703 - debates_scraper - INFO - Erfolgreich heruntergeladen: debates2017-09-06c.xml (701671 bytes)
2025-09-20 19:32:23,820 - debates_scraper - INFO - Erfolgreich heruntergeladen: debates2017-09-07a.xml (99971 bytes)
2025-09-20 19:32:24,484 - debates_scraper - INFO - Erfolgreich heruntergeladen: debates2017-09-07b.xml (583328 bytes)
2025-09-20 19:32:24,693 - debates_scraper - INFO - Erfolgreich heruntergeladen: debates2017-09-11a.xml (853058 bytes)
2025-09-20 19:32:24,766 - debates_scraper - INFO - Erfolgreich heruntergeladen: debates2017-09-12a.xml (942876 bytes)
2025-09-20 19:32:24,871 - debates_scraper - INFO - Erfolgreich heruntergeladen: debates2017-09-13a.xml (86324 bytes)
2025-09-20 19:32:25,557 - debates_scraper - INFO - Erfolgreich heruntergeladen: debates2017-09-13b.xml (538091 bytes)
2025-09-20 19:32:25,744 - debates_scraper - INFO - Erfolgreich heruntergeladen: debates2017-09-14a.xml (95870 bytes)
2025-09-20 19:32:25,807 - debates_scraper - INFO - Erfolgreich heruntergeladen: debates2017-09-14b.xml (86481 bytes)
2025-09-20 19:32:25,924 - debates_scraper - INFO - Erfolgreich heruntergeladen: debates2017-09-14c.xml (553337 bytes)
2025-09-20 19:32:26,604 - debates_scraper - INFO - Erfolgreich heruntergeladen: debates2017-10-09a.xml (91725 bytes)
2025-09-20 19:32:26,793 - debates_scraper - INFO - Erfolgreich heruntergeladen: debates2017-10-09b.xml (91404 bytes)
2025-09-20 19:32:26,929 - debates_scraper - INFO - Erfolgreich heruntergeladen: debates2017-10-09c.xml (562238 bytes)
2025-09-20 19:32:26,973 - debates_scraper - INFO - Erfolgreich heruntergeladen: debates2017-10-10a.xml (98549 bytes)
2025-09-20 19:32:27,655 - debates_scraper - INFO - Erfolgreich heruntergeladen: debates2017-10-10b.xml (98349 bytes)
2025-09-20 19:32:27,855 - debates_scraper - INFO - Erfolgreich heruntergeladen: debates2017-10-10c.xml (183363 bytes)
2025-09-20 19:32:28,007 - debates_scraper - INFO - Erfolgreich heruntergeladen: debates2017-10-10d.xml (673377 bytes)
2025-09-20 19:32:28,121 - debates_scraper - INFO - Erfolgreich heruntergeladen: debates2017-10-11a.xml (215428 bytes)
2025-09-20 19:32:28,763 - debates_scraper - INFO - Erfolgreich heruntergeladen: debates2017-10-11b.xml (322980 bytes)
2025-09-20 19:32:28,896 - debates_scraper - INFO - Erfolgreich heruntergeladen: debates2017-10-11c.xml (60925 bytes)
2025-09-20 19:32:29,092 - debates_scraper - INFO - Erfolgreich heruntergeladen: debates2017-10-11d.xml (623549 bytes)
2025-09-20 19:32:29,165 - debates_scraper - INFO - Erfolgreich heruntergeladen: debates2017-10-12a.xml (93555 bytes)
2025-09-20 19:32:29,845 - debates_scraper - INFO - Erfolgreich heruntergeladen: debates2017-10-12b.xml (541295 bytes)
2025-09-20 19:32:29,945 - debates_scraper - INFO - Erfolgreich heruntergeladen: debates2017-10-16a.xml (558398 bytes)
2025-09-20 19:32:30,140 - debates_scraper - INFO - Erfolgreich heruntergeladen: debates2017-10-17a.xml (69779 bytes)
2025-09-20 19:32:30,226 - debates_scraper - INFO - Erfolgreich heruntergeladen: debates2017-10-17b.xml (493100 bytes)
2025-09-20 19:32:30,930 - debates_scraper - INFO - Erfolgreich heruntergeladen: debates2017-10-18a.xml (603147 bytes)
2025-09-20 19:32:30,988 - debates_scraper - INFO - Erfolgreich heruntergeladen: debates2017-10-19a.xml (70329 bytes)
2025-09-20 19:32:31,204 - debates_scraper - INFO - Erfolgreich heruntergeladen: debates2017-10-19b.xml (70381 bytes)
2025-09-20 19:32:31,294 - debates_scraper - INFO - Erfolgreich heruntergeladen: debates2017-10-19c.xml (527263 bytes)
2025-09-20 19:32:32,012 - debates_scraper - INFO - Erfolgreich heruntergeladen: debates2017-10-20a.xml (336383 bytes)
2025-09-20 19:32:32,161 - debates_scraper - INFO - Erfolgreich heruntergeladen: debates2017-10-23a.xml (572944 bytes)
2025-09-20 19:32:32,285 - debates_scraper - INFO - Erfolgreich heruntergeladen: debates2017-10-24a.xml (611148 bytes)
2025-09-20 19:32:32,344 - debates_scraper - INFO - Erfolgreich heruntergeladen: debates2017-10-25a.xml (65276 bytes)
2025-09-20 19:32:33,120 - debates_scraper - INFO - Erfolgreich heruntergeladen: debates2017-10-25b.xml (521030 bytes)
2025-09-20 19:32:33,210 - debates_scraper - INFO - Erfolgreich heruntergeladen: debates2017-10-26a.xml (92802 bytes)
2025-09-20 19:32:33,339 - debates_scraper - INFO - Erfolgreich heruntergeladen: debates2017-10-26b.xml (554891 bytes)
2025-09-20 19:32:33,406 - debates_scraper - INFO - Erfolgreich heruntergeladen: debates2017-10-30a.xml (502400 bytes)
2025-09-20 19:32:34,231 - debates_scraper - INFO - Erfolgreich heruntergeladen: debates2017-10-31a.xml (654860 bytes)
2025-09-20 19:32:34,333 - debates_scraper - INFO - Erfolgreich heruntergeladen: debates2017-11-01a.xml (104094 bytes)
2025-09-20 19:32:34,386 - debates_scraper - INFO - Erfolgreich heruntergeladen: debates2017-11-01b.xml (105613 bytes)
2025-09-20 19:32:34,513 - debates_scraper - INFO - Erfolgreich heruntergeladen: debates2017-11-01c.xml (601998 bytes)
2025-09-20 19:32:35,304 - debates_scraper - INFO - Erfolgreich heruntergeladen: debates2017-11-02a.xml (86992 bytes)
2025-09-20 19:32:35,379 - debates_scraper - INFO - Erfolgreich heruntergeladen: debates2017-11-02b.xml (82010 bytes)
2025-09-20 19:32:35,454 - debates_scraper - INFO - Erfolgreich heruntergeladen: debates2017-11-02c.xml (559319 bytes)
2025-09-20 19:32:35,562 - debates_scraper - INFO - Erfolgreich heruntergeladen: debates2017-11-03a.xml (346355 bytes)
2025-09-20 19:32:36,429 - debates_scraper - INFO - Erfolgreich heruntergeladen: debates2017-11-06a.xml (561378 bytes)
2025-09-20 19:32:36,485 - debates_scraper - INFO - Erfolgreich heruntergeladen: debates2017-11-07a.xml (78838 bytes)
2025-09-20 19:32:36,498 - debates_scraper - INFO - Erfolgreich heruntergeladen: debates2017-11-07b.xml (78370 bytes)
2025-09-20 19:32:36,633 - debates_scraper - INFO - Erfolgreich heruntergeladen: debates2017-11-07c.xml (532635 bytes)
2025-09-20 19:32:37,502 - debates_scraper - INFO - Erfolgreich heruntergeladen: debates2017-11-13a.xml (90614 bytes)
2025-09-20 19:32:37,561 - debates_scraper - INFO - Erfolgreich heruntergeladen: debates2017-11-14a.xml (191943 bytes)
2025-09-20 19:32:37,658 - debates_scraper - INFO - Erfolgreich heruntergeladen: debates2017-11-13b.xml (515715 bytes)
2025-09-20 19:32:37,730 - debates_scraper - INFO - Erfolgreich heruntergeladen: debates2017-11-14b.xml (1057267 bytes)
2025-09-20 19:32:38,576 - debates_scraper - INFO - Erfolgreich heruntergeladen: debates2017-11-15a.xml (103973 bytes)
2025-09-20 19:32:38,671 - debates_scraper - INFO - Erfolgreich heruntergeladen: debates2017-11-15b.xml (102737 bytes)
2025-09-20 19:32:38,779 - debates_scraper - INFO - Erfolgreich heruntergeladen: debates2017-11-15c.xml (999770 bytes)
2025-09-20 19:32:38,827 - debates_scraper - INFO - Erfolgreich heruntergeladen: debates2017-11-16a.xml (592100 bytes)
2025-09-20 19:32:39,666 - debates_scraper - INFO - Erfolgreich heruntergeladen: debates2017-11-20a.xml (93855 bytes)
2025-09-20 19:32:39,748 - debates_scraper - INFO - Erfolgreich heruntergeladen: debates2017-11-20b.xml (545612 bytes)
2025-09-20 19:32:39,820 - debates_scraper - INFO - Erfolgreich heruntergeladen: debates2017-11-21a.xml (95896 bytes)
2025-09-20 19:32:39,879 - debates_scraper - INFO - Erfolgreich heruntergeladen: debates2017-11-21b.xml (97934 bytes)
2025-09-20 19:32:40,797 - debates_scraper - INFO - Erfolgreich heruntergeladen: debates2017-11-21c.xml (961248 bytes)
2025-09-20 19:32:40,863 - debates_scraper - INFO - Erfolgreich heruntergeladen: debates2017-11-23a.xml (76323 bytes)
2025-09-20 19:32:40,922 - debates_scraper - INFO - Erfolgreich heruntergeladen: debates2017-11-22a.xml (500504 bytes)
2025-09-20 19:32:40,923 - debates_scraper - INFO - Erfolgreich heruntergeladen: debates2017-11-23b.xml (76677 bytes)
2025-09-20 19:32:41,921 - debates_scraper - INFO - Erfolgreich heruntergeladen: debates2017-11-23c.xml (535438 bytes)
2025-09-20 19:32:41,958 - debates_scraper - INFO - Erfolgreich heruntergeladen: debates2017-11-27a.xml (75578 bytes)
2025-09-20 19:32:41,987 - debates_scraper - INFO - Erfolgreich heruntergeladen: debates2017-11-27b.xml (537837 bytes)
2025-09-20 19:32:42,023 - debates_scraper - INFO - Erfolgreich heruntergeladen: debates2017-11-28a.xml (96018 bytes)
2025-09-20 19:32:43,025 - debates_scraper - INFO - Erfolgreich heruntergeladen: debates2017-11-29a.xml (94977 bytes)
2025-09-20 19:32:43,079 - debates_scraper - INFO - Erfolgreich heruntergeladen: debates2017-11-29b.xml (95608 bytes)
2025-09-20 19:32:43,109 - debates_scraper - INFO - Erfolgreich heruntergeladen: debates2017-11-28b.xml (693656 bytes)
2025-09-20 19:32:43,117 - debates_scraper - INFO - Erfolgreich heruntergeladen: debates2017-11-29c.xml (588464 bytes)
2025-09-20 19:32:44,152 - debates_scraper - INFO - Erfolgreich heruntergeladen: debates2017-11-30a.xml (551330 bytes)
2025-09-20 19:32:44,199 - debates_scraper - INFO - Erfolgreich heruntergeladen: debates2017-12-01a.xml (349142 bytes)
2025-09-20 19:32:44,227 - debates_scraper - INFO - Erfolgreich heruntergeladen: debates2017-12-04a.xml (129867 bytes)
2025-09-20 19:32:44,361 - debates_scraper - INFO - Erfolgreich heruntergeladen: debates2017-12-04b.xml (989352 bytes)
2025-09-20 19:32:45,261 - debates_scraper - INFO - Erfolgreich heruntergeladen: debates2017-12-05a.xml (102764 bytes)
2025-09-20 19:32:45,319 - debates_scraper - INFO - Erfolgreich heruntergeladen: debates2017-12-05b.xml (102790 bytes)
2025-09-20 19:32:45,374 - debates_scraper - INFO - Erfolgreich heruntergeladen: debates2017-12-05c.xml (589010 bytes)
2025-09-20 19:32:45,417 - debates_scraper - INFO - Erfolgreich heruntergeladen: debates2017-12-06a.xml (88249 bytes)
2025-09-20 19:32:46,379 - debates_scraper - INFO - Erfolgreich heruntergeladen: debates2017-12-07a.xml (83730 bytes)
2025-09-20 19:32:46,437 - debates_scraper - INFO - Erfolgreich heruntergeladen: debates2017-12-06b.xml (843971 bytes)
2025-09-20 19:32:46,461 - debates_scraper - INFO - Erfolgreich heruntergeladen: debates2017-12-11a.xml (100181 bytes)
2025-09-20 19:32:46,553 - debates_scraper - INFO - Erfolgreich heruntergeladen: debates2017-12-07b.xml (583427 bytes)
2025-09-20 19:32:47,497 - debates_scraper - INFO - Erfolgreich heruntergeladen: debates2017-12-11b.xml (100525 bytes)
2025-09-20 19:32:47,553 - debates_scraper - INFO - Erfolgreich heruntergeladen: debates2017-12-12a.xml (93670 bytes)
2025-09-20 19:32:47,631 - debates_scraper - INFO - Erfolgreich heruntergeladen: debates2017-12-11c.xml (692649 bytes)
2025-09-20 19:32:47,710 - debates_scraper - INFO - Erfolgreich heruntergeladen: debates2017-12-12b.xml (1070090 bytes)
2025-09-20 19:32:48,567 - debates_scraper - INFO - Erfolgreich heruntergeladen: debates2017-12-13a.xml (104775 bytes)
2025-09-20 19:32:48,723 - debates_scraper - INFO - Erfolgreich heruntergeladen: debates2017-12-13b.xml (1067989 bytes)
2025-09-20 19:32:48,724 - debates_scraper - INFO - Erfolgreich heruntergeladen: debates2017-12-14a.xml (565520 bytes)
2025-09-20 19:32:48,829 - debates_scraper - INFO - Erfolgreich heruntergeladen: debates2017-12-18a.xml (120528 bytes)
2025-09-20 19:32:49,787 - debates_scraper - INFO - Erfolgreich heruntergeladen: debates2017-12-18b.xml (790335 bytes)
2025-09-20 19:32:49,828 - debates_scraper - INFO - Erfolgreich heruntergeladen: debates2017-12-19a.xml (94225 bytes)
2025-09-20 19:32:49,848 - debates_scraper - INFO - Erfolgreich heruntergeladen: debates2017-12-19b.xml (675687 bytes)
2025-09-20 19:32:49,892 - debates_scraper - INFO - Erfolgreich heruntergeladen: debates2017-12-20a.xml (146968 bytes)
2025-09-20 19:32:50,887 - debates_scraper - INFO - Erfolgreich heruntergeladen: debates2017-12-20b.xml (115619 bytes)
2025-09-20 19:32:50,934 - debates_scraper - INFO - Erfolgreich heruntergeladen: debates2018-01-08a.xml (86364 bytes)
2025-09-20 19:32:50,995 - debates_scraper - INFO - Erfolgreich heruntergeladen: debates2017-12-20c.xml (1160622 bytes)
2025-09-20 19:32:51,028 - debates_scraper - INFO - Erfolgreich heruntergeladen: debates2017-12-21a.xml (566712 bytes)
2025-09-20 19:32:51,954 - debates_scraper - INFO - Erfolgreich heruntergeladen: debates2018-01-08b.xml (86240 bytes)
2025-09-20 19:32:52,061 - debates_scraper - INFO - Erfolgreich heruntergeladen: debates2018-01-08c.xml (682344 bytes)
2025-09-20 19:32:52,120 - debates_scraper - INFO - Erfolgreich heruntergeladen: debates2018-01-10a.xml (84062 bytes)
2025-09-20 19:32:52,149 - debates_scraper - INFO - Erfolgreich heruntergeladen: debates2018-01-09a.xml (682733 bytes)
2025-09-20 19:32:53,125 - debates_scraper - INFO - Erfolgreich heruntergeladen: debates2018-01-10b.xml (574816 bytes)
2025-09-20 19:32:53,160 - debates_scraper - INFO - Erfolgreich heruntergeladen: debates2018-01-15a.xml (75697 bytes)
2025-09-20 19:32:53,237 - debates_scraper - INFO - Erfolgreich heruntergeladen: debates2018-01-11a.xml (557893 bytes)
2025-09-20 19:32:53,270 - debates_scraper - INFO - Erfolgreich heruntergeladen: debates2018-01-15b.xml (469653 bytes)
2025-09-20 19:32:54,197 - debates_scraper - INFO - Erfolgreich heruntergeladen: debates2018-01-16a.xml (134858 bytes)
2025-09-20 19:32:54,336 - debates_scraper - INFO - Erfolgreich heruntergeladen: debates2018-01-16b.xml (825046 bytes)
2025-09-20 19:32:54,363 - debates_scraper - INFO - Erfolgreich heruntergeladen: debates2018-01-17a.xml (1050842 bytes)
2025-09-20 19:32:54,463 - debates_scraper - INFO - Erfolgreich heruntergeladen: debates2018-01-18a.xml (551617 bytes)
2025-09-20 19:32:55,322 - debates_scraper - INFO - Erfolgreich heruntergeladen: debates2018-01-19a.xml (347650 bytes)
2025-09-20 19:32:55,460 - debates_scraper - INFO - Erfolgreich heruntergeladen: debates2018-01-22a.xml (438905 bytes)
2025-09-20 19:32:55,487 - debates_scraper - INFO - Erfolgreich heruntergeladen: debates2018-01-23a.xml (597724 bytes)
2025-09-20 19:32:55,544 - debates_scraper - INFO - Erfolgreich heruntergeladen: debates2018-01-24a.xml (548362 bytes)
2025-09-20 19:32:56,414 - debates_scraper - INFO - Erfolgreich heruntergeladen: debates2018-01-25a.xml (210810 bytes)
2025-09-20 19:32:56,554 - debates_scraper - INFO - Erfolgreich heruntergeladen: debates2018-01-29a.xml (86926 bytes)
2025-09-20 19:32:56,562 - debates_scraper - INFO - Erfolgreich heruntergeladen: debates2018-01-25b.xml (556730 bytes)
2025-09-20 19:32:56,641 - debates_scraper - INFO - Erfolgreich heruntergeladen: debates2018-01-29b.xml (86197 bytes)
2025-09-20 19:32:57,600 - debates_scraper - INFO - Erfolgreich heruntergeladen: debates2018-01-29c.xml (525418 bytes)
2025-09-20 19:32:57,656 - debates_scraper - INFO - Erfolgreich heruntergeladen: debates2018-01-31a.xml (88159 bytes)
2025-09-20 19:32:57,717 - debates_scraper - INFO - Erfolgreich heruntergeladen: debates2018-01-31b.xml (737797 bytes)
2025-09-20 19:32:57,731 - debates_scraper - INFO - Erfolgreich heruntergeladen: debates2018-01-30a.xml (608483 bytes)
2025-09-20 19:32:58,703 - debates_scraper - INFO - Erfolgreich heruntergeladen: debates2018-02-01a.xml (79249 bytes)
2025-09-20 19:32:58,724 - debates_scraper - INFO - Erfolgreich heruntergeladen: debates2018-02-01b.xml (78814 bytes)
2025-09-20 19:32:58,776 - debates_scraper - INFO - Erfolgreich heruntergeladen: debates2018-02-02a.xml (38103 bytes)
2025-09-20 19:32:58,831 - debates_scraper - INFO - Erfolgreich heruntergeladen: debates2018-02-01c.xml (559707 bytes)
2025-09-20 19:32:59,847 - debates_scraper - INFO - Erfolgreich heruntergeladen: debates2018-02-05a.xml (100027 bytes)
2025-09-20 19:32:59,866 - debates_scraper - INFO - Erfolgreich heruntergeladen: debates2018-02-02b.xml (347465 bytes)
2025-09-20 19:32:59,897 - debates_scraper - INFO - Erfolgreich heruntergeladen: debates2018-02-05b.xml (100392 bytes)
2025-09-20 19:33:00,029 - debates_scraper - INFO - Erfolgreich heruntergeladen: debates2018-02-05c.xml (583932 bytes)
2025-09-20 19:33:00,942 - debates_scraper - INFO - Erfolgreich heruntergeladen: debates2018-02-06a.xml (84339 bytes)
2025-09-20 19:33:00,991 - debates_scraper - INFO - Erfolgreich heruntergeladen: debates2018-02-06b.xml (143455 bytes)
2025-09-20 19:33:01,080 - debates_scraper - INFO - Erfolgreich heruntergeladen: debates2018-02-06c.xml (606317 bytes)
2025-09-20 19:33:01,197 - debates_scraper - INFO - Erfolgreich heruntergeladen: debates2018-02-07a.xml (643620 bytes)
2025-09-20 19:33:01,996 - debates_scraper - INFO - Erfolgreich heruntergeladen: debates2018-02-08a.xml (80056 bytes)
2025-09-20 19:33:02,062 - debates_scraper - INFO - Erfolgreich heruntergeladen: debates2018-02-08b.xml (241474 bytes)
2025-09-20 19:33:02,154 - debates_scraper - INFO - Erfolgreich heruntergeladen: debates2018-02-08c.xml (545080 bytes)
2025-09-20 19:33:02,255 - debates_scraper - INFO - Erfolgreich heruntergeladen: debates2018-02-20a.xml (94461 bytes)
2025-09-20 19:33:03,104 - debates_scraper - INFO - Erfolgreich heruntergeladen: debates2018-02-20b.xml (554640 bytes)
2025-09-20 19:33:03,249 - debates_scraper - INFO - Erfolgreich heruntergeladen: debates2018-02-22a.xml (546783 bytes)
2025-09-20 19:33:03,304 - debates_scraper - INFO - Erfolgreich heruntergeladen: debates2018-02-21a.xml (907581 bytes)
2025-09-20 19:33:03,324 - debates_scraper - INFO - Erfolgreich heruntergeladen: debates2018-02-23a.xml (324939 bytes)
2025-09-20 19:33:04,174 - debates_scraper - INFO - Erfolgreich heruntergeladen: debates2018-02-26a.xml (80631 bytes)
2025-09-20 19:33:04,299 - debates_scraper - INFO - Erfolgreich heruntergeladen: debates2018-02-26b.xml (81421 bytes)
2025-09-20 19:33:04,399 - debates_scraper - INFO - Erfolgreich heruntergeladen: debates2018-02-26c.xml (535365 bytes)
2025-09-20 19:33:04,428 - debates_scraper - INFO - Erfolgreich heruntergeladen: debates2018-02-27a.xml (90215 bytes)
2025-09-20 19:33:05,270 - debates_scraper - INFO - Erfolgreich heruntergeladen: debates2018-02-27b.xml (80050 bytes)
2025-09-20 19:33:05,430 - debates_scraper - INFO - Erfolgreich heruntergeladen: debates2018-02-27c.xml (580497 bytes)
2025-09-20 19:33:05,496 - debates_scraper - INFO - Erfolgreich heruntergeladen: debates2018-02-28a.xml (80915 bytes)
2025-09-20 19:33:05,514 - debates_scraper - INFO - Erfolgreich heruntergeladen: debates2018-02-28b.xml (538511 bytes)
2025-09-20 19:33:06,367 - debates_scraper - INFO - Erfolgreich heruntergeladen: debates2018-03-01a.xml (212595 bytes)
2025-09-20 19:33:06,503 - debates_scraper - INFO - Erfolgreich heruntergeladen: debates2018-03-01b.xml (446101 bytes)
2025-09-20 19:33:06,571 - debates_scraper - INFO - Erfolgreich heruntergeladen: debates2018-03-05a.xml (97064 bytes)
2025-09-20 19:33:06,686 - debates_scraper - INFO - Erfolgreich heruntergeladen: debates2018-03-05b.xml (578378 bytes)
2025-09-20 19:33:07,433 - debates_scraper - INFO - Erfolgreich heruntergeladen: debates2018-03-06a.xml (83467 bytes)
2025-09-20 19:33:07,617 - debates_scraper - INFO - Erfolgreich heruntergeladen: debates2018-03-06b.xml (566983 bytes)
2025-09-20 19:33:07,670 - debates_scraper - INFO - Erfolgreich heruntergeladen: debates2018-03-07a.xml (89213 bytes)
2025-09-20 19:33:07,765 - debates_scraper - INFO - Erfolgreich heruntergeladen: debates2018-03-07b.xml (90252 bytes)
2025-09-20 19:33:08,710 - debates_scraper - INFO - Erfolgreich heruntergeladen: debates2018-03-07c.xml (673481 bytes)
2025-09-20 19:33:08,744 - debates_scraper - INFO - Erfolgreich heruntergeladen: debates2018-03-08a.xml (76538 bytes)
2025-09-20 19:33:08,826 - debates_scraper - INFO - Erfolgreich heruntergeladen: debates2018-03-12a.xml (98021 bytes)
2025-09-20 19:33:08,841 - debates_scraper - INFO - Erfolgreich heruntergeladen: debates2018-03-08b.xml (498890 bytes)
2025-09-20 19:33:09,904 - debates_scraper - INFO - Erfolgreich heruntergeladen: debates2018-03-12b.xml (101641 bytes)
2025-09-20 19:33:09,914 - debates_scraper - INFO - Erfolgreich heruntergeladen: debates2018-03-13a.xml (81975 bytes)
2025-09-20 19:33:09,929 - debates_scraper - INFO - Erfolgreich heruntergeladen: debates2018-03-12c.xml (507119 bytes)
2025-09-20 19:33:09,939 - debates_scraper - INFO - Erfolgreich heruntergeladen: debates2018-03-13b.xml (82074 bytes)
2025-09-20 19:33:11,021 - debates_scraper - INFO - Erfolgreich heruntergeladen: debates2018-03-15a.xml (79318 bytes)
2025-09-20 19:33:11,078 - debates_scraper - INFO - Erfolgreich heruntergeladen: debates2018-03-13c.xml (699860 bytes)
2025-09-20 19:33:11,099 - debates_scraper - INFO - Erfolgreich heruntergeladen: debates2018-03-14a.xml (573824 bytes)
2025-09-20 19:33:11,109 - debates_scraper - INFO - Erfolgreich heruntergeladen: debates2018-03-15b.xml (541463 bytes)
2025-09-20 19:33:12,153 - debates_scraper - INFO - Erfolgreich heruntergeladen: debates2018-03-16a.xml (376407 bytes)
2025-09-20 19:33:12,196 - debates_scraper - INFO - Erfolgreich heruntergeladen: debates2018-03-19a.xml (104368 bytes)
2025-09-20 19:33:12,212 - debates_scraper - INFO - Erfolgreich heruntergeladen: debates2018-03-20a.xml (78296 bytes)
2025-09-20 19:33:12,246 - debates_scraper - INFO - Erfolgreich heruntergeladen: debates2018-03-19b.xml (553798 bytes)
2025-09-20 19:33:13,299 - debates_scraper - INFO - Erfolgreich heruntergeladen: debates2018-03-20b.xml (478216 bytes)
2025-09-20 19:33:13,371 - debates_scraper - INFO - Erfolgreich heruntergeladen: debates2018-03-21a.xml (446990 bytes)
2025-09-20 19:33:13,388 - debates_scraper - INFO - Erfolgreich heruntergeladen: debates2018-03-22a.xml (468378 bytes)
2025-09-20 19:33:13,392 - debates_scraper - INFO - Erfolgreich heruntergeladen: debates2018-03-26a.xml (552726 bytes)
2025-09-20 19:33:14,363 - debates_scraper - INFO - Erfolgreich heruntergeladen: debates2018-03-27a.xml (77308 bytes)
2025-09-20 19:33:14,412 - debates_scraper - INFO - Erfolgreich heruntergeladen: debates2018-03-27b.xml (75762 bytes)
2025-09-20 19:33:14,484 - debates_scraper - INFO - Erfolgreich heruntergeladen: debates2018-03-28a.xml (103219 bytes)
2025-09-20 19:33:14,561 - debates_scraper - INFO - Erfolgreich heruntergeladen: debates2018-03-27c.xml (445212 bytes)
2025-09-20 19:33:15,458 - debates_scraper - INFO - Erfolgreich heruntergeladen: debates2018-03-28b.xml (107129 bytes)
2025-09-20 19:33:16,968 - debates_scraper - INFO - Erfolgreich heruntergeladen: debates2018-03-29a.xml (87141 bytes)
2025-09-20 19:33:16,989 - debates_scraper - INFO - Erfolgreich heruntergeladen: debates2018-04-16a.xml (113104 bytes)
2025-09-20 19:33:17,050 - debates_scraper - INFO - Erfolgreich heruntergeladen: debates2018-03-29b.xml (575121 bytes)
2025-09-20 19:33:17,052 - debates_scraper - INFO - Erfolgreich heruntergeladen: debates2018-03-28c.xml (713004 bytes)
2025-09-20 19:33:18,055 - debates_scraper - INFO - Erfolgreich heruntergeladen: debates2018-04-17a.xml (93579 bytes)
2025-09-20 19:33:18,121 - debates_scraper - INFO - Erfolgreich heruntergeladen: debates2018-04-16b.xml (679043 bytes)
2025-09-20 19:33:18,146 - debates_scraper - INFO - Erfolgreich heruntergeladen: debates2018-04-18a.xml (73687 bytes)
2025-09-20 19:33:18,146 - debates_scraper - INFO - Erfolgreich heruntergeladen: debates2018-04-17b.xml (591376 bytes)
2025-09-20 19:33:19,142 - debates_scraper - INFO - Erfolgreich heruntergeladen: debates2018-04-18b.xml (72103 bytes)
2025-09-20 19:33:19,211 - debates_scraper - INFO - Erfolgreich heruntergeladen: debates2018-04-23a.xml (92281 bytes)
2025-09-20 19:33:19,247 - debates_scraper - INFO - Erfolgreich heruntergeladen: debates2018-04-19a.xml (547919 bytes)
2025-09-20 19:33:19,303 - debates_scraper - INFO - Erfolgreich heruntergeladen: debates2018-04-18c.xml (533778 bytes)
2025-09-20 19:33:20,267 - debates_scraper - INFO - Erfolgreich heruntergeladen: debates2018-04-23b.xml (568255 bytes)
2025-09-20 19:33:20,305 - debates_scraper - INFO - Erfolgreich heruntergeladen: debates2018-04-24a.xml (80150 bytes)
2025-09-20 19:33:20,341 - debates_scraper - INFO - Erfolgreich heruntergeladen: debates2018-04-24b.xml (79792 bytes)
2025-09-20 19:33:20,346 - debates_scraper - INFO - Erfolgreich heruntergeladen: debates2018-04-24c.xml (79696 bytes)
2025-09-20 19:33:21,404 - debates_scraper - INFO - Erfolgreich heruntergeladen: debates2018-04-25a.xml (86505 bytes)
2025-09-20 19:33:21,447 - debates_scraper - INFO - Erfolgreich heruntergeladen: debates2018-04-24d.xml (646046 bytes)
2025-09-20 19:33:21,469 - debates_scraper - INFO - Erfolgreich heruntergeladen: debates2018-04-26a.xml (100538 bytes)
2025-09-20 19:33:21,478 - debates_scraper - INFO - Erfolgreich heruntergeladen: debates2018-04-25b.xml (541693 bytes)
2025-09-20 19:33:22,542 - debates_scraper - INFO - Erfolgreich heruntergeladen: debates2018-04-27a.xml (44057 bytes)
2025-09-20 19:33:22,561 - debates_scraper - INFO - Erfolgreich heruntergeladen: debates2018-04-26b.xml (599570 bytes)
2025-09-20 19:33:22,571 - debates_scraper - INFO - Erfolgreich heruntergeladen: debates2018-04-30a.xml (88227 bytes)
2025-09-20 19:33:22,608 - debates_scraper - INFO - Erfolgreich heruntergeladen: debates2018-04-27b.xml (357456 bytes)
2025-09-20 19:33:23,678 - debates_scraper - INFO - Erfolgreich heruntergeladen: debates2018-05-01a.xml (104644 bytes)
2025-09-20 19:33:23,708 - debates_scraper - INFO - Erfolgreich heruntergeladen: debates2018-04-30b.xml (548984 bytes)
2025-09-20 19:33:23,740 - debates_scraper - INFO - Erfolgreich heruntergeladen: debates2018-05-01b.xml (798802 bytes)
2025-09-20 19:33:23,803 - debates_scraper - INFO - Erfolgreich heruntergeladen: debates2018-05-02a.xml (653074 bytes)
2025-09-20 19:33:24,804 - debates_scraper - INFO - Erfolgreich heruntergeladen: debates2018-05-08a.xml (86869 bytes)
2025-09-20 19:33:24,834 - debates_scraper - INFO - Erfolgreich heruntergeladen: debates2018-05-03a.xml (315357 bytes)
2025-09-20 19:33:24,913 - debates_scraper - INFO - Erfolgreich heruntergeladen: debates2018-05-08b.xml (666150 bytes)
2025-09-20 19:33:24,926 - debates_scraper - INFO - Erfolgreich heruntergeladen: debates2018-05-09a.xml (1048144 bytes)
2025-09-20 19:33:25,957 - debates_scraper - INFO - Erfolgreich heruntergeladen: debates2018-05-10a.xml (584956 bytes)
2025-09-20 19:33:25,989 - debates_scraper - INFO - Erfolgreich heruntergeladen: debates2018-05-11a.xml (352502 bytes)
2025-09-20 19:33:26,007 - debates_scraper - INFO - Erfolgreich heruntergeladen: debates2018-05-14a.xml (73570 bytes)
2025-09-20 19:33:26,020 - debates_scraper - INFO - Erfolgreich heruntergeladen: debates2018-05-14b.xml (73053 bytes)
2025-09-20 19:33:27,086 - debates_scraper - INFO - Erfolgreich heruntergeladen: debates2018-05-15a.xml (94474 bytes)
2025-09-20 19:33:27,103 - debates_scraper - INFO - Erfolgreich heruntergeladen: debates2018-05-15b.xml (116578 bytes)
2025-09-20 19:33:27,113 - debates_scraper - INFO - Erfolgreich heruntergeladen: debates2018-05-14c.xml (430601 bytes)
2025-09-20 19:33:27,288 - debates_scraper - INFO - Erfolgreich heruntergeladen: debates2018-05-15c.xml (614701 bytes)
2025-09-20 19:33:28,155 - debates_scraper - INFO - Erfolgreich heruntergeladen: debates2018-05-16a.xml (81070 bytes)
2025-09-20 19:33:28,247 - debates_scraper - INFO - Erfolgreich heruntergeladen: debates2018-05-16b.xml (608287 bytes)
2025-09-20 19:33:28,290 - debates_scraper - INFO - Erfolgreich heruntergeladen: debates2018-05-17a.xml (542547 bytes)
2025-09-20 19:33:28,370 - debates_scraper - INFO - Erfolgreich heruntergeladen: debates2018-05-21a.xml (587004 bytes)
2025-09-20 19:33:29,230 - debates_scraper - INFO - Erfolgreich heruntergeladen: debates2018-05-22a.xml (73039 bytes)
2025-09-20 19:33:29,382 - debates_scraper - INFO - Erfolgreich heruntergeladen: debates2018-05-23a.xml (85859 bytes)
2025-09-20 19:33:29,404 - debates_scraper - INFO - Erfolgreich heruntergeladen: debates2018-05-22b.xml (515847 bytes)
2025-09-20 19:33:29,470 - debates_scraper - INFO - Erfolgreich heruntergeladen: debates2018-05-23b.xml (91145 bytes)
2025-09-20 19:33:30,422 - debates_scraper - INFO - Erfolgreich heruntergeladen: debates2018-05-23c.xml (768603 bytes)
2025-09-20 19:33:30,524 - debates_scraper - INFO - Erfolgreich heruntergeladen: debates2018-06-04a.xml (95550 bytes)
2025-09-20 19:33:30,524 - debates_scraper - INFO - Erfolgreich heruntergeladen: debates2018-05-24a.xml (456456 bytes)
2025-09-20 19:33:30,539 - debates_scraper - INFO - Erfolgreich heruntergeladen: debates2018-06-04b.xml (580110 bytes)
2025-09-20 19:33:31,510 - debates_scraper - INFO - Erfolgreich heruntergeladen: debates2018-06-05a.xml (95096 bytes)
2025-09-20 19:33:31,624 - debates_scraper - INFO - Erfolgreich heruntergeladen: debates2018-06-05b.xml (573762 bytes)
2025-09-20 19:33:31,624 - debates_scraper - INFO - Erfolgreich heruntergeladen: debates2018-06-06a.xml (66019 bytes)
2025-09-20 19:33:31,720 - debates_scraper - INFO - Erfolgreich heruntergeladen: debates2018-06-06b.xml (524465 bytes)
2025-09-20 19:33:32,590 - debates_scraper - INFO - Erfolgreich heruntergeladen: debates2018-06-07a.xml (80364 bytes)
2025-09-20 19:33:32,670 - debates_scraper - INFO - Erfolgreich heruntergeladen: debates2018-06-07b.xml (79933 bytes)
2025-09-20 19:33:32,764 - debates_scraper - INFO - Erfolgreich heruntergeladen: debates2018-06-07c.xml (573603 bytes)
2025-09-20 19:33:32,818 - debates_scraper - INFO - Erfolgreich heruntergeladen: debates2018-06-11a.xml (517570 bytes)
2025-09-20 19:33:33,680 - debates_scraper - INFO - Erfolgreich heruntergeladen: debates2018-06-12a.xml (107440 bytes)
2025-09-20 19:33:33,828 - debates_scraper - INFO - Erfolgreich heruntergeladen: debates2018-06-13a.xml (95579 bytes)
2025-09-20 19:33:33,846 - debates_scraper - INFO - Erfolgreich heruntergeladen: debates2018-06-12b.xml (1200419 bytes)
2025-09-20 19:33:33,936 - debates_scraper - INFO - Erfolgreich heruntergeladen: debates2018-06-13b.xml (101835 bytes)
2025-09-20 19:33:34,889 - debates_scraper - INFO - Erfolgreich heruntergeladen: debates2018-06-14a.xml (104700 bytes)
2025-09-20 19:33:34,900 - debates_scraper - INFO - Erfolgreich heruntergeladen: debates2018-06-13c.xml (1033949 bytes)
2025-09-20 19:33:34,946 - debates_scraper - INFO - Erfolgreich heruntergeladen: debates2018-06-14b.xml (88659 bytes)
2025-09-20 19:33:35,008 - debates_scraper - INFO - Erfolgreich heruntergeladen: debates2018-06-14c.xml (552410 bytes)
2025-09-20 19:33:36,007 - debates_scraper - INFO - Erfolgreich heruntergeladen: debates2018-06-18a.xml (94233 bytes)
2025-09-20 19:33:36,037 - debates_scraper - INFO - Erfolgreich heruntergeladen: debates2018-06-15a.xml (342272 bytes)
2025-09-20 19:33:36,049 - debates_scraper - INFO - Erfolgreich heruntergeladen: debates2018-06-19a.xml (96371 bytes)
2025-09-20 19:33:36,145 - debates_scraper - INFO - Erfolgreich heruntergeladen: debates2018-06-18b.xml (634969 bytes)
2025-09-20 19:33:37,154 - debates_scraper - INFO - Erfolgreich heruntergeladen: debates2018-06-21a.xml (96801 bytes)
2025-09-20 19:33:37,163 - debates_scraper - INFO - Erfolgreich heruntergeladen: debates2018-06-19b.xml (674385 bytes)
2025-09-20 19:33:37,208 - debates_scraper - INFO - Erfolgreich heruntergeladen: debates2018-06-20a.xml (566585 bytes)
2025-09-20 19:33:37,210 - debates_scraper - INFO - Erfolgreich heruntergeladen: debates2018-06-21b.xml (90593 bytes)
2025-09-20 19:33:38,263 - debates_scraper - INFO - Erfolgreich heruntergeladen: debates2018-06-25a.xml (106441 bytes)
2025-09-20 19:33:38,292 - debates_scraper - INFO - Erfolgreich heruntergeladen: debates2018-06-25b.xml (107875 bytes)
2025-09-20 19:33:38,328 - debates_scraper - INFO - Erfolgreich heruntergeladen: debates2018-06-25c.xml (105394 bytes)
2025-09-20 19:33:38,342 - debates_scraper - INFO - Erfolgreich heruntergeladen: debates2018-06-21c.xml (564012 bytes)
2025-09-20 19:33:39,407 - debates_scraper - INFO - Erfolgreich heruntergeladen: debates2018-06-26a.xml (85006 bytes)
2025-09-20 19:33:39,444 - debates_scraper - INFO - Erfolgreich heruntergeladen: debates2018-06-25d.xml (643229 bytes)
2025-09-20 19:33:39,499 - debates_scraper - INFO - Erfolgreich heruntergeladen: debates2018-06-26b.xml (648106 bytes)
2025-09-20 19:33:39,512 - debates_scraper - INFO - Erfolgreich heruntergeladen: debates2018-06-27a.xml (587122 bytes)
2025-09-20 19:33:40,501 - debates_scraper - INFO - Erfolgreich heruntergeladen: debates2018-06-28a.xml (83237 bytes)
2025-09-20 19:33:40,510 - debates_scraper - INFO - Erfolgreich heruntergeladen: debates2018-06-28b.xml (76592 bytes)
2025-09-20 19:33:40,562 - debates_scraper - INFO - Erfolgreich heruntergeladen: debates2018-06-28c.xml (251576 bytes)
2025-09-20 19:33:40,611 - debates_scraper - INFO - Erfolgreich heruntergeladen: debates2018-06-28d.xml (543491 bytes)
2025-09-20 19:33:41,594 - debates_scraper - INFO - Erfolgreich heruntergeladen: debates2018-07-02a.xml (79672 bytes)
2025-09-20 19:33:41,653 - debates_scraper - INFO - Erfolgreich heruntergeladen: debates2018-07-03a.xml (92241 bytes)
2025-09-20 19:33:41,660 - debates_scraper - INFO - Erfolgreich heruntergeladen: debates2018-07-02b.xml (554724 bytes)
2025-09-20 19:33:41,677 - debates_scraper - INFO - Erfolgreich heruntergeladen: debates2018-07-03b.xml (120798 bytes)
2025-09-20 19:33:42,754 - debates_scraper - INFO - Erfolgreich heruntergeladen: debates2018-07-03c.xml (229401 bytes)
2025-09-20 19:33:42,769 - debates_scraper - INFO - Erfolgreich heruntergeladen: debates2018-07-05a.xml (96392 bytes)
2025-09-20 19:33:42,798 - debates_scraper - INFO - Erfolgreich heruntergeladen: debates2018-07-03d.xml (704354 bytes)
2025-09-20 19:33:42,837 - debates_scraper - INFO - Erfolgreich heruntergeladen: debates2018-07-04a.xml (767014 bytes)
2025-09-20 19:33:43,907 - debates_scraper - INFO - Erfolgreich heruntergeladen: debates2018-07-05b.xml (88075 bytes)
2025-09-20 19:33:43,945 - debates_scraper - INFO - Erfolgreich heruntergeladen: debates2018-07-05c.xml (87920 bytes)
2025-09-20 19:33:44,003 - debates_scraper - INFO - Erfolgreich heruntergeladen: debates2018-07-06a.xml (354601 bytes)
2025-09-20 19:33:44,048 - debates_scraper - INFO - Erfolgreich heruntergeladen: debates2018-07-05d.xml (508525 bytes)
2025-09-20 19:33:45,005 - debates_scraper - INFO - Erfolgreich heruntergeladen: debates2018-07-09a.xml (92763 bytes)
2025-09-20 19:33:45,060 - debates_scraper - INFO - Erfolgreich heruntergeladen: debates2018-07-09b.xml (92662 bytes)
2025-09-20 19:33:45,097 - debates_scraper - INFO - Erfolgreich heruntergeladen: debates2018-07-09c.xml (596022 bytes)
2025-09-20 19:33:45,163 - debates_scraper - INFO - Erfolgreich heruntergeladen: debates2018-07-10a.xml (76584 bytes)
2025-09-20 19:33:46,152 - debates_scraper - INFO - Erfolgreich heruntergeladen: debates2018-07-11a.xml (84580 bytes)
2025-09-20 19:33:46,186 - debates_scraper - INFO - Erfolgreich heruntergeladen: debates2018-07-11b.xml (92009 bytes)
2025-09-20 19:33:46,186 - debates_scraper - INFO - Erfolgreich heruntergeladen: debates2018-07-10b.xml (489817 bytes)
2025-09-20 19:33:46,309 - debates_scraper - INFO - Erfolgreich heruntergeladen: debates2018-07-11c.xml (633483 bytes)
2025-09-20 19:33:47,251 - debates_scraper - INFO - Erfolgreich heruntergeladen: debates2018-07-12a.xml (93162 bytes)
2025-09-20 19:33:47,360 - debates_scraper - INFO - Erfolgreich heruntergeladen: debates2018-07-12b.xml (572004 bytes)
2025-09-20 19:33:47,361 - debates_scraper - INFO - Erfolgreich heruntergeladen: debates2018-07-16a.xml (1074091 bytes)
2025-09-20 19:33:47,370 - debates_scraper - INFO - Erfolgreich heruntergeladen: debates2018-07-17a.xml (154249 bytes)
2025-09-20 19:33:48,438 - debates_scraper - INFO - Erfolgreich heruntergeladen: debates2018-07-18a.xml (98955 bytes)
2025-09-20 19:33:48,438 - debates_scraper - INFO - Erfolgreich heruntergeladen: debates2018-07-18b.xml (100195 bytes)
2025-09-20 19:33:48,513 - debates_scraper - INFO - Erfolgreich heruntergeladen: debates2018-07-17b.xml (1055911 bytes)
2025-09-20 19:33:48,576 - debates_scraper - INFO - Erfolgreich heruntergeladen: debates2018-07-18c.xml (938606 bytes)
2025-09-20 19:33:49,549 - debates_scraper - INFO - Erfolgreich heruntergeladen: debates2018-07-19a.xml (69926 bytes)
2025-09-20 19:33:49,618 - debates_scraper - INFO - Erfolgreich heruntergeladen: debates2018-07-24a.xml (83829 bytes)
2025-09-20 19:33:49,624 - debates_scraper - INFO - Erfolgreich heruntergeladen: debates2018-07-19b.xml (542622 bytes)
2025-09-20 19:33:49,735 - debates_scraper - INFO - Erfolgreich heruntergeladen: debates2018-07-23a.xml (600588 bytes)
2025-09-20 19:33:50,668 - debates_scraper - INFO - Erfolgreich heruntergeladen: debates2018-07-24b.xml (570554 bytes)
2025-09-20 19:33:50,725 - debates_scraper - INFO - Erfolgreich heruntergeladen: debates2018-09-05a.xml (78708 bytes)
2025-09-20 19:33:50,799 - debates_scraper - INFO - Erfolgreich heruntergeladen: debates2018-09-04a.xml (562836 bytes)
2025-09-20 19:33:50,872 - debates_scraper - INFO - Erfolgreich heruntergeladen: debates2018-09-05b.xml (692109 bytes)
2025-09-20 19:33:51,803 - debates_scraper - INFO - Erfolgreich heruntergeladen: debates2018-09-06a.xml (541971 bytes)
2025-09-20 19:33:51,832 - debates_scraper - INFO - Erfolgreich heruntergeladen: debates2018-09-10a.xml (79637 bytes)
2025-09-20 19:33:51,837 - debates_scraper - INFO - Erfolgreich heruntergeladen: debates2018-09-10b.xml (79500 bytes)
2025-09-20 19:33:51,941 - debates_scraper - INFO - Erfolgreich heruntergeladen: debates2018-09-10c.xml (556617 bytes)
2025-09-20 19:33:52,878 - debates_scraper - INFO - Erfolgreich heruntergeladen: debates2018-09-11a.xml (80914 bytes)
2025-09-20 19:33:52,982 - debates_scraper - INFO - Erfolgreich heruntergeladen: debates2018-09-13a.xml (69034 bytes)
2025-09-20 19:33:53,009 - debates_scraper - INFO - Erfolgreich heruntergeladen: debates2018-09-12a.xml (457706 bytes)
2025-09-20 19:33:53,040 - debates_scraper - INFO - Erfolgreich heruntergeladen: debates2018-09-11b.xml (733501 bytes)
2025-09-20 19:33:54,032 - debates_scraper - INFO - Erfolgreich heruntergeladen: debates2018-09-13b.xml (525934 bytes)
2025-09-20 19:33:54,057 - debates_scraper - INFO - Erfolgreich heruntergeladen: debates2018-10-09a.xml (75927 bytes)
2025-09-20 19:33:54,103 - debates_scraper - INFO - Erfolgreich heruntergeladen: debates2018-10-09b.xml (74703 bytes)
2025-09-20 19:33:54,145 - debates_scraper - INFO - Erfolgreich heruntergeladen: debates2018-10-09c.xml (475214 bytes)
2025-09-20 19:33:55,137 - debates_scraper - INFO - Erfolgreich heruntergeladen: debates2018-10-10a.xml (66703 bytes)
2025-09-20 19:33:55,237 - debates_scraper - INFO - Erfolgreich heruntergeladen: debates2018-10-11a.xml (70576 bytes)
2025-09-20 19:33:55,238 - debates_scraper - INFO - Erfolgreich heruntergeladen: debates2018-10-10b.xml (582365 bytes)
2025-09-20 19:33:55,241 - debates_scraper - INFO - Erfolgreich heruntergeladen: debates2018-10-11b.xml (488090 bytes)
2025-09-20 19:33:56,245 - debates_scraper - INFO - Erfolgreich heruntergeladen: debates2018-10-15a.xml (82188 bytes)
2025-09-20 19:33:56,348 - debates_scraper - INFO - Erfolgreich heruntergeladen: debates2018-10-17a.xml (81789 bytes)
2025-09-20 19:33:56,380 - debates_scraper - INFO - Erfolgreich heruntergeladen: debates2018-10-15b.xml (377632 bytes)
2025-09-20 19:33:56,412 - debates_scraper - INFO - Erfolgreich heruntergeladen: debates2018-10-16a.xml (641911 bytes)
2025-09-20 19:33:57,387 - debates_scraper - INFO - Erfolgreich heruntergeladen: debates2018-10-17b.xml (604577 bytes)
2025-09-20 19:33:57,429 - debates_scraper - INFO - Erfolgreich heruntergeladen: debates2018-10-18b.xml (435243 bytes)
2025-09-20 19:33:57,445 - debates_scraper - INFO - Erfolgreich heruntergeladen: debates2018-10-18a.xml (69734 bytes)
2025-09-20 19:33:57,533 - debates_scraper - INFO - Erfolgreich heruntergeladen: debates2018-10-22a.xml (100347 bytes)
2025-09-20 19:33:58,543 - debates_scraper - INFO - Erfolgreich heruntergeladen: debates2018-10-23a.xml (95437 bytes)
2025-09-20 19:33:58,543 - debates_scraper - INFO - Erfolgreich heruntergeladen: debates2018-10-23b.xml (323724 bytes)
2025-09-20 19:33:58,566 - debates_scraper - INFO - Erfolgreich heruntergeladen: debates2018-10-22b.xml (462487 bytes)
2025-09-20 19:33:58,751 - debates_scraper - INFO - Erfolgreich heruntergeladen: debates2018-10-23c.xml (729668 bytes)
2025-09-20 19:33:59,668 - debates_scraper - INFO - Erfolgreich heruntergeladen: debates2018-10-24a.xml (128058 bytes)
2025-09-20 19:33:59,701 - debates_scraper - INFO - Erfolgreich heruntergeladen: debates2018-10-24b.xml (698916 bytes)
2025-09-20 19:33:59,727 - debates_scraper - INFO - Erfolgreich heruntergeladen: debates2018-10-25a.xml (477770 bytes)
2025-09-20 19:33:59,812 - debates_scraper - INFO - Erfolgreich heruntergeladen: debates2018-10-26a.xml (371531 bytes)
2025-09-20 19:34:00,769 - debates_scraper - INFO - Erfolgreich heruntergeladen: debates2018-10-29a.xml (483368 bytes)
2025-09-20 19:34:00,770 - debates_scraper - INFO - Erfolgreich heruntergeladen: debates2018-10-30a.xml (61226 bytes)
2025-09-20 19:34:00,837 - debates_scraper - INFO - Erfolgreich heruntergeladen: debates2018-10-30b.xml (61245 bytes)
2025-09-20 19:34:00,935 - debates_scraper - INFO - Erfolgreich heruntergeladen: debates2018-10-30c.xml (524317 bytes)
2025-09-20 19:34:01,877 - debates_scraper - INFO - Erfolgreich heruntergeladen: debates2018-10-31a.xml (526499 bytes)
2025-09-20 19:34:01,977 - debates_scraper - INFO - Erfolgreich heruntergeladen: debates2018-11-06a.xml (69097 bytes)
2025-09-20 19:34:01,977 - debates_scraper - INFO - Erfolgreich heruntergeladen: debates2018-11-01a.xml (819891 bytes)
2025-09-20 19:34:01,985 - debates_scraper - INFO - Erfolgreich heruntergeladen: debates2018-11-05a.xml (583212 bytes)
2025-09-20 19:34:03,006 - debates_scraper - INFO - Erfolgreich heruntergeladen: debates2018-11-06b.xml (461517 bytes)
2025-09-20 19:34:03,046 - debates_scraper - INFO - Erfolgreich heruntergeladen: debates2018-11-12b.xml (96248 bytes)
2025-09-20 19:34:03,085 - debates_scraper - INFO - Erfolgreich heruntergeladen: debates2018-11-12c.xml (96457 bytes)
2025-09-20 19:34:03,101 - debates_scraper - INFO - Erfolgreich heruntergeladen: debates2018-11-12a.xml (202243 bytes)
2025-09-20 19:34:04,136 - debates_scraper - INFO - Erfolgreich heruntergeladen: debates2018-11-13a.xml (86423 bytes)
2025-09-20 19:34:04,200 - debates_scraper - INFO - Erfolgreich heruntergeladen: debates2018-11-14a.xml (72952 bytes)
2025-09-20 19:34:04,213 - debates_scraper - INFO - Erfolgreich heruntergeladen: debates2018-11-12d.xml (705329 bytes)
2025-09-20 19:34:04,275 - debates_scraper - INFO - Erfolgreich heruntergeladen: debates2018-11-13b.xml (557663 bytes)
2025-09-20 19:34:05,218 - debates_scraper - INFO - Erfolgreich heruntergeladen: debates2018-11-14b.xml (68923 bytes)
2025-09-20 19:34:05,308 - debates_scraper - INFO - Erfolgreich heruntergeladen: debates2018-11-14d.xml (488823 bytes)
2025-09-20 19:34:05,315 - debates_scraper - INFO - Erfolgreich heruntergeladen: debates2018-11-14c.xml (82053 bytes)
2025-09-20 19:34:05,448 - debates_scraper - INFO - Erfolgreich heruntergeladen: debates2018-11-15a.xml (559641 bytes)
2025-09-20 19:34:06,293 - debates_scraper - INFO - Erfolgreich heruntergeladen: debates2018-11-19a.xml (91440 bytes)
2025-09-20 19:34:06,355 - debates_scraper - INFO - Erfolgreich heruntergeladen: debates2018-11-19b.xml (87420 bytes)
2025-09-20 19:34:06,521 - debates_scraper - INFO - Erfolgreich heruntergeladen: debates2018-11-19c.xml (778821 bytes)
2025-09-20 19:34:06,541 - debates_scraper - INFO - Erfolgreich heruntergeladen: debates2018-11-20a.xml (582130 bytes)
2025-09-20 19:34:07,338 - debates_scraper - INFO - Erfolgreich heruntergeladen: debates2018-11-21a.xml (80338 bytes)
2025-09-20 19:34:07,452 - debates_scraper - INFO - Erfolgreich heruntergeladen: debates2018-11-21b.xml (756045 bytes)
2025-09-20 19:34:07,562 - debates_scraper - INFO - Erfolgreich heruntergeladen: debates2018-11-22a.xml (99755 bytes)
2025-09-20 19:34:07,712 - debates_scraper - INFO - Erfolgreich heruntergeladen: debates2018-11-22b.xml (598219 bytes)
2025-09-20 19:34:08,380 - debates_scraper - INFO - Erfolgreich heruntergeladen: debates2018-11-23a.xml (60408 bytes)
2025-09-20 19:34:08,556 - debates_scraper - INFO - Erfolgreich heruntergeladen: debates2018-11-23b.xml (390431 bytes)
2025-09-20 19:34:08,610 - debates_scraper - INFO - Erfolgreich heruntergeladen: debates2018-11-26a.xml (95354 bytes)
2025-09-20 19:34:08,756 - debates_scraper - INFO - Erfolgreich heruntergeladen: debates2018-11-26b.xml (89234 bytes)
2025-09-20 19:34:09,507 - debates_scraper - INFO - Erfolgreich heruntergeladen: debates2018-11-26c.xml (530283 bytes)
2025-09-20 19:34:09,611 - debates_scraper - INFO - Erfolgreich heruntergeladen: debates2018-11-27a.xml (67591 bytes)
2025-09-20 19:34:09,694 - debates_scraper - INFO - Erfolgreich heruntergeladen: debates2018-11-27b.xml (390994 bytes)
2025-09-20 19:34:09,862 - debates_scraper - INFO - Erfolgreich heruntergeladen: debates2018-11-28a.xml (772070 bytes)
2025-09-20 19:34:10,579 - debates_scraper - INFO - Erfolgreich heruntergeladen: debates2018-11-29a.xml (90862 bytes)
2025-09-20 19:34:10,813 - debates_scraper - INFO - Erfolgreich heruntergeladen: debates2018-11-29b.xml (75867 bytes)
2025-09-20 19:34:10,813 - debates_scraper - INFO - Erfolgreich heruntergeladen: debates2018-11-29c.xml (138424 bytes)
2025-09-20 19:34:10,957 - debates_scraper - INFO - Erfolgreich heruntergeladen: debates2018-11-29d.xml (486977 bytes)
2025-09-20 19:34:11,620 - debates_scraper - INFO - Erfolgreich heruntergeladen: debates2018-12-03a.xml (101899 bytes)
2025-09-20 19:34:11,885 - debates_scraper - INFO - Erfolgreich heruntergeladen: debates2018-12-03b.xml (544777 bytes)
2025-09-20 19:34:11,957 - debates_scraper - INFO - Erfolgreich heruntergeladen: debates2018-12-04a.xml (226281 bytes)
2025-09-20 19:34:11,999 - debates_scraper - INFO - Erfolgreich heruntergeladen: debates2018-12-04b.xml (119467 bytes)
2025-09-20 19:34:12,751 - debates_scraper - INFO - Erfolgreich heruntergeladen: debates2018-12-04c.xml (119980 bytes)
2025-09-20 19:34:12,945 - debates_scraper - INFO - Erfolgreich heruntergeladen: debates2018-12-04d.xml (113534 bytes)
2025-09-20 19:34:13,078 - debates_scraper - INFO - Erfolgreich heruntergeladen: debates2018-12-04e.xml (1040170 bytes)
2025-09-20 19:34:13,103 - debates_scraper - INFO - Erfolgreich heruntergeladen: debates2018-12-05a.xml (75820 bytes)
2025-09-20 19:34:13,964 - debates_scraper - INFO - Erfolgreich heruntergeladen: debates2018-12-05b.xml (650083 bytes)
2025-09-20 19:34:14,072 - debates_scraper - INFO - Erfolgreich heruntergeladen: debates2018-12-06a.xml (730597 bytes)
2025-09-20 19:34:14,129 - debates_scraper - INFO - Erfolgreich heruntergeladen: debates2018-12-10a.xml (112687 bytes)
2025-09-20 19:34:14,152 - debates_scraper - INFO - Erfolgreich heruntergeladen: debates2018-12-10b.xml (520249 bytes)
2025-09-20 19:34:15,066 - debates_scraper - INFO - Erfolgreich heruntergeladen: debates2018-12-11a.xml (572909 bytes)
2025-09-20 19:34:15,118 - debates_scraper - INFO - Erfolgreich heruntergeladen: debates2018-12-12a.xml (65376 bytes)
2025-09-20 19:34:15,202 - debates_scraper - INFO - Erfolgreich heruntergeladen: debates2018-12-12b.xml (571026 bytes)
2025-09-20 19:34:15,281 - debates_scraper - INFO - Erfolgreich heruntergeladen: debates2018-12-13a.xml (545413 bytes)
2025-09-20 19:34:16,134 - debates_scraper - INFO - Erfolgreich heruntergeladen: debates2018-12-17a.xml (88631 bytes)
2025-09-20 19:34:16,195 - debates_scraper - INFO - Erfolgreich heruntergeladen: debates2018-12-17b.xml (90142 bytes)
2025-09-20 19:34:16,296 - debates_scraper - INFO - Erfolgreich heruntergeladen: debates2018-12-17c.xml (467458 bytes)
2025-09-20 19:34:16,320 - debates_scraper - INFO - Erfolgreich heruntergeladen: debates2018-12-18a.xml (102716 bytes)
2025-09-20 19:34:17,245 - debates_scraper - INFO - Erfolgreich heruntergeladen: debates2018-12-18b.xml (109595 bytes)
2025-09-20 19:34:17,339 - debates_scraper - INFO - Erfolgreich heruntergeladen: debates2018-12-19a.xml (117745 bytes)
2025-09-20 19:34:17,344 - debates_scraper - INFO - Erfolgreich heruntergeladen: debates2018-12-18c.xml (653675 bytes)
2025-09-20 19:34:17,438 - debates_scraper - INFO - Erfolgreich heruntergeladen: debates2018-12-19b.xml (122365 bytes)
2025-09-20 19:34:18,353 - debates_scraper - INFO - Erfolgreich heruntergeladen: debates2018-12-19c.xml (115049 bytes)
2025-09-20 19:34:18,461 - debates_scraper - INFO - Erfolgreich heruntergeladen: debates2018-12-19d.xml (411099 bytes)
2025-09-20 19:34:18,477 - debates_scraper - INFO - Erfolgreich heruntergeladen: debates2018-12-20a.xml (62018 bytes)
2025-09-20 19:34:18,533 - debates_scraper - INFO - Erfolgreich heruntergeladen: debates2018-12-19e.xml (832700 bytes)
2025-09-20 19:34:19,471 - debates_scraper - INFO - Erfolgreich heruntergeladen: debates2018-12-20b.xml (466348 bytes)
2025-09-20 19:34:19,514 - debates_scraper - INFO - Erfolgreich heruntergeladen: debates2019-01-07b.xml (104792 bytes)
2025-09-20 19:34:19,585 - debates_scraper - INFO - Erfolgreich heruntergeladen: debates2019-01-07a.xml (104821 bytes)
2025-09-20 19:34:19,602 - debates_scraper - INFO - Erfolgreich heruntergeladen: debates2019-01-07c.xml (591860 bytes)
2025-09-20 19:34:20,558 - debates_scraper - INFO - Erfolgreich heruntergeladen: debates2019-01-08a.xml (114886 bytes)
2025-09-20 19:34:20,683 - debates_scraper - INFO - Erfolgreich heruntergeladen: debates2019-01-09a.xml (741195 bytes)
2025-09-20 19:34:20,697 - debates_scraper - INFO - Erfolgreich heruntergeladen: debates2019-01-10a.xml (87713 bytes)
2025-09-20 19:34:20,724 - debates_scraper - INFO - Erfolgreich heruntergeladen: debates2019-01-08b.xml (1018851 bytes)
2025-09-20 19:34:21,671 - debates_scraper - INFO - Erfolgreich heruntergeladen: debates2019-01-10b.xml (88841 bytes)
2025-09-20 19:34:21,770 - debates_scraper - INFO - Erfolgreich heruntergeladen: debates2019-01-10c.xml (87341 bytes)
2025-09-20 19:34:21,819 - debates_scraper - INFO - Erfolgreich heruntergeladen: debates2019-01-11a.xml (348643 bytes)
2025-09-20 19:34:21,877 - debates_scraper - INFO - Erfolgreich heruntergeladen: debates2019-01-10d.xml (707619 bytes)
2025-09-20 19:34:22,747 - debates_scraper - INFO - Erfolgreich heruntergeladen: debates2019-01-14a.xml (117335 bytes)
2025-09-20 19:34:22,870 - debates_scraper - INFO - Erfolgreich heruntergeladen: debates2019-01-14b.xml (818452 bytes)
2025-09-20 19:34:22,915 - debates_scraper - INFO - Erfolgreich heruntergeladen: debates2019-01-15a.xml (89898 bytes)
2025-09-20 19:34:22,937 - debates_scraper - INFO - Erfolgreich heruntergeladen: debates2019-01-15b.xml (682427 bytes)
2025-09-20 19:34:23,798 - debates_scraper - INFO - Erfolgreich heruntergeladen: debates2019-01-16a.xml (91315 bytes)
2025-09-20 19:34:23,918 - debates_scraper - INFO - Erfolgreich heruntergeladen: debates2019-01-16b.xml (89281 bytes)
2025-09-20 19:34:23,969 - debates_scraper - INFO - Erfolgreich heruntergeladen: debates2019-01-16c.xml (89169 bytes)
2025-09-20 19:34:24,121 - debates_scraper - INFO - Erfolgreich heruntergeladen: debates2019-01-16d.xml (726625 bytes)
2025-09-20 19:34:24,901 - debates_scraper - INFO - Erfolgreich heruntergeladen: debates2019-01-17a.xml (548081 bytes)
2025-09-20 19:34:24,973 - debates_scraper - INFO - Erfolgreich heruntergeladen: debates2019-01-21a.xml (502185 bytes)
2025-09-20 19:34:25,011 - debates_scraper - INFO - Erfolgreich heruntergeladen: debates2019-01-22a.xml (76050 bytes)
2025-09-20 19:34:25,164 - debates_scraper - INFO - Erfolgreich heruntergeladen: debates2019-01-22b.xml (67915 bytes)
2025-09-20 19:34:26,021 - debates_scraper - INFO - Erfolgreich heruntergeladen: debates2019-01-22c.xml (647295 bytes)
2025-09-20 19:34:26,095 - debates_scraper - INFO - Erfolgreich heruntergeladen: debates2019-01-23a.xml (103508 bytes)
2025-09-20 19:34:26,176 - debates_scraper - INFO - Erfolgreich heruntergeladen: debates2019-01-23b.xml (429266 bytes)
2025-09-20 19:34:26,208 - debates_scraper - INFO - Erfolgreich heruntergeladen: debates2019-01-24a.xml (86290 bytes)
2025-09-20 19:34:27,178 - debates_scraper - INFO - Erfolgreich heruntergeladen: debates2019-01-24b.xml (550380 bytes)
2025-09-20 19:34:27,244 - debates_scraper - INFO - Erfolgreich heruntergeladen: debates2019-01-28a.xml (105068 bytes)
2025-09-20 19:34:27,248 - debates_scraper - INFO - Erfolgreich heruntergeladen: debates2019-01-28b.xml (706453 bytes)
2025-09-20 19:34:27,342 - debates_scraper - INFO - Erfolgreich heruntergeladen: debates2019-01-29a.xml (166635 bytes)
2025-09-20 19:34:28,339 - debates_scraper - INFO - Erfolgreich heruntergeladen: debates2019-01-31a.xml (83448 bytes)
2025-09-20 19:34:28,372 - debates_scraper - INFO - Erfolgreich heruntergeladen: debates2019-01-30a.xml (776133 bytes)
2025-09-20 19:34:28,390 - debates_scraper - INFO - Erfolgreich heruntergeladen: debates2019-01-31b.xml (86441 bytes)
2025-09-20 19:34:28,406 - debates_scraper - INFO - Erfolgreich heruntergeladen: debates2019-01-29b.xml (992879 bytes)
2025-09-20 19:34:29,461 - debates_scraper - INFO - Erfolgreich heruntergeladen: debates2019-02-04b.xml (85197 bytes)
2025-09-20 19:34:29,469 - debates_scraper - INFO - Erfolgreich heruntergeladen: debates2019-02-04a.xml (85546 bytes)
2025-09-20 19:34:29,528 - debates_scraper - INFO - Erfolgreich heruntergeladen: debates2019-01-31c.xml (563059 bytes)
2025-09-20 19:34:29,582 - debates_scraper - INFO - Erfolgreich heruntergeladen: debates2019-02-04c.xml (562387 bytes)
2025-09-20 19:34:30,560 - debates_scraper - INFO - Erfolgreich heruntergeladen: debates2019-02-05a.xml (100039 bytes)
2025-09-20 19:34:30,563 - debates_scraper - INFO - Erfolgreich heruntergeladen: debates2019-02-05b.xml (92265 bytes)
2025-09-20 19:34:30,640 - debates_scraper - INFO - Erfolgreich heruntergeladen: debates2019-02-05c.xml (96969 bytes)
2025-09-20 19:34:30,700 - debates_scraper - INFO - Erfolgreich heruntergeladen: debates2019-02-05d.xml (732136 bytes)
2025-09-20 19:34:31,659 - debates_scraper - INFO - Erfolgreich heruntergeladen: debates2019-02-07a.xml (78367 bytes)
2025-09-20 19:34:31,719 - debates_scraper - INFO - Erfolgreich heruntergeladen: debates2019-02-06a.xml (313403 bytes)
2025-09-20 19:34:31,803 - debates_scraper - INFO - Erfolgreich heruntergeladen: debates2019-02-08a.xml (314410 bytes)
2025-09-20 19:34:31,817 - debates_scraper - INFO - Erfolgreich heruntergeladen: debates2019-02-07b.xml (500005 bytes)
2025-09-20 19:34:32,734 - debates_scraper - INFO - Erfolgreich heruntergeladen: debates2019-02-11a.xml (84683 bytes)
2025-09-20 19:34:32,870 - debates_scraper - INFO - Erfolgreich heruntergeladen: debates2019-02-12a.xml (96047 bytes)
2025-09-20 19:34:32,901 - debates_scraper - INFO - Erfolgreich heruntergeladen: debates2019-02-11b.xml (488110 bytes)
2025-09-20 19:34:32,966 - debates_scraper - INFO - Erfolgreich heruntergeladen: debates2019-02-12b.xml (293842 bytes)
2025-09-20 19:34:33,915 - debates_scraper - INFO - Erfolgreich heruntergeladen: debates2019-02-12c.xml (774296 bytes)
2025-09-20 19:34:33,999 - debates_scraper - INFO - Erfolgreich heruntergeladen: debates2019-02-13b.xml (89563 bytes)
2025-09-20 19:34:34,000 - debates_scraper - INFO - Erfolgreich heruntergeladen: debates2019-02-13a.xml (172470 bytes)
2025-09-20 19:34:34,057 - debates_scraper - INFO - Erfolgreich heruntergeladen: debates2019-02-13c.xml (631073 bytes)
2025-09-20 19:34:35,053 - debates_scraper - INFO - Erfolgreich heruntergeladen: debates2019-02-14a.xml (209217 bytes)
2025-09-20 19:34:35,096 - debates_scraper - INFO - Erfolgreich heruntergeladen: debates2019-02-18a.xml (74875 bytes)
2025-09-20 19:34:35,096 - debates_scraper - INFO - Erfolgreich heruntergeladen: debates2019-02-18b.xml (74375 bytes)
2025-09-20 19:34:35,195 - debates_scraper - INFO - Erfolgreich heruntergeladen: debates2019-02-14b.xml (761747 bytes)
2025-09-20 19:34:36,162 - debates_scraper - INFO - Erfolgreich heruntergeladen: debates2019-02-18c.xml (598402 bytes)
2025-09-20 19:34:36,195 - debates_scraper - INFO - Erfolgreich heruntergeladen: debates2019-02-20a.xml (76275 bytes)
2025-09-20 19:34:36,277 - debates_scraper - INFO - Erfolgreich heruntergeladen: debates2019-02-19a.xml (542183 bytes)
2025-09-20 19:34:36,287 - debates_scraper - INFO - Erfolgreich heruntergeladen: debates2019-02-20b.xml (307469 bytes)
2025-09-20 19:34:37,340 - debates_scraper - INFO - Erfolgreich heruntergeladen: debates2019-02-21a.xml (501326 bytes)
2025-09-20 19:34:37,341 - debates_scraper - INFO - Erfolgreich heruntergeladen: debates2019-02-20c.xml (530854 bytes)
2025-09-20 19:34:37,369 - debates_scraper - INFO - Erfolgreich heruntergeladen: debates2019-02-25a.xml (78767 bytes)
2025-09-20 19:34:37,396 - debates_scraper - INFO - Erfolgreich heruntergeladen: debates2019-02-25b.xml (83140 bytes)
2025-09-20 19:34:38,435 - debates_scraper - INFO - Erfolgreich heruntergeladen: debates2019-02-25c.xml (76568 bytes)
2025-09-20 19:34:38,461 - debates_scraper - INFO - Erfolgreich heruntergeladen: debates2019-02-26a.xml (98174 bytes)
2025-09-20 19:34:38,521 - debates_scraper - INFO - Erfolgreich heruntergeladen: debates2019-02-25d.xml (590480 bytes)
2025-09-20 19:34:38,567 - debates_scraper - INFO - Erfolgreich heruntergeladen: debates2019-02-26b.xml (711970 bytes)
2025-09-20 19:34:39,635 - debates_scraper - INFO - Erfolgreich heruntergeladen: debates2019-03-04a.xml (106026 bytes)
2025-09-20 19:34:39,638 - debates_scraper - INFO - Erfolgreich heruntergeladen: debates2019-02-28a.xml (571711 bytes)
2025-09-20 19:34:39,646 - debates_scraper - INFO - Erfolgreich heruntergeladen: debates2019-02-27a.xml (1064531 bytes)
2025-09-20 19:34:39,737 - debates_scraper - INFO - Erfolgreich heruntergeladen: debates2019-03-04b.xml (583910 bytes)
2025-09-20 19:34:40,743 - debates_scraper - INFO - Erfolgreich heruntergeladen: debates2019-03-06b.xml (75495 bytes)
2025-09-20 19:34:40,761 - debates_scraper - INFO - Erfolgreich heruntergeladen: debates2019-03-06a.xml (268541 bytes)
2025-09-20 19:34:40,787 - debates_scraper - INFO - Erfolgreich heruntergeladen: debates2019-03-05a.xml (610418 bytes)
2025-09-20 19:34:40,879 - debates_scraper - INFO - Erfolgreich heruntergeladen: debates2019-03-06c.xml (768711 bytes)
2025-09-20 19:34:41,835 - debates_scraper - INFO - Erfolgreich heruntergeladen: debates2019-03-07a.xml (142138 bytes)
2025-09-20 19:34:41,878 - debates_scraper - INFO - Erfolgreich heruntergeladen: debates2019-03-07b.xml (546024 bytes)
2025-09-20 19:34:41,884 - debates_scraper - INFO - Erfolgreich heruntergeladen: debates2019-03-11a.xml (105295 bytes)
2025-09-20 19:34:41,949 - debates_scraper - INFO - Erfolgreich heruntergeladen: debates2019-03-11b.xml (116769 bytes)
2025-09-20 19:34:42,969 - debates_scraper - INFO - Erfolgreich heruntergeladen: debates2019-03-12a.xml (107499 bytes)
2025-09-20 19:34:43,001 - debates_scraper - INFO - Erfolgreich heruntergeladen: debates2019-03-12b.xml (104704 bytes)
2025-09-20 19:34:43,010 - debates_scraper - INFO - Erfolgreich heruntergeladen: debates2019-03-11c.xml (653198 bytes)
2025-09-20 19:34:43,129 - debates_scraper - INFO - Erfolgreich heruntergeladen: debates2019-03-12c.xml (697765 bytes)
2025-09-20 19:34:44,044 - debates_scraper - INFO - Erfolgreich heruntergeladen: debates2019-03-13a.xml (175931 bytes)
2025-09-20 19:34:44,136 - debates_scraper - INFO - Erfolgreich heruntergeladen: debates2019-03-14a.xml (105812 bytes)
2025-09-20 19:34:44,170 - debates_scraper - INFO - Erfolgreich heruntergeladen: debates2019-03-14b.xml (102047 bytes)
2025-09-20 19:34:44,171 - debates_scraper - INFO - Erfolgreich heruntergeladen: debates2019-03-13b.xml (919508 bytes)
2025-09-20 19:34:45,234 - debates_scraper - INFO - Erfolgreich heruntergeladen: debates2019-03-14c.xml (853717 bytes)
2025-09-20 19:34:45,286 - debates_scraper - INFO - Erfolgreich heruntergeladen: debates2019-03-15a.xml (346122 bytes)
2025-09-20 19:34:45,313 - debates_scraper - INFO - Erfolgreich heruntergeladen: debates2019-03-18b.xml (109188 bytes)
2025-09-20 19:34:45,363 - debates_scraper - INFO - Erfolgreich heruntergeladen: debates2019-03-18a.xml (101359 bytes)
2025-09-20 19:34:46,409 - debates_scraper - INFO - Erfolgreich heruntergeladen: debates2019-03-20a.xml (107734 bytes)
2025-09-20 19:34:46,424 - debates_scraper - INFO - Erfolgreich heruntergeladen: debates2019-03-18c.xml (660790 bytes)
2025-09-20 19:34:46,453 - debates_scraper - INFO - Erfolgreich heruntergeladen: debates2019-03-19a.xml (478525 bytes)
2025-09-20 19:34:46,586 - debates_scraper - INFO - Erfolgreich heruntergeladen: debates2019-03-20b.xml (866857 bytes)
2025-09-20 19:34:47,538 - debates_scraper - INFO - Erfolgreich heruntergeladen: debates2019-03-21a.xml (558389 bytes)
2025-09-20 19:34:47,546 - debates_scraper - INFO - Erfolgreich heruntergeladen: debates2019-03-25a.xml (156055 bytes)
2025-09-20 19:34:47,546 - debates_scraper - INFO - Erfolgreich heruntergeladen: debates2019-03-22a.xml (403211 bytes)
2025-09-20 19:34:47,630 - debates_scraper - INFO - Erfolgreich heruntergeladen: debates2019-03-25b.xml (225599 bytes)
2025-09-20 19:34:48,647 - debates_scraper - INFO - Erfolgreich heruntergeladen: debates2019-03-26a.xml (84146 bytes)
2025-09-20 19:34:48,651 - debates_scraper - INFO - Erfolgreich heruntergeladen: debates2019-03-26b.xml (85423 bytes)
2025-09-20 19:34:48,704 - debates_scraper - INFO - Erfolgreich heruntergeladen: debates2019-03-25c.xml (763088 bytes)
2025-09-20 19:34:48,828 - debates_scraper - INFO - Erfolgreich heruntergeladen: debates2019-03-26c.xml (758541 bytes)
2025-09-20 19:34:49,769 - debates_scraper - INFO - Erfolgreich heruntergeladen: debates2019-03-27a.xml (249511 bytes)
2025-09-20 19:34:49,827 - debates_scraper - INFO - Erfolgreich heruntergeladen: debates2019-03-28a.xml (120146 bytes)
2025-09-20 19:34:49,926 - debates_scraper - INFO - Erfolgreich heruntergeladen: debates2019-03-28b.xml (676607 bytes)
2025-09-20 19:34:49,987 - debates_scraper - INFO - Erfolgreich heruntergeladen: debates2019-03-27b.xml (1383156 bytes)
2025-09-20 19:34:50,840 - debates_scraper - INFO - Erfolgreich heruntergeladen: debates2019-03-29a.xml (382215 bytes)
2025-09-20 19:34:50,934 - debates_scraper - INFO - Erfolgreich heruntergeladen: debates2019-04-01a.xml (83319 bytes)
2025-09-20 19:34:50,999 - debates_scraper - INFO - Erfolgreich heruntergeladen: debates2019-04-01b.xml (722453 bytes)
2025-09-20 19:34:51,029 - debates_scraper - INFO - Erfolgreich heruntergeladen: debates2019-04-02a.xml (67581 bytes)
2025-09-20 19:34:51,992 - debates_scraper - INFO - Erfolgreich heruntergeladen: debates2019-04-02b.xml (432074 bytes)
2025-09-20 19:34:51,994 - debates_scraper - INFO - Erfolgreich heruntergeladen: debates2019-04-03a.xml (124931 bytes)
2025-09-20 19:34:52,102 - debates_scraper - INFO - Erfolgreich heruntergeladen: debates2019-04-04a.xml (397443 bytes)
2025-09-20 19:34:52,102 - debates_scraper - INFO - Erfolgreich heruntergeladen: debates2019-04-03b.xml (1203975 bytes)
2025-09-20 19:34:53,087 - debates_scraper - INFO - Erfolgreich heruntergeladen: debates2019-04-08b.xml (98433 bytes)
2025-09-20 19:34:53,091 - debates_scraper - INFO - Erfolgreich heruntergeladen: debates2019-04-08a.xml (99174 bytes)
2025-09-20 19:34:53,160 - debates_scraper - INFO - Erfolgreich heruntergeladen: debates2019-04-08c.xml (99032 bytes)
2025-09-20 19:34:53,203 - debates_scraper - INFO - Erfolgreich heruntergeladen: debates2019-04-08d.xml (705563 bytes)
2025-09-20 19:34:54,185 - debates_scraper - INFO - Erfolgreich heruntergeladen: debates2019-04-09a.xml (104743 bytes)
2025-09-20 19:34:54,188 - debates_scraper - INFO - Erfolgreich heruntergeladen: debates2019-04-09b.xml (97154 bytes)
2025-09-20 19:34:54,248 - debates_scraper - INFO - Erfolgreich heruntergeladen: debates2019-04-10a.xml (84323 bytes)
2025-09-20 19:34:54,331 - debates_scraper - INFO - Erfolgreich heruntergeladen: debates2019-04-09c.xml (603816 bytes)
2025-09-20 19:34:55,361 - debates_scraper - INFO - Erfolgreich heruntergeladen: debates2019-04-11a.xml (588821 bytes)
2025-09-20 19:34:55,380 - debates_scraper - INFO - Erfolgreich heruntergeladen: debates2019-04-10b.xml (564701 bytes)
2025-09-20 19:34:55,422 - debates_scraper - INFO - Erfolgreich heruntergeladen: debates2019-04-23a.xml (591706 bytes)
2025-09-20 19:34:55,444 - debates_scraper - INFO - Erfolgreich heruntergeladen: debates2019-04-24a.xml (65265 bytes)
2025-09-20 19:34:56,477 - debates_scraper - INFO - Erfolgreich heruntergeladen: debates2019-04-25a.xml (78101 bytes)
2025-09-20 19:34:56,519 - debates_scraper - INFO - Erfolgreich heruntergeladen: debates2019-04-25b.xml (81148 bytes)
2025-09-20 19:34:56,542 - debates_scraper - INFO - Erfolgreich heruntergeladen: debates2019-04-24b.xml (513348 bytes)
2025-09-20 19:34:56,627 - debates_scraper - INFO - Erfolgreich heruntergeladen: debates2019-04-25c.xml (565150 bytes)
2025-09-20 19:34:57,553 - debates_scraper - INFO - Erfolgreich heruntergeladen: debates2019-04-29a.xml (69253 bytes)
2025-09-20 19:34:57,585 - debates_scraper - INFO - Erfolgreich heruntergeladen: debates2019-04-29b.xml (63786 bytes)
2025-09-20 19:34:57,693 - debates_scraper - INFO - Erfolgreich heruntergeladen: debates2019-04-29c.xml (387373 bytes)
2025-09-20 19:34:57,734 - debates_scraper - INFO - Erfolgreich heruntergeladen: debates2019-04-30a.xml (331445 bytes)
2025-09-20 19:34:58,628 - debates_scraper - INFO - Erfolgreich heruntergeladen: debates2019-05-01a.xml (78575 bytes)
2025-09-20 19:34:58,687 - debates_scraper - INFO - Erfolgreich heruntergeladen: debates2019-05-01b.xml (76952 bytes)
2025-09-20 19:34:58,778 - debates_scraper - INFO - Erfolgreich heruntergeladen: debates2019-05-02a.xml (62805 bytes)
2025-09-20 19:34:58,815 - debates_scraper - INFO - Erfolgreich heruntergeladen: debates2019-05-01c.xml (558461 bytes)
2025-09-20 19:34:59,762 - debates_scraper - INFO - Erfolgreich heruntergeladen: debates2019-05-02b.xml (373009 bytes)
2025-09-20 19:34:59,864 - debates_scraper - INFO - Erfolgreich heruntergeladen: debates2019-05-07a.xml (446846 bytes)
2025-09-20 19:34:59,888 - debates_scraper - INFO - Erfolgreich heruntergeladen: debates2019-05-08a.xml (407100 bytes)
2025-09-20 19:34:59,921 - debates_scraper - INFO - Erfolgreich heruntergeladen: debates2019-05-09a.xml (65992 bytes)
2025-09-20 19:35:00,953 - debates_scraper - INFO - Erfolgreich heruntergeladen: debates2019-05-09b.xml (532507 bytes)
2025-09-20 19:35:00,974 - debates_scraper - INFO - Erfolgreich heruntergeladen: debates2019-05-14a.xml (79194 bytes)
2025-09-20 19:35:01,015 - debates_scraper - INFO - Erfolgreich heruntergeladen: debates2019-05-13a.xml (264410 bytes)
2025-09-20 19:35:01,102 - debates_scraper - INFO - Erfolgreich heruntergeladen: debates2019-05-14b.xml (581275 bytes)
2025-09-20 19:35:02,032 - debates_scraper - INFO - Erfolgreich heruntergeladen: debates2019-05-15a.xml (62902 bytes)
2025-09-20 19:35:02,069 - debates_scraper - INFO - Erfolgreich heruntergeladen: debates2019-05-15b.xml (69572 bytes)
2025-09-20 19:35:02,175 - debates_scraper - INFO - Erfolgreich heruntergeladen: debates2019-05-16a.xml (70889 bytes)
2025-09-20 19:35:02,197 - debates_scraper - INFO - Erfolgreich heruntergeladen: debates2019-05-15c.xml (545955 bytes)
2025-09-20 19:35:03,159 - debates_scraper - INFO - Erfolgreich heruntergeladen: debates2019-05-16b.xml (526666 bytes)
2025-09-20 19:35:03,163 - debates_scraper - INFO - Erfolgreich heruntergeladen: debates2019-05-20a.xml (75483 bytes)
2025-09-20 19:35:03,244 - debates_scraper - INFO - Erfolgreich heruntergeladen: debates2019-05-21a.xml (446882 bytes)
2025-09-20 19:35:03,277 - debates_scraper - INFO - Erfolgreich heruntergeladen: debates2019-05-20b.xml (449182 bytes)
2025-09-20 19:35:04,255 - debates_scraper - INFO - Erfolgreich heruntergeladen: debates2019-05-22a.xml (56302 bytes)
2025-09-20 19:35:04,261 - debates_scraper - INFO - Erfolgreich heruntergeladen: debates2019-05-22b.xml (341924 bytes)
2025-09-20 19:35:04,320 - debates_scraper - INFO - Erfolgreich heruntergeladen: debates2019-06-04a.xml (67632 bytes)
2025-09-20 19:35:04,425 - debates_scraper - INFO - Erfolgreich heruntergeladen: debates2019-05-23a.xml (485370 bytes)
2025-09-20 19:35:05,337 - debates_scraper - INFO - Erfolgreich heruntergeladen: debates2019-06-04b.xml (67812 bytes)
2025-09-20 19:35:05,444 - debates_scraper - INFO - Erfolgreich heruntergeladen: debates2019-06-04c.xml (468390 bytes)
2025-09-20 19:35:05,463 - debates_scraper - INFO - Erfolgreich heruntergeladen: debates2019-06-06a.xml (62198 bytes)
2025-09-20 19:35:05,488 - debates_scraper - INFO - Erfolgreich heruntergeladen: debates2019-06-05a.xml (507681 bytes)
2025-09-20 19:35:06,412 - debates_scraper - INFO - Erfolgreich heruntergeladen: debates2019-06-06b.xml (62241 bytes)
2025-09-20 19:35:06,561 - debates_scraper - INFO - Erfolgreich heruntergeladen: debates2019-06-10a.xml (76476 bytes)
2025-09-20 19:35:06,565 - debates_scraper - INFO - Erfolgreich heruntergeladen: debates2019-06-06c.xml (533998 bytes)
2025-09-20 19:35:06,661 - debates_scraper - INFO - Erfolgreich heruntergeladen: debates2019-06-10b.xml (607956 bytes)
2025-09-20 19:35:07,537 - debates_scraper - INFO - Erfolgreich heruntergeladen: debates2019-06-11a.xml (442198 bytes)
2025-09-20 19:35:07,604 - debates_scraper - INFO - Erfolgreich heruntergeladen: debates2019-06-12a.xml (91536 bytes)
2025-09-20 19:35:07,685 - debates_scraper - INFO - Erfolgreich heruntergeladen: debates2019-06-12b.xml (142467 bytes)
2025-09-20 19:35:07,699 - debates_scraper - INFO - Erfolgreich heruntergeladen: debates2019-06-12c.xml (86892 bytes)
2025-09-20 19:35:08,614 - debates_scraper - INFO - Erfolgreich heruntergeladen: debates2019-06-12d.xml (87653 bytes)
2025-09-20 19:35:08,728 - debates_scraper - INFO - Erfolgreich heruntergeladen: debates2019-06-13a.xml (63262 bytes)
2025-09-20 19:35:08,784 - debates_scraper - INFO - Erfolgreich heruntergeladen: debates2019-06-12e.xml (680115 bytes)
2025-09-20 19:35:08,880 - debates_scraper - INFO - Erfolgreich heruntergeladen: debates2019-06-13b.xml (521743 bytes)
2025-09-20 19:35:09,740 - debates_scraper - INFO - Erfolgreich heruntergeladen: debates2019-06-17a.xml (357261 bytes)
2025-09-20 19:35:09,825 - debates_scraper - INFO - Erfolgreich heruntergeladen: debates2019-06-18a.xml (69252 bytes)
2025-09-20 19:35:09,850 - debates_scraper - INFO - Erfolgreich heruntergeladen: debates2019-06-18b.xml (70167 bytes)
2025-09-20 19:35:09,977 - debates_scraper - INFO - Erfolgreich heruntergeladen: debates2019-06-18c.xml (492961 bytes)
2025-09-20 19:35:10,862 - debates_scraper - INFO - Erfolgreich heruntergeladen: debates2019-06-19a.xml (463756 bytes)
2025-09-20 19:35:10,970 - debates_scraper - INFO - Erfolgreich heruntergeladen: debates2019-06-24a.xml (110782 bytes)
2025-09-20 19:35:11,000 - debates_scraper - INFO - Erfolgreich heruntergeladen: debates2019-06-20a.xml (480755 bytes)
2025-09-20 19:35:11,083 - debates_scraper - INFO - Erfolgreich heruntergeladen: debates2019-06-24b.xml (410707 bytes)
2025-09-20 19:35:11,986 - debates_scraper - INFO - Erfolgreich heruntergeladen: debates2019-06-25a.xml (397656 bytes)
2025-09-20 19:35:12,041 - debates_scraper - INFO - Erfolgreich heruntergeladen: debates2019-06-27a.xml (57848 bytes)
2025-09-20 19:35:12,146 - debates_scraper - INFO - Erfolgreich heruntergeladen: debates2019-06-26a.xml (532049 bytes)
2025-09-20 19:35:12,179 - debates_scraper - INFO - Erfolgreich heruntergeladen: debates2019-06-27b.xml (488286 bytes)
2025-09-20 19:35:13,077 - debates_scraper - INFO - Erfolgreich heruntergeladen: debates2019-07-01a.xml (61883 bytes)
2025-09-20 19:35:13,138 - debates_scraper - INFO - Erfolgreich heruntergeladen: debates2019-07-01b.xml (61897 bytes)
2025-09-20 19:35:13,270 - debates_scraper - INFO - Erfolgreich heruntergeladen: debates2019-07-01c.xml (531878 bytes)
2025-09-20 19:35:13,327 - debates_scraper - INFO - Erfolgreich heruntergeladen: debates2019-07-02a.xml (612550 bytes)
2025-09-20 19:35:14,147 - debates_scraper - INFO - Erfolgreich heruntergeladen: debates2019-07-03a.xml (64111 bytes)
2025-09-20 19:35:14,318 - debates_scraper - INFO - Erfolgreich heruntergeladen: debates2019-07-03b.xml (529336 bytes)
2025-09-20 19:35:14,350 - debates_scraper - INFO - Erfolgreich heruntergeladen: debates2019-07-04a.xml (81731 bytes)
2025-09-20 19:35:14,396 - debates_scraper - INFO - Erfolgreich heruntergeladen: debates2019-07-04b.xml (531874 bytes)
2025-09-20 19:35:15,282 - debates_scraper - INFO - Erfolgreich heruntergeladen: debates2019-07-08a.xml (528961 bytes)
2025-09-20 19:35:15,362 - debates_scraper - INFO - Erfolgreich heruntergeladen: debates2019-07-09a.xml (130789 bytes)
2025-09-20 19:35:15,445 - debates_scraper - INFO - Erfolgreich heruntergeladen: debates2019-07-09b.xml (78988 bytes)
2025-09-20 19:35:15,500 - debates_scraper - INFO - Erfolgreich heruntergeladen: debates2019-07-09c.xml (854417 bytes)
2025-09-20 19:35:16,353 - debates_scraper - INFO - Erfolgreich heruntergeladen: debates2019-07-10a.xml (64869 bytes)
2025-09-20 19:35:16,404 - debates_scraper - INFO - Erfolgreich heruntergeladen: debates2019-07-10b.xml (64822 bytes)
2025-09-20 19:35:16,540 - debates_scraper - INFO - Erfolgreich heruntergeladen: debates2019-07-10c.xml (503739 bytes)
2025-09-20 19:35:16,671 - debates_scraper - INFO - Erfolgreich heruntergeladen: debates2019-07-11a.xml (560738 bytes)
2025-09-20 19:35:17,452 - debates_scraper - INFO - Erfolgreich heruntergeladen: debates2019-07-15a.xml (82539 bytes)
2025-09-20 19:35:17,553 - debates_scraper - INFO - Erfolgreich heruntergeladen: debates2019-07-15b.xml (553518 bytes)
2025-09-20 19:35:17,641 - debates_scraper - INFO - Erfolgreich heruntergeladen: debates2019-07-16a.xml (524347 bytes)
2025-09-20 19:35:17,748 - debates_scraper - INFO - Erfolgreich heruntergeladen: debates2019-07-17a.xml (446729 bytes)
2025-09-20 19:35:18,610 - debates_scraper - INFO - Erfolgreich heruntergeladen: debates2019-07-18a.xml (648498 bytes)
2025-09-20 19:35:18,643 - debates_scraper - INFO - Erfolgreich heruntergeladen: debates2019-07-22a.xml (77282 bytes)
2025-09-20 19:35:18,722 - debates_scraper - INFO - Erfolgreich heruntergeladen: debates2019-07-22b.xml (70127 bytes)
2025-09-20 19:35:18,794 - debates_scraper - INFO - Erfolgreich heruntergeladen: debates2019-07-22c.xml (70688 bytes)
2025-09-20 19:35:19,767 - debates_scraper - INFO - Erfolgreich heruntergeladen: debates2019-07-22d.xml (466682 bytes)
2025-09-20 19:35:19,818 - debates_scraper - INFO - Erfolgreich heruntergeladen: debates2019-07-24a.xml (79842 bytes)
2025-09-20 19:35:19,828 - debates_scraper - INFO - Erfolgreich heruntergeladen: debates2019-07-23a.xml (343063 bytes)
2025-09-20 19:35:19,867 - debates_scraper - INFO - Erfolgreich heruntergeladen: debates2019-07-24b.xml (519423 bytes)
2025-09-20 19:35:20,962 - debates_scraper - INFO - Erfolgreich heruntergeladen: debates2019-07-25a.xml (579044 bytes)
2025-09-20 19:35:21,003 - debates_scraper - INFO - Erfolgreich heruntergeladen: debates2019-09-03b.xml (640967 bytes)
2025-09-20 19:35:21,015 - debates_scraper - INFO - Erfolgreich heruntergeladen: debates2019-09-04a.xml (104508 bytes)
2025-09-20 19:35:21,050 - debates_scraper - INFO - Erfolgreich heruntergeladen: debates2019-09-03a.xml (96473 bytes)
2025-09-20 19:35:22,108 - debates_scraper - INFO - Erfolgreich heruntergeladen: debates2019-09-05a.xml (100699 bytes)
2025-09-20 19:35:22,112 - debates_scraper - INFO - Erfolgreich heruntergeladen: debates2019-09-04b.xml (112972 bytes)
2025-09-20 19:35:22,214 - debates_scraper - INFO - Erfolgreich heruntergeladen: debates2019-09-04c.xml (848219 bytes)
2025-09-20 19:35:22,236 - debates_scraper - INFO - Erfolgreich heruntergeladen: debates2019-09-05b.xml (591978 bytes)
2025-09-20 19:35:23,211 - debates_scraper - INFO - Erfolgreich heruntergeladen: debates2019-09-09a.xml (119160 bytes)
2025-09-20 19:35:23,235 - debates_scraper - INFO - Erfolgreich heruntergeladen: debates2019-09-09b.xml (120356 bytes)
2025-09-20 19:35:23,309 - debates_scraper - INFO - Erfolgreich heruntergeladen: debates2019-09-25a.xml (150034 bytes)
2025-09-20 19:35:23,340 - debates_scraper - INFO - Erfolgreich heruntergeladen: debates2019-09-09c.xml (774462 bytes)
2025-09-20 19:35:24,350 - debates_scraper - INFO - Erfolgreich heruntergeladen: debates2019-09-25b.xml (162770 bytes)
2025-09-20 19:35:24,407 - debates_scraper - INFO - Erfolgreich heruntergeladen: debates2019-09-26a.xml (88133 bytes)
2025-09-20 19:35:24,438 - debates_scraper - INFO - Erfolgreich heruntergeladen: debates2019-09-25c.xml (803304 bytes)
2025-09-20 19:35:24,444 - debates_scraper - INFO - Erfolgreich heruntergeladen: debates2019-09-26b.xml (88544 bytes)
2025-09-20 19:35:25,503 - debates_scraper - INFO - Erfolgreich heruntergeladen: debates2019-09-30a.xml (71037 bytes)
2025-09-20 19:35:25,551 - debates_scraper - INFO - Erfolgreich heruntergeladen: debates2019-09-26c.xml (566711 bytes)
2025-09-20 19:35:25,594 - debates_scraper - INFO - Erfolgreich heruntergeladen: debates2019-10-01a.xml (433169 bytes)
2025-09-20 19:35:25,612 - debates_scraper - INFO - Erfolgreich heruntergeladen: debates2019-09-30b.xml (485384 bytes)
2025-09-20 19:35:26,595 - debates_scraper - INFO - Erfolgreich heruntergeladen: debates2019-10-02a.xml (90535 bytes)
2025-09-20 19:35:26,642 - debates_scraper - INFO - Erfolgreich heruntergeladen: debates2019-10-03a.xml (85573 bytes)
2025-09-20 19:35:26,709 - debates_scraper - INFO - Erfolgreich heruntergeladen: debates2019-10-02b.xml (543402 bytes)
2025-09-20 19:35:26,874 - debates_scraper - INFO - Erfolgreich heruntergeladen: debates2019-10-03b.xml (541154 bytes)
2025-09-20 19:35:27,671 - debates_scraper - INFO - Erfolgreich heruntergeladen: debates2019-10-07a.xml (97896 bytes)
2025-09-20 19:35:27,758 - debates_scraper - INFO - Erfolgreich heruntergeladen: debates2019-10-07b.xml (98421 bytes)
2025-09-20 19:35:27,806 - debates_scraper - INFO - Erfolgreich heruntergeladen: debates2019-10-07c.xml (535486 bytes)
2025-09-20 19:35:27,925 - debates_scraper - INFO - Erfolgreich heruntergeladen: debates2019-10-08a.xml (89861 bytes)
2025-09-20 19:35:28,746 - debates_scraper - INFO - Erfolgreich heruntergeladen: debates2019-10-08b.xml (105906 bytes)
2025-09-20 19:35:28,874 - debates_scraper - INFO - Erfolgreich heruntergeladen: debates2019-10-08c.xml (547109 bytes)
2025-09-20 19:35:28,971 - debates_scraper - INFO - Erfolgreich heruntergeladen: debates2019-10-15a.xml (75523 bytes)
2025-09-20 19:35:28,982 - debates_scraper - INFO - Erfolgreich heruntergeladen: debates2019-10-14a.xml (473151 bytes)
2025-09-20 19:35:29,930 - debates_scraper - INFO - Erfolgreich heruntergeladen: debates2019-10-15b.xml (81056 bytes)
2025-09-20 19:35:29,992 - debates_scraper - INFO - Erfolgreich heruntergeladen: debates2019-10-15c.xml (586484 bytes)
2025-09-20 19:35:30,011 - debates_scraper - INFO - Erfolgreich heruntergeladen: debates2019-10-16a.xml (61838 bytes)
2025-09-20 19:35:30,153 - debates_scraper - INFO - Erfolgreich heruntergeladen: debates2019-10-16b.xml (625916 bytes)
2025-09-20 19:35:31,010 - debates_scraper - INFO - Erfolgreich heruntergeladen: debates2019-10-17a.xml (84022 bytes)
2025-09-20 19:35:31,092 - debates_scraper - INFO - Erfolgreich heruntergeladen: debates2019-10-17b.xml (83047 bytes)
2025-09-20 19:35:31,121 - debates_scraper - INFO - Erfolgreich heruntergeladen: debates2019-10-17c.xml (592996 bytes)
2025-09-20 19:35:31,221 - debates_scraper - INFO - Erfolgreich heruntergeladen: debates2019-10-19a.xml (476849 bytes)
2025-09-20 19:35:32,060 - debates_scraper - INFO - Erfolgreich heruntergeladen: debates2019-10-21a.xml (90591 bytes)
2025-09-20 19:35:32,137 - debates_scraper - INFO - Erfolgreich heruntergeladen: debates2019-10-21b.xml (85919 bytes)
2025-09-20 19:35:32,224 - debates_scraper - INFO - Erfolgreich heruntergeladen: debates2019-10-21c.xml (85486 bytes)
2025-09-20 19:35:32,345 - debates_scraper - INFO - Erfolgreich heruntergeladen: debates2019-10-21d.xml (269326 bytes)
2025-09-20 19:35:33,219 - debates_scraper - INFO - Erfolgreich heruntergeladen: debates2019-10-21e.xml (487871 bytes)
2025-09-20 19:35:33,267 - debates_scraper - INFO - Erfolgreich heruntergeladen: debates2019-10-22a.xml (116296 bytes)
2025-09-20 19:35:33,269 - debates_scraper - INFO - Erfolgreich heruntergeladen: debates2019-10-22b.xml (113164 bytes)
2025-09-20 19:35:33,395 - debates_scraper - INFO - Erfolgreich heruntergeladen: debates2019-10-22c.xml (113119 bytes)
2025-09-20 19:35:34,349 - debates_scraper - INFO - Erfolgreich heruntergeladen: debates2019-10-22d.xml (735840 bytes)
2025-09-20 19:35:34,372 - debates_scraper - INFO - Erfolgreich heruntergeladen: debates2019-10-23a.xml (88069 bytes)
2025-09-20 19:35:34,372 - debates_scraper - INFO - Erfolgreich heruntergeladen: debates2019-10-23b.xml (88160 bytes)
2025-09-20 19:35:34,511 - debates_scraper - INFO - Erfolgreich heruntergeladen: debates2019-10-23c.xml (769233 bytes)
2025-09-20 19:35:35,462 - debates_scraper - INFO - Erfolgreich heruntergeladen: debates2019-10-24a.xml (156345 bytes)
2025-09-20 19:35:35,490 - debates_scraper - INFO - Erfolgreich heruntergeladen: debates2019-10-24b.xml (97727 bytes)
2025-09-20 19:35:35,542 - debates_scraper - INFO - Erfolgreich heruntergeladen: debates2019-10-24c.xml (754136 bytes)
2025-09-20 19:35:35,552 - debates_scraper - INFO - Erfolgreich heruntergeladen: debates2019-10-28a.xml (106695 bytes)
2025-09-20 19:35:36,560 - debates_scraper - INFO - Erfolgreich heruntergeladen: debates2019-10-29a.xml (127098 bytes)
2025-09-20 19:35:36,652 - debates_scraper - INFO - Erfolgreich heruntergeladen: debates2019-10-30a.xml (524144 bytes)
2025-09-20 19:35:36,660 - debates_scraper - INFO - Erfolgreich heruntergeladen: debates2019-10-28b.xml (715230 bytes)
2025-09-20 19:35:36,728 - debates_scraper - INFO - Erfolgreich heruntergeladen: debates2019-10-29b.xml (811161 bytes)
2025-09-20 19:35:37,673 - debates_scraper - INFO - Erfolgreich heruntergeladen: debates2019-10-31a.xml (516011 bytes)
2025-09-20 19:35:37,723 - debates_scraper - INFO - Erfolgreich heruntergeladen: debates2019-11-04a.xml (62940 bytes)
2025-09-20 19:35:37,757 - debates_scraper - INFO - Erfolgreich heruntergeladen: debates2019-11-05a.xml (237657 bytes)
2025-09-20 19:35:37,832 - debates_scraper - INFO - Erfolgreich heruntergeladen: debates2019-11-05b.xml (510627 bytes)
2025-09-20 19:35:38,745 - debates_scraper - INFO - Erfolgreich heruntergeladen: debates2019-12-17a.xml (37720 bytes)
2025-09-20 19:35:38,797 - debates_scraper - INFO - Erfolgreich heruntergeladen: debates2019-12-18a.xml (16829 bytes)
2025-09-20 19:35:38,815 - debates_scraper - INFO - Erfolgreich heruntergeladen: debates2019-12-17b.xml (64665 bytes)
2025-09-20 19:35:38,872 - debates_scraper - INFO - Erfolgreich heruntergeladen: debates2019-12-19a.xml (36488 bytes)
2025-09-20 19:35:39,818 - debates_scraper - INFO - Erfolgreich heruntergeladen: debates2019-12-19b.xml (27487 bytes)
2025-09-20 19:35:39,960 - debates_scraper - INFO - Erfolgreich heruntergeladen: debates2019-12-20a.xml (424655 bytes)
2025-09-20 19:35:39,970 - debates_scraper - INFO - Erfolgreich heruntergeladen: debates2020-01-07a.xml (75301 bytes)
2025-09-20 19:35:39,976 - debates_scraper - INFO - Erfolgreich heruntergeladen: debates2019-12-19c.xml (444089 bytes)
2025-09-20 19:35:40,948 - debates_scraper - INFO - Erfolgreich heruntergeladen: debates2020-01-07b.xml (647826 bytes)
2025-09-20 19:35:41,022 - debates_scraper - INFO - Erfolgreich heruntergeladen: debates2020-01-08a.xml (81251 bytes)
2025-09-20 19:35:41,073 - debates_scraper - INFO - Erfolgreich heruntergeladen: debates2020-01-08b.xml (80164 bytes)
2025-09-20 19:35:41,134 - debates_scraper - INFO - Erfolgreich heruntergeladen: debates2020-01-08c.xml (473993 bytes)
2025-09-20 19:35:42,103 - debates_scraper - INFO - Erfolgreich heruntergeladen: debates2020-01-08d.xml (1110596 bytes)
2025-09-20 19:35:42,113 - debates_scraper - INFO - Erfolgreich heruntergeladen: debates2020-01-09a.xml (85119 bytes)
2025-09-20 19:35:42,165 - debates_scraper - INFO - Erfolgreich heruntergeladen: debates2020-01-09b.xml (181218 bytes)
2025-09-20 19:35:42,251 - debates_scraper - INFO - Erfolgreich heruntergeladen: debates2020-01-09c.xml (639258 bytes)
2025-09-20 19:35:43,181 - debates_scraper - INFO - Erfolgreich heruntergeladen: debates2020-01-13a.xml (105055 bytes)
2025-09-20 19:35:43,237 - debates_scraper - INFO - Erfolgreich heruntergeladen: debates2020-01-14a.xml (81077 bytes)
2025-09-20 19:35:43,293 - debates_scraper - INFO - Erfolgreich heruntergeladen: debates2020-01-13b.xml (521145 bytes)
2025-09-20 19:35:43,342 - debates_scraper - INFO - Erfolgreich heruntergeladen: debates2020-01-14b.xml (229534 bytes)
2025-09-20 19:35:44,323 - debates_scraper - INFO - Erfolgreich heruntergeladen: debates2020-01-14c.xml (552175 bytes)
2025-09-20 19:35:44,348 - debates_scraper - INFO - Erfolgreich heruntergeladen: debates2020-01-15a.xml (51883 bytes)
2025-09-20 19:35:44,387 - debates_scraper - INFO - Erfolgreich heruntergeladen: debates2020-01-15b.xml (54865 bytes)
2025-09-20 19:35:44,403 - debates_scraper - INFO - Erfolgreich heruntergeladen: debates2020-01-15c.xml (75522 bytes)
2025-09-20 19:35:45,459 - debates_scraper - INFO - Erfolgreich heruntergeladen: debates2020-01-16b.xml (82291 bytes)
2025-09-20 19:35:45,460 - debates_scraper - INFO - Erfolgreich heruntergeladen: debates2020-01-16a.xml (77668 bytes)
2025-09-20 19:35:45,498 - debates_scraper - INFO - Erfolgreich heruntergeladen: debates2020-01-16c.xml (74806 bytes)
2025-09-20 19:35:45,539 - debates_scraper - INFO - Erfolgreich heruntergeladen: debates2020-01-15d.xml (471616 bytes)
2025-09-20 19:35:46,570 - debates_scraper - INFO - Erfolgreich heruntergeladen: debates2020-01-16d.xml (132485 bytes)
2025-09-20 19:35:46,596 - debates_scraper - INFO - Erfolgreich heruntergeladen: debates2020-01-16e.xml (123375 bytes)
2025-09-20 19:35:46,632 - debates_scraper - INFO - Erfolgreich heruntergeladen: debates2020-01-20a.xml (56051 bytes)
2025-09-20 19:35:46,685 - debates_scraper - INFO - Erfolgreich heruntergeladen: debates2020-01-16f.xml (603805 bytes)
2025-09-20 19:35:47,697 - debates_scraper - INFO - Erfolgreich heruntergeladen: debates2020-01-20b.xml (101720 bytes)
2025-09-20 19:35:47,728 - debates_scraper - INFO - Erfolgreich heruntergeladen: debates2020-01-20d.xml (51725 bytes)
2025-09-20 19:35:47,784 - debates_scraper - INFO - Erfolgreich heruntergeladen: debates2020-01-20c.xml (255435 bytes)
2025-09-20 19:35:47,858 - debates_scraper - INFO - Erfolgreich heruntergeladen: debates2020-01-20e.xml (685987 bytes)
2025-09-20 19:35:48,819 - debates_scraper - INFO - Erfolgreich heruntergeladen: debates2020-01-21a.xml (511195 bytes)
2025-09-20 19:35:48,845 - debates_scraper - INFO - Erfolgreich heruntergeladen: debates2020-01-22a.xml (114652 bytes)
2025-09-20 19:35:48,928 - debates_scraper - INFO - Erfolgreich heruntergeladen: debates2020-01-22c.xml (339583 bytes)
2025-09-20 19:35:48,930 - debates_scraper - INFO - Erfolgreich heruntergeladen: debates2020-01-22b.xml (336416 bytes)
2025-09-20 19:35:50,002 - debates_scraper - INFO - Erfolgreich heruntergeladen: debates2020-01-23a.xml (454236 bytes)
2025-09-20 19:35:50,009 - debates_scraper - INFO - Erfolgreich heruntergeladen: debates2020-01-22d.xml (618374 bytes)
2025-09-20 19:35:50,021 - debates_scraper - INFO - Erfolgreich heruntergeladen: debates2020-01-27a.xml (87717 bytes)
2025-09-20 19:35:50,022 - debates_scraper - INFO - Erfolgreich heruntergeladen: debates2020-01-27b.xml (83692 bytes)
2025-09-20 19:35:51,094 - debates_scraper - INFO - Erfolgreich heruntergeladen: debates2020-01-28b.xml (64905 bytes)
2025-09-20 19:35:51,111 - debates_scraper - INFO - Erfolgreich heruntergeladen: debates2020-01-28a.xml (65117 bytes)
2025-09-20 19:35:51,170 - debates_scraper - INFO - Erfolgreich heruntergeladen: debates2020-01-28c.xml (430842 bytes)
2025-09-20 19:35:51,195 - debates_scraper - INFO - Erfolgreich heruntergeladen: debates2020-01-27c.xml (559351 bytes)
2025-09-20 19:35:52,163 - debates_scraper - INFO - Erfolgreich heruntergeladen: debates2020-01-29a.xml (65833 bytes)
2025-09-20 19:35:52,253 - debates_scraper - INFO - Erfolgreich heruntergeladen: debates2020-01-29b.xml (170523 bytes)
2025-09-20 19:35:52,268 - debates_scraper - INFO - Erfolgreich heruntergeladen: debates2020-01-29c.xml (376766 bytes)
2025-09-20 19:35:52,370 - debates_scraper - INFO - Erfolgreich heruntergeladen: debates2020-01-29d.xml (646247 bytes)
2025-09-20 19:35:53,266 - debates_scraper - INFO - Erfolgreich heruntergeladen: debates2020-01-30a.xml (129275 bytes)
2025-09-20 19:35:53,314 - debates_scraper - INFO - Erfolgreich heruntergeladen: debates2020-02-03a.xml (134864 bytes)
2025-09-20 19:35:53,403 - debates_scraper - INFO - Erfolgreich heruntergeladen: debates2020-01-30b.xml (556538 bytes)
2025-09-20 19:35:53,422 - debates_scraper - INFO - Erfolgreich heruntergeladen: debates2020-02-03b.xml (137764 bytes)
2025-09-20 19:35:54,371 - debates_scraper - INFO - Erfolgreich heruntergeladen: debates2020-02-03c.xml (133317 bytes)
2025-09-20 19:35:54,466 - debates_scraper - INFO - Erfolgreich heruntergeladen: debates2020-02-03d.xml (614102 bytes)
2025-09-20 19:35:54,485 - debates_scraper - INFO - Erfolgreich heruntergeladen: debates2020-02-04a.xml (210697 bytes)
2025-09-20 19:35:54,545 - debates_scraper - INFO - Erfolgreich heruntergeladen: debates2020-02-04b.xml (208101 bytes)
2025-09-20 19:35:55,473 - debates_scraper - INFO - Erfolgreich heruntergeladen: debates2020-02-04c.xml (83700 bytes)
2025-09-20 19:35:55,558 - debates_scraper - INFO - Erfolgreich heruntergeladen: debates2020-02-04d.xml (82081 bytes)
2025-09-20 19:35:55,610 - debates_scraper - INFO - Erfolgreich heruntergeladen: debates2020-02-04e.xml (648613 bytes)
2025-09-20 19:35:55,657 - debates_scraper - INFO - Erfolgreich heruntergeladen: debates2020-02-05a.xml (159924 bytes)
2025-09-20 19:35:56,631 - debates_scraper - INFO - Erfolgreich heruntergeladen: debates2020-02-05b.xml (618699 bytes)
2025-09-20 19:35:56,684 - debates_scraper - INFO - Erfolgreich heruntergeladen: debates2020-02-06a.xml (68514 bytes)
2025-09-20 19:35:56,703 - debates_scraper - INFO - Erfolgreich heruntergeladen: debates2020-02-06b.xml (79930 bytes)
2025-09-20 19:35:56,703 - debates_scraper - INFO - Erfolgreich heruntergeladen: debates2020-02-06c.xml (491741 bytes)
2025-09-20 19:35:57,744 - debates_scraper - INFO - Erfolgreich heruntergeladen: debates2020-02-10a.xml (83871 bytes)
2025-09-20 19:35:57,840 - debates_scraper - INFO - Erfolgreich heruntergeladen: debates2020-02-11b.xml (82480 bytes)
2025-09-20 19:35:57,842 - debates_scraper - INFO - Erfolgreich heruntergeladen: debates2020-02-11a.xml (82882 bytes)
2025-09-20 19:35:57,855 - debates_scraper - INFO - Erfolgreich heruntergeladen: debates2020-02-10b.xml (505802 bytes)
2025-09-20 19:35:58,819 - debates_scraper - INFO - Erfolgreich heruntergeladen: debates2020-02-11c.xml (82364 bytes)
2025-09-20 19:35:58,923 - debates_scraper - INFO - Erfolgreich heruntergeladen: debates2020-02-11d.xml (259419 bytes)
2025-09-20 19:35:58,959 - debates_scraper - INFO - Erfolgreich heruntergeladen: debates2020-02-12a.xml (58105 bytes)
2025-09-20 19:35:59,033 - debates_scraper - INFO - Erfolgreich heruntergeladen: debates2020-02-11e.xml (612461 bytes)
2025-09-20 19:35:59,975 - debates_scraper - INFO - Erfolgreich heruntergeladen: debates2020-02-12b.xml (330089 bytes)
2025-09-20 19:36:00,041 - debates_scraper - INFO - Erfolgreich heruntergeladen: debates2020-02-13a.xml (59788 bytes)
2025-09-20 19:36:00,070 - debates_scraper - INFO - Erfolgreich heruntergeladen: debates2020-02-13b.xml (66173 bytes)
2025-09-20 19:36:00,096 - debates_scraper - INFO - Erfolgreich heruntergeladen: debates2020-02-12c.xml (475712 bytes)
2025-09-20 19:36:01,060 - debates_scraper - INFO - Erfolgreich heruntergeladen: debates2020-02-13c.xml (66173 bytes)
2025-09-20 19:36:01,114 - debates_scraper - INFO - Erfolgreich heruntergeladen: debates2020-02-13e.xml (67120 bytes)
2025-09-20 19:36:01,138 - debates_scraper - INFO - Erfolgreich heruntergeladen: debates2020-02-13d.xml (66923 bytes)
2025-09-20 19:36:01,280 - debates_scraper - INFO - Erfolgreich heruntergeladen: debates2020-02-13f.xml (462821 bytes)
2025-09-20 19:36:02,136 - debates_scraper - INFO - Erfolgreich heruntergeladen: debates2020-02-24a.xml (86806 bytes)
2025-09-20 19:36:02,215 - debates_scraper - INFO - Erfolgreich heruntergeladen: debates2020-02-24b.xml (86099 bytes)
2025-09-20 19:36:02,240 - debates_scraper - INFO - Erfolgreich heruntergeladen: debates2020-02-24c.xml (619858 bytes)
2025-09-20 19:36:02,328 - debates_scraper - INFO - Erfolgreich heruntergeladen: debates2020-02-25a.xml (67008 bytes)
2025-09-20 19:36:03,216 - debates_scraper - INFO - Erfolgreich heruntergeladen: debates2020-02-25b.xml (60055 bytes)
2025-09-20 19:36:03,255 - debates_scraper - INFO - Erfolgreich heruntergeladen: debates2020-02-25c.xml (57691 bytes)
2025-09-20 19:36:03,375 - debates_scraper - INFO - Erfolgreich heruntergeladen: debates2020-02-26a.xml (73205 bytes)
2025-09-20 19:36:03,418 - debates_scraper - INFO - Erfolgreich heruntergeladen: debates2020-02-25d.xml (611800 bytes)
2025-09-20 19:36:04,389 - debates_scraper - INFO - Erfolgreich heruntergeladen: debates2020-02-26b.xml (573368 bytes)
2025-09-20 19:36:04,425 - debates_scraper - INFO - Erfolgreich heruntergeladen: debates2020-02-27a.xml (562175 bytes)
2025-09-20 19:36:04,471 - debates_scraper - INFO - Erfolgreich heruntergeladen: debates2020-03-02b.xml (107007 bytes)
2025-09-20 19:36:04,500 - debates_scraper - INFO - Erfolgreich heruntergeladen: debates2020-03-02a.xml (105908 bytes)
2025-09-20 19:36:05,533 - debates_scraper - INFO - Erfolgreich heruntergeladen: debates2020-03-02c.xml (104362 bytes)
2025-09-20 19:36:05,563 - debates_scraper - INFO - Erfolgreich heruntergeladen: debates2020-03-03a.xml (66810 bytes)
2025-09-20 19:36:05,569 - debates_scraper - INFO - Erfolgreich heruntergeladen: debates2020-03-02d.xml (574945 bytes)
2025-09-20 19:36:05,614 - debates_scraper - INFO - Erfolgreich heruntergeladen: debates2020-03-03b.xml (64450 bytes)
2025-09-20 19:36:06,631 - debates_scraper - INFO - Erfolgreich heruntergeladen: debates2020-03-03c.xml (67046 bytes)
2025-09-20 19:36:06,668 - debates_scraper - INFO - Erfolgreich heruntergeladen: debates2020-03-04a.xml (62110 bytes)
2025-09-20 19:36:06,690 - debates_scraper - INFO - Erfolgreich heruntergeladen: debates2020-03-03d.xml (346695 bytes)
2025-09-20 19:36:06,709 - debates_scraper - INFO - Erfolgreich heruntergeladen: debates2020-03-04b.xml (61418 bytes)
2025-09-20 19:36:07,754 - debates_scraper - INFO - Erfolgreich heruntergeladen: debates2020-03-04c.xml (59605 bytes)
2025-09-20 19:36:07,782 - debates_scraper - INFO - Erfolgreich heruntergeladen: debates2020-03-05a.xml (69518 bytes)
2025-09-20 19:36:07,810 - debates_scraper - INFO - Erfolgreich heruntergeladen: debates2020-03-04d.xml (620722 bytes)
2025-09-20 19:36:07,842 - debates_scraper - INFO - Erfolgreich heruntergeladen: debates2020-03-05b.xml (161475 bytes)
2025-09-20 19:36:08,851 - debates_scraper - INFO - Erfolgreich heruntergeladen: debates2020-03-09a.xml (78933 bytes)
2025-09-20 19:36:08,900 - debates_scraper - INFO - Erfolgreich heruntergeladen: debates2020-03-09b.xml (91174 bytes)
2025-09-20 19:36:08,936 - debates_scraper - INFO - Erfolgreich heruntergeladen: debates2020-03-05c.xml (473080 bytes)
2025-09-20 19:36:09,015 - debates_scraper - INFO - Erfolgreich heruntergeladen: debates2020-03-09c.xml (521968 bytes)
2025-09-20 19:36:09,976 - debates_scraper - INFO - Erfolgreich heruntergeladen: debates2020-03-10a.xml (555642 bytes)
2025-09-20 19:36:10,022 - debates_scraper - INFO - Erfolgreich heruntergeladen: debates2020-03-11a.xml (131026 bytes)
2025-09-20 19:36:10,085 - debates_scraper - INFO - Erfolgreich heruntergeladen: debates2020-03-12a.xml (74617 bytes)
2025-09-20 19:36:10,107 - debates_scraper - INFO - Erfolgreich heruntergeladen: debates2020-03-11b.xml (581186 bytes)
2025-09-20 19:36:11,160 - debates_scraper - INFO - Erfolgreich heruntergeladen: debates2020-03-12b.xml (540582 bytes)
2025-09-20 19:36:11,164 - debates_scraper - INFO - Erfolgreich heruntergeladen: debates2020-03-13a.xml (330846 bytes)
2025-09-20 19:36:11,235 - debates_scraper - INFO - Erfolgreich heruntergeladen: debates2020-03-17a.xml (167009 bytes)
2025-09-20 19:36:11,247 - debates_scraper - INFO - Erfolgreich heruntergeladen: debates2020-03-16a.xml (566071 bytes)
2025-09-20 19:36:12,259 - debates_scraper - INFO - Erfolgreich heruntergeladen: debates2020-03-17b.xml (119768 bytes)
2025-09-20 19:36:12,371 - debates_scraper - INFO - Erfolgreich heruntergeladen: debates2020-03-17c.xml (835061 bytes)
2025-09-20 19:36:12,382 - debates_scraper - INFO - Erfolgreich heruntergeladen: debates2020-03-18a.xml (524901 bytes)
2025-09-20 19:36:12,424 - debates_scraper - INFO - Erfolgreich heruntergeladen: debates2020-03-19a.xml (539713 bytes)
2025-09-20 19:36:13,448 - debates_scraper - INFO - Erfolgreich heruntergeladen: debates2020-03-24a.xml (97353 bytes)
2025-09-20 19:36:13,464 - debates_scraper - INFO - Erfolgreich heruntergeladen: debates2020-03-23a.xml (746027 bytes)
2025-09-20 19:36:13,522 - debates_scraper - INFO - Erfolgreich heruntergeladen: debates2020-03-25a.xml (63361 bytes)
2025-09-20 19:36:13,558 - debates_scraper - INFO - Erfolgreich heruntergeladen: debates2020-03-24b.xml (519446 bytes)
2025-09-20 19:36:14,590 - debates_scraper - INFO - Erfolgreich heruntergeladen: debates2020-04-21a.xml (115395 bytes)
2025-09-20 19:36:14,631 - debates_scraper - INFO - Erfolgreich heruntergeladen: debates2020-03-25b.xml (457156 bytes)
2025-09-20 19:36:14,652 - debates_scraper - INFO - Erfolgreich heruntergeladen: debates2020-04-22a.xml (216026 bytes)
2025-09-20 19:36:14,654 - debates_scraper - INFO - Erfolgreich heruntergeladen: debates2020-04-27a.xml (44989 bytes)
2025-09-20 19:36:15,733 - debates_scraper - INFO - Erfolgreich heruntergeladen: debates2020-04-28a.xml (48779 bytes)
2025-09-20 19:36:15,759 - debates_scraper - INFO - Erfolgreich heruntergeladen: debates2020-04-27b.xml (399957 bytes)
2025-09-20 19:36:15,771 - debates_scraper - INFO - Erfolgreich heruntergeladen: debates2020-04-28b.xml (120404 bytes)
2025-09-20 19:36:15,802 - debates_scraper - INFO - Erfolgreich heruntergeladen: debates2020-04-28c.xml (422256 bytes)
2025-09-20 19:36:16,819 - debates_scraper - INFO - Erfolgreich heruntergeladen: debates2020-04-29a.xml (44900 bytes)
2025-09-20 19:36:16,899 - debates_scraper - INFO - Erfolgreich heruntergeladen: debates2020-05-05a.xml (39530 bytes)
2025-09-20 19:36:16,910 - debates_scraper - INFO - Erfolgreich heruntergeladen: debates2020-04-29b.xml (384825 bytes)
2025-09-20 19:36:16,917 - debates_scraper - INFO - Erfolgreich heruntergeladen: debates2020-05-04a.xml (290155 bytes)
2025-09-20 19:36:17,992 - debates_scraper - INFO - Erfolgreich heruntergeladen: debates2020-05-05b.xml (244035 bytes)
2025-09-20 19:36:18,037 - debates_scraper - INFO - Erfolgreich heruntergeladen: debates2020-05-11a.xml (58663 bytes)
2025-09-20 19:36:18,083 - debates_scraper - INFO - Erfolgreich heruntergeladen: debates2020-05-11b.xml (401844 bytes)
2025-09-20 19:36:18,084 - debates_scraper - INFO - Erfolgreich heruntergeladen: debates2020-05-06a.xml (267828 bytes)
2025-09-20 19:36:19,095 - debates_scraper - INFO - Erfolgreich heruntergeladen: debates2020-05-12a.xml (71220 bytes)
2025-09-20 19:36:19,145 - debates_scraper - INFO - Erfolgreich heruntergeladen: debates2020-05-12c.xml (68098 bytes)
2025-09-20 19:36:19,181 - debates_scraper - INFO - Erfolgreich heruntergeladen: debates2020-05-12b.xml (68093 bytes)
2025-09-20 19:36:19,272 - debates_scraper - INFO - Erfolgreich heruntergeladen: debates2020-05-12d.xml (502626 bytes)
2025-09-20 19:36:40,495 - debates_scraper - INFO - Erfolgreich heruntergeladen: debates2020-05-13a.xml (208271 bytes)
2025-09-20 19:36:40,603 - debates_scraper - INFO - Erfolgreich heruntergeladen: debates2020-05-19a.xml (122909 bytes)
2025-09-20 19:36:40,629 - debates_scraper - INFO - Erfolgreich heruntergeladen: debates2020-05-13b.xml (638839 bytes)
2025-09-20 19:36:40,650 - debates_scraper - INFO - Erfolgreich heruntergeladen: debates2020-05-18a.xml (471286 bytes)
2025-09-20 19:36:42,029 - debates_scraper - INFO - Erfolgreich heruntergeladen: debates2020-06-02b.xml (104419 bytes)
2025-09-20 19:36:42,029 - debates_scraper - INFO - Erfolgreich heruntergeladen: debates2020-06-02a.xml (143362 bytes)
2025-09-20 19:36:42,057 - debates_scraper - INFO - Erfolgreich heruntergeladen: debates2020-05-19b.xml (331328 bytes)
2025-09-20 19:36:42,086 - debates_scraper - INFO - Erfolgreich heruntergeladen: debates2020-05-20a.xml (631868 bytes)
2025-09-20 19:36:43,206 - debates_scraper - INFO - Erfolgreich heruntergeladen: debates2020-06-02c.xml (104631 bytes)
2025-09-20 19:36:43,349 - debates_scraper - INFO - Erfolgreich heruntergeladen: debates2020-06-04a.xml (74727 bytes)
2025-09-20 19:36:43,490 - debates_scraper - INFO - Erfolgreich heruntergeladen: debates2020-06-02d.xml (646845 bytes)
2025-09-20 19:36:43,490 - debates_scraper - INFO - Erfolgreich heruntergeladen: debates2020-06-03a.xml (625839 bytes)
2025-09-20 19:36:44,365 - debates_scraper - INFO - Erfolgreich heruntergeladen: debates2020-06-04b.xml (78545 bytes)
2025-09-20 19:36:44,569 - debates_scraper - INFO - Erfolgreich heruntergeladen: debates2020-06-08a.xml (94920 bytes)
2025-09-20 19:36:44,763 - debates_scraper - INFO - Erfolgreich heruntergeladen: debates2020-06-04c.xml (512293 bytes)
2025-09-20 19:36:44,767 - debates_scraper - INFO - Erfolgreich heruntergeladen: debates2020-06-08b.xml (109183 bytes)
2025-09-20 19:36:45,731 - debates_scraper - INFO - Erfolgreich heruntergeladen: debates2020-06-08c.xml (565183 bytes)
2025-09-20 19:36:45,732 - debates_scraper - INFO - Erfolgreich heruntergeladen: debates2020-06-09a.xml (74448 bytes)
2025-09-20 19:36:45,893 - debates_scraper - INFO - Erfolgreich heruntergeladen: debates2020-06-09b.xml (71214 bytes)
2025-09-20 19:36:46,264 - debates_scraper - INFO - Erfolgreich heruntergeladen: debates2020-06-09c.xml (516853 bytes)
2025-09-20 19:36:46,875 - debates_scraper - INFO - Erfolgreich heruntergeladen: debates2020-06-10a.xml (95162 bytes)
2025-09-20 19:36:46,906 - debates_scraper - INFO - Erfolgreich heruntergeladen: debates2020-06-10b.xml (95102 bytes)
2025-09-20 19:36:47,381 - debates_scraper - INFO - Erfolgreich heruntergeladen: debates2020-06-10c.xml (450580 bytes)
2025-09-20 19:36:47,403 - debates_scraper - INFO - Erfolgreich heruntergeladen: debates2020-06-11a.xml (76412 bytes)
2025-09-20 19:36:48,224 - debates_scraper - INFO - Erfolgreich heruntergeladen: debates2020-06-15a.xml (476737 bytes)
2025-09-20 19:36:48,304 - debates_scraper - INFO - Erfolgreich heruntergeladen: debates2020-06-11b.xml (492142 bytes)
2025-09-20 19:36:48,443 - debates_scraper - INFO - Erfolgreich heruntergeladen: debates2020-06-16a.xml (99552 bytes)
2025-09-20 19:36:48,449 - debates_scraper - INFO - Erfolgreich heruntergeladen: debates2020-06-16b.xml (97058 bytes)
2025-09-20 19:36:49,294 - debates_scraper - INFO - Erfolgreich heruntergeladen: debates2020-06-16c.xml (93209 bytes)
2025-09-20 19:36:49,505 - debates_scraper - INFO - Erfolgreich heruntergeladen: debates2020-06-16d.xml (635942 bytes)
2025-09-20 19:36:49,556 - debates_scraper - INFO - Erfolgreich heruntergeladen: debates2020-06-17a.xml (113235 bytes)
2025-09-20 19:36:49,583 - debates_scraper - INFO - Erfolgreich heruntergeladen: debates2020-06-17b.xml (113416 bytes)
2025-09-20 19:36:50,402 - debates_scraper - INFO - Erfolgreich heruntergeladen: debates2020-06-17c.xml (113508 bytes)
2025-09-20 19:36:50,549 - debates_scraper - INFO - Erfolgreich heruntergeladen: debates2020-06-17d.xml (78864 bytes)
2025-09-20 19:36:50,682 - debates_scraper - INFO - Erfolgreich heruntergeladen: debates2020-06-18a.xml (60537 bytes)
2025-09-20 19:36:50,715 - debates_scraper - INFO - Erfolgreich heruntergeladen: debates2020-06-17e.xml (592928 bytes)
2025-09-20 19:36:51,565 - debates_scraper - INFO - Erfolgreich heruntergeladen: debates2020-06-18b.xml (61267 bytes)
2025-09-20 19:36:51,726 - debates_scraper - INFO - Erfolgreich heruntergeladen: debates2020-06-22a.xml (54542 bytes)
2025-09-20 19:36:51,736 - debates_scraper - INFO - Erfolgreich heruntergeladen: debates2020-06-18c.xml (527913 bytes)
2025-09-20 19:36:51,954 - debates_scraper - INFO - Erfolgreich heruntergeladen: debates2020-06-22b.xml (353181 bytes)
2025-09-20 19:36:52,646 - debates_scraper - INFO - Erfolgreich heruntergeladen: debates2020-06-23a.xml (123828 bytes)
2025-09-20 19:36:52,827 - debates_scraper - INFO - Erfolgreich heruntergeladen: debates2020-06-23b.xml (577961 bytes)
2025-09-20 19:36:52,945 - debates_scraper - INFO - Erfolgreich heruntergeladen: debates2020-06-24a.xml (122489 bytes)
2025-09-20 19:36:53,000 - debates_scraper - INFO - Erfolgreich heruntergeladen: debates2020-06-24b.xml (74483 bytes)
2025-09-20 19:36:53,726 - debates_scraper - INFO - Erfolgreich heruntergeladen: debates2020-06-24c.xml (73024 bytes)
2025-09-20 19:36:53,988 - debates_scraper - INFO - Erfolgreich heruntergeladen: debates2020-06-24d.xml (129634 bytes)
2025-09-20 19:36:54,047 - debates_scraper - INFO - Erfolgreich heruntergeladen: debates2020-06-25a.xml (75397 bytes)
2025-09-20 19:36:54,222 - debates_scraper - INFO - Erfolgreich heruntergeladen: debates2020-06-24e.xml (599128 bytes)
2025-09-20 19:36:54,859 - debates_scraper - INFO - Erfolgreich heruntergeladen: debates2020-06-25b.xml (548565 bytes)
2025-09-20 19:36:55,047 - debates_scraper - INFO - Erfolgreich heruntergeladen: debates2020-06-29a.xml (63838 bytes)
2025-09-20 19:36:55,090 - debates_scraper - INFO - Erfolgreich heruntergeladen: debates2020-06-29b.xml (64410 bytes)
2025-09-20 19:36:55,329 - debates_scraper - INFO - Erfolgreich heruntergeladen: debates2020-06-29c.xml (509038 bytes)
2025-09-20 19:36:55,946 - debates_scraper - INFO - Erfolgreich heruntergeladen: debates2020-06-30a.xml (181337 bytes)
2025-09-20 19:36:56,120 - debates_scraper - INFO - Erfolgreich heruntergeladen: debates2020-06-30b.xml (127953 bytes)
2025-09-20 19:36:56,286 - debates_scraper - INFO - Erfolgreich heruntergeladen: debates2020-06-30c.xml (75102 bytes)
2025-09-20 19:36:56,490 - debates_scraper - INFO - Erfolgreich heruntergeladen: debates2020-06-30d.xml (856484 bytes)
2025-09-20 19:36:57,111 - debates_scraper - INFO - Erfolgreich heruntergeladen: debates2020-07-01a.xml (132571 bytes)
2025-09-20 19:36:57,190 - debates_scraper - INFO - Erfolgreich heruntergeladen: debates2020-07-01b.xml (338622 bytes)
2025-09-20 19:36:57,340 - debates_scraper - INFO - Erfolgreich heruntergeladen: debates2020-07-01c.xml (77476 bytes)
2025-09-20 19:36:57,700 - debates_scraper - INFO - Erfolgreich heruntergeladen: debates2020-07-01d.xml (901976 bytes)
2025-09-20 19:36:58,193 - debates_scraper - INFO - Erfolgreich heruntergeladen: debates2020-07-02a.xml (71384 bytes)
2025-09-20 19:36:58,236 - debates_scraper - INFO - Erfolgreich heruntergeladen: debates2020-07-02b.xml (76357 bytes)
2025-09-20 19:36:58,441 - debates_scraper - INFO - Erfolgreich heruntergeladen: debates2020-07-02c.xml (582979 bytes)
2025-09-20 19:36:58,776 - debates_scraper - INFO - Erfolgreich heruntergeladen: debates2020-07-06a.xml (162240 bytes)
2025-09-20 19:36:59,278 - debates_scraper - INFO - Erfolgreich heruntergeladen: debates2020-07-06b.xml (65930 bytes)
2025-09-20 19:36:59,433 - debates_scraper - INFO - Erfolgreich heruntergeladen: debates2020-07-06c.xml (163963 bytes)
2025-09-20 19:36:59,488 - debates_scraper - INFO - Erfolgreich heruntergeladen: debates2020-07-06d.xml (65862 bytes)
2025-09-20 19:37:00,015 - debates_scraper - INFO - Erfolgreich heruntergeladen: debates2020-07-06e.xml (707224 bytes)
2025-09-20 19:37:00,325 - debates_scraper - INFO - Erfolgreich heruntergeladen: debates2020-07-07a.xml (82089 bytes)
2025-09-20 19:37:00,492 - debates_scraper - INFO - Erfolgreich heruntergeladen: debates2020-07-07b.xml (76460 bytes)
2025-09-20 19:37:00,608 - debates_scraper - INFO - Erfolgreich heruntergeladen: debates2020-07-07c.xml (560616 bytes)
2025-09-20 19:37:01,058 - debates_scraper - INFO - Erfolgreich heruntergeladen: debates2020-07-08a.xml (73676 bytes)
2025-09-20 19:37:01,532 - debates_scraper - INFO - Erfolgreich heruntergeladen: debates2020-07-08b.xml (557410 bytes)
2025-09-20 19:37:01,589 - debates_scraper - INFO - Erfolgreich heruntergeladen: debates2020-07-09a.xml (77037 bytes)
2025-09-20 19:37:01,650 - debates_scraper - INFO - Erfolgreich heruntergeladen: debates2020-07-09b.xml (73705 bytes)
2025-09-20 19:37:02,230 - debates_scraper - INFO - Erfolgreich heruntergeladen: debates2020-07-09c.xml (550147 bytes)
2025-09-20 19:37:02,639 - debates_scraper - INFO - Erfolgreich heruntergeladen: debates2020-07-13a.xml (470965 bytes)
2025-09-20 19:37:02,713 - debates_scraper - INFO - Erfolgreich heruntergeladen: debates2020-07-14a.xml (131749 bytes)
2025-09-20 19:37:02,714 - debates_scraper - INFO - Erfolgreich heruntergeladen: debates2020-07-14b.xml (132666 bytes)
2025-09-20 19:37:03,433 - debates_scraper - INFO - Erfolgreich heruntergeladen: debates2020-07-14c.xml (660814 bytes)
2025-09-20 19:37:03,685 - debates_scraper - INFO - Erfolgreich heruntergeladen: debates2020-07-15a.xml (99309 bytes)
2025-09-20 19:37:03,759 - debates_scraper - INFO - Erfolgreich heruntergeladen: debates2020-07-16a.xml (84719 bytes)
2025-09-20 19:37:03,984 - debates_scraper - INFO - Erfolgreich heruntergeladen: debates2020-07-15b.xml (594231 bytes)
2025-09-20 19:37:04,492 - debates_scraper - INFO - Erfolgreich heruntergeladen: debates2020-07-16b.xml (84422 bytes)
2025-09-20 19:37:04,784 - debates_scraper - INFO - Erfolgreich heruntergeladen: debates2020-07-16c.xml (623864 bytes)
2025-09-20 19:37:05,002 - debates_scraper - INFO - Erfolgreich heruntergeladen: debates2020-07-20a.xml (287791 bytes)
2025-09-20 19:37:05,053 - debates_scraper - INFO - Erfolgreich heruntergeladen: debates2020-07-20b.xml (139281 bytes)
2025-09-20 19:37:05,725 - debates_scraper - INFO - Erfolgreich heruntergeladen: debates2020-07-20c.xml (838945 bytes)
2025-09-20 19:37:05,826 - debates_scraper - INFO - Erfolgreich heruntergeladen: debates2020-07-21a.xml (139917 bytes)
2025-09-20 19:37:06,069 - debates_scraper - INFO - Erfolgreich heruntergeladen: debates2020-07-21b.xml (83686 bytes)
2025-09-20 19:37:06,223 - debates_scraper - INFO - Erfolgreich heruntergeladen: debates2020-07-21c.xml (82214 bytes)
2025-09-20 19:37:06,826 - debates_scraper - INFO - Erfolgreich heruntergeladen: debates2020-07-21d.xml (78015 bytes)
2025-09-20 19:37:06,964 - debates_scraper - INFO - Erfolgreich heruntergeladen: debates2020-07-21e.xml (630604 bytes)
2025-09-20 19:37:07,158 - debates_scraper - INFO - Erfolgreich heruntergeladen: debates2020-07-22a.xml (66717 bytes)
2025-09-20 19:37:07,315 - debates_scraper - INFO - Erfolgreich heruntergeladen: debates2020-07-22b.xml (65825 bytes)
2025-09-20 19:37:07,975 - debates_scraper - INFO - Erfolgreich heruntergeladen: debates2020-07-22c.xml (524449 bytes)
2025-09-20 19:37:08,152 - debates_scraper - INFO - Erfolgreich heruntergeladen: debates2020-09-01a.xml (98970 bytes)
2025-09-20 19:37:08,349 - debates_scraper - INFO - Erfolgreich heruntergeladen: debates2020-09-01b.xml (549034 bytes)
2025-09-20 19:37:08,358 - debates_scraper - INFO - Erfolgreich heruntergeladen: debates2020-09-02a.xml (81105 bytes)
2025-09-20 19:37:09,171 - debates_scraper - INFO - Erfolgreich heruntergeladen: debates2020-09-02b.xml (519183 bytes)
2025-09-20 19:37:09,227 - debates_scraper - INFO - Erfolgreich heruntergeladen: debates2020-09-03a.xml (74060 bytes)
2025-09-20 19:37:09,402 - debates_scraper - INFO - Erfolgreich heruntergeladen: debates2020-09-07a.xml (109488 bytes)
2025-09-20 19:37:09,426 - debates_scraper - INFO - Erfolgreich heruntergeladen: debates2020-09-03b.xml (289661 bytes)
2025-09-20 19:37:10,305 - debates_scraper - INFO - Erfolgreich heruntergeladen: debates2020-09-07b.xml (82995 bytes)
2025-09-20 19:37:10,444 - debates_scraper - INFO - Erfolgreich heruntergeladen: debates2020-09-07c.xml (547575 bytes)
2025-09-20 19:37:10,502 - debates_scraper - INFO - Erfolgreich heruntergeladen: debates2020-09-08a.xml (169168 bytes)
2025-09-20 19:37:10,557 - debates_scraper - INFO - Erfolgreich heruntergeladen: debates2020-09-08b.xml (83302 bytes)
2025-09-20 19:37:11,493 - debates_scraper - INFO - Erfolgreich heruntergeladen: debates2020-09-08c.xml (79661 bytes)
2025-09-20 19:37:11,580 - debates_scraper - INFO - Erfolgreich heruntergeladen: debates2020-09-09a.xml (181385 bytes)
2025-09-20 19:37:11,647 - debates_scraper - INFO - Erfolgreich heruntergeladen: debates2020-09-09b.xml (72631 bytes)
2025-09-20 19:37:11,851 - debates_scraper - INFO - Erfolgreich heruntergeladen: debates2020-09-08d.xml (575378 bytes)
2025-09-20 19:37:12,543 - debates_scraper - INFO - Erfolgreich heruntergeladen: debates2020-09-09c.xml (88677 bytes)
2025-09-20 19:37:12,659 - debates_scraper - INFO - Erfolgreich heruntergeladen: debates2020-09-09d.xml (121813 bytes)
2025-09-20 19:37:12,836 - debates_scraper - INFO - Erfolgreich heruntergeladen: debates2020-09-09e.xml (71028 bytes)
2025-09-20 19:37:13,177 - debates_scraper - INFO - Erfolgreich heruntergeladen: debates2020-09-09f.xml (703533 bytes)
2025-09-20 19:37:13,623 - debates_scraper - INFO - Erfolgreich heruntergeladen: debates2020-09-10a.xml (560245 bytes)
2025-09-20 19:37:13,727 - debates_scraper - INFO - Erfolgreich heruntergeladen: debates2020-09-11a.xml (328372 bytes)
2025-09-20 19:37:13,942 - debates_scraper - INFO - Erfolgreich heruntergeladen: debates2020-09-14a.xml (166739 bytes)
2025-09-20 19:37:14,282 - debates_scraper - INFO - Erfolgreich heruntergeladen: debates2020-09-14b.xml (721981 bytes)
2025-09-20 19:37:14,670 - debates_scraper - INFO - Erfolgreich heruntergeladen: debates2020-09-15a.xml (79787 bytes)
2025-09-20 19:37:14,790 - debates_scraper - INFO - Erfolgreich heruntergeladen: debates2020-09-15b.xml (127607 bytes)
2025-09-20 19:37:15,022 - debates_scraper - INFO - Erfolgreich heruntergeladen: debates2020-09-15c.xml (607391 bytes)
2025-09-20 19:37:15,353 - debates_scraper - INFO - Erfolgreich heruntergeladen: debates2020-09-16a.xml (178207 bytes)
2025-09-20 19:37:15,766 - debates_scraper - INFO - Erfolgreich heruntergeladen: debates2020-09-16b.xml (747230 bytes)
2025-09-20 19:37:15,878 - debates_scraper - INFO - Erfolgreich heruntergeladen: debates2020-09-17a.xml (81236 bytes)
2025-09-20 19:37:16,077 - debates_scraper - INFO - Erfolgreich heruntergeladen: debates2020-09-17b.xml (561475 bytes)
2025-09-20 19:37:16,404 - debates_scraper - INFO - Erfolgreich heruntergeladen: debates2020-09-21a.xml (183150 bytes)
2025-09-20 19:37:16,809 - debates_scraper - INFO - Erfolgreich heruntergeladen: debates2020-09-21b.xml (79457 bytes)
2025-09-20 19:37:16,925 - debates_scraper - INFO - Erfolgreich heruntergeladen: debates2020-09-21c.xml (72443 bytes)
2025-09-20 19:37:17,236 - debates_scraper - INFO - Erfolgreich heruntergeladen: debates2020-09-21d.xml (843437 bytes)
2025-09-20 19:37:17,585 - debates_scraper - INFO - Erfolgreich heruntergeladen: debates2020-09-22a.xml (624394 bytes)
2025-09-20 19:37:17,865 - debates_scraper - INFO - Erfolgreich heruntergeladen: debates2020-09-23a.xml (131896 bytes)
2025-09-20 19:37:18,085 - debates_scraper - INFO - Erfolgreich heruntergeladen: debates2020-09-23b.xml (111791 bytes)
2025-09-20 19:37:18,344 - debates_scraper - INFO - Erfolgreich heruntergeladen: debates2020-09-23c.xml (928524 bytes)
2025-09-20 19:37:18,654 - debates_scraper - INFO - Erfolgreich heruntergeladen: debates2020-09-24a.xml (84185 bytes)
2025-09-20 19:37:18,927 - debates_scraper - INFO - Erfolgreich heruntergeladen: debates2020-09-24b.xml (76552 bytes)
2025-09-20 19:37:19,176 - debates_scraper - INFO - Erfolgreich heruntergeladen: debates2020-09-24c.xml (73608 bytes)
2025-09-20 19:37:19,435 - debates_scraper - INFO - Erfolgreich heruntergeladen: debates2020-09-24d.xml (540412 bytes)
2025-09-20 19:37:19,729 - debates_scraper - INFO - Erfolgreich heruntergeladen: debates2020-09-25a.xml (334706 bytes)
2025-09-20 19:37:19,986 - debates_scraper - INFO - Erfolgreich heruntergeladen: debates2020-09-28a.xml (50318 bytes)
2025-09-20 19:37:20,218 - debates_scraper - INFO - Erfolgreich heruntergeladen: debates2020-09-28b.xml (47811 bytes)
2025-09-20 19:37:20,541 - debates_scraper - INFO - Erfolgreich heruntergeladen: debates2020-09-28c.xml (513029 bytes)
2025-09-20 19:37:20,773 - debates_scraper - INFO - Erfolgreich heruntergeladen: debates2020-09-29a.xml (380025 bytes)
2025-09-20 19:37:21,036 - debates_scraper - INFO - Erfolgreich heruntergeladen: debates2020-09-29b.xml (86129 bytes)
2025-09-20 19:37:21,322 - debates_scraper - INFO - Erfolgreich heruntergeladen: debates2020-09-29c.xml (93669 bytes)
2025-09-20 19:37:21,668 - debates_scraper - INFO - Erfolgreich heruntergeladen: debates2020-09-29d.xml (975290 bytes)
2025-09-20 19:37:21,818 - debates_scraper - INFO - Erfolgreich heruntergeladen: debates2020-09-30a.xml (76844 bytes)
2025-09-20 19:37:22,084 - debates_scraper - INFO - Erfolgreich heruntergeladen: debates2020-09-30b.xml (124033 bytes)
2025-09-20 19:37:22,396 - debates_scraper - INFO - Erfolgreich heruntergeladen: debates2020-09-30c.xml (218443 bytes)
2025-09-20 19:37:22,814 - debates_scraper - INFO - Erfolgreich heruntergeladen: debates2020-09-30d.xml (832414 bytes)
2025-09-20 19:37:22,883 - debates_scraper - INFO - Erfolgreich heruntergeladen: debates2020-10-01a.xml (71254 bytes)
2025-09-20 19:37:23,130 - debates_scraper - INFO - Erfolgreich heruntergeladen: debates2020-10-01b.xml (65851 bytes)
2025-09-20 19:37:23,478 - debates_scraper - INFO - Erfolgreich heruntergeladen: debates2020-10-01c.xml (453122 bytes)
2025-09-20 19:37:23,893 - debates_scraper - INFO - Erfolgreich heruntergeladen: debates2020-10-05a.xml (131436 bytes)
2025-09-20 19:37:24,064 - debates_scraper - INFO - Erfolgreich heruntergeladen: debates2020-10-05b.xml (566471 bytes)
2025-09-20 19:37:24,210 - debates_scraper - INFO - Erfolgreich heruntergeladen: debates2020-10-06a.xml (90372 bytes)
2025-09-20 19:37:24,572 - debates_scraper - INFO - Erfolgreich heruntergeladen: debates2020-10-06b.xml (696028 bytes)
2025-09-20 19:37:24,962 - debates_scraper - INFO - Erfolgreich heruntergeladen: debates2020-10-07a.xml (48814 bytes)
2025-09-20 19:37:25,119 - debates_scraper - INFO - Erfolgreich heruntergeladen: debates2020-10-07b.xml (447849 bytes)
2025-09-20 19:37:25,267 - debates_scraper - INFO - Erfolgreich heruntergeladen: debates2020-10-08a.xml (61048 bytes)
2025-09-20 19:37:25,635 - debates_scraper - INFO - Erfolgreich heruntergeladen: debates2020-10-08b.xml (60813 bytes)
2025-09-20 19:37:26,119 - debates_scraper - INFO - Erfolgreich heruntergeladen: debates2020-10-08c.xml (62439 bytes)
2025-09-20 19:37:26,293 - debates_scraper - INFO - Erfolgreich heruntergeladen: debates2020-10-08d.xml (550859 bytes)
2025-09-20 19:37:26,634 - debates_scraper - INFO - Erfolgreich heruntergeladen: debates2020-10-12a.xml (138587 bytes)
2025-09-20 19:37:26,834 - debates_scraper - INFO - Erfolgreich heruntergeladen: debates2020-10-12b.xml (139040 bytes)
2025-09-20 19:37:27,375 - debates_scraper - INFO - Erfolgreich heruntergeladen: debates2020-10-12c.xml (83707 bytes)
2025-09-20 19:37:27,560 - debates_scraper - INFO - Erfolgreich heruntergeladen: debates2020-10-12d.xml (686535 bytes)
2025-09-20 19:37:27,806 - debates_scraper - INFO - Erfolgreich heruntergeladen: debates2020-10-13a.xml (89523 bytes)
2025-09-20 19:37:28,320 - debates_scraper - INFO - Erfolgreich heruntergeladen: debates2020-10-13b.xml (992838 bytes)
2025-09-20 19:37:28,567 - debates_scraper - INFO - Erfolgreich heruntergeladen: debates2020-10-14a.xml (117570 bytes)
2025-09-20 19:37:28,659 - debates_scraper - INFO - Erfolgreich heruntergeladen: debates2020-10-14b.xml (63913 bytes)
2025-09-20 19:37:28,996 - debates_scraper - INFO - Erfolgreich heruntergeladen: debates2020-10-14c.xml (667498 bytes)
2025-09-20 19:37:29,493 - debates_scraper - INFO - Erfolgreich heruntergeladen: debates2020-10-15a.xml (80624 bytes)
2025-09-20 19:37:29,727 - debates_scraper - INFO - Erfolgreich heruntergeladen: debates2020-10-16a.xml (38702 bytes)
2025-09-20 19:37:29,759 - debates_scraper - INFO - Erfolgreich heruntergeladen: debates2020-10-15b.xml (772844 bytes)
2025-09-20 19:37:30,070 - debates_scraper - INFO - Erfolgreich heruntergeladen: debates2020-10-16b.xml (348765 bytes)
2025-09-20 19:37:30,538 - debates_scraper - INFO - Erfolgreich heruntergeladen: debates2020-10-19a.xml (131300 bytes)
2025-09-20 19:37:30,775 - debates_scraper - INFO - Erfolgreich heruntergeladen: debates2020-10-19b.xml (97377 bytes)
2025-09-20 19:37:30,853 - debates_scraper - INFO - Erfolgreich heruntergeladen: debates2020-10-19c.xml (73406 bytes)
2025-09-20 19:37:31,194 - debates_scraper - INFO - Erfolgreich heruntergeladen: debates2020-10-19d.xml (805131 bytes)
2025-09-20 19:37:31,609 - debates_scraper - INFO - Erfolgreich heruntergeladen: debates2020-10-20a.xml (79172 bytes)
2025-09-20 19:37:31,818 - debates_scraper - INFO - Erfolgreich heruntergeladen: debates2020-10-20b.xml (67143 bytes)
2025-09-20 19:37:31,937 - debates_scraper - INFO - Erfolgreich heruntergeladen: debates2020-10-20c.xml (618277 bytes)
2025-09-20 19:37:32,242 - debates_scraper - INFO - Erfolgreich heruntergeladen: debates2020-10-21a.xml (179993 bytes)
2025-09-20 19:37:32,682 - debates_scraper - INFO - Erfolgreich heruntergeladen: debates2020-10-21b.xml (81787 bytes)
2025-09-20 19:37:32,854 - debates_scraper - INFO - Erfolgreich heruntergeladen: debates2020-10-21c.xml (73065 bytes)
2025-09-20 19:37:32,982 - debates_scraper - INFO - Erfolgreich heruntergeladen: debates2020-10-21d.xml (74609 bytes)
2025-09-20 19:37:33,340 - debates_scraper - INFO - Erfolgreich heruntergeladen: debates2020-10-21e.xml (873764 bytes)
2025-09-20 19:37:33,746 - debates_scraper - INFO - Erfolgreich heruntergeladen: debates2020-10-22a.xml (87269 bytes)
2025-09-20 19:37:33,905 - debates_scraper - INFO - Erfolgreich heruntergeladen: debates2020-10-22b.xml (90491 bytes)
2025-09-20 19:37:34,064 - debates_scraper - INFO - Erfolgreich heruntergeladen: debates2020-10-22c.xml (574923 bytes)
2025-09-20 19:37:34,391 - debates_scraper - INFO - Erfolgreich heruntergeladen: debates2020-10-23a.xml (44379 bytes)
2025-09-20 19:37:34,820 - debates_scraper - INFO - Erfolgreich heruntergeladen: debates2020-10-23b.xml (344426 bytes)
2025-09-20 19:37:34,943 - debates_scraper - INFO - Erfolgreich heruntergeladen: debates2020-11-02a.xml (89757 bytes)
2025-09-20 19:37:35,136 - debates_scraper - INFO - Erfolgreich heruntergeladen: debates2020-11-02b.xml (85193 bytes)
2025-09-20 19:37:35,462 - debates_scraper - INFO - Erfolgreich heruntergeladen: debates2020-11-02c.xml (569778 bytes)
2025-09-20 19:37:35,864 - debates_scraper - INFO - Erfolgreich heruntergeladen: debates2020-11-03a.xml (130811 bytes)
2025-09-20 19:37:35,985 - debates_scraper - INFO - Erfolgreich heruntergeladen: debates2020-11-03b.xml (76986 bytes)
2025-09-20 19:37:36,210 - debates_scraper - INFO - Erfolgreich heruntergeladen: debates2020-11-03c.xml (297560 bytes)
2025-09-20 19:37:36,558 - debates_scraper - INFO - Erfolgreich heruntergeladen: debates2020-11-03d.xml (809416 bytes)
2025-09-20 19:37:36,903 - debates_scraper - INFO - Erfolgreich heruntergeladen: debates2020-11-04a.xml (159415 bytes)
2025-09-20 19:37:37,056 - debates_scraper - INFO - Erfolgreich heruntergeladen: debates2020-11-04b.xml (105327 bytes)
2025-09-20 19:37:37,299 - debates_scraper - INFO - Erfolgreich heruntergeladen: debates2020-11-04c.xml (57623 bytes)
2025-09-20 19:37:37,631 - debates_scraper - INFO - Erfolgreich heruntergeladen: debates2020-11-04d.xml (163646 bytes)
2025-09-20 19:37:38,028 - debates_scraper - INFO - Erfolgreich heruntergeladen: debates2020-11-04e.xml (696366 bytes)
2025-09-20 19:37:38,100 - debates_scraper - INFO - Erfolgreich heruntergeladen: debates2020-11-05a.xml (76827 bytes)
2025-09-20 19:37:38,399 - debates_scraper - INFO - Erfolgreich heruntergeladen: debates2020-11-05b.xml (85164 bytes)
2025-09-20 19:37:38,713 - debates_scraper - INFO - Erfolgreich heruntergeladen: debates2020-11-05c.xml (537519 bytes)
2025-09-20 19:37:39,078 - debates_scraper - INFO - Erfolgreich heruntergeladen: debates2020-11-09a.xml (72413 bytes)
2025-09-20 19:37:39,198 - debates_scraper - INFO - Erfolgreich heruntergeladen: debates2020-11-09b.xml (500692 bytes)
2025-09-20 19:37:39,449 - debates_scraper - INFO - Erfolgreich heruntergeladen: debates2020-11-10a.xml (412942 bytes)
2025-09-20 19:37:39,780 - debates_scraper - INFO - Erfolgreich heruntergeladen: debates2020-11-10b.xml (136233 bytes)
2025-09-20 19:37:40,151 - debates_scraper - INFO - Erfolgreich heruntergeladen: debates2020-11-10c.xml (304776 bytes)
2025-09-20 19:37:40,287 - debates_scraper - INFO - Erfolgreich heruntergeladen: debates2020-11-10d.xml (902984 bytes)
2025-09-20 19:37:40,510 - debates_scraper - INFO - Erfolgreich heruntergeladen: debates2020-11-11a.xml (558259 bytes)
2025-09-20 19:37:40,835 - debates_scraper - INFO - Erfolgreich heruntergeladen: debates2020-11-12a.xml (71052 bytes)
2025-09-20 19:37:41,235 - debates_scraper - INFO - Erfolgreich heruntergeladen: debates2020-11-12b.xml (521754 bytes)
2025-09-20 19:37:41,330 - debates_scraper - INFO - Erfolgreich heruntergeladen: debates2020-11-16a.xml (119833 bytes)
2025-09-20 19:37:41,553 - debates_scraper - INFO - Erfolgreich heruntergeladen: debates2020-11-16b.xml (283684 bytes)
2025-09-20 19:37:41,968 - debates_scraper - INFO - Erfolgreich heruntergeladen: debates2020-11-16c.xml (800403 bytes)
2025-09-20 19:37:42,307 - debates_scraper - INFO - Erfolgreich heruntergeladen: debates2020-11-17a.xml (629599 bytes)
2025-09-20 19:37:42,373 - debates_scraper - INFO - Erfolgreich heruntergeladen: debates2020-11-18a.xml (70304 bytes)
2025-09-20 19:37:42,613 - debates_scraper - INFO - Erfolgreich heruntergeladen: debates2020-11-18b.xml (533116 bytes)
2025-09-20 19:37:43,049 - debates_scraper - INFO - Erfolgreich heruntergeladen: debates2020-11-19a.xml (74178 bytes)
2025-09-20 19:37:43,359 - debates_scraper - INFO - Erfolgreich heruntergeladen: debates2020-11-19b.xml (74638 bytes)
2025-09-20 19:37:43,457 - debates_scraper - INFO - Erfolgreich heruntergeladen: debates2020-11-19c.xml (549869 bytes)
2025-09-20 19:37:43,656 - debates_scraper - INFO - Erfolgreich heruntergeladen: debates2020-11-23a.xml (73440 bytes)
2025-09-20 19:37:44,102 - debates_scraper - INFO - Erfolgreich heruntergeladen: debates2020-11-23b.xml (70257 bytes)
2025-09-20 19:37:44,403 - debates_scraper - INFO - Erfolgreich heruntergeladen: debates2020-11-23c.xml (74379 bytes)
2025-09-20 19:37:44,513 - debates_scraper - INFO - Erfolgreich heruntergeladen: debates2020-11-23d.xml (68812 bytes)
2025-09-20 19:37:44,731 - debates_scraper - INFO - Erfolgreich heruntergeladen: debates2020-11-23e.xml (386547 bytes)
2025-09-20 19:37:45,152 - debates_scraper - INFO - Erfolgreich heruntergeladen: debates2020-11-24a.xml (94813 bytes)
2025-09-20 19:37:45,470 - debates_scraper - INFO - Erfolgreich heruntergeladen: debates2020-11-24b.xml (93143 bytes)
2025-09-20 19:37:45,587 - debates_scraper - INFO - Erfolgreich heruntergeladen: debates2020-11-24c.xml (557730 bytes)
2025-09-20 19:37:45,968 - debates_scraper - INFO - Erfolgreich heruntergeladen: debates2020-11-25a.xml (130478 bytes)
2025-09-20 19:37:46,229 - debates_scraper - INFO - Erfolgreich heruntergeladen: debates2020-11-25b.xml (78021 bytes)
2025-09-20 19:37:46,601 - debates_scraper - INFO - Erfolgreich heruntergeladen: debates2020-11-25c.xml (670388 bytes)
2025-09-20 19:37:46,687 - debates_scraper - INFO - Erfolgreich heruntergeladen: debates2020-11-26a.xml (72768 bytes)
2025-09-20 19:37:47,042 - debates_scraper - INFO - Erfolgreich heruntergeladen: debates2020-11-26b.xml (78194 bytes)
2025-09-20 19:37:47,309 - debates_scraper - INFO - Erfolgreich heruntergeladen: debates2020-11-26c.xml (73402 bytes)
2025-09-20 19:37:47,739 - debates_scraper - INFO - Erfolgreich heruntergeladen: debates2020-11-26d.xml (554411 bytes)
2025-09-20 19:37:47,764 - debates_scraper - INFO - Erfolgreich heruntergeladen: debates2020-11-30a.xml (83774 bytes)
2025-09-20 19:37:48,168 - debates_scraper - INFO - Erfolgreich heruntergeladen: debates2020-11-30b.xml (539158 bytes)
2025-09-20 19:37:48,355 - debates_scraper - INFO - Erfolgreich heruntergeladen: debates2020-12-01a.xml (74151 bytes)
2025-09-20 19:37:48,799 - debates_scraper - INFO - Erfolgreich heruntergeladen: debates2020-12-01b.xml (61373 bytes)
2025-09-20 19:37:48,961 - debates_scraper - INFO - Erfolgreich heruntergeladen: debates2020-12-01c.xml (637976 bytes)
2025-09-20 19:37:49,265 - debates_scraper - INFO - Erfolgreich heruntergeladen: debates2020-12-02a.xml (530577 bytes)
2025-09-20 19:37:49,402 - debates_scraper - INFO - Erfolgreich heruntergeladen: debates2020-12-03a.xml (68230 bytes)
2025-09-20 19:37:49,851 - debates_scraper - INFO - Erfolgreich heruntergeladen: debates2020-12-03b.xml (76106 bytes)
2025-09-20 19:37:50,009 - debates_scraper - INFO - Erfolgreich heruntergeladen: debates2020-12-03c.xml (68962 bytes)
2025-09-20 19:37:50,401 - debates_scraper - INFO - Erfolgreich heruntergeladen: debates2020-12-03d.xml (531151 bytes)
2025-09-20 19:37:50,455 - debates_scraper - INFO - Erfolgreich heruntergeladen: debates2020-12-07a.xml (133494 bytes)
2025-09-20 19:37:50,905 - debates_scraper - INFO - Erfolgreich heruntergeladen: debates2020-12-07b.xml (71071 bytes)
2025-09-20 19:37:51,109 - debates_scraper - INFO - Erfolgreich heruntergeladen: debates2020-12-07c.xml (758966 bytes)
2025-09-20 19:37:51,501 - debates_scraper - INFO - Erfolgreich heruntergeladen: debates2020-12-08a.xml (108758 bytes)
2025-09-20 19:37:51,634 - debates_scraper - INFO - Erfolgreich heruntergeladen: debates2020-12-08b.xml (616686 bytes)
2025-09-20 19:37:51,955 - debates_scraper - INFO - Erfolgreich heruntergeladen: debates2020-12-09a.xml (123263 bytes)
2025-09-20 19:37:52,247 - debates_scraper - INFO - Erfolgreich heruntergeladen: debates2020-12-09b.xml (654974 bytes)
2025-09-20 19:37:52,560 - debates_scraper - INFO - Erfolgreich heruntergeladen: debates2020-12-10a.xml (68115 bytes)
2025-09-20 19:37:52,708 - debates_scraper - INFO - Erfolgreich heruntergeladen: debates2020-12-10b.xml (737746 bytes)
2025-09-20 19:37:53,006 - debates_scraper - INFO - Erfolgreich heruntergeladen: debates2020-12-14a.xml (63716 bytes)
2025-09-20 19:37:53,359 - debates_scraper - INFO - Erfolgreich heruntergeladen: debates2020-12-14b.xml (479091 bytes)
2025-09-20 19:37:53,630 - debates_scraper - INFO - Erfolgreich heruntergeladen: debates2020-12-15a.xml (625016 bytes)
2025-09-20 19:37:53,752 - debates_scraper - INFO - Erfolgreich heruntergeladen: debates2020-12-16a.xml (64101 bytes)
2025-09-20 19:37:54,064 - debates_scraper - INFO - Erfolgreich heruntergeladen: debates2020-12-16b.xml (447522 bytes)
2025-09-20 19:37:54,405 - debates_scraper - INFO - Erfolgreich heruntergeladen: debates2020-12-17a.xml (78235 bytes)
2025-09-20 19:37:54,712 - debates_scraper - INFO - Erfolgreich heruntergeladen: debates2020-12-17b.xml (549192 bytes)
2025-09-20 19:37:54,817 - debates_scraper - INFO - Erfolgreich heruntergeladen: debates2020-12-30a.xml (143088 bytes)
2025-09-20 19:37:55,188 - debates_scraper - INFO - Erfolgreich heruntergeladen: debates2020-12-30b.xml (1070775 bytes)
2025-09-20 19:37:55,450 - debates_scraper - INFO - Erfolgreich heruntergeladen: debates2021-01-06a.xml (57390 bytes)
2025-09-20 19:37:55,766 - debates_scraper - INFO - Erfolgreich heruntergeladen: debates2021-01-06b.xml (65544 bytes)
2025-09-20 19:37:55,891 - debates_scraper - INFO - Erfolgreich heruntergeladen: debates2021-01-06c.xml (620681 bytes)
2025-09-20 19:37:56,240 - debates_scraper - INFO - Erfolgreich heruntergeladen: debates2021-01-11a.xml (65254 bytes)
2025-09-20 19:37:56,495 - debates_scraper - INFO - Erfolgreich heruntergeladen: debates2021-01-11b.xml (64886 bytes)
2025-09-20 19:37:56,894 - debates_scraper - INFO - Erfolgreich heruntergeladen: debates2021-01-11c.xml (534459 bytes)
2025-09-20 19:37:56,944 - debates_scraper - INFO - Erfolgreich heruntergeladen: debates2021-01-12a.xml (61677 bytes)
2025-09-20 19:37:57,313 - debates_scraper - INFO - Erfolgreich heruntergeladen: debates2021-01-12b.xml (527156 bytes)
2025-09-20 19:37:57,564 - debates_scraper - INFO - Erfolgreich heruntergeladen: debates2021-01-13a.xml (68201 bytes)
2025-09-20 19:37:58,029 - debates_scraper - INFO - Erfolgreich heruntergeladen: debates2021-01-13b.xml (882961 bytes)
2025-09-20 19:37:58,037 - debates_scraper - INFO - Erfolgreich heruntergeladen: debates2021-01-14a.xml (70381 bytes)
2025-09-20 19:37:58,435 - debates_scraper - INFO - Erfolgreich heruntergeladen: debates2021-01-14b.xml (527500 bytes)
2025-09-20 19:37:58,610 - debates_scraper - INFO - Erfolgreich heruntergeladen: debates2021-01-18a.xml (79801 bytes)
2025-09-20 19:37:59,076 - debates_scraper - INFO - Erfolgreich heruntergeladen: debates2021-01-18b.xml (59713 bytes)
2025-09-20 19:37:59,129 - debates_scraper - INFO - Erfolgreich heruntergeladen: debates2021-01-18c.xml (55943 bytes)
2025-09-20 19:37:59,527 - debates_scraper - INFO - Erfolgreich heruntergeladen: debates2021-01-18d.xml (52395 bytes)
2025-09-20 19:37:59,737 - debates_scraper - INFO - Erfolgreich heruntergeladen: debates2021-01-18e.xml (639318 bytes)
2025-09-20 19:38:00,118 - debates_scraper - INFO - Erfolgreich heruntergeladen: debates2021-01-19a.xml (64345 bytes)
2025-09-20 19:38:00,259 - debates_scraper - INFO - Erfolgreich heruntergeladen: debates2021-01-19b.xml (1125956 bytes)
2025-09-20 19:38:00,618 - debates_scraper - INFO - Erfolgreich heruntergeladen: debates2021-01-20a.xml (236306 bytes)
2025-09-20 19:38:00,806 - debates_scraper - INFO - Erfolgreich heruntergeladen: debates2021-01-20b.xml (719581 bytes)
2025-09-20 19:38:01,201 - debates_scraper - INFO - Erfolgreich heruntergeladen: debates2021-01-21a.xml (81175 bytes)
2025-09-20 19:38:01,298 - debates_scraper - INFO - Erfolgreich heruntergeladen: debates2021-01-21b.xml (72906 bytes)
2025-09-20 19:38:01,666 - debates_scraper - INFO - Erfolgreich heruntergeladen: debates2021-01-21c.xml (73093 bytes)
2025-09-20 19:38:01,903 - debates_scraper - INFO - Erfolgreich heruntergeladen: debates2021-01-21d.xml (540863 bytes)
2025-09-20 19:38:02,259 - debates_scraper - INFO - Erfolgreich heruntergeladen: debates2021-01-25a.xml (51122 bytes)
2025-09-20 19:38:02,334 - debates_scraper - INFO - Erfolgreich heruntergeladen: debates2021-01-25b.xml (53001 bytes)
2025-09-20 19:38:02,712 - debates_scraper - INFO - Erfolgreich heruntergeladen: debates2021-01-25c.xml (52006 bytes)
2025-09-20 19:38:03,026 - debates_scraper - INFO - Erfolgreich heruntergeladen: debates2021-01-25d.xml (636598 bytes)
2025-09-20 19:38:03,306 - debates_scraper - INFO - Erfolgreich heruntergeladen: debates2021-01-26a.xml (77706 bytes)
2025-09-20 19:38:03,432 - debates_scraper - INFO - Erfolgreich heruntergeladen: debates2021-01-26b.xml (1012949 bytes)
2025-09-20 19:38:03,856 - debates_scraper - INFO - Erfolgreich heruntergeladen: debates2021-01-27a.xml (937702 bytes)
2025-09-20 19:38:04,075 - debates_scraper - INFO - Erfolgreich heruntergeladen: debates2021-01-28a.xml (60147 bytes)
2025-09-20 19:38:04,351 - debates_scraper - INFO - Erfolgreich heruntergeladen: debates2021-01-28b.xml (58668 bytes)
2025-09-20 19:38:04,475 - debates_scraper - INFO - Erfolgreich heruntergeladen: debates2021-01-28c.xml (57368 bytes)
2025-09-20 19:38:04,909 - debates_scraper - INFO - Erfolgreich heruntergeladen: debates2021-01-28d.xml (58851 bytes)
2025-09-20 19:38:05,186 - debates_scraper - INFO - Erfolgreich heruntergeladen: debates2021-01-28e.xml (59965 bytes)
2025-09-20 19:38:05,459 - debates_scraper - INFO - Erfolgreich heruntergeladen: debates2021-01-28f.xml (510932 bytes)
2025-09-20 19:38:05,516 - debates_scraper - INFO - Erfolgreich heruntergeladen: debates2021-02-01a.xml (49181 bytes)
2025-09-20 19:38:06,005 - debates_scraper - INFO - Erfolgreich heruntergeladen: debates2021-02-01b.xml (628196 bytes)
2025-09-20 19:38:06,230 - debates_scraper - INFO - Erfolgreich heruntergeladen: debates2021-02-02a.xml (63275 bytes)
2025-09-20 19:38:06,550 - debates_scraper - INFO - Erfolgreich heruntergeladen: debates2021-02-02b.xml (478034 bytes)
2025-09-20 19:38:06,615 - debates_scraper - INFO - Erfolgreich heruntergeladen: debates2021-02-03a.xml (53547 bytes)
2025-09-20 19:38:07,160 - debates_scraper - INFO - Erfolgreich heruntergeladen: debates2021-02-03b.xml (627694 bytes)
2025-09-20 19:38:07,273 - debates_scraper - INFO - Erfolgreich heruntergeladen: debates2021-02-04a.xml (67863 bytes)
2025-09-20 19:38:07,663 - debates_scraper - INFO - Erfolgreich heruntergeladen: debates2021-02-04b.xml (519925 bytes)
2025-09-20 19:38:07,682 - debates_scraper - INFO - Erfolgreich heruntergeladen: debates2021-02-08a.xml (60267 bytes)
2025-09-20 19:38:08,318 - debates_scraper - INFO - Erfolgreich heruntergeladen: debates2021-02-08b.xml (523216 bytes)
2025-09-20 19:38:08,335 - debates_scraper - INFO - Erfolgreich heruntergeladen: debates2021-02-09a.xml (145662 bytes)
2025-09-20 19:38:08,717 - debates_scraper - INFO - Erfolgreich heruntergeladen: debates2021-02-09b.xml (67425 bytes)
2025-09-20 19:38:08,824 - debates_scraper - INFO - Erfolgreich heruntergeladen: debates2021-02-09c.xml (813292 bytes)
2025-09-20 19:38:09,387 - debates_scraper - INFO - Erfolgreich heruntergeladen: debates2021-02-10a.xml (125180 bytes)
2025-09-20 19:38:09,401 - debates_scraper - INFO - Erfolgreich heruntergeladen: debates2021-02-10b.xml (50260 bytes)
2025-09-20 19:38:09,883 - debates_scraper - INFO - Erfolgreich heruntergeladen: debates2021-02-10c.xml (635223 bytes)
2025-09-20 19:38:09,886 - debates_scraper - INFO - Erfolgreich heruntergeladen: debates2021-02-11a.xml (67527 bytes)
2025-09-20 19:38:10,447 - debates_scraper - INFO - Erfolgreich heruntergeladen: debates2021-02-22a.xml (70514 bytes)
2025-09-20 19:38:10,546 - debates_scraper - INFO - Erfolgreich heruntergeladen: debates2021-02-11b.xml (558392 bytes)
2025-09-20 19:38:10,951 - debates_scraper - INFO - Erfolgreich heruntergeladen: debates2021-02-23a.xml (49588 bytes)
2025-09-20 19:38:10,967 - debates_scraper - INFO - Erfolgreich heruntergeladen: debates2021-02-22b.xml (550992 bytes)
2025-09-20 19:38:11,563 - debates_scraper - INFO - Erfolgreich heruntergeladen: debates2021-02-23b.xml (641545 bytes)
2025-09-20 19:38:11,726 - debates_scraper - INFO - Erfolgreich heruntergeladen: debates2021-02-24a.xml (815878 bytes)
2025-09-20 19:38:11,993 - debates_scraper - INFO - Erfolgreich heruntergeladen: debates2021-02-25a.xml (75422 bytes)
2025-09-20 19:38:12,008 - debates_scraper - INFO - Erfolgreich heruntergeladen: debates2021-02-25b.xml (69439 bytes)
2025-09-20 19:38:12,635 - debates_scraper - INFO - Erfolgreich heruntergeladen: debates2021-02-25c.xml (66336 bytes)
2025-09-20 19:38:12,824 - debates_scraper - INFO - Erfolgreich heruntergeladen: debates2021-02-25d.xml (538758 bytes)
2025-09-20 19:38:13,042 - debates_scraper - INFO - Erfolgreich heruntergeladen: debates2021-03-01a.xml (54931 bytes)
2025-09-20 19:38:13,160 - debates_scraper - INFO - Erfolgreich heruntergeladen: debates2021-03-01b.xml (372923 bytes)
2025-09-20 19:38:13,692 - debates_scraper - INFO - Erfolgreich heruntergeladen: debates2021-03-02a.xml (60570 bytes)
2025-09-20 19:38:13,872 - debates_scraper - INFO - Erfolgreich heruntergeladen: debates2021-03-02b.xml (63187 bytes)
2025-09-20 19:38:14,143 - debates_scraper - INFO - Erfolgreich heruntergeladen: debates2021-03-02c.xml (513163 bytes)
2025-09-20 19:38:14,234 - debates_scraper - INFO - Erfolgreich heruntergeladen: debates2021-03-03a.xml (507473 bytes)
2025-09-20 19:38:14,737 - debates_scraper - INFO - Erfolgreich heruntergeladen: debates2021-03-04a.xml (70799 bytes)
2025-09-20 19:38:14,979 - debates_scraper - INFO - Erfolgreich heruntergeladen: debates2021-03-04b.xml (530722 bytes)
2025-09-20 19:38:15,217 - debates_scraper - INFO - Erfolgreich heruntergeladen: debates2021-03-08a.xml (65925 bytes)
2025-09-20 19:38:15,329 - debates_scraper - INFO - Erfolgreich heruntergeladen: debates2021-03-08b.xml (512198 bytes)
2025-09-20 19:38:15,816 - debates_scraper - INFO - Erfolgreich heruntergeladen: debates2021-03-09a.xml (145408 bytes)
2025-09-20 19:38:16,042 - debates_scraper - INFO - Erfolgreich heruntergeladen: debates2021-03-09b.xml (101538 bytes)
2025-09-20 19:38:16,364 - debates_scraper - INFO - Erfolgreich heruntergeladen: debates2021-03-09c.xml (880297 bytes)
2025-09-20 19:38:16,426 - debates_scraper - INFO - Erfolgreich heruntergeladen: debates2021-03-10a.xml (65086 bytes)
2025-09-20 19:38:16,975 - debates_scraper - INFO - Erfolgreich heruntergeladen: debates2021-03-10b.xml (526334 bytes)
2025-09-20 19:38:17,088 - debates_scraper - INFO - Erfolgreich heruntergeladen: debates2021-03-11a.xml (58435 bytes)
2025-09-20 19:38:17,468 - debates_scraper - INFO - Erfolgreich heruntergeladen: debates2021-03-11b.xml (677053 bytes)
2025-09-20 19:38:17,552 - debates_scraper - INFO - Erfolgreich heruntergeladen: debates2021-03-12a.xml (289717 bytes)
2025-09-20 19:38:18,022 - debates_scraper - INFO - Erfolgreich heruntergeladen: debates2021-03-15a.xml (67276 bytes)
2025-09-20 19:38:18,189 - debates_scraper - INFO - Erfolgreich heruntergeladen: debates2021-03-15b.xml (554120 bytes)
2025-09-20 19:38:18,541 - debates_scraper - INFO - Erfolgreich heruntergeladen: debates2021-03-16a.xml (181929 bytes)
2025-09-20 19:38:18,655 - debates_scraper - INFO - Erfolgreich heruntergeladen: debates2021-03-16b.xml (733484 bytes)
2025-09-20 19:38:19,069 - debates_scraper - INFO - Erfolgreich heruntergeladen: debates2021-03-17a.xml (137081 bytes)
2025-09-20 19:38:19,308 - debates_scraper - INFO - Erfolgreich heruntergeladen: debates2021-03-17b.xml (740609 bytes)
2025-09-20 19:38:19,592 - debates_scraper - INFO - Erfolgreich heruntergeladen: debates2021-03-18a.xml (65076 bytes)
2025-09-20 19:38:19,712 - debates_scraper - INFO - Erfolgreich heruntergeladen: debates2021-03-18b.xml (68165 bytes)
2025-09-20 19:38:20,125 - debates_scraper - INFO - Erfolgreich heruntergeladen: debates2021-03-18c.xml (64395 bytes)
2025-09-20 19:38:20,353 - debates_scraper - INFO - Erfolgreich heruntergeladen: debates2021-03-18d.xml (65568 bytes)
2025-09-20 19:38:20,726 - debates_scraper - INFO - Erfolgreich heruntergeladen: debates2021-03-18e.xml (527209 bytes)
2025-09-20 19:38:20,842 - debates_scraper - INFO - Erfolgreich heruntergeladen: debates2021-03-22a.xml (121100 bytes)
2025-09-20 19:38:21,198 - debates_scraper - INFO - Erfolgreich heruntergeladen: debates2021-03-22b.xml (85017 bytes)
2025-09-20 19:38:21,406 - debates_scraper - INFO - Erfolgreich heruntergeladen: debates2021-03-22c.xml (69848 bytes)
2025-09-20 19:38:21,891 - debates_scraper - INFO - Erfolgreich heruntergeladen: debates2021-03-22d.xml (811725 bytes)
2025-09-20 19:38:21,952 - debates_scraper - INFO - Erfolgreich heruntergeladen: debates2021-03-23a.xml (70951 bytes)
2025-09-20 19:38:22,326 - debates_scraper - INFO - Erfolgreich heruntergeladen: debates2021-03-23b.xml (479344 bytes)
2025-09-20 19:38:22,483 - debates_scraper - INFO - Erfolgreich heruntergeladen: debates2021-03-24a.xml (536880 bytes)
2025-09-20 19:38:22,995 - debates_scraper - INFO - Erfolgreich heruntergeladen: debates2021-03-25a.xml (699693 bytes)
2025-09-20 19:38:23,080 - debates_scraper - INFO - Erfolgreich heruntergeladen: debates2021-04-12a.xml (235989 bytes)
2025-09-20 19:38:23,427 - debates_scraper - INFO - Erfolgreich heruntergeladen: debates2021-04-12b.xml (433324 bytes)
2025-09-20 19:38:23,615 - debates_scraper - INFO - Erfolgreich heruntergeladen: debates2021-04-13a.xml (82044 bytes)
2025-09-20 19:38:24,042 - debates_scraper - INFO - Erfolgreich heruntergeladen: debates2021-04-13b.xml (75995 bytes)
2025-09-20 19:38:24,128 - debates_scraper - INFO - Erfolgreich heruntergeladen: debates2021-04-13c.xml (72855 bytes)
2025-09-20 19:38:24,475 - debates_scraper - INFO - Erfolgreich heruntergeladen: debates2021-04-13d.xml (66937 bytes)
2025-09-20 19:38:24,735 - debates_scraper - INFO - Erfolgreich heruntergeladen: debates2021-04-13e.xml (796633 bytes)
2025-09-20 19:38:25,149 - debates_scraper - INFO - Erfolgreich heruntergeladen: debates2021-04-14a.xml (731524 bytes)
2025-09-20 19:38:25,275 - debates_scraper - INFO - Erfolgreich heruntergeladen: debates2021-04-15a.xml (165891 bytes)
2025-09-20 19:38:25,580 - debates_scraper - INFO - Erfolgreich heruntergeladen: debates2021-04-15b.xml (548508 bytes)
2025-09-20 19:38:25,785 - debates_scraper - INFO - Erfolgreich heruntergeladen: debates2021-04-15c.xml (57001 bytes)
2025-09-20 19:38:26,285 - debates_scraper - INFO - Erfolgreich heruntergeladen: debates2021-04-15d.xml (1024999 bytes)
2025-09-20 19:38:26,409 - debates_scraper - INFO - Erfolgreich heruntergeladen: debates2021-04-19a.xml (115011 bytes)
2025-09-20 19:38:26,675 - debates_scraper - INFO - Erfolgreich heruntergeladen: debates2021-04-19b.xml (83920 bytes)
2025-09-20 19:38:26,849 - debates_scraper - INFO - Erfolgreich heruntergeladen: debates2021-04-19c.xml (73311 bytes)
2025-09-20 19:38:27,462 - debates_scraper - INFO - Erfolgreich heruntergeladen: debates2021-04-19d.xml (1022858 bytes)
2025-09-20 19:38:27,502 - debates_scraper - INFO - Erfolgreich heruntergeladen: debates2021-04-20a.xml (62233 bytes)
2025-09-20 19:38:27,748 - debates_scraper - INFO - Erfolgreich heruntergeladen: debates2021-04-20b.xml (59792 bytes)
2025-09-20 19:38:27,974 - debates_scraper - INFO - Erfolgreich heruntergeladen: debates2021-04-20c.xml (668246 bytes)
2025-09-20 19:38:28,553 - debates_scraper - INFO - Erfolgreich heruntergeladen: debates2021-04-21a.xml (104018 bytes)
2025-09-20 19:38:28,652 - debates_scraper - INFO - Erfolgreich heruntergeladen: debates2021-04-21b.xml (687195 bytes)
2025-09-20 19:38:28,825 - debates_scraper - INFO - Erfolgreich heruntergeladen: debates2021-04-22a.xml (535973 bytes)
2025-09-20 19:38:29,018 - debates_scraper - INFO - Erfolgreich heruntergeladen: debates2021-04-26a.xml (84789 bytes)
2025-09-20 19:38:29,601 - debates_scraper - INFO - Erfolgreich heruntergeladen: debates2021-04-26b.xml (90675 bytes)
2025-09-20 19:38:29,694 - debates_scraper - INFO - Erfolgreich heruntergeladen: debates2021-04-26c.xml (85447 bytes)
2025-09-20 19:38:29,948 - debates_scraper - INFO - Erfolgreich heruntergeladen: debates2021-04-26d.xml (1085741 bytes)
2025-09-20 19:38:30,076 - debates_scraper - INFO - Erfolgreich heruntergeladen: debates2021-04-27a.xml (112796 bytes)
2025-09-20 19:38:30,643 - debates_scraper - INFO - Erfolgreich heruntergeladen: debates2021-04-27b.xml (107842 bytes)
2025-09-20 19:38:30,808 - debates_scraper - INFO - Erfolgreich heruntergeladen: debates2021-04-27c.xml (685661 bytes)
2025-09-20 19:38:31,132 - debates_scraper - INFO - Erfolgreich heruntergeladen: debates2021-04-28a.xml (50074 bytes)
2025-09-20 19:38:31,167 - debates_scraper - INFO - Erfolgreich heruntergeladen: debates2021-04-28b.xml (51781 bytes)
2025-09-20 19:38:31,830 - debates_scraper - INFO - Erfolgreich heruntergeladen: debates2021-04-28c.xml (661281 bytes)
2025-09-20 19:38:31,926 - debates_scraper - INFO - Erfolgreich heruntergeladen: debates2021-04-29a.xml (114588 bytes)
2025-09-20 19:38:32,178 - debates_scraper - INFO - Erfolgreich heruntergeladen: debates2021-05-11a.xml (36227 bytes)
2025-09-20 19:38:32,273 - debates_scraper - INFO - Erfolgreich heruntergeladen: debates2021-05-11b.xml (449273 bytes)
2025-09-20 19:38:32,875 - debates_scraper - INFO - Erfolgreich heruntergeladen: debates2021-05-12a.xml (68178 bytes)
2025-09-20 19:38:33,021 - debates_scraper - INFO - Erfolgreich heruntergeladen: debates2021-05-12b.xml (532265 bytes)
2025-09-20 19:38:33,227 - debates_scraper - INFO - Erfolgreich heruntergeladen: debates2021-05-13a.xml (48996 bytes)
2025-09-20 19:38:33,341 - debates_scraper - INFO - Erfolgreich heruntergeladen: debates2021-05-13b.xml (499060 bytes)
2025-09-20 19:38:33,998 - debates_scraper - INFO - Erfolgreich heruntergeladen: debates2021-05-17a.xml (518577 bytes)
2025-09-20 19:38:34,059 - debates_scraper - INFO - Erfolgreich heruntergeladen: debates2021-05-18a.xml (142312 bytes)
2025-09-20 19:38:34,322 - debates_scraper - INFO - Erfolgreich heruntergeladen: debates2021-05-18b.xml (659310 bytes)
2025-09-20 19:38:34,413 - debates_scraper - INFO - Erfolgreich heruntergeladen: debates2021-05-19a.xml (65116 bytes)
2025-09-20 19:38:35,153 - debates_scraper - INFO - Erfolgreich heruntergeladen: debates2021-05-19c.xml (65116 bytes)
2025-09-20 19:38:35,188 - debates_scraper - INFO - Erfolgreich heruntergeladen: debates2021-05-19b.xml (75981 bytes)
2025-09-20 19:38:35,498 - debates_scraper - INFO - Erfolgreich heruntergeladen: debates2021-05-19d.xml (840342 bytes)
2025-09-20 19:38:35,558 - debates_scraper - INFO - Erfolgreich heruntergeladen: debates2021-05-20a.xml (509429 bytes)
2025-09-20 19:38:36,227 - debates_scraper - INFO - Erfolgreich heruntergeladen: debates2021-05-24a.xml (129563 bytes)
2025-09-20 19:38:36,317 - debates_scraper - INFO - Erfolgreich heruntergeladen: debates2021-05-24b.xml (1179168 bytes)
2025-09-20 19:38:36,538 - debates_scraper - INFO - Erfolgreich heruntergeladen: debates2021-05-25a.xml (175650 bytes)
2025-09-20 19:38:36,609 - debates_scraper - INFO - Erfolgreich heruntergeladen: debates2021-05-25b.xml (668297 bytes)
2025-09-20 19:38:37,275 - debates_scraper - INFO - Erfolgreich heruntergeladen: debates2021-05-26a.xml (52669 bytes)
2025-09-20 19:38:37,397 - debates_scraper - INFO - Erfolgreich heruntergeladen: debates2021-05-26b.xml (768176 bytes)
2025-09-20 19:38:37,582 - debates_scraper - INFO - Erfolgreich heruntergeladen: debates2021-05-27a.xml (69758 bytes)
2025-09-20 19:38:37,700 - debates_scraper - INFO - Erfolgreich heruntergeladen: debates2021-05-27b.xml (68837 bytes)
2025-09-20 19:38:38,371 - debates_scraper - INFO - Erfolgreich heruntergeladen: debates2021-05-27c.xml (541862 bytes)
2025-09-20 19:38:38,446 - debates_scraper - INFO - Erfolgreich heruntergeladen: debates2021-06-07a.xml (171862 bytes)
2025-09-20 19:38:38,626 - debates_scraper - INFO - Erfolgreich heruntergeladen: debates2021-06-07b.xml (58816 bytes)
2025-09-20 19:38:38,800 - debates_scraper - INFO - Erfolgreich heruntergeladen: debates2021-06-07c.xml (737162 bytes)
2025-09-20 19:38:39,471 - debates_scraper - INFO - Erfolgreich heruntergeladen: debates2021-06-08a.xml (548198 bytes)
2025-09-20 19:38:39,545 - debates_scraper - INFO - Erfolgreich heruntergeladen: debates2021-06-09a.xml (57696 bytes)
2025-09-20 19:38:39,696 - debates_scraper - INFO - Erfolgreich heruntergeladen: debates2021-06-09b.xml (61076 bytes)
2025-09-20 19:38:39,901 - debates_scraper - INFO - Erfolgreich heruntergeladen: debates2021-06-09c.xml (686142 bytes)
2025-09-20 19:38:40,517 - debates_scraper - INFO - Erfolgreich heruntergeladen: debates2021-06-10a.xml (65512 bytes)
2025-09-20 19:38:40,583 - debates_scraper - INFO - Erfolgreich heruntergeladen: debates2021-06-10b.xml (69570 bytes)
2025-09-20 19:38:40,767 - debates_scraper - INFO - Erfolgreich heruntergeladen: debates2021-06-10c.xml (544618 bytes)
2025-09-20 19:38:40,950 - debates_scraper - INFO - Erfolgreich heruntergeladen: debates2021-06-14a.xml (405278 bytes)
2025-09-20 19:38:41,563 - debates_scraper - INFO - Erfolgreich heruntergeladen: debates2021-06-15a.xml (52644 bytes)
2025-09-20 19:38:41,624 - debates_scraper - INFO - Erfolgreich heruntergeladen: debates2021-06-15b.xml (47458 bytes)
2025-09-20 19:38:41,809 - debates_scraper - INFO - Erfolgreich heruntergeladen: debates2021-06-15c.xml (48114 bytes)
2025-09-20 19:38:42,066 - debates_scraper - INFO - Erfolgreich heruntergeladen: debates2021-06-15d.xml (699038 bytes)
2025-09-20 19:38:42,613 - debates_scraper - INFO - Erfolgreich heruntergeladen: debates2021-06-16a.xml (133929 bytes)
2025-09-20 19:38:42,676 - debates_scraper - INFO - Erfolgreich heruntergeladen: debates2021-06-16b.xml (133397 bytes)
2025-09-20 19:38:42,888 - debates_scraper - INFO - Erfolgreich heruntergeladen: debates2021-06-16c.xml (804474 bytes)
2025-09-20 19:38:43,118 - debates_scraper - INFO - Erfolgreich heruntergeladen: debates2021-06-17a.xml (61985 bytes)
2025-09-20 19:38:43,655 - debates_scraper - INFO - Erfolgreich heruntergeladen: debates2021-06-17b.xml (61620 bytes)
2025-09-20 19:38:43,786 - debates_scraper - INFO - Erfolgreich heruntergeladen: debates2021-06-17c.xml (525804 bytes)
2025-09-20 19:38:43,933 - debates_scraper - INFO - Erfolgreich heruntergeladen: debates2021-06-21a.xml (152254 bytes)
2025-09-20 19:38:44,166 - debates_scraper - INFO - Erfolgreich heruntergeladen: debates2021-06-21b.xml (90023 bytes)
2025-09-20 19:38:44,704 - debates_scraper - INFO - Erfolgreich heruntergeladen: debates2021-06-21c.xml (94485 bytes)
2025-09-20 19:38:44,890 - debates_scraper - INFO - Erfolgreich heruntergeladen: debates2021-06-21d.xml (751385 bytes)
2025-09-20 19:38:44,993 - debates_scraper - INFO - Erfolgreich heruntergeladen: debates2021-06-22a.xml (51709 bytes)
2025-09-20 19:38:45,218 - debates_scraper - INFO - Erfolgreich heruntergeladen: debates2021-06-22b.xml (393245 bytes)
2025-09-20 19:38:45,752 - debates_scraper - INFO - Erfolgreich heruntergeladen: debates2021-06-23a.xml (137851 bytes)
2025-09-20 19:38:46,000 - debates_scraper - INFO - Erfolgreich heruntergeladen: debates2021-06-23b.xml (775538 bytes)
2025-09-20 19:38:46,034 - debates_scraper - INFO - Erfolgreich heruntergeladen: debates2021-06-24a.xml (64089 bytes)
2025-09-20 19:38:46,293 - debates_scraper - INFO - Erfolgreich heruntergeladen: debates2021-06-24b.xml (525098 bytes)
2025-09-20 19:38:46,854 - debates_scraper - INFO - Erfolgreich heruntergeladen: debates2021-06-28a.xml (399006 bytes)
2025-09-20 19:38:47,047 - debates_scraper - INFO - Erfolgreich heruntergeladen: debates2021-06-29a.xml (68741 bytes)
2025-09-20 19:38:47,216 - debates_scraper - INFO - Erfolgreich heruntergeladen: debates2021-06-29b.xml (551041 bytes)
2025-09-20 19:38:47,346 - debates_scraper - INFO - Erfolgreich heruntergeladen: debates2021-06-30a.xml (64548 bytes)
2025-09-20 19:38:48,009 - debates_scraper - INFO - Erfolgreich heruntergeladen: debates2021-06-30b.xml (551462 bytes)
2025-09-20 19:38:48,119 - debates_scraper - INFO - Erfolgreich heruntergeladen: debates2021-07-01a.xml (486997 bytes)
2025-09-20 19:38:48,258 - debates_scraper - INFO - Erfolgreich heruntergeladen: debates2021-07-05a.xml (175340 bytes)
2025-09-20 19:38:48,396 - debates_scraper - INFO - Erfolgreich heruntergeladen: debates2021-07-05b.xml (74369 bytes)
2025-09-20 19:38:49,149 - debates_scraper - INFO - Erfolgreich heruntergeladen: debates2021-07-05c.xml (1243158 bytes)
2025-09-20 19:38:49,221 - debates_scraper - INFO - Erfolgreich heruntergeladen: debates2021-07-06a.xml (82190 bytes)
2025-09-20 19:38:49,305 - debates_scraper - INFO - Erfolgreich heruntergeladen: debates2021-07-06b.xml (75626 bytes)
2025-09-20 19:38:49,501 - debates_scraper - INFO - Erfolgreich heruntergeladen: debates2021-07-06c.xml (656200 bytes)
2025-09-20 19:38:50,242 - debates_scraper - INFO - Erfolgreich heruntergeladen: debates2021-07-07a.xml (64877 bytes)
2025-09-20 19:38:50,392 - debates_scraper - INFO - Erfolgreich heruntergeladen: debates2021-07-07b.xml (711327 bytes)
2025-09-20 19:38:50,425 - debates_scraper - INFO - Erfolgreich heruntergeladen: debates2021-07-08a.xml (581614 bytes)
2025-09-20 19:38:50,548 - debates_scraper - INFO - Erfolgreich heruntergeladen: debates2021-07-12a.xml (70082 bytes)
2025-09-20 19:38:51,317 - debates_scraper - INFO - Erfolgreich heruntergeladen: debates2021-07-12b.xml (68829 bytes)
2025-09-20 19:38:51,525 - debates_scraper - INFO - Erfolgreich heruntergeladen: debates2021-07-12c.xml (647403 bytes)
2025-09-20 19:38:51,525 - debates_scraper - INFO - Erfolgreich heruntergeladen: debates2021-07-13a.xml (129136 bytes)
2025-09-20 19:38:51,625 - debates_scraper - INFO - Erfolgreich heruntergeladen: debates2021-07-13b.xml (81714 bytes)
2025-09-20 19:38:52,512 - debates_scraper - INFO - Erfolgreich heruntergeladen: debates2021-07-13c.xml (1020626 bytes)
2025-09-20 19:38:52,584 - debates_scraper - INFO - Erfolgreich heruntergeladen: debates2021-07-14a.xml (121079 bytes)
2025-09-20 19:38:52,627 - debates_scraper - INFO - Erfolgreich heruntergeladen: debates2021-07-14b.xml (72272 bytes)
2025-09-20 19:38:52,751 - debates_scraper - INFO - Erfolgreich heruntergeladen: debates2021-07-14c.xml (736633 bytes)
2025-09-20 19:38:53,613 - debates_scraper - INFO - Erfolgreich heruntergeladen: debates2021-07-15a.xml (52018 bytes)
2025-09-20 19:38:53,726 - debates_scraper - INFO - Erfolgreich heruntergeladen: debates2021-07-19a.xml (78617 bytes)
2025-09-20 19:38:53,742 - debates_scraper - INFO - Erfolgreich heruntergeladen: debates2021-07-15b.xml (515528 bytes)
2025-09-20 19:38:53,883 - debates_scraper - INFO - Erfolgreich heruntergeladen: debates2021-07-19b.xml (79659 bytes)
2025-09-20 19:38:54,682 - debates_scraper - INFO - Erfolgreich heruntergeladen: debates2021-07-19c.xml (95372 bytes)
2025-09-20 19:38:54,831 - debates_scraper - INFO - Erfolgreich heruntergeladen: debates2021-07-19d.xml (569744 bytes)
2025-09-20 19:38:54,865 - debates_scraper - INFO - Erfolgreich heruntergeladen: debates2021-07-20a.xml (125196 bytes)
2025-09-20 19:38:55,126 - debates_scraper - INFO - Erfolgreich heruntergeladen: debates2021-07-20b.xml (753604 bytes)
2025-09-20 19:38:55,876 - debates_scraper - INFO - Erfolgreich heruntergeladen: debates2021-07-21a.xml (630793 bytes)
2025-09-20 19:38:55,904 - debates_scraper - INFO - Erfolgreich heruntergeladen: debates2021-07-22a.xml (74618 bytes)
2025-09-20 19:38:56,124 - debates_scraper - INFO - Erfolgreich heruntergeladen: debates2021-07-22b.xml (80555 bytes)
2025-09-20 19:38:56,175 - debates_scraper - INFO - Erfolgreich heruntergeladen: debates2021-07-22c.xml (78936 bytes)
2025-09-20 19:38:56,979 - debates_scraper - INFO - Erfolgreich heruntergeladen: debates2021-07-22d.xml (84251 bytes)
2025-09-20 19:38:57,004 - debates_scraper - INFO - Erfolgreich heruntergeladen: debates2021-07-22e.xml (73939 bytes)
2025-09-20 19:38:57,368 - debates_scraper - INFO - Erfolgreich heruntergeladen: debates2021-08-18a.xml (470631 bytes)
2025-09-20 19:38:57,368 - debates_scraper - INFO - Erfolgreich heruntergeladen: debates2021-07-22f.xml (557050 bytes)
2025-09-20 19:38:58,024 - debates_scraper - INFO - Erfolgreich heruntergeladen: debates2021-09-06a.xml (87034 bytes)
2025-09-20 19:38:58,042 - debates_scraper - INFO - Erfolgreich heruntergeladen: debates2021-09-06b.xml (86864 bytes)
2025-09-20 19:38:58,451 - debates_scraper - INFO - Erfolgreich heruntergeladen: debates2021-09-06c.xml (86745 bytes)
2025-09-20 19:38:58,501 - debates_scraper - INFO - Erfolgreich heruntergeladen: debates2021-09-06d.xml (561790 bytes)
2025-09-20 19:38:59,089 - debates_scraper - INFO - Erfolgreich heruntergeladen: debates2021-09-07a.xml (134563 bytes)
2025-09-20 19:38:59,111 - debates_scraper - INFO - Erfolgreich heruntergeladen: debates2021-09-07b.xml (88992 bytes)
2025-09-20 19:38:59,578 - debates_scraper - INFO - Erfolgreich heruntergeladen: debates2021-09-07c.xml (692545 bytes)
2025-09-20 19:38:59,590 - debates_scraper - INFO - Erfolgreich heruntergeladen: debates2021-09-08a.xml (190238 bytes)
2025-09-20 19:39:00,152 - debates_scraper - INFO - Erfolgreich heruntergeladen: debates2021-09-09a.xml (65846 bytes)
2025-09-20 19:39:00,229 - debates_scraper - INFO - Erfolgreich heruntergeladen: debates2021-09-08b.xml (665705 bytes)
2025-09-20 19:39:00,623 - debates_scraper - INFO - Erfolgreich heruntergeladen: debates2021-09-09b.xml (65538 bytes)
2025-09-20 19:39:00,714 - debates_scraper - INFO - Erfolgreich heruntergeladen: debates2021-09-09c.xml (502446 bytes)
2025-09-20 19:39:01,226 - debates_scraper - INFO - Erfolgreich heruntergeladen: debates2021-09-10a.xml (337226 bytes)
2025-09-20 19:39:01,275 - debates_scraper - INFO - Erfolgreich heruntergeladen: debates2021-09-13a.xml (211225 bytes)
2025-09-20 19:39:01,667 - debates_scraper - INFO - Erfolgreich heruntergeladen: debates2021-09-13b.xml (86897 bytes)
2025-09-20 19:39:01,790 - debates_scraper - INFO - Erfolgreich heruntergeladen: debates2021-09-13c.xml (660330 bytes)
2025-09-20 19:39:02,301 - debates_scraper - INFO - Erfolgreich heruntergeladen: debates2021-09-14a.xml (286988 bytes)
2025-09-20 19:39:02,464 - debates_scraper - INFO - Erfolgreich heruntergeladen: debates2021-09-14b.xml (81304 bytes)
2025-09-20 19:39:02,759 - debates_scraper - INFO - Erfolgreich heruntergeladen: debates2021-09-14c.xml (132902 bytes)
2025-09-20 19:39:03,002 - debates_scraper - INFO - Erfolgreich heruntergeladen: debates2021-09-14d.xml (880480 bytes)
2025-09-20 19:39:03,364 - debates_scraper - INFO - Erfolgreich heruntergeladen: debates2021-09-15a.xml (137716 bytes)
2025-09-20 19:39:03,509 - debates_scraper - INFO - Erfolgreich heruntergeladen: debates2021-09-15b.xml (114109 bytes)
2025-09-20 19:39:03,861 - debates_scraper - INFO - Erfolgreich heruntergeladen: debates2021-09-15c.xml (621231 bytes)
2025-09-20 19:39:04,049 - debates_scraper - INFO - Erfolgreich heruntergeladen: debates2021-09-16a.xml (61608 bytes)
2025-09-20 19:39:04,517 - debates_scraper - INFO - Erfolgreich heruntergeladen: debates2021-09-16b.xml (517511 bytes)
2025-09-20 19:39:04,712 - debates_scraper - INFO - Erfolgreich heruntergeladen: debates2021-09-20a.xml (208174 bytes)
2025-09-20 19:39:04,938 - debates_scraper - INFO - Erfolgreich heruntergeladen: debates2021-09-20b.xml (626274 bytes)
2025-09-20 19:39:05,094 - debates_scraper - INFO - Erfolgreich heruntergeladen: debates2021-09-21a.xml (113276 bytes)
2025-09-20 19:39:05,592 - debates_scraper - INFO - Erfolgreich heruntergeladen: debates2021-09-21b.xml (111486 bytes)
2025-09-20 19:39:05,827 - debates_scraper - INFO - Erfolgreich heruntergeladen: debates2021-09-21c.xml (578011 bytes)
2025-09-20 19:39:05,979 - debates_scraper - INFO - Erfolgreich heruntergeladen: debates2021-09-22a.xml (124980 bytes)
2025-09-20 19:39:06,135 - debates_scraper - INFO - Erfolgreich heruntergeladen: debates2021-09-22b.xml (94115 bytes)
2025-09-20 19:39:06,676 - debates_scraper - INFO - Erfolgreich heruntergeladen: debates2021-09-22c.xml (551615 bytes)
2025-09-20 19:39:06,871 - debates_scraper - INFO - Erfolgreich heruntergeladen: debates2021-09-23a.xml (82287 bytes)
2025-09-20 19:39:07,030 - debates_scraper - INFO - Erfolgreich heruntergeladen: debates2021-09-23b.xml (564301 bytes)
2025-09-20 19:39:07,183 - debates_scraper - INFO - Erfolgreich heruntergeladen: debates2021-10-18a.xml (24684 bytes)
2025-09-20 19:39:07,718 - debates_scraper - INFO - Erfolgreich heruntergeladen: debates2021-10-18b.xml (42128 bytes)
2025-09-20 19:39:07,916 - debates_scraper - INFO - Erfolgreich heruntergeladen: debates2021-10-18c.xml (30071 bytes)
2025-09-20 19:39:08,077 - debates_scraper - INFO - Erfolgreich heruntergeladen: debates2021-10-18d.xml (195352 bytes)
2025-09-20 19:39:08,228 - debates_scraper - INFO - Erfolgreich heruntergeladen: debates2021-10-19a.xml (165326 bytes)
2025-09-20 19:39:08,768 - debates_scraper - INFO - Erfolgreich heruntergeladen: debates2021-10-19b.xml (73227 bytes)
2025-09-20 19:39:09,021 - debates_scraper - INFO - Erfolgreich heruntergeladen: debates2021-10-19c.xml (665718 bytes)
2025-09-20 19:39:09,120 - debates_scraper - INFO - Erfolgreich heruntergeladen: debates2021-10-20a.xml (71723 bytes)
2025-09-20 19:39:09,268 - debates_scraper - INFO - Erfolgreich heruntergeladen: debates2021-10-20b.xml (153377 bytes)
2025-09-20 19:39:09,954 - debates_scraper - INFO - Erfolgreich heruntergeladen: debates2021-10-20c.xml (880763 bytes)
2025-09-20 19:39:10,071 - debates_scraper - INFO - Erfolgreich heruntergeladen: debates2021-10-21a.xml (553099 bytes)
2025-09-20 19:39:10,158 - debates_scraper - INFO - Erfolgreich heruntergeladen: debates2021-10-22a.xml (97015 bytes)
2025-09-20 19:39:10,317 - debates_scraper - INFO - Erfolgreich heruntergeladen: debates2021-10-22b.xml (419138 bytes)
2025-09-20 19:39:11,061 - debates_scraper - INFO - Erfolgreich heruntergeladen: debates2021-10-25a.xml (465951 bytes)
2025-09-20 19:39:11,115 - debates_scraper - INFO - Erfolgreich heruntergeladen: debates2021-10-26a.xml (61439 bytes)
2025-09-20 19:39:11,200 - debates_scraper - INFO - Erfolgreich heruntergeladen: debates2021-10-26b.xml (70469 bytes)
2025-09-20 19:39:11,366 - debates_scraper - INFO - Erfolgreich heruntergeladen: debates2021-10-26c.xml (577752 bytes)
2025-09-20 19:39:12,161 - debates_scraper - INFO - Erfolgreich heruntergeladen: debates2021-10-27a.xml (468449 bytes)
2025-09-20 19:39:12,241 - debates_scraper - INFO - Erfolgreich heruntergeladen: debates2021-10-29a.xml (32920 bytes)
2025-09-20 19:39:12,408 - debates_scraper - INFO - Erfolgreich heruntergeladen: debates2021-10-28a.xml (535631 bytes)
2025-09-20 19:39:12,414 - debates_scraper - INFO - Erfolgreich heruntergeladen: debates2021-10-29b.xml (40609 bytes)
2025-09-20 19:39:13,255 - debates_scraper - INFO - Erfolgreich heruntergeladen: debates2021-10-29c.xml (345847 bytes)
2025-09-20 19:39:13,432 - debates_scraper - INFO - Erfolgreich heruntergeladen: debates2021-11-01a.xml (58362 bytes)
2025-09-20 19:39:13,496 - debates_scraper - INFO - Erfolgreich heruntergeladen: debates2021-11-01b.xml (533602 bytes)
2025-09-20 19:39:13,626 - debates_scraper - INFO - Erfolgreich heruntergeladen: debates2021-11-02a.xml (121303 bytes)
2025-09-20 19:39:14,332 - debates_scraper - INFO - Erfolgreich heruntergeladen: debates2021-11-02b.xml (75355 bytes)
2025-09-20 19:39:14,566 - debates_scraper - INFO - Erfolgreich heruntergeladen: debates2021-11-03a.xml (89194 bytes)
2025-09-20 19:39:14,674 - debates_scraper - INFO - Erfolgreich heruntergeladen: debates2021-11-02c.xml (697097 bytes)
2025-09-20 19:39:14,701 - debates_scraper - INFO - Erfolgreich heruntergeladen: debates2021-11-03b.xml (119955 bytes)
2025-09-20 19:39:15,554 - debates_scraper - INFO - Erfolgreich heruntergeladen: debates2021-11-03c.xml (660059 bytes)
2025-09-20 19:39:15,611 - debates_scraper - INFO - Erfolgreich heruntergeladen: debates2021-11-04a.xml (44963 bytes)
2025-09-20 19:39:15,757 - debates_scraper - INFO - Erfolgreich heruntergeladen: debates2021-11-04b.xml (353605 bytes)
2025-09-20 19:39:15,840 - debates_scraper - INFO - Erfolgreich heruntergeladen: debates2021-11-08a.xml (149804 bytes)
2025-09-20 19:39:16,662 - debates_scraper - INFO - Erfolgreich heruntergeladen: debates2021-11-08b.xml (110908 bytes)
2025-09-20 19:39:16,806 - debates_scraper - INFO - Erfolgreich heruntergeladen: debates2021-11-09a.xml (60528 bytes)
2025-09-20 19:39:16,826 - debates_scraper - INFO - Erfolgreich heruntergeladen: debates2021-11-08c.xml (718760 bytes)
2025-09-20 19:39:16,916 - debates_scraper - INFO - Erfolgreich heruntergeladen: debates2021-11-09b.xml (550173 bytes)
2025-09-20 19:39:17,821 - debates_scraper - INFO - Erfolgreich heruntergeladen: debates2021-11-15a.xml (122693 bytes)
2025-09-20 19:39:17,871 - debates_scraper - INFO - Erfolgreich heruntergeladen: debates2021-11-15c.xml (74539 bytes)
2025-09-20 19:39:17,926 - debates_scraper - INFO - Erfolgreich heruntergeladen: debates2021-11-15b.xml (161553 bytes)
2025-09-20 19:39:18,017 - debates_scraper - INFO - Erfolgreich heruntergeladen: debates2021-11-15d.xml (605715 bytes)
2025-09-20 19:39:18,926 - debates_scraper - INFO - Erfolgreich heruntergeladen: debates2021-11-16a.xml (56675 bytes)
2025-09-20 19:39:19,008 - debates_scraper - INFO - Erfolgreich heruntergeladen: debates2021-11-16c.xml (54898 bytes)
2025-09-20 19:39:19,030 - debates_scraper - INFO - Erfolgreich heruntergeladen: debates2021-11-16b.xml (159409 bytes)
2025-09-20 19:39:19,192 - debates_scraper - INFO - Erfolgreich heruntergeladen: debates2021-11-16d.xml (545456 bytes)
2025-09-20 19:39:20,033 - debates_scraper - INFO - Erfolgreich heruntergeladen: debates2021-11-17a.xml (155813 bytes)
2025-09-20 19:39:20,076 - debates_scraper - INFO - Erfolgreich heruntergeladen: debates2021-11-17c.xml (127888 bytes)
2025-09-20 19:39:20,104 - debates_scraper - INFO - Erfolgreich heruntergeladen: debates2021-11-17b.xml (80910 bytes)
2025-09-20 19:39:20,442 - debates_scraper - INFO - Erfolgreich heruntergeladen: debates2021-11-17d.xml (640576 bytes)
2025-09-20 19:39:21,079 - debates_scraper - INFO - Erfolgreich heruntergeladen: debates2021-11-18a.xml (63292 bytes)
2025-09-20 19:39:21,121 - debates_scraper - INFO - Erfolgreich heruntergeladen: debates2021-11-18b.xml (65151 bytes)
2025-09-20 19:39:21,291 - debates_scraper - INFO - Erfolgreich heruntergeladen: debates2021-11-18c.xml (63724 bytes)
2025-09-20 19:39:21,522 - debates_scraper - INFO - Erfolgreich heruntergeladen: debates2021-11-18d.xml (63403 bytes)
2025-09-20 19:39:22,217 - debates_scraper - INFO - Erfolgreich heruntergeladen: debates2021-11-18e.xml (406720 bytes)
2025-09-20 19:39:22,243 - debates_scraper - INFO - Erfolgreich heruntergeladen: debates2021-11-19a.xml (43364 bytes)
2025-09-20 19:39:22,426 - debates_scraper - INFO - Erfolgreich heruntergeladen: debates2021-11-19b.xml (340479 bytes)
2025-09-20 19:39:22,575 - debates_scraper - INFO - Erfolgreich heruntergeladen: debates2021-11-22a.xml (271552 bytes)
2025-09-20 19:39:23,442 - debates_scraper - INFO - Erfolgreich heruntergeladen: debates2021-11-23a.xml (156636 bytes)
2025-09-20 19:39:23,586 - debates_scraper - INFO - Erfolgreich heruntergeladen: debates2021-11-22b.xml (869199 bytes)
2025-09-20 19:39:23,622 - debates_scraper - INFO - Erfolgreich heruntergeladen: debates2021-11-24a.xml (60765 bytes)
2025-09-20 19:39:23,703 - debates_scraper - INFO - Erfolgreich heruntergeladen: debates2021-11-23b.xml (790508 bytes)
2025-09-20 19:39:24,516 - debates_scraper - INFO - Erfolgreich heruntergeladen: debates2021-11-24b.xml (63339 bytes)
2025-09-20 19:39:24,685 - debates_scraper - INFO - Erfolgreich heruntergeladen: debates2021-11-24c.xml (404338 bytes)
2025-09-20 19:39:24,784 - debates_scraper - INFO - Erfolgreich heruntergeladen: debates2021-11-26a.xml (329768 bytes)
2025-09-20 19:39:24,801 - debates_scraper - INFO - Erfolgreich heruntergeladen: debates2021-11-25a.xml (550107 bytes)
2025-09-20 19:39:25,654 - debates_scraper - INFO - Erfolgreich heruntergeladen: debates2021-11-29a.xml (392966 bytes)
2025-09-20 19:39:25,730 - debates_scraper - INFO - Erfolgreich heruntergeladen: debates2021-11-30a.xml (172025 bytes)
2025-09-20 19:39:25,889 - debates_scraper - INFO - Erfolgreich heruntergeladen: debates2021-11-30b.xml (693889 bytes)
2025-09-20 19:39:25,916 - debates_scraper - INFO - Erfolgreich heruntergeladen: debates2021-12-01a.xml (185375 bytes)
2025-09-20 19:39:26,734 - debates_scraper - INFO - Erfolgreich heruntergeladen: debates2021-12-01b.xml (59535 bytes)
2025-09-20 19:39:26,879 - debates_scraper - INFO - Erfolgreich heruntergeladen: debates2021-12-01c.xml (634012 bytes)
2025-09-20 19:39:26,935 - debates_scraper - INFO - Erfolgreich heruntergeladen: debates2021-12-02a.xml (66211 bytes)
2025-09-20 19:39:27,123 - debates_scraper - INFO - Erfolgreich heruntergeladen: debates2021-12-02b.xml (527850 bytes)
2025-09-20 19:39:27,809 - debates_scraper - INFO - Erfolgreich heruntergeladen: debates2021-12-03a.xml (43265 bytes)
2025-09-20 19:39:27,959 - debates_scraper - INFO - Erfolgreich heruntergeladen: debates2021-12-03b.xml (344974 bytes)
2025-09-20 19:39:28,031 - debates_scraper - INFO - Erfolgreich heruntergeladen: debates2021-12-06a.xml (98538 bytes)
2025-09-20 19:39:28,193 - debates_scraper - INFO - Erfolgreich heruntergeladen: debates2021-12-06b.xml (98202 bytes)
2025-09-20 19:39:28,967 - debates_scraper - INFO - Erfolgreich heruntergeladen: debates2021-12-06c.xml (725841 bytes)
2025-09-20 19:39:29,005 - debates_scraper - INFO - Erfolgreich heruntergeladen: debates2021-12-07a.xml (137110 bytes)
2025-09-20 19:39:29,076 - debates_scraper - INFO - Erfolgreich heruntergeladen: debates2021-12-07b.xml (89004 bytes)
2025-09-20 19:39:29,301 - debates_scraper - INFO - Erfolgreich heruntergeladen: debates2021-12-07c.xml (1004691 bytes)
2025-09-20 19:39:30,065 - debates_scraper - INFO - Erfolgreich heruntergeladen: debates2021-12-08a.xml (155808 bytes)
2025-09-20 19:39:30,110 - debates_scraper - INFO - Erfolgreich heruntergeladen: debates2021-12-08b.xml (93497 bytes)
2025-09-20 19:39:30,201 - debates_scraper - INFO - Erfolgreich heruntergeladen: debates2021-12-08c.xml (870065 bytes)
2025-09-20 19:39:30,346 - debates_scraper - INFO - Erfolgreich heruntergeladen: debates2021-12-09a.xml (68736 bytes)
2025-09-20 19:39:31,194 - debates_scraper - INFO - Erfolgreich heruntergeladen: debates2021-12-09b.xml (530302 bytes)
2025-09-20 19:39:31,241 - debates_scraper - INFO - Erfolgreich heruntergeladen: debates2021-12-13a.xml (160450 bytes)
2025-09-20 19:39:31,267 - debates_scraper - INFO - Erfolgreich heruntergeladen: debates2021-12-10a.xml (346337 bytes)
2025-09-20 19:39:31,388 - debates_scraper - INFO - Erfolgreich heruntergeladen: debates2021-12-13b.xml (154656 bytes)
2025-09-20 19:39:32,326 - debates_scraper - INFO - Erfolgreich heruntergeladen: debates2021-12-13c.xml (155335 bytes)
2025-09-20 19:39:32,337 - debates_scraper - INFO - Erfolgreich heruntergeladen: debates2021-12-13d.xml (68578 bytes)
2025-09-20 19:39:32,442 - debates_scraper - INFO - Erfolgreich heruntergeladen: debates2021-12-13e.xml (611444 bytes)
2025-09-20 19:39:32,455 - debates_scraper - INFO - Erfolgreich heruntergeladen: debates2021-12-14a.xml (125606 bytes)
2025-09-20 19:39:33,444 - debates_scraper - INFO - Erfolgreich heruntergeladen: debates2021-12-14c.xml (83333 bytes)
2025-09-20 19:39:33,454 - debates_scraper - INFO - Erfolgreich heruntergeladen: debates2021-12-14b.xml (119435 bytes)
2025-09-20 19:39:33,530 - debates_scraper - INFO - Erfolgreich heruntergeladen: debates2021-12-15a.xml (318312 bytes)
2025-09-20 19:39:33,564 - debates_scraper - INFO - Erfolgreich heruntergeladen: debates2021-12-14d.xml (682073 bytes)
2025-09-20 19:39:34,542 - debates_scraper - INFO - Erfolgreich heruntergeladen: debates2021-12-16a.xml (63170 bytes)
2025-09-20 19:39:34,550 - debates_scraper - INFO - Erfolgreich heruntergeladen: debates2021-12-16b.xml (62733 bytes)
2025-09-20 19:39:34,737 - debates_scraper - INFO - Erfolgreich heruntergeladen: debates2021-12-16c.xml (483602 bytes)
2025-09-20 19:39:34,743 - debates_scraper - INFO - Gefunden: 2945 XML-Dateien im Download-Verzeichnis
2025-09-20 19:39:35,097 - debates_scraper - INFO - === Debates XML-Scraping abgeschlossen ===
2025-09-20 19:39:35,097 - debates_scraper - INFO - Heruntergeladen: 2945/2945
2025-09-20 19:39:35,097 - debates_scraper - INFO - Fehler: 0
2025-09-20 19:39:35,097 - debates_scraper - INFO - Dauer: 843.88 Sekunden
2025-09-20 19:39:35,099 - debates_scraper - INFO - Gefunden: 2945 XML-Dateien im Download-Verzeichnis
