2025-09-16 20:47:25,749 - scraper.xml_scraper - INFO - Lade XML-Links von https://www.theyworkforyou.com/pwdata/scrapedxml/westminhall/
2025-09-16 20:47:26,070 - scraper.xml_scraper - ERROR - Fehler beim Laden der XML-Links: 503 Server Error: Service Unavailable for url: https://www.theyworkforyou.com/pwdata/scrapedxml/westminhall/
2025-09-16 20:49:00,076 - database.managers.database_manager - INFO - Query erfolgreich ausgeführt: CREATE TABLE IF NOT EXISTS test (id INTEGER, name TEXT)...
2025-09-16 20:49:00,078 - database.managers.database_manager - INFO - Datenbankverbindung geschlossen
2025-09-16 20:49:31,582 - scraper.xml_scraper - INFO - Lade XML-Links von https://www.theyworkforyou.com/pwdata/scrapedxml/westminhall/
2025-09-16 20:49:32,603 - scraper.xml_scraper - INFO - Gefunden: 103 XML-Dateien im Zeitraum 2020-2020
2025-09-16 20:49:34,748 - scraper.xml_scraper - INFO - Erfolgreich heruntergeladen: westminster2020-01-21a.xml (299081 bytes)
2025-09-16 20:49:36,845 - scraper.xml_scraper - INFO - Erfolgreich heruntergeladen: westminster2020-01-22a.xml (43019 bytes)
2025-09-16 20:49:36,856 - database.managers.database_manager - INFO - Query erfolgreich ausgeführt: 
        CREATE TABLE IF NOT EXISTS scraping_metadata (
            id INTEGER PRIMARY KEY,
        ...
2025-09-16 20:49:36,856 - scraper.database_integration - INFO - Scraping-Metadaten-Tabelle erstellt
2025-09-16 20:49:36,856 - database.managers.database_manager - INFO - Query erfolgreich ausgeführt: 
        CREATE TABLE IF NOT EXISTS scraping_metadata (
            id INTEGER PRIMARY KEY,
        ...
2025-09-16 20:49:36,856 - scraper.database_integration - INFO - Scraping-Metadaten-Tabelle erstellt
2025-09-16 20:49:36,857 - database.managers.database_manager - ERROR - Fehler bei Query-Ausführung: Invalid Input Error: Values were not provided for the following prepared statement parameters: 1, 2, 3, 4, 5, 6, 7, 8, 9
2025-09-16 20:49:36,859 - database.managers.database_manager - INFO - Datenbankverbindung geschlossen
2025-09-16 20:50:40,407 - scraper.xml_scraper - INFO - Lade XML-Links von https://www.theyworkforyou.com/pwdata/scrapedxml/westminhall/
2025-09-16 20:50:41,576 - scraper.xml_scraper - INFO - Gefunden: 103 XML-Dateien im Zeitraum 2020-2020
2025-09-16 20:50:41,577 - scraper.xml_scraper - INFO - Datei bereits vorhanden: westminster2020-01-21a.xml
2025-09-16 20:50:41,577 - scraper.xml_scraper - INFO - Datei bereits vorhanden: westminster2020-01-22a.xml
2025-09-16 20:50:41,590 - database.managers.database_manager - INFO - Query erfolgreich ausgeführt: 
        CREATE TABLE IF NOT EXISTS scraping_metadata (
            id INTEGER PRIMARY KEY,
        ...
2025-09-16 20:50:41,590 - scraper.database_integration - INFO - Scraping-Metadaten-Tabelle erstellt
2025-09-16 20:50:41,590 - database.managers.database_manager - INFO - Query erfolgreich ausgeführt: 
        CREATE TABLE IF NOT EXISTS scraping_metadata (
            id INTEGER PRIMARY KEY,
        ...
2025-09-16 20:50:41,590 - scraper.database_integration - INFO - Scraping-Metadaten-Tabelle erstellt
2025-09-16 20:50:41,594 - database.managers.database_manager - ERROR - Fehler bei Query-Ausführung: Constraint Error: Duplicate key "id: 1" violates primary key constraint.
2025-09-16 20:50:41,595 - database.managers.database_manager - INFO - Datenbankverbindung geschlossen
2025-09-16 21:27:16,216 - scraper.xml_scraper - INFO - === XML-Scraping gestartet ===
2025-09-16 21:27:16,216 - scraper.xml_scraper - INFO - Ziel-URL: https://www.theyworkforyou.com/pwdata/scrapedxml/westminhall/
2025-09-16 21:27:16,216 - scraper.xml_scraper - INFO - Zeitraum: 2012-2022
2025-09-16 21:27:16,216 - scraper.xml_scraper - INFO - Speicherort: scraper/data/raw
2025-09-16 21:27:16,216 - scraper.xml_scraper - INFO - Lade XML-Links von https://www.theyworkforyou.com/pwdata/scrapedxml/westminhall/
2025-09-16 21:27:17,431 - scraper.xml_scraper - INFO - Gefunden: 1554 XML-Dateien im Zeitraum 2012-2022
2025-09-16 21:27:17,431 - scraper.xml_scraper - INFO - Starte parallelen Download von 1554 Dateien mit 2 Workern
2025-09-16 21:27:19,584 - scraper.xml_scraper - INFO - Erfolgreich heruntergeladen: westminster2012-01-10a.xml (26175 bytes)
2025-09-16 21:27:19,596 - scraper.xml_scraper - INFO - Erfolgreich heruntergeladen: westminster2012-01-10b.xml (305828 bytes)
2025-09-16 21:27:21,661 - scraper.xml_scraper - INFO - Erfolgreich heruntergeladen: westminster2012-01-11a.xml (22722 bytes)
2025-09-16 21:27:21,683 - scraper.xml_scraper - INFO - Erfolgreich heruntergeladen: westminster2012-01-11b.xml (31266 bytes)
2025-09-16 21:27:23,869 - scraper.xml_scraper - INFO - Erfolgreich heruntergeladen: westminster2012-01-12a.xml (171342 bytes)
2025-09-16 21:27:23,896 - scraper.xml_scraper - INFO - Erfolgreich heruntergeladen: westminster2012-01-11c.xml (290661 bytes)
2025-09-16 21:27:26,025 - scraper.xml_scraper - INFO - Erfolgreich heruntergeladen: westminster2012-01-17a.xml (291840 bytes)
2025-09-16 21:27:26,042 - scraper.xml_scraper - INFO - Erfolgreich heruntergeladen: westminster2012-01-18a.xml (282430 bytes)
2025-09-16 21:27:28,145 - scraper.xml_scraper - INFO - Erfolgreich heruntergeladen: westminster2012-01-19a.xml (160388 bytes)
2025-09-16 21:27:28,211 - scraper.xml_scraper - INFO - Erfolgreich heruntergeladen: westminster2012-01-24a.xml (301827 bytes)
2025-09-16 21:27:30,305 - scraper.xml_scraper - INFO - Erfolgreich heruntergeladen: westminster2012-01-25a.xml (268511 bytes)
2025-09-16 21:27:30,412 - scraper.xml_scraper - INFO - Erfolgreich heruntergeladen: westminster2012-01-26a.xml (180833 bytes)
2025-09-16 21:27:32,567 - scraper.xml_scraper - INFO - Erfolgreich heruntergeladen: westminster2012-02-01a.xml (21710 bytes)
2025-09-16 21:27:32,590 - scraper.xml_scraper - INFO - Erfolgreich heruntergeladen: westminster2012-01-31a.xml (316214 bytes)
2025-09-16 21:27:34,803 - scraper.xml_scraper - INFO - Erfolgreich heruntergeladen: westminster2012-02-02a.xml (187654 bytes)
2025-09-16 21:27:34,860 - scraper.xml_scraper - INFO - Erfolgreich heruntergeladen: westminster2012-02-01b.xml (287991 bytes)
2025-09-16 21:27:36,872 - scraper.xml_scraper - INFO - Erfolgreich heruntergeladen: westminster2012-02-07a.xml (26571 bytes)
2025-09-16 21:27:37,016 - scraper.xml_scraper - INFO - Erfolgreich heruntergeladen: westminster2012-02-07b.xml (289577 bytes)
2025-09-16 21:27:39,022 - scraper.xml_scraper - INFO - Erfolgreich heruntergeladen: westminster2012-02-08a.xml (278626 bytes)
2025-09-16 21:27:39,148 - scraper.xml_scraper - INFO - Erfolgreich heruntergeladen: westminster2012-02-09a.xml (201265 bytes)
2025-09-16 21:27:41,177 - scraper.xml_scraper - INFO - Erfolgreich heruntergeladen: westminster2012-02-21a.xml (298460 bytes)
2025-09-16 21:27:41,326 - scraper.xml_scraper - INFO - Erfolgreich heruntergeladen: westminster2012-02-22a.xml (289293 bytes)
2025-09-16 21:27:43,355 - scraper.xml_scraper - INFO - Erfolgreich heruntergeladen: westminster2012-02-23a.xml (235843 bytes)
2025-09-16 21:27:43,397 - scraper.xml_scraper - INFO - Erfolgreich heruntergeladen: westminster2012-02-28a.xml (33921 bytes)
2025-09-16 21:27:45,428 - scraper.xml_scraper - INFO - Erfolgreich heruntergeladen: westminster2012-02-28b.xml (28100 bytes)
2025-09-16 21:27:45,636 - scraper.xml_scraper - INFO - Erfolgreich heruntergeladen: westminster2012-02-28c.xml (288688 bytes)
2025-09-16 21:27:47,522 - scraper.xml_scraper - INFO - Erfolgreich heruntergeladen: westminster2012-02-29a.xml (46842 bytes)
2025-09-16 21:27:47,812 - scraper.xml_scraper - INFO - Erfolgreich heruntergeladen: westminster2012-02-29b.xml (310410 bytes)
2025-09-16 21:27:49,701 - scraper.xml_scraper - INFO - Erfolgreich heruntergeladen: westminster2012-03-01a.xml (187098 bytes)
2025-09-16 21:27:49,852 - scraper.xml_scraper - INFO - Erfolgreich heruntergeladen: westminster2012-03-06a.xml (28002 bytes)
2025-09-16 21:27:51,955 - scraper.xml_scraper - INFO - Erfolgreich heruntergeladen: westminster2012-03-06b.xml (281979 bytes)
2025-09-16 21:27:52,045 - scraper.xml_scraper - INFO - Erfolgreich heruntergeladen: westminster2012-03-07a.xml (294587 bytes)
2025-09-16 21:27:54,116 - scraper.xml_scraper - INFO - Erfolgreich heruntergeladen: westminster2012-03-08a.xml (184960 bytes)
2025-09-16 21:27:54,197 - scraper.xml_scraper - INFO - Erfolgreich heruntergeladen: westminster2012-03-13a.xml (310683 bytes)
2025-09-16 21:27:56,291 - scraper.xml_scraper - INFO - Erfolgreich heruntergeladen: westminster2012-03-14a.xml (284953 bytes)
2025-09-16 21:27:56,319 - scraper.xml_scraper - INFO - Erfolgreich heruntergeladen: westminster2012-03-15a.xml (181636 bytes)
2025-09-16 21:27:58,463 - scraper.xml_scraper - INFO - Erfolgreich heruntergeladen: westminster2012-03-22a.xml (195833 bytes)
2025-09-16 21:27:58,486 - scraper.xml_scraper - INFO - Erfolgreich heruntergeladen: westminster2012-03-21a.xml (273661 bytes)
2025-09-16 21:28:00,561 - scraper.xml_scraper - INFO - Erfolgreich heruntergeladen: westminster2012-04-17a.xml (30197 bytes)
2025-09-16 21:28:00,638 - scraper.xml_scraper - INFO - Erfolgreich heruntergeladen: westminster2012-03-27a.xml (281388 bytes)
2025-09-16 21:28:02,742 - scraper.xml_scraper - INFO - Erfolgreich heruntergeladen: westminster2012-04-17b.xml (316676 bytes)
2025-09-16 21:28:02,804 - scraper.xml_scraper - INFO - Erfolgreich heruntergeladen: westminster2012-04-18a.xml (255109 bytes)
2025-09-16 21:28:04,872 - scraper.xml_scraper - INFO - Erfolgreich heruntergeladen: westminster2012-04-19a.xml (182679 bytes)
2025-09-16 21:28:04,876 - scraper.xml_scraper - INFO - Erfolgreich heruntergeladen: westminster2012-04-24a.xml (23315 bytes)
2025-09-16 21:28:07,030 - scraper.xml_scraper - INFO - Erfolgreich heruntergeladen: westminster2012-04-25a.xml (275789 bytes)
2025-09-16 21:28:07,084 - scraper.xml_scraper - INFO - Erfolgreich heruntergeladen: westminster2012-04-24b.xml (289707 bytes)
2025-09-16 21:28:09,160 - scraper.xml_scraper - INFO - Erfolgreich heruntergeladen: westminster2012-04-26a.xml (202071 bytes)
2025-09-16 21:28:09,245 - scraper.xml_scraper - INFO - Erfolgreich heruntergeladen: westminster2012-05-22a.xml (153520 bytes)
2025-09-16 21:28:11,318 - scraper.xml_scraper - INFO - Erfolgreich heruntergeladen: westminster2012-05-22b.xml (262370 bytes)
2025-09-16 21:28:11,368 - scraper.xml_scraper - INFO - Erfolgreich heruntergeladen: westminster2012-05-23a.xml (185178 bytes)
2025-09-16 21:28:13,557 - scraper.xml_scraper - INFO - Erfolgreich heruntergeladen: westminster2012-05-24a.xml (64652 bytes)
2025-09-16 21:28:13,580 - scraper.xml_scraper - INFO - Erfolgreich heruntergeladen: westminster2012-05-23b.xml (319638 bytes)
2025-09-16 21:28:15,825 - scraper.xml_scraper - INFO - Erfolgreich heruntergeladen: westminster2012-05-24b.xml (98526 bytes)
2025-09-16 21:28:15,851 - scraper.xml_scraper - INFO - Erfolgreich heruntergeladen: westminster2012-06-12a.xml (272000 bytes)
2025-09-16 21:28:18,029 - scraper.xml_scraper - INFO - Erfolgreich heruntergeladen: westminster2012-06-14a.xml (131193 bytes)
2025-09-16 21:28:18,113 - scraper.xml_scraper - INFO - Erfolgreich heruntergeladen: westminster2012-06-13a.xml (286068 bytes)
2025-09-16 21:28:20,139 - scraper.xml_scraper - INFO - Erfolgreich heruntergeladen: westminster2012-06-19a.xml (15430 bytes)
2025-09-16 21:28:20,352 - scraper.xml_scraper - INFO - Erfolgreich heruntergeladen: westminster2012-06-19b.xml (271780 bytes)
2025-09-16 21:28:22,207 - scraper.xml_scraper - INFO - Erfolgreich heruntergeladen: westminster2012-06-20a.xml (29779 bytes)
2025-09-16 21:28:22,646 - scraper.xml_scraper - INFO - Erfolgreich heruntergeladen: westminster2012-06-20b.xml (288124 bytes)
2025-09-16 21:28:24,270 - scraper.xml_scraper - INFO - Erfolgreich heruntergeladen: westminster2012-06-26a.xml (20069 bytes)
2025-09-16 21:28:24,875 - scraper.xml_scraper - INFO - Erfolgreich heruntergeladen: westminster2012-06-26b.xml (277095 bytes)
2025-09-16 21:28:26,361 - scraper.xml_scraper - INFO - Erfolgreich heruntergeladen: westminster2012-06-27a.xml (21510 bytes)
2025-09-16 21:28:27,027 - scraper.xml_scraper - INFO - Erfolgreich heruntergeladen: westminster2012-06-27b.xml (255025 bytes)
2025-09-16 21:28:28,520 - scraper.xml_scraper - INFO - Erfolgreich heruntergeladen: westminster2012-06-28a.xml (188433 bytes)
2025-09-16 21:28:29,132 - scraper.xml_scraper - INFO - Erfolgreich heruntergeladen: westminster2012-07-03a.xml (264630 bytes)
2025-09-16 21:28:30,705 - scraper.xml_scraper - INFO - Erfolgreich heruntergeladen: westminster2012-07-04a.xml (322553 bytes)
2025-09-16 21:28:31,224 - scraper.xml_scraper - INFO - Erfolgreich heruntergeladen: westminster2012-07-05a.xml (182211 bytes)
2025-09-16 21:28:32,785 - scraper.xml_scraper - INFO - Erfolgreich heruntergeladen: westminster2012-07-10a.xml (28540 bytes)
2025-09-16 21:28:33,308 - scraper.xml_scraper - INFO - Erfolgreich heruntergeladen: westminster2012-07-10b.xml (34325 bytes)
2025-09-16 21:28:35,031 - scraper.xml_scraper - INFO - Erfolgreich heruntergeladen: westminster2012-07-10c.xml (301439 bytes)
2025-09-16 21:28:35,382 - scraper.xml_scraper - INFO - Erfolgreich heruntergeladen: westminster2012-07-11a.xml (296351 bytes)
2025-09-16 21:28:37,242 - scraper.xml_scraper - INFO - Erfolgreich heruntergeladen: westminster2012-07-12a.xml (172755 bytes)
2025-09-16 21:28:37,453 - scraper.xml_scraper - INFO - Erfolgreich heruntergeladen: westminster2012-07-17a.xml (271826 bytes)
2025-09-16 21:28:39,321 - scraper.xml_scraper - INFO - Erfolgreich heruntergeladen: westminster2012-09-04a.xml (23229 bytes)
2025-09-16 21:28:39,582 - scraper.xml_scraper - INFO - Erfolgreich heruntergeladen: westminster2012-09-04b.xml (261522 bytes)
2025-09-16 21:28:41,479 - scraper.xml_scraper - INFO - Erfolgreich heruntergeladen: westminster2012-09-05a.xml (281004 bytes)
2025-09-16 21:28:41,657 - scraper.xml_scraper - INFO - Erfolgreich heruntergeladen: westminster2012-09-06a.xml (167168 bytes)
2025-09-16 21:28:43,635 - scraper.xml_scraper - INFO - Erfolgreich heruntergeladen: westminster2012-09-11a.xml (284205 bytes)
2025-09-16 21:28:43,707 - scraper.xml_scraper - INFO - Erfolgreich heruntergeladen: westminster2012-09-12a.xml (252720 bytes)
2025-09-16 21:28:45,724 - scraper.xml_scraper - INFO - Erfolgreich heruntergeladen: westminster2012-09-13a.xml (20816 bytes)
2025-09-16 21:28:45,837 - scraper.xml_scraper - INFO - Erfolgreich heruntergeladen: westminster2012-09-13b.xml (197862 bytes)
2025-09-16 21:28:47,866 - scraper.xml_scraper - INFO - Erfolgreich heruntergeladen: westminster2012-09-17a.xml (196059 bytes)
2025-09-16 21:28:47,988 - scraper.xml_scraper - INFO - Erfolgreich heruntergeladen: westminster2012-09-18a.xml (282727 bytes)
2025-09-16 21:28:50,025 - scraper.xml_scraper - INFO - Erfolgreich heruntergeladen: westminster2012-10-16a.xml (270902 bytes)
2025-09-16 21:28:50,139 - scraper.xml_scraper - INFO - Erfolgreich heruntergeladen: westminster2012-10-17a.xml (291538 bytes)
2025-09-16 21:28:52,124 - scraper.xml_scraper - INFO - Erfolgreich heruntergeladen: westminster2012-10-18a.xml (90263 bytes)
2025-09-16 21:28:52,206 - scraper.xml_scraper - INFO - Erfolgreich heruntergeladen: westminster2012-10-22a.xml (106474 bytes)
2025-09-16 21:28:54,267 - scraper.xml_scraper - INFO - Erfolgreich heruntergeladen: westminster2012-10-23a.xml (250673 bytes)
2025-09-16 21:28:54,372 - scraper.xml_scraper - INFO - Erfolgreich heruntergeladen: westminster2012-10-24a.xml (255101 bytes)
2025-09-16 21:28:56,392 - scraper.xml_scraper - INFO - Erfolgreich heruntergeladen: westminster2012-10-25a.xml (175831 bytes)
2025-09-16 21:28:56,557 - scraper.xml_scraper - INFO - Erfolgreich heruntergeladen: westminster2012-10-30a.xml (264753 bytes)
2025-09-16 21:28:58,559 - scraper.xml_scraper - INFO - Erfolgreich heruntergeladen: westminster2012-10-31a.xml (253199 bytes)
2025-09-16 21:28:58,614 - scraper.xml_scraper - INFO - Erfolgreich heruntergeladen: westminster2012-11-01a.xml (166057 bytes)
2025-09-16 21:29:00,685 - scraper.xml_scraper - INFO - Erfolgreich heruntergeladen: westminster2012-11-07a.xml (32593 bytes)
2025-09-16 21:29:00,687 - scraper.xml_scraper - INFO - Erfolgreich heruntergeladen: westminster2012-11-06a.xml (193716 bytes)
2025-09-16 21:29:02,909 - scraper.xml_scraper - INFO - Erfolgreich heruntergeladen: westminster2012-11-08a.xml (113048 bytes)
2025-09-16 21:29:02,932 - scraper.xml_scraper - INFO - Erfolgreich heruntergeladen: westminster2012-11-07b.xml (267653 bytes)
2025-09-16 21:29:05,044 - scraper.xml_scraper - INFO - Erfolgreich heruntergeladen: westminster2012-11-20a.xml (26956 bytes)
2025-09-16 21:29:05,117 - scraper.xml_scraper - INFO - Erfolgreich heruntergeladen: westminster2012-11-13a.xml (329071 bytes)
2025-09-16 21:29:07,219 - scraper.xml_scraper - INFO - Erfolgreich heruntergeladen: westminster2012-11-20b.xml (241423 bytes)
2025-09-16 21:29:07,276 - scraper.xml_scraper - INFO - Erfolgreich heruntergeladen: westminster2012-11-21a.xml (290868 bytes)
2025-09-16 21:29:09,347 - scraper.xml_scraper - INFO - Erfolgreich heruntergeladen: westminster2012-11-27a.xml (15873 bytes)
2025-09-16 21:29:09,347 - scraper.xml_scraper - INFO - Erfolgreich heruntergeladen: westminster2012-11-22a.xml (135134 bytes)
2025-09-16 21:29:11,508 - scraper.xml_scraper - INFO - Erfolgreich heruntergeladen: westminster2012-11-27b.xml (264519 bytes)
2025-09-16 21:29:11,508 - scraper.xml_scraper - INFO - Erfolgreich heruntergeladen: westminster2012-11-28a.xml (297307 bytes)
2025-09-16 21:29:14,016 - scraper.xml_scraper - INFO - Erfolgreich heruntergeladen: westminster2012-11-29a.xml (139789 bytes)
2025-09-16 21:29:14,043 - scraper.xml_scraper - INFO - Erfolgreich heruntergeladen: westminster2012-12-04a.xml (296169 bytes)
2025-09-16 21:29:16,539 - scraper.xml_scraper - INFO - Erfolgreich heruntergeladen: westminster2012-12-06a.xml (197747 bytes)
2025-09-16 21:29:16,567 - scraper.xml_scraper - INFO - Erfolgreich heruntergeladen: westminster2012-12-05a.xml (280320 bytes)
2025-09-16 21:29:18,648 - scraper.xml_scraper - INFO - Erfolgreich heruntergeladen: westminster2012-12-11a.xml (252078 bytes)
2025-09-16 21:29:18,692 - scraper.xml_scraper - INFO - Erfolgreich heruntergeladen: westminster2012-12-12a.xml (289296 bytes)
2025-09-16 21:29:20,796 - scraper.xml_scraper - INFO - Erfolgreich heruntergeladen: westminster2012-12-13a.xml (106561 bytes)
2025-09-16 21:29:20,814 - scraper.xml_scraper - INFO - Erfolgreich heruntergeladen: westminster2012-12-18a.xml (300704 bytes)
2025-09-16 21:29:22,936 - scraper.xml_scraper - INFO - Erfolgreich heruntergeladen: westminster2012-12-20a.xml (176793 bytes)
2025-09-16 21:29:22,949 - scraper.xml_scraper - INFO - Erfolgreich heruntergeladen: westminster2012-12-19a.xml (277811 bytes)
2025-09-16 21:29:25,097 - scraper.xml_scraper - INFO - Erfolgreich heruntergeladen: westminster2013-01-08a.xml (301351 bytes)
2025-09-16 21:29:25,112 - scraper.xml_scraper - INFO - Erfolgreich heruntergeladen: westminster2013-01-09a.xml (300002 bytes)
2025-09-16 21:29:27,188 - scraper.xml_scraper - INFO - Erfolgreich heruntergeladen: westminster2013-01-15a.xml (26870 bytes)
2025-09-16 21:29:27,229 - scraper.xml_scraper - INFO - Erfolgreich heruntergeladen: westminster2013-01-10a.xml (104840 bytes)
2025-09-16 21:29:29,427 - scraper.xml_scraper - INFO - Erfolgreich heruntergeladen: westminster2013-01-15b.xml (287946 bytes)
2025-09-16 21:29:29,475 - scraper.xml_scraper - INFO - Erfolgreich heruntergeladen: westminster2013-01-16a.xml (302920 bytes)
2025-09-16 21:29:31,640 - scraper.xml_scraper - INFO - Erfolgreich heruntergeladen: westminster2013-01-17a.xml (162165 bytes)
2025-09-16 21:29:31,664 - scraper.xml_scraper - INFO - Erfolgreich heruntergeladen: westminster2013-01-22a.xml (305587 bytes)
2025-09-16 21:29:33,791 - scraper.xml_scraper - INFO - Erfolgreich heruntergeladen: westminster2013-01-24a.xml (116947 bytes)
2025-09-16 21:29:33,812 - scraper.xml_scraper - INFO - Erfolgreich heruntergeladen: westminster2013-01-23a.xml (288960 bytes)
2025-09-16 21:29:35,873 - scraper.xml_scraper - INFO - Erfolgreich heruntergeladen: westminster2013-01-29a.xml (41041 bytes)
2025-09-16 21:29:35,980 - scraper.xml_scraper - INFO - Erfolgreich heruntergeladen: westminster2013-01-29b.xml (305762 bytes)
2025-09-16 21:29:38,039 - scraper.xml_scraper - INFO - Erfolgreich heruntergeladen: westminster2013-01-30a.xml (289500 bytes)
2025-09-16 21:29:38,129 - scraper.xml_scraper - INFO - Erfolgreich heruntergeladen: westminster2013-01-31a.xml (187913 bytes)
2025-09-16 21:29:40,229 - scraper.xml_scraper - INFO - Erfolgreich heruntergeladen: westminster2013-02-05a.xml (272602 bytes)
2025-09-16 21:29:40,279 - scraper.xml_scraper - INFO - Erfolgreich heruntergeladen: westminster2013-02-06a.xml (291737 bytes)
2025-09-16 21:29:42,385 - scraper.xml_scraper - INFO - Erfolgreich heruntergeladen: westminster2013-02-07a.xml (200570 bytes)
2025-09-16 21:29:42,531 - scraper.xml_scraper - INFO - Erfolgreich heruntergeladen: westminster2013-02-12a.xml (317797 bytes)
2025-09-16 21:29:44,627 - scraper.xml_scraper - INFO - Erfolgreich heruntergeladen: westminster2013-02-13a.xml (204668 bytes)
2025-09-16 21:29:44,742 - scraper.xml_scraper - INFO - Erfolgreich heruntergeladen: westminster2013-02-14a.xml (164653 bytes)
2025-09-16 21:29:46,832 - scraper.xml_scraper - INFO - Erfolgreich heruntergeladen: westminster2013-02-27a.xml (26346 bytes)
2025-09-16 21:29:46,864 - scraper.xml_scraper - INFO - Erfolgreich heruntergeladen: westminster2013-02-26a.xml (258603 bytes)
2025-09-16 21:29:49,019 - scraper.xml_scraper - INFO - Erfolgreich heruntergeladen: westminster2013-02-28a.xml (151925 bytes)
2025-09-16 21:29:49,019 - scraper.xml_scraper - INFO - Erfolgreich heruntergeladen: westminster2013-02-27b.xml (292957 bytes)
2025-09-16 21:29:51,089 - scraper.xml_scraper - INFO - Erfolgreich heruntergeladen: westminster2013-03-06a.xml (23119 bytes)
2025-09-16 21:29:51,167 - scraper.xml_scraper - INFO - Erfolgreich heruntergeladen: westminster2013-03-05a.xml (241873 bytes)
2025-09-16 21:29:53,290 - scraper.xml_scraper - INFO - Erfolgreich heruntergeladen: westminster2013-03-07a.xml (194824 bytes)
2025-09-16 21:29:53,315 - scraper.xml_scraper - INFO - Erfolgreich heruntergeladen: westminster2013-03-06b.xml (290049 bytes)
2025-09-16 21:29:55,445 - scraper.xml_scraper - INFO - Erfolgreich heruntergeladen: westminster2013-03-12a.xml (273406 bytes)
2025-09-16 21:29:55,468 - scraper.xml_scraper - INFO - Erfolgreich heruntergeladen: westminster2013-03-13a.xml (299118 bytes)
2025-09-16 21:29:57,574 - scraper.xml_scraper - INFO - Erfolgreich heruntergeladen: westminster2013-03-14a.xml (179769 bytes)
2025-09-16 21:29:57,625 - scraper.xml_scraper - INFO - Erfolgreich heruntergeladen: westminster2013-03-19a.xml (281923 bytes)
2025-09-16 21:29:59,744 - scraper.xml_scraper - INFO - Erfolgreich heruntergeladen: westminster2013-03-20a.xml (277272 bytes)
2025-09-16 21:29:59,752 - scraper.xml_scraper - INFO - Erfolgreich heruntergeladen: westminster2013-03-21a.xml (173177 bytes)
2025-09-16 21:30:01,943 - scraper.xml_scraper - INFO - Erfolgreich heruntergeladen: westminster2013-03-25a.xml (154429 bytes)
2025-09-16 21:30:01,970 - scraper.xml_scraper - INFO - Erfolgreich heruntergeladen: westminster2013-03-26a.xml (228314 bytes)
2025-09-16 21:30:04,025 - scraper.xml_scraper - INFO - Erfolgreich heruntergeladen: westminster2013-04-16a.xml (23819 bytes)
2025-09-16 21:30:04,142 - scraper.xml_scraper - INFO - Erfolgreich heruntergeladen: westminster2013-04-16b.xml (293020 bytes)
2025-09-16 21:30:06,206 - scraper.xml_scraper - INFO - Erfolgreich heruntergeladen: westminster2013-04-17a.xml (272557 bytes)
2025-09-16 21:30:06,273 - scraper.xml_scraper - INFO - Erfolgreich heruntergeladen: westminster2013-04-18a.xml (192426 bytes)
2025-09-16 21:30:08,283 - scraper.xml_scraper - INFO - Erfolgreich heruntergeladen: westminster2013-04-22a.xml (33433 bytes)
2025-09-16 21:30:08,483 - scraper.xml_scraper - INFO - Erfolgreich heruntergeladen: westminster2013-04-22b.xml (188489 bytes)
2025-09-16 21:30:10,437 - scraper.xml_scraper - INFO - Erfolgreich heruntergeladen: westminster2013-04-23a.xml (270513 bytes)
2025-09-16 21:30:10,640 - scraper.xml_scraper - INFO - Erfolgreich heruntergeladen: westminster2013-04-24a.xml (289036 bytes)
2025-09-16 21:30:12,570 - scraper.xml_scraper - INFO - Erfolgreich heruntergeladen: westminster2013-04-25a.xml (114522 bytes)
2025-09-16 21:30:12,734 - scraper.xml_scraper - INFO - Erfolgreich heruntergeladen: westminster2013-05-16a.xml (196531 bytes)
2025-09-16 21:30:14,804 - scraper.xml_scraper - INFO - Erfolgreich heruntergeladen: westminster2013-05-21a.xml (304745 bytes)
2025-09-16 21:30:14,908 - scraper.xml_scraper - INFO - Erfolgreich heruntergeladen: westminster2013-06-04a.xml (277968 bytes)
2025-09-16 21:30:16,948 - scraper.xml_scraper - INFO - Erfolgreich heruntergeladen: westminster2013-06-05a.xml (31222 bytes)
2025-09-16 21:30:17,088 - scraper.xml_scraper - INFO - Erfolgreich heruntergeladen: westminster2013-06-05b.xml (271915 bytes)
2025-09-16 21:30:19,081 - scraper.xml_scraper - INFO - Erfolgreich heruntergeladen: westminster2013-06-06a.xml (114113 bytes)
2025-09-16 21:30:19,171 - scraper.xml_scraper - INFO - Erfolgreich heruntergeladen: westminster2013-06-11a.xml (270284 bytes)
2025-09-16 21:30:21,213 - scraper.xml_scraper - INFO - Erfolgreich heruntergeladen: westminster2013-06-12a.xml (184884 bytes)
2025-09-16 21:30:21,245 - scraper.xml_scraper - INFO - Erfolgreich heruntergeladen: westminster2013-06-13a.xml (21231 bytes)
2025-09-16 21:30:23,393 - scraper.xml_scraper - INFO - Erfolgreich heruntergeladen: westminster2013-06-13b.xml (165532 bytes)
2025-09-16 21:30:23,422 - scraper.xml_scraper - INFO - Erfolgreich heruntergeladen: westminster2013-06-18a.xml (243956 bytes)
2025-09-16 21:30:25,548 - scraper.xml_scraper - INFO - Erfolgreich heruntergeladen: westminster2013-06-20a.xml (177186 bytes)
2025-09-16 21:30:25,561 - scraper.xml_scraper - INFO - Erfolgreich heruntergeladen: westminster2013-06-19a.xml (292628 bytes)
2025-09-16 21:30:27,707 - scraper.xml_scraper - INFO - Erfolgreich heruntergeladen: westminster2013-06-25a.xml (292625 bytes)
2025-09-16 21:30:27,746 - scraper.xml_scraper - INFO - Erfolgreich heruntergeladen: westminster2013-06-26a.xml (279035 bytes)
2025-09-16 21:30:29,832 - scraper.xml_scraper - INFO - Erfolgreich heruntergeladen: westminster2013-06-27a.xml (94801 bytes)
2025-09-16 21:30:29,982 - scraper.xml_scraper - INFO - Erfolgreich heruntergeladen: westminster2013-07-02a.xml (279972 bytes)
2025-09-16 21:30:32,153 - scraper.xml_scraper - INFO - Erfolgreich heruntergeladen: westminster2013-07-03a.xml (297511 bytes)
2025-09-16 21:30:32,201 - scraper.xml_scraper - INFO - Erfolgreich heruntergeladen: westminster2013-07-04a.xml (154624 bytes)
2025-09-16 21:30:34,270 - scraper.xml_scraper - INFO - Erfolgreich heruntergeladen: westminster2013-07-10a.xml (28147 bytes)
2025-09-16 21:30:34,320 - scraper.xml_scraper - INFO - Erfolgreich heruntergeladen: westminster2013-07-09a.xml (282342 bytes)
2025-09-16 21:30:36,427 - scraper.xml_scraper - INFO - Erfolgreich heruntergeladen: westminster2013-07-10b.xml (219877 bytes)
2025-09-16 21:30:36,458 - scraper.xml_scraper - INFO - Erfolgreich heruntergeladen: westminster2013-07-11a.xml (175215 bytes)
2025-09-16 21:30:38,589 - scraper.xml_scraper - INFO - Erfolgreich heruntergeladen: westminster2013-07-16a.xml (257876 bytes)
2025-09-16 21:30:38,649 - scraper.xml_scraper - INFO - Erfolgreich heruntergeladen: westminster2013-07-17a.xml (282167 bytes)
2025-09-16 21:30:40,778 - scraper.xml_scraper - INFO - Erfolgreich heruntergeladen: westminster2013-07-18a.xml (229806 bytes)
2025-09-16 21:30:40,808 - scraper.xml_scraper - INFO - Erfolgreich heruntergeladen: westminster2013-09-03a.xml (301279 bytes)
2025-09-16 21:30:42,855 - scraper.xml_scraper - INFO - Erfolgreich heruntergeladen: westminster2013-09-04a.xml (29218 bytes)
2025-09-16 21:30:42,876 - scraper.xml_scraper - INFO - Erfolgreich heruntergeladen: westminster2013-09-04b.xml (31165 bytes)
2025-09-16 21:30:45,017 - scraper.xml_scraper - INFO - Erfolgreich heruntergeladen: westminster2013-09-05a.xml (180405 bytes)
2025-09-16 21:30:45,097 - scraper.xml_scraper - INFO - Erfolgreich heruntergeladen: westminster2013-09-04c.xml (304224 bytes)
2025-09-16 21:30:47,125 - scraper.xml_scraper - INFO - Erfolgreich heruntergeladen: westminster2013-09-09a.xml (68594 bytes)
2025-09-16 21:30:47,246 - scraper.xml_scraper - INFO - Erfolgreich heruntergeladen: westminster2013-09-10a.xml (231393 bytes)
2025-09-16 21:30:49,302 - scraper.xml_scraper - INFO - Erfolgreich heruntergeladen: westminster2013-09-11a.xml (278711 bytes)
2025-09-16 21:30:49,365 - scraper.xml_scraper - INFO - Erfolgreich heruntergeladen: westminster2013-09-12a.xml (153879 bytes)
2025-09-16 21:30:51,401 - scraper.xml_scraper - INFO - Erfolgreich heruntergeladen: westminster2013-10-08a.xml (34332 bytes)
2025-09-16 21:30:51,442 - scraper.xml_scraper - INFO - Erfolgreich heruntergeladen: westminster2013-10-08b.xml (28089 bytes)
2025-09-16 21:30:53,666 - scraper.xml_scraper - INFO - Erfolgreich heruntergeladen: westminster2013-10-08c.xml (235951 bytes)
2025-09-16 21:30:53,667 - scraper.xml_scraper - INFO - Erfolgreich heruntergeladen: westminster2013-10-09a.xml (271106 bytes)
2025-09-16 21:30:55,808 - scraper.xml_scraper - INFO - Erfolgreich heruntergeladen: westminster2013-10-10a.xml (26740 bytes)
2025-09-16 21:30:55,867 - scraper.xml_scraper - INFO - Erfolgreich heruntergeladen: westminster2013-10-10b.xml (172060 bytes)
2025-09-16 21:30:57,978 - scraper.xml_scraper - INFO - Erfolgreich heruntergeladen: westminster2013-10-15a.xml (272054 bytes)
2025-09-16 21:30:58,024 - scraper.xml_scraper - INFO - Erfolgreich heruntergeladen: westminster2013-10-16a.xml (297278 bytes)
2025-09-16 21:31:00,104 - scraper.xml_scraper - INFO - Erfolgreich heruntergeladen: westminster2013-10-22a.xml (30637 bytes)
2025-09-16 21:31:00,105 - scraper.xml_scraper - INFO - Erfolgreich heruntergeladen: westminster2013-10-17a.xml (186579 bytes)
2025-09-16 21:31:02,192 - scraper.xml_scraper - INFO - Erfolgreich heruntergeladen: westminster2013-10-23a.xml (24995 bytes)
2025-09-16 21:31:02,351 - scraper.xml_scraper - INFO - Erfolgreich heruntergeladen: westminster2013-10-22b.xml (308004 bytes)
2025-09-16 21:31:04,354 - scraper.xml_scraper - INFO - Erfolgreich heruntergeladen: westminster2013-10-23b.xml (277620 bytes)
2025-09-16 21:31:04,488 - scraper.xml_scraper - INFO - Erfolgreich heruntergeladen: westminster2013-10-24a.xml (202589 bytes)
2025-09-16 21:31:06,576 - scraper.xml_scraper - INFO - Erfolgreich heruntergeladen: westminster2013-10-29a.xml (252742 bytes)
2025-09-16 21:31:06,773 - scraper.xml_scraper - INFO - Erfolgreich heruntergeladen: westminster2013-10-30a.xml (281004 bytes)
2025-09-16 21:31:08,786 - scraper.xml_scraper - INFO - Erfolgreich heruntergeladen: westminster2013-10-31a.xml (218616 bytes)
2025-09-16 21:31:08,930 - scraper.xml_scraper - INFO - Erfolgreich heruntergeladen: westminster2013-11-05a.xml (304195 bytes)
2025-09-16 21:31:10,943 - scraper.xml_scraper - INFO - Erfolgreich heruntergeladen: westminster2013-11-06a.xml (299267 bytes)
2025-09-16 21:31:11,056 - scraper.xml_scraper - INFO - Erfolgreich heruntergeladen: westminster2013-11-07a.xml (149550 bytes)
2025-09-16 21:31:13,125 - scraper.xml_scraper - INFO - Erfolgreich heruntergeladen: westminster2013-11-19a.xml (27218 bytes)
2025-09-16 21:31:13,128 - scraper.xml_scraper - INFO - Erfolgreich heruntergeladen: westminster2013-11-12a.xml (283003 bytes)
2025-09-16 21:31:15,199 - scraper.xml_scraper - INFO - Erfolgreich heruntergeladen: westminster2013-11-19b.xml (26549 bytes)
2025-09-16 21:31:15,287 - scraper.xml_scraper - INFO - Erfolgreich heruntergeladen: westminster2013-11-19c.xml (296932 bytes)
2025-09-16 21:31:17,274 - scraper.xml_scraper - INFO - Erfolgreich heruntergeladen: westminster2013-11-20a.xml (25595 bytes)
2025-09-16 21:31:17,416 - scraper.xml_scraper - INFO - Erfolgreich heruntergeladen: westminster2013-11-20b.xml (295198 bytes)
2025-09-16 21:31:19,400 - scraper.xml_scraper - INFO - Erfolgreich heruntergeladen: westminster2013-11-21a.xml (108782 bytes)
2025-09-16 21:31:19,493 - scraper.xml_scraper - INFO - Erfolgreich heruntergeladen: westminster2013-11-26a.xml (302185 bytes)
2025-09-16 21:31:21,564 - scraper.xml_scraper - INFO - Erfolgreich heruntergeladen: westminster2013-11-27a.xml (239950 bytes)
2025-09-16 21:31:21,633 - scraper.xml_scraper - INFO - Erfolgreich heruntergeladen: westminster2013-11-28a.xml (182879 bytes)
2025-09-16 21:31:23,732 - scraper.xml_scraper - INFO - Erfolgreich heruntergeladen: westminster2013-12-03a.xml (275554 bytes)
2025-09-16 21:31:23,880 - scraper.xml_scraper - INFO - Erfolgreich heruntergeladen: westminster2013-12-04a.xml (303890 bytes)
2025-09-16 21:31:25,947 - scraper.xml_scraper - INFO - Erfolgreich heruntergeladen: westminster2013-12-05a.xml (179850 bytes)
2025-09-16 21:31:26,087 - scraper.xml_scraper - INFO - Erfolgreich heruntergeladen: westminster2013-12-10a.xml (282172 bytes)
2025-09-16 21:31:28,166 - scraper.xml_scraper - INFO - Erfolgreich heruntergeladen: westminster2013-12-17a.xml (23718 bytes)
2025-09-16 21:31:28,192 - scraper.xml_scraper - INFO - Erfolgreich heruntergeladen: westminster2013-12-11a.xml (302272 bytes)
2025-09-16 21:31:30,326 - scraper.xml_scraper - INFO - Erfolgreich heruntergeladen: westminster2013-12-17b.xml (285125 bytes)
2025-09-16 21:31:30,350 - scraper.xml_scraper - INFO - Erfolgreich heruntergeladen: westminster2013-12-18a.xml (294017 bytes)
2025-09-16 21:31:32,420 - scraper.xml_scraper - INFO - Erfolgreich heruntergeladen: westminster2014-01-07a.xml (28039 bytes)
2025-09-16 21:31:32,476 - scraper.xml_scraper - INFO - Erfolgreich heruntergeladen: westminster2013-12-19a.xml (213620 bytes)
2025-09-16 21:31:34,489 - scraper.xml_scraper - INFO - Erfolgreich heruntergeladen: westminster2014-01-07b.xml (28043 bytes)
2025-09-16 21:31:34,621 - scraper.xml_scraper - INFO - Erfolgreich heruntergeladen: westminster2014-01-07c.xml (308609 bytes)
2025-09-16 21:31:36,641 - scraper.xml_scraper - INFO - Erfolgreich heruntergeladen: westminster2014-01-08a.xml (301551 bytes)
2025-09-16 21:31:36,745 - scraper.xml_scraper - INFO - Erfolgreich heruntergeladen: westminster2014-01-09a.xml (189953 bytes)
2025-09-16 21:31:38,716 - scraper.xml_scraper - INFO - Erfolgreich heruntergeladen: westminster2014-01-14a.xml (35552 bytes)
2025-09-16 21:31:38,842 - scraper.xml_scraper - INFO - Erfolgreich heruntergeladen: westminster2014-01-14b.xml (318837 bytes)
2025-09-16 21:31:40,875 - scraper.xml_scraper - INFO - Erfolgreich heruntergeladen: westminster2014-01-15a.xml (284455 bytes)
2025-09-16 21:31:40,989 - scraper.xml_scraper - INFO - Erfolgreich heruntergeladen: westminster2014-01-16a.xml (197557 bytes)
2025-09-16 21:31:43,063 - scraper.xml_scraper - INFO - Erfolgreich heruntergeladen: westminster2014-01-21a.xml (274774 bytes)
2025-09-16 21:31:43,255 - scraper.xml_scraper - INFO - Erfolgreich heruntergeladen: westminster2014-01-22a.xml (290254 bytes)
2025-09-16 21:31:45,193 - scraper.xml_scraper - INFO - Erfolgreich heruntergeladen: westminster2014-01-23a.xml (179773 bytes)
2025-09-16 21:31:45,405 - scraper.xml_scraper - INFO - Erfolgreich heruntergeladen: westminster2014-01-28a.xml (298852 bytes)
2025-09-16 21:31:47,443 - scraper.xml_scraper - INFO - Erfolgreich heruntergeladen: westminster2014-01-29a.xml (263705 bytes)
2025-09-16 21:31:47,644 - scraper.xml_scraper - INFO - Erfolgreich heruntergeladen: westminster2014-01-30a.xml (156312 bytes)
2025-09-16 21:31:49,600 - scraper.xml_scraper - INFO - Erfolgreich heruntergeladen: westminster2014-02-04a.xml (26155 bytes)
2025-09-16 21:31:49,798 - scraper.xml_scraper - INFO - Erfolgreich heruntergeladen: westminster2014-02-04b.xml (28341 bytes)
2025-09-16 21:31:51,862 - scraper.xml_scraper - INFO - Erfolgreich heruntergeladen: westminster2014-02-04c.xml (280630 bytes)
2025-09-16 21:31:51,890 - scraper.xml_scraper - INFO - Erfolgreich heruntergeladen: westminster2014-02-05a.xml (30666 bytes)
2025-09-16 21:31:54,048 - scraper.xml_scraper - INFO - Erfolgreich heruntergeladen: westminster2014-02-06a.xml (177370 bytes)
2025-09-16 21:31:54,081 - scraper.xml_scraper - INFO - Erfolgreich heruntergeladen: westminster2014-02-05b.xml (293442 bytes)
2025-09-16 21:31:56,207 - scraper.xml_scraper - INFO - Erfolgreich heruntergeladen: westminster2014-02-11a.xml (297709 bytes)
2025-09-16 21:31:56,233 - scraper.xml_scraper - INFO - Erfolgreich heruntergeladen: westminster2014-02-12a.xml (303129 bytes)
2025-09-16 21:31:58,344 - scraper.xml_scraper - INFO - Erfolgreich heruntergeladen: westminster2014-02-13a.xml (167031 bytes)
2025-09-16 21:31:58,451 - scraper.xml_scraper - INFO - Erfolgreich heruntergeladen: westminster2014-02-24a.xml (165873 bytes)
2025-09-16 21:32:00,424 - scraper.xml_scraper - INFO - Erfolgreich heruntergeladen: westminster2014-02-25a.xml (20922 bytes)
2025-09-16 21:32:00,662 - scraper.xml_scraper - INFO - Erfolgreich heruntergeladen: westminster2014-02-25b.xml (263072 bytes)
2025-09-16 21:32:02,651 - scraper.xml_scraper - INFO - Erfolgreich heruntergeladen: westminster2014-02-26a.xml (268085 bytes)
2025-09-16 21:32:02,714 - scraper.xml_scraper - INFO - Erfolgreich heruntergeladen: westminster2014-02-27a.xml (152932 bytes)
2025-09-16 21:32:04,891 - scraper.xml_scraper - INFO - Erfolgreich heruntergeladen: westminster2014-03-05a.xml (290237 bytes)
2025-09-16 21:32:04,895 - scraper.xml_scraper - INFO - Erfolgreich heruntergeladen: westminster2014-03-04a.xml (322761 bytes)
2025-09-16 21:32:07,043 - scraper.xml_scraper - INFO - Erfolgreich heruntergeladen: westminster2014-03-06a.xml (137837 bytes)
2025-09-16 21:32:07,052 - scraper.xml_scraper - INFO - Erfolgreich heruntergeladen: westminster2014-03-10a.xml (152313 bytes)
2025-09-16 21:32:09,209 - scraper.xml_scraper - INFO - Erfolgreich heruntergeladen: westminster2014-03-11a.xml (276196 bytes)
2025-09-16 21:32:09,212 - scraper.xml_scraper - INFO - Erfolgreich heruntergeladen: westminster2014-03-12a.xml (299901 bytes)
2025-09-16 21:32:11,284 - scraper.xml_scraper - INFO - Erfolgreich heruntergeladen: westminster2014-03-13a.xml (28552 bytes)
2025-09-16 21:32:11,341 - scraper.xml_scraper - INFO - Erfolgreich heruntergeladen: westminster2014-03-13b.xml (175004 bytes)
2025-09-16 21:32:13,436 - scraper.xml_scraper - INFO - Erfolgreich heruntergeladen: westminster2014-03-18a.xml (294680 bytes)
2025-09-16 21:32:13,487 - scraper.xml_scraper - INFO - Erfolgreich heruntergeladen: westminster2014-03-19a.xml (247064 bytes)
2025-09-16 21:32:15,556 - scraper.xml_scraper - INFO - Erfolgreich heruntergeladen: westminster2014-03-20a.xml (73387 bytes)
2025-09-16 21:32:15,646 - scraper.xml_scraper - INFO - Erfolgreich heruntergeladen: westminster2014-03-25a.xml (248877 bytes)
2025-09-16 21:32:17,732 - scraper.xml_scraper - INFO - Erfolgreich heruntergeladen: westminster2014-03-26a.xml (270498 bytes)
2025-09-16 21:32:17,854 - scraper.xml_scraper - INFO - Erfolgreich heruntergeladen: westminster2014-03-27a.xml (158496 bytes)
2025-09-16 21:32:19,981 - scraper.xml_scraper - INFO - Erfolgreich heruntergeladen: westminster2014-04-01a.xml (223119 bytes)
2025-09-16 21:32:20,094 - scraper.xml_scraper - INFO - Erfolgreich heruntergeladen: westminster2014-04-02a.xml (283398 bytes)
2025-09-16 21:32:22,091 - scraper.xml_scraper - INFO - Erfolgreich heruntergeladen: westminster2014-04-03a.xml (86678 bytes)
2025-09-16 21:32:22,142 - scraper.xml_scraper - INFO - Erfolgreich heruntergeladen: westminster2014-04-08a.xml (18425 bytes)
2025-09-16 21:32:24,214 - scraper.xml_scraper - INFO - Erfolgreich heruntergeladen: westminster2014-04-09a.xml (23062 bytes)
2025-09-16 21:32:24,255 - scraper.xml_scraper - INFO - Erfolgreich heruntergeladen: westminster2014-04-08b.xml (239352 bytes)
2025-09-16 21:32:26,366 - scraper.xml_scraper - INFO - Erfolgreich heruntergeladen: westminster2014-04-09b.xml (282623 bytes)
2025-09-16 21:32:26,378 - scraper.xml_scraper - INFO - Erfolgreich heruntergeladen: westminster2014-04-10a.xml (149504 bytes)
2025-09-16 21:32:28,434 - scraper.xml_scraper - INFO - Erfolgreich heruntergeladen: westminster2014-04-29a.xml (25317 bytes)
2025-09-16 21:32:28,528 - scraper.xml_scraper - INFO - Erfolgreich heruntergeladen: westminster2014-04-29b.xml (299674 bytes)
2025-09-16 21:32:30,586 - scraper.xml_scraper - INFO - Erfolgreich heruntergeladen: westminster2014-04-30a.xml (280112 bytes)
2025-09-16 21:32:30,654 - scraper.xml_scraper - INFO - Erfolgreich heruntergeladen: westminster2014-05-01a.xml (210943 bytes)
2025-09-16 21:32:32,738 - scraper.xml_scraper - INFO - Erfolgreich heruntergeladen: westminster2014-05-06a.xml (267355 bytes)
2025-09-16 21:32:32,798 - scraper.xml_scraper - INFO - Erfolgreich heruntergeladen: westminster2014-05-07a.xml (257743 bytes)
2025-09-16 21:32:34,807 - scraper.xml_scraper - INFO - Erfolgreich heruntergeladen: westminster2014-05-08a.xml (22765 bytes)
2025-09-16 21:32:34,925 - scraper.xml_scraper - INFO - Erfolgreich heruntergeladen: westminster2014-05-08b.xml (202994 bytes)
2025-09-16 21:32:37,314 - scraper.xml_scraper - INFO - Erfolgreich heruntergeladen: westminster2014-05-13a.xml (287233 bytes)
2025-09-16 21:32:37,866 - scraper.xml_scraper - INFO - Erfolgreich heruntergeladen: westminster2014-05-14a.xml (294332 bytes)
2025-09-16 21:32:39,450 - scraper.xml_scraper - INFO - Erfolgreich heruntergeladen: westminster2014-06-17a.xml (17925 bytes)
2025-09-16 21:32:40,015 - scraper.xml_scraper - INFO - Erfolgreich heruntergeladen: westminster2014-06-17b.xml (245268 bytes)
2025-09-16 21:32:41,595 - scraper.xml_scraper - INFO - Erfolgreich heruntergeladen: westminster2014-06-18a.xml (245588 bytes)
2025-09-16 21:32:42,068 - scraper.xml_scraper - INFO - Erfolgreich heruntergeladen: westminster2014-06-19a.xml (136977 bytes)
2025-09-16 21:32:43,689 - scraper.xml_scraper - INFO - Erfolgreich heruntergeladen: westminster2014-06-24a.xml (260991 bytes)
2025-09-16 21:32:44,202 - scraper.xml_scraper - INFO - Erfolgreich heruntergeladen: westminster2014-06-25a.xml (245170 bytes)
2025-09-16 21:32:45,822 - scraper.xml_scraper - INFO - Erfolgreich heruntergeladen: westminster2014-06-26a.xml (118522 bytes)
2025-09-16 21:32:46,317 - scraper.xml_scraper - INFO - Erfolgreich heruntergeladen: westminster2014-07-01a.xml (300156 bytes)
2025-09-16 21:32:47,979 - scraper.xml_scraper - INFO - Erfolgreich heruntergeladen: westminster2014-07-02a.xml (312589 bytes)
2025-09-16 21:32:48,394 - scraper.xml_scraper - INFO - Erfolgreich heruntergeladen: westminster2014-07-03a.xml (132324 bytes)
2025-09-16 21:32:50,226 - scraper.xml_scraper - INFO - Erfolgreich heruntergeladen: westminster2014-07-08a.xml (274381 bytes)
2025-09-16 21:32:50,473 - scraper.xml_scraper - INFO - Erfolgreich heruntergeladen: westminster2014-07-09a.xml (283084 bytes)
2025-09-16 21:32:52,466 - scraper.xml_scraper - INFO - Erfolgreich heruntergeladen: westminster2014-07-10a.xml (190201 bytes)
2025-09-16 21:32:52,548 - scraper.xml_scraper - INFO - Erfolgreich heruntergeladen: westminster2014-07-15a.xml (258934 bytes)
2025-09-16 21:32:54,622 - scraper.xml_scraper - INFO - Erfolgreich heruntergeladen: westminster2014-07-16a.xml (236956 bytes)
2025-09-16 21:32:54,700 - scraper.xml_scraper - INFO - Erfolgreich heruntergeladen: westminster2014-07-17a.xml (192590 bytes)
2025-09-16 21:32:56,726 - scraper.xml_scraper - INFO - Erfolgreich heruntergeladen: westminster2014-07-21a.xml (58332 bytes)
2025-09-16 21:32:56,858 - scraper.xml_scraper - INFO - Erfolgreich heruntergeladen: westminster2014-07-22a.xml (283457 bytes)
2025-09-16 21:32:58,881 - scraper.xml_scraper - INFO - Erfolgreich heruntergeladen: westminster2014-09-02a.xml (307895 bytes)
2025-09-16 21:32:59,009 - scraper.xml_scraper - INFO - Erfolgreich heruntergeladen: westminster2014-09-03a.xml (278343 bytes)
2025-09-16 21:33:01,005 - scraper.xml_scraper - INFO - Erfolgreich heruntergeladen: westminster2014-09-04a.xml (98988 bytes)
2025-09-16 21:33:01,049 - scraper.xml_scraper - INFO - Erfolgreich heruntergeladen: westminster2014-09-08a.xml (9150 bytes)
2025-09-16 21:33:03,203 - scraper.xml_scraper - INFO - Erfolgreich heruntergeladen: westminster2014-09-08b.xml (161945 bytes)
2025-09-16 21:33:03,282 - scraper.xml_scraper - INFO - Erfolgreich heruntergeladen: westminster2014-09-09a.xml (257031 bytes)
2025-09-16 21:33:05,411 - scraper.xml_scraper - INFO - Erfolgreich heruntergeladen: westminster2014-09-11a.xml (172087 bytes)
2025-09-16 21:33:05,439 - scraper.xml_scraper - INFO - Erfolgreich heruntergeladen: westminster2014-09-10a.xml (279434 bytes)
2025-09-16 21:33:07,567 - scraper.xml_scraper - INFO - Erfolgreich heruntergeladen: westminster2014-10-14a.xml (250239 bytes)
2025-09-16 21:33:07,589 - scraper.xml_scraper - INFO - Erfolgreich heruntergeladen: westminster2014-10-15a.xml (286227 bytes)
2025-09-16 21:33:09,690 - scraper.xml_scraper - INFO - Erfolgreich heruntergeladen: westminster2014-10-16a.xml (144165 bytes)
2025-09-16 21:33:09,748 - scraper.xml_scraper - INFO - Erfolgreich heruntergeladen: westminster2014-10-21a.xml (265530 bytes)
2025-09-16 21:33:11,847 - scraper.xml_scraper - INFO - Erfolgreich heruntergeladen: westminster2014-10-22a.xml (278390 bytes)
2025-09-16 21:33:11,850 - scraper.xml_scraper - INFO - Erfolgreich heruntergeladen: westminster2014-10-23a.xml (92753 bytes)
2025-09-16 21:33:13,976 - scraper.xml_scraper - INFO - Erfolgreich heruntergeladen: westminster2014-10-28a.xml (209164 bytes)
2025-09-16 21:33:14,003 - scraper.xml_scraper - INFO - Erfolgreich heruntergeladen: westminster2014-10-29a.xml (221072 bytes)
2025-09-16 21:33:16,126 - scraper.xml_scraper - INFO - Erfolgreich heruntergeladen: westminster2014-11-04a.xml (48801 bytes)
2025-09-16 21:33:16,155 - scraper.xml_scraper - INFO - Erfolgreich heruntergeladen: westminster2014-10-30a.xml (122234 bytes)
2025-09-16 21:33:18,284 - scraper.xml_scraper - INFO - Erfolgreich heruntergeladen: westminster2014-11-04b.xml (292366 bytes)
2025-09-16 21:33:18,309 - scraper.xml_scraper - INFO - Erfolgreich heruntergeladen: westminster2014-11-05a.xml (297539 bytes)
2025-09-16 21:33:20,412 - scraper.xml_scraper - INFO - Erfolgreich heruntergeladen: westminster2014-11-06a.xml (110735 bytes)
2025-09-16 21:33:20,428 - scraper.xml_scraper - INFO - Erfolgreich heruntergeladen: westminster2014-11-11a.xml (126278 bytes)
2025-09-16 21:33:22,566 - scraper.xml_scraper - INFO - Erfolgreich heruntergeladen: westminster2014-11-18a.xml (299319 bytes)
2025-09-16 21:33:22,577 - scraper.xml_scraper - INFO - Erfolgreich heruntergeladen: westminster2014-11-19a.xml (313583 bytes)
2025-09-16 21:33:24,826 - scraper.xml_scraper - INFO - Erfolgreich heruntergeladen: westminster2014-11-20a.xml (170154 bytes)
2025-09-16 21:33:24,855 - scraper.xml_scraper - INFO - Erfolgreich heruntergeladen: westminster2014-11-25a.xml (288229 bytes)
2025-09-16 21:33:26,981 - scraper.xml_scraper - INFO - Erfolgreich heruntergeladen: westminster2014-11-27a.xml (157504 bytes)
2025-09-16 21:33:26,982 - scraper.xml_scraper - INFO - Erfolgreich heruntergeladen: westminster2014-11-26a.xml (267534 bytes)
2025-09-16 21:33:29,051 - scraper.xml_scraper - INFO - Erfolgreich heruntergeladen: westminster2014-12-01a.xml (24975 bytes)
2025-09-16 21:33:29,134 - scraper.xml_scraper - INFO - Erfolgreich heruntergeladen: westminster2014-12-01b.xml (218870 bytes)
2025-09-16 21:33:31,207 - scraper.xml_scraper - INFO - Erfolgreich heruntergeladen: westminster2014-12-02a.xml (250576 bytes)
2025-09-16 21:33:31,285 - scraper.xml_scraper - INFO - Erfolgreich heruntergeladen: westminster2014-12-03a.xml (316343 bytes)
2025-09-16 21:33:33,331 - scraper.xml_scraper - INFO - Erfolgreich heruntergeladen: westminster2014-12-04a.xml (150038 bytes)
2025-09-16 21:33:33,413 - scraper.xml_scraper - INFO - Erfolgreich heruntergeladen: westminster2014-12-04b.xml (131680 bytes)
2025-09-16 21:33:35,508 - scraper.xml_scraper - INFO - Erfolgreich heruntergeladen: westminster2014-12-09a.xml (232066 bytes)
2025-09-16 21:33:35,562 - scraper.xml_scraper - INFO - Erfolgreich heruntergeladen: westminster2014-12-10a.xml (280730 bytes)
2025-09-16 21:33:37,628 - scraper.xml_scraper - INFO - Erfolgreich heruntergeladen: westminster2014-12-11a.xml (171432 bytes)
2025-09-16 21:33:37,686 - scraper.xml_scraper - INFO - Erfolgreich heruntergeladen: westminster2014-12-15a.xml (114289 bytes)
2025-09-16 21:33:39,853 - scraper.xml_scraper - INFO - Erfolgreich heruntergeladen: westminster2014-12-16a.xml (276083 bytes)
2025-09-16 21:33:39,910 - scraper.xml_scraper - INFO - Erfolgreich heruntergeladen: westminster2014-12-17a.xml (254246 bytes)
2025-09-16 21:33:41,983 - scraper.xml_scraper - INFO - Erfolgreich heruntergeladen: westminster2014-12-18a.xml (100568 bytes)
2025-09-16 21:33:42,061 - scraper.xml_scraper - INFO - Erfolgreich heruntergeladen: westminster2015-01-06a.xml (312555 bytes)
2025-09-16 21:33:44,137 - scraper.xml_scraper - INFO - Erfolgreich heruntergeladen: westminster2015-01-07a.xml (287460 bytes)
2025-09-16 21:33:44,190 - scraper.xml_scraper - INFO - Erfolgreich heruntergeladen: westminster2015-01-08a.xml (151669 bytes)
2025-09-16 21:33:46,219 - scraper.xml_scraper - INFO - Erfolgreich heruntergeladen: westminster2015-01-13a.xml (22910 bytes)
2025-09-16 21:33:46,417 - scraper.xml_scraper - INFO - Erfolgreich heruntergeladen: westminster2015-01-13b.xml (280509 bytes)
2025-09-16 21:33:48,379 - scraper.xml_scraper - INFO - Erfolgreich heruntergeladen: westminster2015-01-14a.xml (291510 bytes)
2025-09-16 21:33:48,530 - scraper.xml_scraper - INFO - Erfolgreich heruntergeladen: westminster2015-01-15a.xml (135280 bytes)
2025-09-16 21:33:50,634 - scraper.xml_scraper - INFO - Erfolgreich heruntergeladen: westminster2015-01-20a.xml (286131 bytes)
2025-09-16 21:33:50,808 - scraper.xml_scraper - INFO - Erfolgreich heruntergeladen: westminster2015-01-21a.xml (298886 bytes)
2025-09-16 21:33:52,882 - scraper.xml_scraper - INFO - Erfolgreich heruntergeladen: westminster2015-01-22a.xml (151111 bytes)
2025-09-16 21:33:53,019 - scraper.xml_scraper - INFO - Erfolgreich heruntergeladen: westminster2015-01-27a.xml (299855 bytes)
2025-09-16 21:33:55,119 - scraper.xml_scraper - INFO - Erfolgreich heruntergeladen: westminster2015-01-28a.xml (281900 bytes)
2025-09-16 21:33:55,144 - scraper.xml_scraper - INFO - Erfolgreich heruntergeladen: westminster2015-01-29a.xml (159716 bytes)
2025-09-16 21:33:57,271 - scraper.xml_scraper - INFO - Erfolgreich heruntergeladen: westminster2015-02-03a.xml (245186 bytes)
2025-09-16 21:33:57,296 - scraper.xml_scraper - INFO - Erfolgreich heruntergeladen: westminster2015-02-04a.xml (329007 bytes)
2025-09-16 21:33:59,391 - scraper.xml_scraper - INFO - Erfolgreich heruntergeladen: westminster2015-02-05a.xml (187560 bytes)
2025-09-16 21:33:59,498 - scraper.xml_scraper - INFO - Erfolgreich heruntergeladen: westminster2015-02-10a.xml (187819 bytes)
2025-09-16 21:34:01,624 - scraper.xml_scraper - INFO - Erfolgreich heruntergeladen: westminster2015-02-11a.xml (277065 bytes)
2025-09-16 21:34:01,794 - scraper.xml_scraper - INFO - Erfolgreich heruntergeladen: westminster2015-02-12a.xml (134814 bytes)
2025-09-16 21:34:03,892 - scraper.xml_scraper - INFO - Erfolgreich heruntergeladen: westminster2015-02-23a.xml (185836 bytes)
2025-09-16 21:34:04,053 - scraper.xml_scraper - INFO - Erfolgreich heruntergeladen: westminster2015-02-24a.xml (214370 bytes)
2025-09-16 21:34:06,124 - scraper.xml_scraper - INFO - Erfolgreich heruntergeladen: westminster2015-02-25a.xml (298648 bytes)
2025-09-16 21:34:06,176 - scraper.xml_scraper - INFO - Erfolgreich heruntergeladen: westminster2015-02-26a.xml (101520 bytes)
2025-09-16 21:34:08,177 - scraper.xml_scraper - INFO - Erfolgreich heruntergeladen: westminster2015-03-02a.xml (11896 bytes)
2025-09-16 21:34:08,272 - scraper.xml_scraper - INFO - Erfolgreich heruntergeladen: westminster2015-03-02b.xml (107088 bytes)
2025-09-16 21:34:10,351 - scraper.xml_scraper - INFO - Erfolgreich heruntergeladen: westminster2015-03-03a.xml (225994 bytes)
2025-09-16 21:34:10,505 - scraper.xml_scraper - INFO - Erfolgreich heruntergeladen: westminster2015-03-04a.xml (307995 bytes)
2025-09-16 21:34:12,425 - scraper.xml_scraper - INFO - Erfolgreich heruntergeladen: westminster2015-03-05a.xml (16443 bytes)
2025-09-16 21:34:12,692 - scraper.xml_scraper - INFO - Erfolgreich heruntergeladen: westminster2015-03-05b.xml (164486 bytes)
2025-09-16 21:34:14,580 - scraper.xml_scraper - INFO - Erfolgreich heruntergeladen: westminster2015-03-10a.xml (243351 bytes)
2025-09-16 21:34:14,797 - scraper.xml_scraper - INFO - Erfolgreich heruntergeladen: westminster2015-03-11a.xml (262233 bytes)
2025-09-16 21:34:16,712 - scraper.xml_scraper - INFO - Erfolgreich heruntergeladen: westminster2015-03-12a.xml (183866 bytes)
2025-09-16 21:34:16,850 - scraper.xml_scraper - INFO - Erfolgreich heruntergeladen: westminster2015-03-16a.xml (50739 bytes)
2025-09-16 21:34:18,867 - scraper.xml_scraper - INFO - Erfolgreich heruntergeladen: westminster2015-03-17a.xml (259066 bytes)
2025-09-16 21:34:19,095 - scraper.xml_scraper - INFO - Erfolgreich heruntergeladen: westminster2015-03-18a.xml (287893 bytes)
2025-09-16 21:34:20,996 - scraper.xml_scraper - INFO - Erfolgreich heruntergeladen: westminster2015-03-19a.xml (176402 bytes)
2025-09-16 21:34:21,154 - scraper.xml_scraper - INFO - Erfolgreich heruntergeladen: westminster2015-03-23a.xml (24123 bytes)
2025-09-16 21:34:23,211 - scraper.xml_scraper - INFO - Erfolgreich heruntergeladen: westminster2015-03-23b.xml (11149 bytes)
2025-09-16 21:34:23,277 - scraper.xml_scraper - INFO - Erfolgreich heruntergeladen: westminster2015-03-23c.xml (135841 bytes)
2025-09-16 21:34:25,368 - scraper.xml_scraper - INFO - Erfolgreich heruntergeladen: westminster2015-03-24a.xml (267642 bytes)
2025-09-16 21:34:25,417 - scraper.xml_scraper - INFO - Erfolgreich heruntergeladen: westminster2015-03-25a.xml (301615 bytes)
2025-09-16 21:34:27,518 - scraper.xml_scraper - INFO - Erfolgreich heruntergeladen: westminster2015-06-09a.xml (330332 bytes)
2025-09-16 21:34:27,571 - scraper.xml_scraper - INFO - Erfolgreich heruntergeladen: westminster2015-06-10a.xml (298537 bytes)
2025-09-16 21:34:29,613 - scraper.xml_scraper - INFO - Erfolgreich heruntergeladen: westminster2015-06-11a.xml (12832 bytes)
2025-09-16 21:34:29,700 - scraper.xml_scraper - INFO - Erfolgreich heruntergeladen: westminster2015-06-11b.xml (186466 bytes)
2025-09-16 21:34:31,729 - scraper.xml_scraper - INFO - Erfolgreich heruntergeladen: westminster2015-06-16a.xml (29946 bytes)
2025-09-16 21:34:31,850 - scraper.xml_scraper - INFO - Erfolgreich heruntergeladen: westminster2015-06-16b.xml (328758 bytes)
2025-09-16 21:34:33,921 - scraper.xml_scraper - INFO - Erfolgreich heruntergeladen: westminster2015-06-17a.xml (330146 bytes)
2025-09-16 21:34:33,967 - scraper.xml_scraper - INFO - Erfolgreich heruntergeladen: westminster2015-06-18a.xml (69890 bytes)
2025-09-16 21:34:36,078 - scraper.xml_scraper - INFO - Erfolgreich heruntergeladen: westminster2015-06-23a.xml (308972 bytes)
2025-09-16 21:34:36,204 - scraper.xml_scraper - INFO - Erfolgreich heruntergeladen: westminster2015-06-24a.xml (320197 bytes)
2025-09-16 21:34:38,379 - scraper.xml_scraper - INFO - Erfolgreich heruntergeladen: westminster2015-06-25a.xml (156223 bytes)
2025-09-16 21:34:38,550 - scraper.xml_scraper - INFO - Erfolgreich heruntergeladen: westminster2015-06-30a.xml (332325 bytes)
2025-09-16 21:34:40,453 - scraper.xml_scraper - INFO - Erfolgreich heruntergeladen: westminster2015-07-01a.xml (34775 bytes)
2025-09-16 21:34:40,671 - scraper.xml_scraper - INFO - Erfolgreich heruntergeladen: westminster2015-07-01b.xml (342774 bytes)
2025-09-16 21:34:42,689 - scraper.xml_scraper - INFO - Erfolgreich heruntergeladen: westminster2015-07-02a.xml (133388 bytes)
2025-09-16 21:34:42,829 - scraper.xml_scraper - INFO - Erfolgreich heruntergeladen: westminster2015-07-07a.xml (319265 bytes)
2025-09-16 21:34:44,825 - scraper.xml_scraper - INFO - Erfolgreich heruntergeladen: westminster2015-07-08a.xml (29447 bytes)
2025-09-16 21:34:44,976 - scraper.xml_scraper - INFO - Erfolgreich heruntergeladen: westminster2015-07-08b.xml (342133 bytes)
2025-09-16 21:34:46,982 - scraper.xml_scraper - INFO - Erfolgreich heruntergeladen: westminster2015-07-09a.xml (191259 bytes)
2025-09-16 21:34:47,212 - scraper.xml_scraper - INFO - Erfolgreich heruntergeladen: westminster2015-07-14a.xml (298612 bytes)
2025-09-16 21:34:49,133 - scraper.xml_scraper - INFO - Erfolgreich heruntergeladen: westminster2015-07-15a.xml (316022 bytes)
2025-09-16 21:34:49,338 - scraper.xml_scraper - INFO - Erfolgreich heruntergeladen: westminster2015-07-16a.xml (123216 bytes)
2025-09-16 21:34:51,287 - scraper.xml_scraper - INFO - Erfolgreich heruntergeladen: westminster2015-07-21a.xml (328399 bytes)
2025-09-16 21:34:51,446 - scraper.xml_scraper - INFO - Erfolgreich heruntergeladen: westminster2015-09-08a.xml (12061 bytes)
2025-09-16 21:34:53,520 - scraper.xml_scraper - INFO - Erfolgreich heruntergeladen: westminster2015-09-08b.xml (201218 bytes)
2025-09-16 21:34:53,642 - scraper.xml_scraper - INFO - Erfolgreich heruntergeladen: westminster2015-09-09a.xml (348669 bytes)
2025-09-16 21:34:55,717 - scraper.xml_scraper - INFO - Erfolgreich heruntergeladen: westminster2015-09-10a.xml (192341 bytes)
2025-09-16 21:34:55,770 - scraper.xml_scraper - INFO - Erfolgreich heruntergeladen: westminster2015-09-14a.xml (150735 bytes)
2025-09-16 21:34:57,917 - scraper.xml_scraper - INFO - Erfolgreich heruntergeladen: westminster2015-09-15a.xml (335312 bytes)
2025-09-16 21:34:57,940 - scraper.xml_scraper - INFO - Erfolgreich heruntergeladen: westminster2015-09-16a.xml (326231 bytes)
2025-09-16 21:35:00,058 - scraper.xml_scraper - INFO - Erfolgreich heruntergeladen: westminster2015-09-17a.xml (183352 bytes)
2025-09-16 21:35:00,064 - scraper.xml_scraper - INFO - Erfolgreich heruntergeladen: westminster2015-10-12a.xml (152372 bytes)
2025-09-16 21:35:02,155 - scraper.xml_scraper - INFO - Erfolgreich heruntergeladen: westminster2015-10-14a.xml (24168 bytes)
2025-09-16 21:35:02,225 - scraper.xml_scraper - INFO - Erfolgreich heruntergeladen: westminster2015-10-13a.xml (281198 bytes)
2025-09-16 21:35:04,224 - scraper.xml_scraper - INFO - Erfolgreich heruntergeladen: westminster2015-10-14b.xml (25057 bytes)
2025-09-16 21:35:04,356 - scraper.xml_scraper - INFO - Erfolgreich heruntergeladen: westminster2015-10-14c.xml (293151 bytes)
2025-09-16 21:35:06,350 - scraper.xml_scraper - INFO - Erfolgreich heruntergeladen: westminster2015-10-15a.xml (142894 bytes)
2025-09-16 21:35:06,424 - scraper.xml_scraper - INFO - Erfolgreich heruntergeladen: westminster2015-10-19a.xml (155769 bytes)
2025-09-16 21:35:08,573 - scraper.xml_scraper - INFO - Erfolgreich heruntergeladen: westminster2015-10-20a.xml (320478 bytes)
2025-09-16 21:35:08,580 - scraper.xml_scraper - INFO - Erfolgreich heruntergeladen: westminster2015-10-21a.xml (315637 bytes)
2025-09-16 21:35:10,712 - scraper.xml_scraper - INFO - Erfolgreich heruntergeladen: westminster2015-10-26a.xml (124958 bytes)
2025-09-16 21:35:10,713 - scraper.xml_scraper - INFO - Erfolgreich heruntergeladen: westminster2015-10-22a.xml (144543 bytes)
2025-09-16 21:35:12,782 - scraper.xml_scraper - INFO - Erfolgreich heruntergeladen: westminster2015-10-27a.xml (32746 bytes)
2025-09-16 21:35:12,857 - scraper.xml_scraper - INFO - Erfolgreich heruntergeladen: westminster2015-10-27b.xml (325716 bytes)
2025-09-16 21:35:14,895 - scraper.xml_scraper - INFO - Erfolgreich heruntergeladen: westminster2015-10-28a.xml (31152 bytes)
2025-09-16 21:35:15,013 - scraper.xml_scraper - INFO - Erfolgreich heruntergeladen: westminster2015-10-28b.xml (332838 bytes)
2025-09-16 21:35:17,082 - scraper.xml_scraper - INFO - Erfolgreich heruntergeladen: westminster2015-10-29a.xml (206088 bytes)
2025-09-16 21:35:17,167 - scraper.xml_scraper - INFO - Erfolgreich heruntergeladen: westminster2015-11-03a.xml (331850 bytes)
2025-09-16 21:35:19,249 - scraper.xml_scraper - INFO - Erfolgreich heruntergeladen: westminster2015-11-04a.xml (263689 bytes)
2025-09-16 21:35:19,390 - scraper.xml_scraper - INFO - Erfolgreich heruntergeladen: westminster2015-11-05a.xml (212488 bytes)
2025-09-16 21:35:21,485 - scraper.xml_scraper - INFO - Erfolgreich heruntergeladen: westminster2015-11-10a.xml (349827 bytes)
2025-09-16 21:35:21,762 - scraper.xml_scraper - INFO - Erfolgreich heruntergeladen: westminster2015-11-17a.xml (314279 bytes)
2025-09-16 21:35:23,641 - scraper.xml_scraper - INFO - Erfolgreich heruntergeladen: westminster2015-11-18a.xml (24377 bytes)
2025-09-16 21:35:23,890 - scraper.xml_scraper - INFO - Erfolgreich heruntergeladen: westminster2015-11-18b.xml (307381 bytes)
2025-09-16 21:35:25,879 - scraper.xml_scraper - INFO - Erfolgreich heruntergeladen: westminster2015-11-19a.xml (192200 bytes)
2025-09-16 21:35:25,959 - scraper.xml_scraper - INFO - Erfolgreich heruntergeladen: westminster2015-11-24a.xml (322484 bytes)
2025-09-16 21:35:28,055 - scraper.xml_scraper - INFO - Erfolgreich heruntergeladen: westminster2015-11-25a.xml (333110 bytes)
2025-09-16 21:35:28,084 - scraper.xml_scraper - INFO - Erfolgreich heruntergeladen: westminster2015-11-26a.xml (102515 bytes)
2025-09-16 21:35:30,196 - scraper.xml_scraper - INFO - Erfolgreich heruntergeladen: westminster2015-11-30a.xml (186988 bytes)
2025-09-16 21:35:30,222 - scraper.xml_scraper - INFO - Erfolgreich heruntergeladen: westminster2015-11-30b.xml (187598 bytes)
2025-09-16 21:35:32,351 - scraper.xml_scraper - INFO - Erfolgreich heruntergeladen: westminster2015-12-01a.xml (306138 bytes)
2025-09-16 21:35:32,366 - scraper.xml_scraper - INFO - Erfolgreich heruntergeladen: westminster2015-12-02a.xml (234087 bytes)
2025-09-16 21:35:34,425 - scraper.xml_scraper - INFO - Erfolgreich heruntergeladen: westminster2015-12-03a.xml (16693 bytes)
2025-09-16 21:35:34,489 - scraper.xml_scraper - INFO - Erfolgreich heruntergeladen: westminster2015-12-03b.xml (199319 bytes)
2025-09-16 21:35:36,559 - scraper.xml_scraper - INFO - Erfolgreich heruntergeladen: westminster2015-12-07a.xml (123304 bytes)
2025-09-16 21:35:36,720 - scraper.xml_scraper - INFO - Erfolgreich heruntergeladen: westminster2015-12-08a.xml (335441 bytes)
2025-09-16 21:35:38,791 - scraper.xml_scraper - INFO - Erfolgreich heruntergeladen: westminster2015-12-09a.xml (315361 bytes)
2025-09-16 21:35:38,911 - scraper.xml_scraper - INFO - Erfolgreich heruntergeladen: westminster2015-12-10a.xml (136996 bytes)
2025-09-16 21:35:40,954 - scraper.xml_scraper - INFO - Erfolgreich heruntergeladen: westminster2015-12-15a.xml (32100 bytes)
2025-09-16 21:35:41,063 - scraper.xml_scraper - INFO - Erfolgreich heruntergeladen: westminster2015-12-15b.xml (324690 bytes)
2025-09-16 21:35:43,135 - scraper.xml_scraper - INFO - Erfolgreich heruntergeladen: westminster2015-12-16a.xml (328855 bytes)
2025-09-16 21:35:43,190 - scraper.xml_scraper - INFO - Erfolgreich heruntergeladen: westminster2015-12-17a.xml (100409 bytes)
2025-09-16 21:35:45,207 - scraper.xml_scraper - INFO - Erfolgreich heruntergeladen: westminster2016-01-05a.xml (24345 bytes)
2025-09-16 21:35:45,337 - scraper.xml_scraper - INFO - Erfolgreich heruntergeladen: westminster2016-01-05b.xml (298812 bytes)
2025-09-16 21:35:47,309 - scraper.xml_scraper - INFO - Erfolgreich heruntergeladen: westminster2016-01-06a.xml (36971 bytes)
2025-09-16 21:35:47,438 - scraper.xml_scraper - INFO - Erfolgreich heruntergeladen: westminster2016-01-06b.xml (350278 bytes)
2025-09-16 21:35:49,357 - scraper.xml_scraper - INFO - Erfolgreich heruntergeladen: westminster2016-01-07a.xml (12689 bytes)
2025-09-16 21:35:49,538 - scraper.xml_scraper - INFO - Erfolgreich heruntergeladen: westminster2016-01-07b.xml (170607 bytes)
2025-09-16 21:35:51,436 - scraper.xml_scraper - INFO - Erfolgreich heruntergeladen: westminster2016-01-11a.xml (17617 bytes)
2025-09-16 21:35:51,662 - scraper.xml_scraper - INFO - Erfolgreich heruntergeladen: westminster2016-01-11b.xml (191340 bytes)
2025-09-16 21:35:53,509 - scraper.xml_scraper - INFO - Erfolgreich heruntergeladen: westminster2016-01-12a.xml (21621 bytes)
2025-09-16 21:35:53,790 - scraper.xml_scraper - INFO - Erfolgreich heruntergeladen: westminster2016-01-12b.xml (321692 bytes)
2025-09-16 21:35:55,582 - scraper.xml_scraper - INFO - Erfolgreich heruntergeladen: westminster2016-01-13a.xml (27165 bytes)
2025-09-16 21:35:55,952 - scraper.xml_scraper - INFO - Erfolgreich heruntergeladen: westminster2016-01-13b.xml (341117 bytes)
2025-09-16 21:35:57,644 - scraper.xml_scraper - INFO - Erfolgreich heruntergeladen: westminster2016-01-14a.xml (4835 bytes)
2025-09-16 21:35:58,052 - scraper.xml_scraper - INFO - Erfolgreich heruntergeladen: westminster2016-01-14b.xml (91546 bytes)
2025-09-16 21:35:59,719 - scraper.xml_scraper - INFO - Erfolgreich heruntergeladen: westminster2016-01-18a.xml (22237 bytes)
2025-09-16 21:36:00,136 - scraper.xml_scraper - INFO - Erfolgreich heruntergeladen: westminster2016-01-18b.xml (28071 bytes)
2025-09-16 21:36:01,861 - scraper.xml_scraper - INFO - Erfolgreich heruntergeladen: westminster2016-01-18c.xml (201876 bytes)
2025-09-16 21:36:02,251 - scraper.xml_scraper - INFO - Erfolgreich heruntergeladen: westminster2016-01-19a.xml (27943 bytes)
2025-09-16 21:36:04,102 - scraper.xml_scraper - INFO - Erfolgreich heruntergeladen: westminster2016-01-19b.xml (329789 bytes)
2025-09-16 21:36:04,378 - scraper.xml_scraper - INFO - Erfolgreich heruntergeladen: westminster2016-01-20a.xml (35492 bytes)
2025-09-16 21:36:06,169 - scraper.xml_scraper - INFO - Erfolgreich heruntergeladen: westminster2016-01-20b.xml (28551 bytes)
2025-09-16 21:36:06,669 - scraper.xml_scraper - INFO - Erfolgreich heruntergeladen: westminster2016-01-20c.xml (336324 bytes)
2025-09-16 21:36:08,269 - scraper.xml_scraper - INFO - Erfolgreich heruntergeladen: westminster2016-01-21a.xml (30091 bytes)
2025-09-16 21:36:08,849 - scraper.xml_scraper - INFO - Erfolgreich heruntergeladen: westminster2016-01-21b.xml (225003 bytes)
2025-09-16 21:36:10,384 - scraper.xml_scraper - INFO - Erfolgreich heruntergeladen: westminster2016-01-25a.xml (12641 bytes)
2025-09-16 21:36:10,980 - scraper.xml_scraper - INFO - Erfolgreich heruntergeladen: westminster2016-01-25b.xml (168022 bytes)
2025-09-16 21:36:12,469 - scraper.xml_scraper - INFO - Erfolgreich heruntergeladen: westminster2016-01-26a.xml (30257 bytes)
2025-09-16 21:36:13,135 - scraper.xml_scraper - INFO - Erfolgreich heruntergeladen: westminster2016-01-26b.xml (308694 bytes)
2025-09-16 21:36:14,546 - scraper.xml_scraper - INFO - Erfolgreich heruntergeladen: westminster2016-01-27a.xml (30707 bytes)
2025-09-16 21:36:15,380 - scraper.xml_scraper - INFO - Erfolgreich heruntergeladen: westminster2016-01-27b.xml (363053 bytes)
2025-09-16 21:36:16,679 - scraper.xml_scraper - INFO - Erfolgreich heruntergeladen: westminster2016-01-28a.xml (171392 bytes)
2025-09-16 21:36:17,517 - scraper.xml_scraper - INFO - Erfolgreich heruntergeladen: westminster2016-02-01a.xml (30290 bytes)
2025-09-16 21:36:18,858 - scraper.xml_scraper - INFO - Erfolgreich heruntergeladen: westminster2016-02-01b.xml (229521 bytes)
2025-09-16 21:36:19,669 - scraper.xml_scraper - INFO - Erfolgreich heruntergeladen: westminster2016-02-02a.xml (301672 bytes)
2025-09-16 21:36:20,962 - scraper.xml_scraper - INFO - Erfolgreich heruntergeladen: westminster2016-02-03a.xml (37249 bytes)
2025-09-16 21:36:21,828 - scraper.xml_scraper - INFO - Erfolgreich heruntergeladen: westminster2016-02-03b.xml (347669 bytes)
2025-09-16 21:36:23,223 - scraper.xml_scraper - INFO - Erfolgreich heruntergeladen: westminster2016-02-03c.xml (334997 bytes)
2025-09-16 21:36:23,908 - scraper.xml_scraper - INFO - Erfolgreich heruntergeladen: westminster2016-02-04a.xml (158029 bytes)
2025-09-16 21:36:25,463 - scraper.xml_scraper - INFO - Erfolgreich heruntergeladen: westminster2016-02-09a.xml (329158 bytes)
2025-09-16 21:36:26,008 - scraper.xml_scraper - INFO - Erfolgreich heruntergeladen: westminster2016-02-09b.xml (315110 bytes)
2025-09-16 21:36:27,635 - scraper.xml_scraper - INFO - Erfolgreich heruntergeladen: westminster2016-02-10a.xml (357718 bytes)
2025-09-16 21:36:28,088 - scraper.xml_scraper - INFO - Erfolgreich heruntergeladen: westminster2016-02-11a.xml (142950 bytes)
2025-09-16 21:36:29,789 - scraper.xml_scraper - INFO - Erfolgreich heruntergeladen: westminster2016-02-11b.xml (140006 bytes)
2025-09-16 21:36:30,159 - scraper.xml_scraper - INFO - Erfolgreich heruntergeladen: westminster2016-02-23a.xml (35934 bytes)
2025-09-16 21:36:31,958 - scraper.xml_scraper - INFO - Erfolgreich heruntergeladen: westminster2016-02-23b.xml (348969 bytes)
2025-09-16 21:36:32,233 - scraper.xml_scraper - INFO - Erfolgreich heruntergeladen: westminster2016-02-24a.xml (319056 bytes)
2025-09-16 21:36:34,078 - scraper.xml_scraper - INFO - Erfolgreich heruntergeladen: westminster2016-02-25a.xml (113415 bytes)
2025-09-16 21:36:34,279 - scraper.xml_scraper - INFO - Erfolgreich heruntergeladen: westminster2016-03-01a.xml (33232 bytes)
2025-09-16 21:36:36,234 - scraper.xml_scraper - INFO - Erfolgreich heruntergeladen: westminster2016-03-01b.xml (324350 bytes)
2025-09-16 21:36:36,390 - scraper.xml_scraper - INFO - Erfolgreich heruntergeladen: westminster2016-03-01c.xml (314275 bytes)
2025-09-16 21:36:38,306 - scraper.xml_scraper - INFO - Erfolgreich heruntergeladen: westminster2016-03-02a.xml (26172 bytes)
2025-09-16 21:36:38,549 - scraper.xml_scraper - INFO - Erfolgreich heruntergeladen: westminster2016-03-02b.xml (314708 bytes)
2025-09-16 21:36:40,525 - scraper.xml_scraper - INFO - Erfolgreich heruntergeladen: westminster2016-03-03a.xml (138852 bytes)
2025-09-16 21:36:40,612 - scraper.xml_scraper - INFO - Erfolgreich heruntergeladen: westminster2016-03-07a.xml (114363 bytes)
2025-09-16 21:36:42,688 - scraper.xml_scraper - INFO - Erfolgreich heruntergeladen: westminster2016-03-08a.xml (329371 bytes)
2025-09-16 21:36:42,766 - scraper.xml_scraper - INFO - Erfolgreich heruntergeladen: westminster2016-03-08b.xml (334347 bytes)
2025-09-16 21:36:44,767 - scraper.xml_scraper - INFO - Erfolgreich heruntergeladen: westminster2016-03-09a.xml (21467 bytes)
2025-09-16 21:36:44,891 - scraper.xml_scraper - INFO - Erfolgreich heruntergeladen: westminster2016-03-09b.xml (321463 bytes)
2025-09-16 21:36:46,904 - scraper.xml_scraper - INFO - Erfolgreich heruntergeladen: westminster2016-03-10a.xml (182529 bytes)
2025-09-16 21:36:47,051 - scraper.xml_scraper - INFO - Erfolgreich heruntergeladen: westminster2016-03-15a.xml (337266 bytes)
2025-09-16 21:36:48,998 - scraper.xml_scraper - INFO - Erfolgreich heruntergeladen: westminster2016-03-16a.xml (31446 bytes)
2025-09-16 21:36:49,171 - scraper.xml_scraper - INFO - Erfolgreich heruntergeladen: westminster2016-03-16b.xml (346896 bytes)
2025-09-16 21:36:51,132 - scraper.xml_scraper - INFO - Erfolgreich heruntergeladen: westminster2016-03-17a.xml (144368 bytes)
2025-09-16 21:36:51,268 - scraper.xml_scraper - INFO - Erfolgreich heruntergeladen: westminster2016-03-21a.xml (159766 bytes)
2025-09-16 21:36:53,528 - scraper.xml_scraper - INFO - Erfolgreich heruntergeladen: westminster2016-03-22a.xml (317139 bytes)
2025-09-16 21:36:53,552 - scraper.xml_scraper - INFO - Erfolgreich heruntergeladen: westminster2016-03-23a.xml (319652 bytes)
2025-09-16 21:36:55,793 - scraper.xml_scraper - INFO - Erfolgreich heruntergeladen: westminster2016-03-24a.xml (198659 bytes)
2025-09-16 21:36:55,822 - scraper.xml_scraper - INFO - Erfolgreich heruntergeladen: westminster2016-04-12a.xml (308120 bytes)
2025-09-16 21:36:57,961 - scraper.xml_scraper - INFO - Erfolgreich heruntergeladen: westminster2016-04-13b.xml (32256 bytes)
2025-09-16 21:36:57,962 - scraper.xml_scraper - INFO - Erfolgreich heruntergeladen: westminster2016-04-13a.xml (41177 bytes)
2025-09-16 21:37:00,101 - scraper.xml_scraper - INFO - Erfolgreich heruntergeladen: westminster2016-04-14a.xml (154843 bytes)
2025-09-16 21:37:00,129 - scraper.xml_scraper - INFO - Erfolgreich heruntergeladen: westminster2016-04-13c.xml (320458 bytes)
2025-09-16 21:37:02,174 - scraper.xml_scraper - INFO - Erfolgreich heruntergeladen: westminster2016-04-18a.xml (14569 bytes)
2025-09-16 21:37:02,195 - scraper.xml_scraper - INFO - Erfolgreich heruntergeladen: westminster2016-04-18b.xml (18128 bytes)
2025-09-16 21:37:04,243 - scraper.xml_scraper - INFO - Erfolgreich heruntergeladen: westminster2016-04-18c.xml (15683 bytes)
2025-09-16 21:37:04,350 - scraper.xml_scraper - INFO - Erfolgreich heruntergeladen: westminster2016-04-18d.xml (188787 bytes)
2025-09-16 21:37:06,338 - scraper.xml_scraper - INFO - Erfolgreich heruntergeladen: westminster2016-04-19a.xml (22373 bytes)
2025-09-16 21:37:06,457 - scraper.xml_scraper - INFO - Erfolgreich heruntergeladen: westminster2016-04-19b.xml (130761 bytes)
2025-09-16 21:37:08,506 - scraper.xml_scraper - INFO - Erfolgreich heruntergeladen: westminster2016-04-19c.xml (288304 bytes)
2025-09-16 21:37:08,705 - scraper.xml_scraper - INFO - Erfolgreich heruntergeladen: westminster2016-04-20a.xml (299346 bytes)
2025-09-16 21:37:10,552 - scraper.xml_scraper - INFO - Erfolgreich heruntergeladen: westminster2016-04-21a.xml (7829 bytes)
2025-09-16 21:37:10,910 - scraper.xml_scraper - INFO - Erfolgreich heruntergeladen: westminster2016-04-21b.xml (114071 bytes)
2025-09-16 21:37:12,606 - scraper.xml_scraper - INFO - Erfolgreich heruntergeladen: westminster2016-04-25a.xml (12911 bytes)
2025-09-16 21:37:13,038 - scraper.xml_scraper - INFO - Erfolgreich heruntergeladen: westminster2016-04-25b.xml (139945 bytes)
2025-09-16 21:37:14,775 - scraper.xml_scraper - INFO - Erfolgreich heruntergeladen: westminster2016-04-26a.xml (311542 bytes)
2025-09-16 21:37:15,148 - scraper.xml_scraper - INFO - Erfolgreich heruntergeladen: westminster2016-04-27a.xml (307038 bytes)
2025-09-16 21:37:16,854 - scraper.xml_scraper - INFO - Erfolgreich heruntergeladen: westminster2016-04-28a.xml (34565 bytes)
2025-09-16 21:37:17,257 - scraper.xml_scraper - INFO - Erfolgreich heruntergeladen: westminster2016-04-28b.xml (111320 bytes)
2025-09-16 21:37:18,937 - scraper.xml_scraper - INFO - Erfolgreich heruntergeladen: westminster2016-05-03a.xml (36959 bytes)
2025-09-16 21:37:19,391 - scraper.xml_scraper - INFO - Erfolgreich heruntergeladen: westminster2016-05-03b.xml (260279 bytes)
2025-09-16 21:37:21,096 - scraper.xml_scraper - INFO - Erfolgreich heruntergeladen: westminster2016-05-04a.xml (312929 bytes)
2025-09-16 21:37:21,462 - scraper.xml_scraper - INFO - Erfolgreich heruntergeladen: westminster2016-05-05a.xml (101018 bytes)
2025-09-16 21:37:23,165 - scraper.xml_scraper - INFO - Erfolgreich heruntergeladen: westminster2016-05-09a.xml (23812 bytes)
2025-09-16 21:37:23,593 - scraper.xml_scraper - INFO - Erfolgreich heruntergeladen: westminster2016-05-09b.xml (187613 bytes)
2025-09-16 21:37:25,301 - scraper.xml_scraper - INFO - Erfolgreich heruntergeladen: westminster2016-05-10a.xml (166188 bytes)
2025-09-16 21:37:25,718 - scraper.xml_scraper - INFO - Erfolgreich heruntergeladen: westminster2016-05-11a.xml (324936 bytes)
2025-09-16 21:37:27,385 - scraper.xml_scraper - INFO - Erfolgreich heruntergeladen: westminster2016-06-06a.xml (19264 bytes)
2025-09-16 21:37:27,846 - scraper.xml_scraper - INFO - Erfolgreich heruntergeladen: westminster2016-06-06b.xml (116483 bytes)
2025-09-16 21:37:29,563 - scraper.xml_scraper - INFO - Erfolgreich heruntergeladen: westminster2016-06-07a.xml (302330 bytes)
2025-09-16 21:37:29,960 - scraper.xml_scraper - INFO - Erfolgreich heruntergeladen: westminster2016-06-08a.xml (333748 bytes)
2025-09-16 21:37:31,689 - scraper.xml_scraper - INFO - Erfolgreich heruntergeladen: westminster2016-06-09a.xml (165379 bytes)
2025-09-16 21:37:32,035 - scraper.xml_scraper - INFO - Erfolgreich heruntergeladen: westminster2016-06-13a.xml (211224 bytes)
2025-09-16 21:37:33,816 - scraper.xml_scraper - INFO - Erfolgreich heruntergeladen: westminster2016-06-14a.xml (27004 bytes)
2025-09-16 21:37:34,184 - scraper.xml_scraper - INFO - Erfolgreich heruntergeladen: westminster2016-06-14b.xml (314126 bytes)
2025-09-16 21:37:35,974 - scraper.xml_scraper - INFO - Erfolgreich heruntergeladen: westminster2016-06-15a.xml (301191 bytes)
2025-09-16 21:37:36,268 - scraper.xml_scraper - INFO - Erfolgreich heruntergeladen: westminster2016-06-28a.xml (298908 bytes)
2025-09-16 21:37:38,042 - scraper.xml_scraper - INFO - Erfolgreich heruntergeladen: westminster2016-06-29a.xml (25156 bytes)
2025-09-16 21:37:38,341 - scraper.xml_scraper - INFO - Erfolgreich heruntergeladen: westminster2016-06-29b.xml (21681 bytes)
2025-09-16 21:37:40,359 - scraper.xml_scraper - INFO - Erfolgreich heruntergeladen: westminster2016-06-29c.xml (248739 bytes)
2025-09-16 21:37:40,470 - scraper.xml_scraper - INFO - Erfolgreich heruntergeladen: westminster2016-06-30a.xml (111099 bytes)
2025-09-16 21:37:42,566 - scraper.xml_scraper - INFO - Erfolgreich heruntergeladen: westminster2016-07-04a.xml (167227 bytes)
2025-09-16 21:37:42,627 - scraper.xml_scraper - INFO - Erfolgreich heruntergeladen: westminster2016-07-05a.xml (296976 bytes)
2025-09-16 21:37:44,714 - scraper.xml_scraper - INFO - Erfolgreich heruntergeladen: westminster2016-07-06a.xml (301409 bytes)
2025-09-16 21:37:44,739 - scraper.xml_scraper - INFO - Erfolgreich heruntergeladen: westminster2016-07-07a.xml (92566 bytes)
2025-09-16 21:37:46,790 - scraper.xml_scraper - INFO - Erfolgreich heruntergeladen: westminster2016-07-11a.xml (29846 bytes)
2025-09-16 21:37:46,871 - scraper.xml_scraper - INFO - Erfolgreich heruntergeladen: westminster2016-07-11b.xml (99673 bytes)
2025-09-16 21:37:48,928 - scraper.xml_scraper - INFO - Erfolgreich heruntergeladen: westminster2016-07-12a.xml (90407 bytes)
2025-09-16 21:37:49,103 - scraper.xml_scraper - INFO - Erfolgreich heruntergeladen: westminster2016-07-12b.xml (285856 bytes)
2025-09-16 21:37:51,034 - scraper.xml_scraper - INFO - Erfolgreich heruntergeladen: westminster2016-07-13a.xml (91256 bytes)
2025-09-16 21:37:51,258 - scraper.xml_scraper - INFO - Erfolgreich heruntergeladen: westminster2016-07-13b.xml (320766 bytes)
2025-09-16 21:37:53,325 - scraper.xml_scraper - INFO - Erfolgreich heruntergeladen: westminster2016-07-14a.xml (160568 bytes)
2025-09-16 21:37:53,395 - scraper.xml_scraper - INFO - Erfolgreich heruntergeladen: westminster2016-07-14b.xml (183276 bytes)
2025-09-16 21:37:55,452 - scraper.xml_scraper - INFO - Erfolgreich heruntergeladen: westminster2016-07-18a.xml (96650 bytes)
2025-09-16 21:37:55,520 - scraper.xml_scraper - INFO - Erfolgreich heruntergeladen: westminster2016-07-18b.xml (108739 bytes)
2025-09-16 21:37:57,584 - scraper.xml_scraper - INFO - Erfolgreich heruntergeladen: westminster2016-07-19a.xml (120090 bytes)
2025-09-16 21:37:57,679 - scraper.xml_scraper - INFO - Erfolgreich heruntergeladen: westminster2016-07-19b.xml (311092 bytes)
2025-09-16 21:37:59,667 - scraper.xml_scraper - INFO - Erfolgreich heruntergeladen: westminster2016-07-20a.xml (22507 bytes)
2025-09-16 21:37:59,783 - scraper.xml_scraper - INFO - Erfolgreich heruntergeladen: westminster2016-07-20b.xml (168756 bytes)
2025-09-16 21:38:01,839 - scraper.xml_scraper - INFO - Erfolgreich heruntergeladen: westminster2016-07-20c.xml (285108 bytes)
2025-09-16 21:38:01,857 - scraper.xml_scraper - INFO - Erfolgreich heruntergeladen: westminster2016-07-21a.xml (38728 bytes)
2025-09-16 21:38:03,978 - scraper.xml_scraper - INFO - Erfolgreich heruntergeladen: westminster2016-07-21b.xml (106079 bytes)
2025-09-16 21:38:03,985 - scraper.xml_scraper - INFO - Erfolgreich heruntergeladen: westminster2016-09-05a.xml (202360 bytes)
2025-09-16 21:38:06,060 - scraper.xml_scraper - INFO - Erfolgreich heruntergeladen: westminster2016-09-06a.xml (32222 bytes)
2025-09-16 21:38:06,143 - scraper.xml_scraper - INFO - Erfolgreich heruntergeladen: westminster2016-09-06b.xml (330437 bytes)
2025-09-16 21:38:08,224 - scraper.xml_scraper - INFO - Erfolgreich heruntergeladen: westminster2016-09-07a.xml (305704 bytes)
2025-09-16 21:38:08,273 - scraper.xml_scraper - INFO - Erfolgreich heruntergeladen: westminster2016-09-08a.xml (107963 bytes)
2025-09-16 21:38:10,360 - scraper.xml_scraper - INFO - Erfolgreich heruntergeladen: westminster2016-09-12a.xml (110924 bytes)
2025-09-16 21:38:10,427 - scraper.xml_scraper - INFO - Erfolgreich heruntergeladen: westminster2016-09-13a.xml (264943 bytes)
2025-09-16 21:38:12,518 - scraper.xml_scraper - INFO - Erfolgreich heruntergeladen: westminster2016-09-14a.xml (310883 bytes)
2025-09-16 21:38:12,549 - scraper.xml_scraper - INFO - Erfolgreich heruntergeladen: westminster2016-09-15a.xml (174250 bytes)
2025-09-16 21:38:14,792 - scraper.xml_scraper - INFO - Erfolgreich heruntergeladen: westminster2016-10-12a.xml (310347 bytes)
2025-09-16 21:38:14,848 - scraper.xml_scraper - INFO - Erfolgreich heruntergeladen: westminster2016-10-11a.xml (302870 bytes)
2025-09-16 21:38:16,975 - scraper.xml_scraper - INFO - Erfolgreich heruntergeladen: westminster2016-10-13a.xml (120027 bytes)
2025-09-16 21:38:16,977 - scraper.xml_scraper - INFO - Erfolgreich heruntergeladen: westminster2016-10-17a.xml (168131 bytes)
2025-09-16 21:38:19,181 - scraper.xml_scraper - INFO - Erfolgreich heruntergeladen: westminster2016-10-18a.xml (92152 bytes)
2025-09-16 21:38:19,235 - scraper.xml_scraper - INFO - Erfolgreich heruntergeladen: westminster2016-10-18b.xml (303870 bytes)
2025-09-16 21:38:21,341 - scraper.xml_scraper - INFO - Erfolgreich heruntergeladen: westminster2016-10-19a.xml (284369 bytes)
2025-09-16 21:38:21,369 - scraper.xml_scraper - INFO - Erfolgreich heruntergeladen: westminster2016-10-20a.xml (181446 bytes)
2025-09-16 21:38:23,449 - scraper.xml_scraper - INFO - Erfolgreich heruntergeladen: westminster2016-10-24a.xml (82032 bytes)
2025-09-16 21:38:23,524 - scraper.xml_scraper - INFO - Erfolgreich heruntergeladen: westminster2016-10-25a.xml (315029 bytes)
2025-09-16 21:38:25,602 - scraper.xml_scraper - INFO - Erfolgreich heruntergeladen: westminster2016-10-26a.xml (274172 bytes)
2025-09-16 21:38:25,624 - scraper.xml_scraper - INFO - Erfolgreich heruntergeladen: westminster2016-10-27a.xml (80117 bytes)
2025-09-16 21:38:27,672 - scraper.xml_scraper - INFO - Erfolgreich heruntergeladen: westminster2016-10-27b.xml (26041 bytes)
2025-09-16 21:38:27,743 - scraper.xml_scraper - INFO - Erfolgreich heruntergeladen: westminster2016-10-27c.xml (189862 bytes)
2025-09-16 21:38:29,816 - scraper.xml_scraper - INFO - Erfolgreich heruntergeladen: westminster2016-10-31a.xml (201504 bytes)
2025-09-16 21:38:29,893 - scraper.xml_scraper - INFO - Erfolgreich heruntergeladen: westminster2016-11-01a.xml (310199 bytes)
2025-09-16 21:38:31,891 - scraper.xml_scraper - INFO - Erfolgreich heruntergeladen: westminster2016-11-02a.xml (27722 bytes)
2025-09-16 21:38:32,018 - scraper.xml_scraper - INFO - Erfolgreich heruntergeladen: westminster2016-11-02b.xml (305573 bytes)
2025-09-16 21:38:34,024 - scraper.xml_scraper - INFO - Erfolgreich heruntergeladen: westminster2016-11-03a.xml (182784 bytes)
2025-09-16 21:38:34,090 - scraper.xml_scraper - INFO - Erfolgreich heruntergeladen: westminster2016-11-08a.xml (281069 bytes)
2025-09-16 21:38:36,121 - scraper.xml_scraper - INFO - Erfolgreich heruntergeladen: westminster2016-11-14a.xml (84350 bytes)
2025-09-16 21:38:36,247 - scraper.xml_scraper - INFO - Erfolgreich heruntergeladen: westminster2016-11-15a.xml (271951 bytes)
2025-09-16 21:38:38,270 - scraper.xml_scraper - INFO - Erfolgreich heruntergeladen: westminster2016-11-16a.xml (321054 bytes)
2025-09-16 21:38:38,367 - scraper.xml_scraper - INFO - Erfolgreich heruntergeladen: westminster2016-11-17a.xml (194714 bytes)
2025-09-16 21:38:40,390 - scraper.xml_scraper - INFO - Erfolgreich heruntergeladen: westminster2016-11-21a.xml (99550 bytes)
2025-09-16 21:38:40,437 - scraper.xml_scraper - INFO - Erfolgreich heruntergeladen: westminster2016-11-22a.xml (31798 bytes)
2025-09-16 21:38:42,642 - scraper.xml_scraper - INFO - Erfolgreich heruntergeladen: westminster2016-11-22b.xml (286608 bytes)
2025-09-16 21:38:42,672 - scraper.xml_scraper - INFO - Erfolgreich heruntergeladen: westminster2016-11-23a.xml (275065 bytes)
2025-09-16 21:38:44,826 - scraper.xml_scraper - INFO - Erfolgreich heruntergeladen: westminster2016-11-28a.xml (103665 bytes)
2025-09-16 21:38:44,826 - scraper.xml_scraper - INFO - Erfolgreich heruntergeladen: westminster2016-11-24a.xml (135390 bytes)
2025-09-16 21:38:46,986 - scraper.xml_scraper - INFO - Erfolgreich heruntergeladen: westminster2016-11-30a.xml (305952 bytes)
2025-09-16 21:38:46,994 - scraper.xml_scraper - INFO - Erfolgreich heruntergeladen: westminster2016-11-29a.xml (327640 bytes)
2025-09-16 21:38:49,063 - scraper.xml_scraper - INFO - Erfolgreich heruntergeladen: westminster2016-12-06a.xml (24246 bytes)
2025-09-16 21:38:49,116 - scraper.xml_scraper - INFO - Erfolgreich heruntergeladen: westminster2016-12-01a.xml (157341 bytes)
2025-09-16 21:38:51,219 - scraper.xml_scraper - INFO - Erfolgreich heruntergeladen: westminster2016-12-07a.xml (24694 bytes)
2025-09-16 21:38:51,220 - scraper.xml_scraper - INFO - Erfolgreich heruntergeladen: westminster2016-12-06b.xml (277903 bytes)
2025-09-16 21:38:53,430 - scraper.xml_scraper - INFO - Erfolgreich heruntergeladen: westminster2016-12-08a.xml (198778 bytes)
2025-09-16 21:38:53,460 - scraper.xml_scraper - INFO - Erfolgreich heruntergeladen: westminster2016-12-07b.xml (303498 bytes)
2025-09-16 21:38:55,611 - scraper.xml_scraper - INFO - Erfolgreich heruntergeladen: westminster2016-12-12a.xml (98162 bytes)
2025-09-16 21:38:55,683 - scraper.xml_scraper - INFO - Erfolgreich heruntergeladen: westminster2016-12-13a.xml (309501 bytes)
2025-09-16 21:38:57,684 - scraper.xml_scraper - INFO - Erfolgreich heruntergeladen: westminster2016-12-14a.xml (37131 bytes)
2025-09-16 21:38:57,719 - scraper.xml_scraper - INFO - Erfolgreich heruntergeladen: westminster2016-12-14b.xml (35208 bytes)
2025-09-16 21:38:59,855 - scraper.xml_scraper - INFO - Erfolgreich heruntergeladen: westminster2016-12-15a.xml (166088 bytes)
2025-09-16 21:38:59,877 - scraper.xml_scraper - INFO - Erfolgreich heruntergeladen: westminster2016-12-14c.xml (328720 bytes)
2025-09-16 21:39:02,003 - scraper.xml_scraper - INFO - Erfolgreich heruntergeladen: westminster2016-12-20a.xml (297217 bytes)
2025-09-16 21:39:02,026 - scraper.xml_scraper - INFO - Erfolgreich heruntergeladen: westminster2017-01-10a.xml (294649 bytes)
2025-09-16 21:39:04,154 - scraper.xml_scraper - INFO - Erfolgreich heruntergeladen: westminster2017-01-12a.xml (186055 bytes)
2025-09-16 21:39:04,155 - scraper.xml_scraper - INFO - Erfolgreich heruntergeladen: westminster2017-01-11a.xml (313680 bytes)
2025-09-16 21:39:06,229 - scraper.xml_scraper - INFO - Erfolgreich heruntergeladen: westminster2017-01-18a.xml (25046 bytes)
2025-09-16 21:39:06,307 - scraper.xml_scraper - INFO - Erfolgreich heruntergeladen: westminster2017-01-17a.xml (278448 bytes)
2025-09-16 21:39:08,394 - scraper.xml_scraper - INFO - Erfolgreich heruntergeladen: westminster2017-01-18b.xml (314155 bytes)
2025-09-16 21:39:08,411 - scraper.xml_scraper - INFO - Erfolgreich heruntergeladen: westminster2017-01-19a.xml (64737 bytes)
2025-09-16 21:39:10,507 - scraper.xml_scraper - INFO - Erfolgreich heruntergeladen: westminster2017-01-23a.xml (67300 bytes)
2025-09-16 21:39:10,557 - scraper.xml_scraper - INFO - Erfolgreich heruntergeladen: westminster2017-01-24a.xml (289572 bytes)
2025-09-16 21:39:12,580 - scraper.xml_scraper - INFO - Erfolgreich heruntergeladen: westminster2017-01-25a.xml (28896 bytes)
2025-09-16 21:39:12,732 - scraper.xml_scraper - INFO - Erfolgreich heruntergeladen: westminster2017-01-25b.xml (302606 bytes)
2025-09-16 21:39:14,796 - scraper.xml_scraper - INFO - Erfolgreich heruntergeladen: westminster2017-01-26a.xml (130378 bytes)
2025-09-16 21:39:14,950 - scraper.xml_scraper - INFO - Erfolgreich heruntergeladen: westminster2017-01-30a.xml (132203 bytes)
2025-09-16 21:39:16,872 - scraper.xml_scraper - INFO - Erfolgreich heruntergeladen: westminster2017-01-31a.xml (35208 bytes)
2025-09-16 21:39:17,020 - scraper.xml_scraper - INFO - Erfolgreich heruntergeladen: westminster2017-01-31b.xml (32748 bytes)
2025-09-16 21:39:19,185 - scraper.xml_scraper - INFO - Erfolgreich heruntergeladen: westminster2017-01-31c.xml (283062 bytes)
2025-09-16 21:39:19,210 - scraper.xml_scraper - INFO - Erfolgreich heruntergeladen: westminster2017-02-01a.xml (76153 bytes)
2025-09-16 21:39:21,409 - scraper.xml_scraper - INFO - Erfolgreich heruntergeladen: westminster2017-02-02a.xml (167069 bytes)
2025-09-16 21:39:21,412 - scraper.xml_scraper - INFO - Erfolgreich heruntergeladen: westminster2017-02-01b.xml (325511 bytes)
2025-09-16 21:39:23,569 - scraper.xml_scraper - INFO - Erfolgreich heruntergeladen: westminster2017-02-06a.xml (186866 bytes)
2025-09-16 21:39:23,572 - scraper.xml_scraper - INFO - Erfolgreich heruntergeladen: westminster2017-02-07a.xml (287000 bytes)
2025-09-16 21:39:25,698 - scraper.xml_scraper - INFO - Erfolgreich heruntergeladen: westminster2017-02-09a.xml (170630 bytes)
2025-09-16 21:39:25,805 - scraper.xml_scraper - INFO - Erfolgreich heruntergeladen: westminster2017-02-08a.xml (298501 bytes)
2025-09-16 21:39:27,905 - scraper.xml_scraper - INFO - Erfolgreich heruntergeladen: westminster2017-02-20a.xml (183321 bytes)
2025-09-16 21:39:28,125 - scraper.xml_scraper - INFO - Erfolgreich heruntergeladen: westminster2017-02-21a.xml (314709 bytes)
2025-09-16 21:39:30,067 - scraper.xml_scraper - INFO - Erfolgreich heruntergeladen: westminster2017-02-22a.xml (29175 bytes)
2025-09-16 21:39:30,329 - scraper.xml_scraper - INFO - Erfolgreich heruntergeladen: westminster2017-02-22b.xml (300835 bytes)
2025-09-16 21:39:32,203 - scraper.xml_scraper - INFO - Erfolgreich heruntergeladen: westminster2017-02-23a.xml (146226 bytes)
2025-09-16 21:39:32,374 - scraper.xml_scraper - INFO - Erfolgreich heruntergeladen: westminster2017-02-27a.xml (81531 bytes)
2025-09-16 21:39:34,355 - scraper.xml_scraper - INFO - Erfolgreich heruntergeladen: westminster2017-02-28a.xml (266495 bytes)
2025-09-16 21:39:34,415 - scraper.xml_scraper - INFO - Erfolgreich heruntergeladen: westminster2017-03-01a.xml (25469 bytes)
2025-09-16 21:39:36,508 - scraper.xml_scraper - INFO - Erfolgreich heruntergeladen: westminster2017-03-01b.xml (229752 bytes)
2025-09-16 21:39:36,538 - scraper.xml_scraper - INFO - Erfolgreich heruntergeladen: westminster2017-03-02a.xml (167411 bytes)
2025-09-16 21:39:38,584 - scraper.xml_scraper - INFO - Erfolgreich heruntergeladen: westminster2017-03-06a.xml (17733 bytes)
2025-09-16 21:39:38,632 - scraper.xml_scraper - INFO - Erfolgreich heruntergeladen: westminster2017-03-06b.xml (68460 bytes)
2025-09-16 21:39:40,658 - scraper.xml_scraper - INFO - Erfolgreich heruntergeladen: westminster2017-03-07a.xml (30132 bytes)
2025-09-16 21:39:40,782 - scraper.xml_scraper - INFO - Erfolgreich heruntergeladen: westminster2017-03-07b.xml (304719 bytes)
2025-09-16 21:39:42,738 - scraper.xml_scraper - INFO - Erfolgreich heruntergeladen: westminster2017-03-08a.xml (29635 bytes)
2025-09-16 21:39:42,880 - scraper.xml_scraper - INFO - Erfolgreich heruntergeladen: westminster2017-03-08b.xml (292003 bytes)
2025-09-16 21:39:44,860 - scraper.xml_scraper - INFO - Erfolgreich heruntergeladen: westminster2017-03-09a.xml (22215 bytes)
2025-09-16 21:39:44,982 - scraper.xml_scraper - INFO - Erfolgreich heruntergeladen: westminster2017-03-09b.xml (192133 bytes)
2025-09-16 21:39:46,967 - scraper.xml_scraper - INFO - Erfolgreich heruntergeladen: westminster2017-03-13a.xml (76714 bytes)
2025-09-16 21:39:47,032 - scraper.xml_scraper - INFO - Erfolgreich heruntergeladen: westminster2017-03-14a.xml (34051 bytes)
2025-09-16 21:39:49,109 - scraper.xml_scraper - INFO - Erfolgreich heruntergeladen: westminster2017-03-15a.xml (25109 bytes)
2025-09-16 21:39:49,136 - scraper.xml_scraper - INFO - Erfolgreich heruntergeladen: westminster2017-03-14b.xml (304484 bytes)
2025-09-16 21:39:51,179 - scraper.xml_scraper - INFO - Erfolgreich heruntergeladen: westminster2017-03-15b.xml (25212 bytes)
2025-09-16 21:39:51,299 - scraper.xml_scraper - INFO - Erfolgreich heruntergeladen: westminster2017-03-15c.xml (251005 bytes)
2025-09-16 21:39:53,351 - scraper.xml_scraper - INFO - Erfolgreich heruntergeladen: westminster2017-03-16a.xml (181964 bytes)
2025-09-16 21:39:53,421 - scraper.xml_scraper - INFO - Erfolgreich heruntergeladen: westminster2017-03-20a.xml (123789 bytes)
2025-09-16 21:39:55,427 - scraper.xml_scraper - INFO - Erfolgreich heruntergeladen: westminster2017-03-21a.xml (31762 bytes)
2025-09-16 21:39:55,533 - scraper.xml_scraper - INFO - Erfolgreich heruntergeladen: westminster2017-03-21b.xml (305311 bytes)
2025-09-16 21:39:57,556 - scraper.xml_scraper - INFO - Erfolgreich heruntergeladen: westminster2017-03-22a.xml (136596 bytes)
2025-09-16 21:39:57,672 - scraper.xml_scraper - INFO - Erfolgreich heruntergeladen: westminster2017-03-23a.xml (150629 bytes)
2025-09-16 21:39:59,679 - scraper.xml_scraper - INFO - Erfolgreich heruntergeladen: westminster2017-03-27a.xml (134183 bytes)
2025-09-16 21:39:59,743 - scraper.xml_scraper - INFO - Erfolgreich heruntergeladen: westminster2017-03-28a.xml (27103 bytes)
2025-09-16 21:40:01,795 - scraper.xml_scraper - INFO - Erfolgreich heruntergeladen: westminster2017-03-28b.xml (77233 bytes)
2025-09-16 21:40:01,977 - scraper.xml_scraper - INFO - Erfolgreich heruntergeladen: westminster2017-03-28c.xml (296756 bytes)
2025-09-16 21:40:03,878 - scraper.xml_scraper - INFO - Erfolgreich heruntergeladen: westminster2017-03-29a.xml (38468 bytes)
2025-09-16 21:40:04,161 - scraper.xml_scraper - INFO - Erfolgreich heruntergeladen: westminster2017-03-29b.xml (309752 bytes)
2025-09-16 21:40:06,014 - scraper.xml_scraper - INFO - Erfolgreich heruntergeladen: westminster2017-03-30a.xml (110458 bytes)
2025-09-16 21:40:06,220 - scraper.xml_scraper - INFO - Erfolgreich heruntergeladen: westminster2017-04-18a.xml (16934 bytes)
2025-09-16 21:40:08,126 - scraper.xml_scraper - INFO - Erfolgreich heruntergeladen: westminster2017-04-18b.xml (21974 bytes)
2025-09-16 21:40:08,307 - scraper.xml_scraper - INFO - Erfolgreich heruntergeladen: westminster2017-04-18c.xml (26527 bytes)
2025-09-16 21:40:10,372 - scraper.xml_scraper - INFO - Erfolgreich heruntergeladen: westminster2017-04-18d.xml (303203 bytes)
2025-09-16 21:40:10,515 - scraper.xml_scraper - INFO - Erfolgreich heruntergeladen: westminster2017-04-19a.xml (290129 bytes)
2025-09-16 21:40:12,530 - scraper.xml_scraper - INFO - Erfolgreich heruntergeladen: westminster2017-04-20a.xml (19114 bytes)
2025-09-16 21:40:12,630 - scraper.xml_scraper - INFO - Erfolgreich heruntergeladen: westminster2017-04-20b.xml (146508 bytes)
2025-09-16 21:40:14,680 - scraper.xml_scraper - INFO - Erfolgreich heruntergeladen: westminster2017-04-24a.xml (15588 bytes)
2025-09-16 21:40:14,698 - scraper.xml_scraper - INFO - Erfolgreich heruntergeladen: westminster2017-04-24b.xml (37536 bytes)
2025-09-16 21:40:16,787 - scraper.xml_scraper - INFO - Erfolgreich heruntergeladen: westminster2017-04-26a.xml (27024 bytes)
2025-09-16 21:40:16,849 - scraper.xml_scraper - INFO - Erfolgreich heruntergeladen: westminster2017-04-25a.xml (254692 bytes)
2025-09-16 21:40:18,942 - scraper.xml_scraper - INFO - Erfolgreich heruntergeladen: westminster2017-04-26b.xml (312685 bytes)
2025-09-16 21:40:19,039 - scraper.xml_scraper - INFO - Erfolgreich heruntergeladen: westminster2017-07-04a.xml (313288 bytes)
2025-09-16 21:40:21,050 - scraper.xml_scraper - INFO - Erfolgreich heruntergeladen: westminster2017-07-05a.xml (44683 bytes)
2025-09-16 21:40:21,192 - scraper.xml_scraper - INFO - Erfolgreich heruntergeladen: westminster2017-07-05b.xml (334981 bytes)
2025-09-16 21:40:23,158 - scraper.xml_scraper - INFO - Erfolgreich heruntergeladen: westminster2017-07-06a.xml (13670 bytes)
2025-09-16 21:40:23,292 - scraper.xml_scraper - INFO - Erfolgreich heruntergeladen: westminster2017-07-06b.xml (166275 bytes)
2025-09-16 21:40:25,234 - scraper.xml_scraper - INFO - Erfolgreich heruntergeladen: westminster2017-07-11a.xml (36827 bytes)
2025-09-16 21:40:25,345 - scraper.xml_scraper - INFO - Erfolgreich heruntergeladen: westminster2017-07-11b.xml (35513 bytes)
2025-09-16 21:40:27,345 - scraper.xml_scraper - INFO - Erfolgreich heruntergeladen: westminster2017-07-11c.xml (75173 bytes)
2025-09-16 21:40:27,427 - scraper.xml_scraper - INFO - Erfolgreich heruntergeladen: westminster2017-07-11d.xml (75182 bytes)
2025-09-16 21:40:29,571 - scraper.xml_scraper - INFO - Erfolgreich heruntergeladen: westminster2017-07-12a.xml (330828 bytes)
2025-09-16 21:40:29,575 - scraper.xml_scraper - INFO - Erfolgreich heruntergeladen: westminster2017-07-11e.xml (318261 bytes)
2025-09-16 21:40:31,642 - scraper.xml_scraper - INFO - Erfolgreich heruntergeladen: westminster2017-07-18a.xml (28392 bytes)
2025-09-16 21:40:31,692 - scraper.xml_scraper - INFO - Erfolgreich heruntergeladen: westminster2017-07-13a.xml (170306 bytes)
2025-09-16 21:40:33,766 - scraper.xml_scraper - INFO - Erfolgreich heruntergeladen: westminster2017-07-19a.xml (26248 bytes)
2025-09-16 21:40:33,797 - scraper.xml_scraper - INFO - Erfolgreich heruntergeladen: westminster2017-07-18b.xml (313607 bytes)
2025-09-16 21:40:35,874 - scraper.xml_scraper - INFO - Erfolgreich heruntergeladen: westminster2017-07-20a.xml (23062 bytes)
2025-09-16 21:40:35,922 - scraper.xml_scraper - INFO - Erfolgreich heruntergeladen: westminster2017-07-19b.xml (320045 bytes)
2025-09-16 21:40:38,011 - scraper.xml_scraper - INFO - Erfolgreich heruntergeladen: westminster2017-07-20b.xml (149944 bytes)
2025-09-16 21:40:38,159 - scraper.xml_scraper - INFO - Erfolgreich heruntergeladen: westminster2017-09-05a.xml (307310 bytes)
2025-09-16 21:40:40,115 - scraper.xml_scraper - INFO - Erfolgreich heruntergeladen: westminster2017-09-06a.xml (32737 bytes)
2025-09-16 21:40:40,333 - scraper.xml_scraper - INFO - Erfolgreich heruntergeladen: westminster2017-09-06b.xml (279224 bytes)
2025-09-16 21:40:42,245 - scraper.xml_scraper - INFO - Erfolgreich heruntergeladen: westminster2017-09-07a.xml (187697 bytes)
2025-09-16 21:40:42,421 - scraper.xml_scraper - INFO - Erfolgreich heruntergeladen: westminster2017-09-12a.xml (324022 bytes)
2025-09-16 21:40:44,481 - scraper.xml_scraper - INFO - Erfolgreich heruntergeladen: westminster2017-09-13a.xml (324333 bytes)
2025-09-16 21:40:44,566 - scraper.xml_scraper - INFO - Erfolgreich heruntergeladen: westminster2017-09-14a.xml (143237 bytes)
2025-09-16 21:40:46,614 - scraper.xml_scraper - INFO - Erfolgreich heruntergeladen: westminster2017-10-10a.xml (25687 bytes)
2025-09-16 21:40:46,664 - scraper.xml_scraper - INFO - Erfolgreich heruntergeladen: westminster2017-10-10b.xml (75394 bytes)
2025-09-16 21:40:48,734 - scraper.xml_scraper - INFO - Erfolgreich heruntergeladen: westminster2017-10-11a.xml (31820 bytes)
2025-09-16 21:40:48,791 - scraper.xml_scraper - INFO - Erfolgreich heruntergeladen: westminster2017-10-10c.xml (305013 bytes)
2025-09-16 21:40:50,901 - scraper.xml_scraper - INFO - Erfolgreich heruntergeladen: westminster2017-10-11b.xml (310703 bytes)
2025-09-16 21:40:50,926 - scraper.xml_scraper - INFO - Erfolgreich heruntergeladen: westminster2017-10-12a.xml (194180 bytes)
2025-09-16 21:40:53,079 - scraper.xml_scraper - INFO - Erfolgreich heruntergeladen: westminster2017-10-17a.xml (308161 bytes)
2025-09-16 21:40:53,088 - scraper.xml_scraper - INFO - Erfolgreich heruntergeladen: westminster2017-10-18a.xml (289384 bytes)
2025-09-16 21:40:55,212 - scraper.xml_scraper - INFO - Erfolgreich heruntergeladen: westminster2017-10-19a.xml (196794 bytes)
2025-09-16 21:40:55,214 - scraper.xml_scraper - INFO - Erfolgreich heruntergeladen: westminster2017-10-23a.xml (92373 bytes)
2025-09-16 21:40:57,372 - scraper.xml_scraper - INFO - Erfolgreich heruntergeladen: westminster2017-10-24a.xml (308772 bytes)
2025-09-16 21:40:57,391 - scraper.xml_scraper - INFO - Erfolgreich heruntergeladen: westminster2017-10-25a.xml (337399 bytes)
2025-09-16 21:40:59,512 - scraper.xml_scraper - INFO - Erfolgreich heruntergeladen: westminster2017-10-26a.xml (150160 bytes)
2025-09-16 21:40:59,517 - scraper.xml_scraper - INFO - Erfolgreich heruntergeladen: westminster2017-10-30a.xml (197488 bytes)
2025-09-16 21:41:01,756 - scraper.xml_scraper - INFO - Erfolgreich heruntergeladen: westminster2017-10-31a.xml (307045 bytes)
2025-09-16 21:41:01,757 - scraper.xml_scraper - INFO - Erfolgreich heruntergeladen: westminster2017-11-01a.xml (257699 bytes)
2025-09-16 21:41:03,907 - scraper.xml_scraper - INFO - Erfolgreich heruntergeladen: westminster2017-11-02a.xml (20232 bytes)
2025-09-16 21:41:03,970 - scraper.xml_scraper - INFO - Erfolgreich heruntergeladen: westminster2017-11-02b.xml (130687 bytes)
2025-09-16 21:41:06,058 - scraper.xml_scraper - INFO - Erfolgreich heruntergeladen: westminster2017-11-06a.xml (164222 bytes)
2025-09-16 21:41:06,125 - scraper.xml_scraper - INFO - Erfolgreich heruntergeladen: westminster2017-11-07a.xml (279650 bytes)
2025-09-16 21:41:08,199 - scraper.xml_scraper - INFO - Erfolgreich heruntergeladen: westminster2017-11-13a.xml (202720 bytes)
2025-09-16 21:41:08,280 - scraper.xml_scraper - INFO - Erfolgreich heruntergeladen: westminster2017-11-14a.xml (303647 bytes)
2025-09-16 21:41:10,355 - scraper.xml_scraper - INFO - Erfolgreich heruntergeladen: westminster2017-11-15a.xml (311005 bytes)
2025-09-16 21:41:10,359 - scraper.xml_scraper - INFO - Erfolgreich heruntergeladen: westminster2017-11-16a.xml (13557 bytes)
2025-09-16 21:41:12,445 - scraper.xml_scraper - INFO - Erfolgreich heruntergeladen: westminster2017-11-20a.xml (16413 bytes)
2025-09-16 21:41:12,495 - scraper.xml_scraper - INFO - Erfolgreich heruntergeladen: westminster2017-11-16b.xml (150221 bytes)
2025-09-16 21:41:14,926 - scraper.xml_scraper - INFO - Erfolgreich heruntergeladen: westminster2017-11-20b.xml (153624 bytes)
2025-09-16 21:41:15,012 - scraper.xml_scraper - INFO - Erfolgreich heruntergeladen: westminster2017-11-21a.xml (314241 bytes)
2025-09-16 21:41:17,112 - scraper.xml_scraper - INFO - Erfolgreich heruntergeladen: westminster2017-11-23a.xml (179498 bytes)
2025-09-16 21:41:17,550 - scraper.xml_scraper - INFO - Erfolgreich heruntergeladen: westminster2017-11-22a.xml (330790 bytes)
2025-09-16 21:41:19,206 - scraper.xml_scraper - INFO - Erfolgreich heruntergeladen: westminster2017-11-27a.xml (109757 bytes)
2025-09-16 21:41:19,709 - scraper.xml_scraper - INFO - Erfolgreich heruntergeladen: westminster2017-11-28a.xml (316222 bytes)
2025-09-16 21:41:21,309 - scraper.xml_scraper - INFO - Erfolgreich heruntergeladen: westminster2017-11-29a.xml (310002 bytes)
2025-09-16 21:41:21,770 - scraper.xml_scraper - INFO - Erfolgreich heruntergeladen: westminster2017-11-30a.xml (17720 bytes)
2025-09-16 21:41:23,379 - scraper.xml_scraper - INFO - Erfolgreich heruntergeladen: westminster2017-11-30b.xml (7930 bytes)
2025-09-16 21:41:23,917 - scraper.xml_scraper - INFO - Erfolgreich heruntergeladen: westminster2017-11-30c.xml (174050 bytes)
2025-09-16 21:41:25,517 - scraper.xml_scraper - INFO - Erfolgreich heruntergeladen: westminster2017-12-04a.xml (186761 bytes)
2025-09-16 21:41:26,022 - scraper.xml_scraper - INFO - Erfolgreich heruntergeladen: westminster2017-12-05a.xml (294256 bytes)
2025-09-16 21:41:27,704 - scraper.xml_scraper - INFO - Erfolgreich heruntergeladen: westminster2017-12-06a.xml (315967 bytes)
2025-09-16 21:41:28,104 - scraper.xml_scraper - INFO - Erfolgreich heruntergeladen: westminster2017-12-07a.xml (113019 bytes)
2025-09-16 21:41:29,937 - scraper.xml_scraper - INFO - Erfolgreich heruntergeladen: westminster2017-12-11a.xml (197402 bytes)
2025-09-16 21:41:30,572 - scraper.xml_scraper - INFO - Erfolgreich heruntergeladen: westminster2017-12-12a.xml (316611 bytes)
2025-09-16 21:41:32,087 - scraper.xml_scraper - INFO - Erfolgreich heruntergeladen: westminster2017-12-13a.xml (30333 bytes)
2025-09-16 21:41:32,728 - scraper.xml_scraper - INFO - Erfolgreich heruntergeladen: westminster2017-12-13b.xml (291701 bytes)
2025-09-16 21:41:34,239 - scraper.xml_scraper - INFO - Erfolgreich heruntergeladen: westminster2017-12-14a.xml (170034 bytes)
2025-09-16 21:41:34,805 - scraper.xml_scraper - INFO - Erfolgreich heruntergeladen: westminster2017-12-18a.xml (87985 bytes)
2025-09-16 21:41:36,416 - scraper.xml_scraper - INFO - Erfolgreich heruntergeladen: westminster2017-12-19a.xml (309336 bytes)
2025-09-16 21:41:36,880 - scraper.xml_scraper - INFO - Erfolgreich heruntergeladen: westminster2017-12-20a.xml (304170 bytes)
2025-09-16 21:41:38,584 - scraper.xml_scraper - INFO - Erfolgreich heruntergeladen: westminster2017-12-21a.xml (186760 bytes)
2025-09-16 21:41:39,008 - scraper.xml_scraper - INFO - Erfolgreich heruntergeladen: westminster2018-01-09a.xml (299759 bytes)
2025-09-16 21:41:40,749 - scraper.xml_scraper - INFO - Erfolgreich heruntergeladen: westminster2018-01-10a.xml (319670 bytes)
2025-09-16 21:41:41,086 - scraper.xml_scraper - INFO - Erfolgreich heruntergeladen: westminster2018-01-11a.xml (188380 bytes)
2025-09-16 21:41:42,883 - scraper.xml_scraper - INFO - Erfolgreich heruntergeladen: westminster2018-01-15a.xml (111641 bytes)
2025-09-16 21:41:43,190 - scraper.xml_scraper - INFO - Erfolgreich heruntergeladen: westminster2018-01-16a.xml (300937 bytes)
2025-09-16 21:41:45,041 - scraper.xml_scraper - INFO - Erfolgreich heruntergeladen: westminster2018-01-17a.xml (304587 bytes)
2025-09-16 21:41:45,264 - scraper.xml_scraper - INFO - Erfolgreich heruntergeladen: westminster2018-01-18a.xml (161881 bytes)
2025-09-16 21:41:47,256 - scraper.xml_scraper - INFO - Erfolgreich heruntergeladen: westminster2018-01-22a.xml (169110 bytes)
2025-09-16 21:41:47,348 - scraper.xml_scraper - INFO - Erfolgreich heruntergeladen: westminster2018-01-23a.xml (26833 bytes)
2025-09-16 21:41:49,396 - scraper.xml_scraper - INFO - Erfolgreich heruntergeladen: westminster2018-01-23b.xml (20036 bytes)
2025-09-16 21:41:49,505 - scraper.xml_scraper - INFO - Erfolgreich heruntergeladen: westminster2018-01-23c.xml (305100 bytes)
2025-09-16 21:41:51,571 - scraper.xml_scraper - INFO - Erfolgreich heruntergeladen: westminster2018-01-24a.xml (297332 bytes)
2025-09-16 21:41:51,595 - scraper.xml_scraper - INFO - Erfolgreich heruntergeladen: westminster2018-01-25a.xml (19801 bytes)
2025-09-16 21:41:53,671 - scraper.xml_scraper - INFO - Erfolgreich heruntergeladen: westminster2018-01-29a.xml (21455 bytes)
2025-09-16 21:41:53,676 - scraper.xml_scraper - INFO - Erfolgreich heruntergeladen: westminster2018-01-25b.xml (84968 bytes)
2025-09-16 21:41:55,753 - scraper.xml_scraper - INFO - Erfolgreich heruntergeladen: westminster2018-01-30a.xml (24786 bytes)
2025-09-16 21:41:55,811 - scraper.xml_scraper - INFO - Erfolgreich heruntergeladen: westminster2018-01-29b.xml (141313 bytes)
2025-09-16 21:41:57,920 - scraper.xml_scraper - INFO - Erfolgreich heruntergeladen: westminster2018-01-30b.xml (294016 bytes)
2025-09-16 21:41:57,996 - scraper.xml_scraper - INFO - Erfolgreich heruntergeladen: westminster2018-01-31a.xml (294812 bytes)
2025-09-16 21:42:00,052 - scraper.xml_scraper - INFO - Erfolgreich heruntergeladen: westminster2018-02-01a.xml (182450 bytes)
2025-09-16 21:42:00,075 - scraper.xml_scraper - INFO - Erfolgreich heruntergeladen: westminster2018-02-06a.xml (25609 bytes)
2025-09-16 21:42:02,220 - scraper.xml_scraper - INFO - Erfolgreich heruntergeladen: westminster2018-02-06b.xml (295197 bytes)
2025-09-16 21:42:02,233 - scraper.xml_scraper - INFO - Erfolgreich heruntergeladen: westminster2018-02-07a.xml (328881 bytes)
2025-09-16 21:42:04,339 - scraper.xml_scraper - INFO - Erfolgreich heruntergeladen: westminster2018-02-08a.xml (81857 bytes)
2025-09-16 21:42:04,359 - scraper.xml_scraper - INFO - Erfolgreich heruntergeladen: westminster2018-02-08b.xml (144195 bytes)
2025-09-16 21:42:06,518 - scraper.xml_scraper - INFO - Erfolgreich heruntergeladen: westminster2018-02-20a.xml (314892 bytes)
2025-09-16 21:42:06,668 - scraper.xml_scraper - INFO - Erfolgreich heruntergeladen: westminster2018-02-21a.xml (313157 bytes)
2025-09-16 21:42:08,729 - scraper.xml_scraper - INFO - Erfolgreich heruntergeladen: westminster2018-02-22a.xml (195353 bytes)
2025-09-16 21:42:08,839 - scraper.xml_scraper - INFO - Erfolgreich heruntergeladen: westminster2018-02-26a.xml (164635 bytes)
2025-09-16 21:42:10,917 - scraper.xml_scraper - INFO - Erfolgreich heruntergeladen: westminster2018-02-28a.xml (28711 bytes)
2025-09-16 21:42:10,975 - scraper.xml_scraper - INFO - Erfolgreich heruntergeladen: westminster2018-02-27a.xml (295666 bytes)
2025-09-16 21:42:13,071 - scraper.xml_scraper - INFO - Erfolgreich heruntergeladen: westminster2018-03-01a.xml (93965 bytes)
2025-09-16 21:42:13,088 - scraper.xml_scraper - INFO - Erfolgreich heruntergeladen: westminster2018-02-28b.xml (300121 bytes)
2025-09-16 21:42:15,200 - scraper.xml_scraper - INFO - Erfolgreich heruntergeladen: westminster2018-03-01b.xml (154337 bytes)
2025-09-16 21:42:15,237 - scraper.xml_scraper - INFO - Erfolgreich heruntergeladen: westminster2018-03-05a.xml (149761 bytes)
2025-09-16 21:42:17,355 - scraper.xml_scraper - INFO - Erfolgreich heruntergeladen: westminster2018-03-06a.xml (346692 bytes)
2025-09-16 21:42:17,408 - scraper.xml_scraper - INFO - Erfolgreich heruntergeladen: westminster2018-03-07a.xml (277993 bytes)
2025-09-16 21:42:19,484 - scraper.xml_scraper - INFO - Erfolgreich heruntergeladen: westminster2018-03-08a.xml (144612 bytes)
2025-09-16 21:42:19,572 - scraper.xml_scraper - INFO - Erfolgreich heruntergeladen: westminster2018-03-13a.xml (321480 bytes)
2025-09-16 21:42:21,553 - scraper.xml_scraper - INFO - Erfolgreich heruntergeladen: westminster2018-03-14a.xml (28826 bytes)
2025-09-16 21:42:21,751 - scraper.xml_scraper - INFO - Erfolgreich heruntergeladen: westminster2018-03-14b.xml (317182 bytes)
2025-09-16 21:42:23,679 - scraper.xml_scraper - INFO - Erfolgreich heruntergeladen: westminster2018-03-15a.xml (169518 bytes)
2025-09-16 21:42:23,814 - scraper.xml_scraper - INFO - Erfolgreich heruntergeladen: westminster2018-03-19a.xml (20232 bytes)
2025-09-16 21:42:25,809 - scraper.xml_scraper - INFO - Erfolgreich heruntergeladen: westminster2018-03-19b.xml (182115 bytes)
2025-09-16 21:42:25,867 - scraper.xml_scraper - INFO - Erfolgreich heruntergeladen: westminster2018-03-20a.xml (40826 bytes)
2025-09-16 21:42:27,944 - scraper.xml_scraper - INFO - Erfolgreich heruntergeladen: westminster2018-03-21a.xml (29466 bytes)
2025-09-16 21:42:27,973 - scraper.xml_scraper - INFO - Erfolgreich heruntergeladen: westminster2018-03-20b.xml (310875 bytes)
2025-09-16 21:42:30,097 - scraper.xml_scraper - INFO - Erfolgreich heruntergeladen: westminster2018-03-21b.xml (31787 bytes)
2025-09-16 21:42:30,291 - scraper.xml_scraper - INFO - Erfolgreich heruntergeladen: westminster2018-03-21c.xml (318698 bytes)
2025-09-16 21:42:32,385 - scraper.xml_scraper - INFO - Erfolgreich heruntergeladen: westminster2018-03-22a.xml (158793 bytes)
2025-09-16 21:42:32,466 - scraper.xml_scraper - INFO - Erfolgreich heruntergeladen: westminster2018-03-26a.xml (53234 bytes)
2025-09-16 21:42:34,630 - scraper.xml_scraper - INFO - Erfolgreich heruntergeladen: westminster2018-03-27a.xml (280559 bytes)
2025-09-16 21:42:34,632 - scraper.xml_scraper - INFO - Erfolgreich heruntergeladen: westminster2018-03-28a.xml (302927 bytes)
2025-09-16 21:42:36,760 - scraper.xml_scraper - INFO - Erfolgreich heruntergeladen: westminster2018-04-16a.xml (117982 bytes)
2025-09-16 21:42:36,763 - scraper.xml_scraper - INFO - Erfolgreich heruntergeladen: westminster2018-03-29a.xml (173365 bytes)
2025-09-16 21:42:39,007 - scraper.xml_scraper - INFO - Erfolgreich heruntergeladen: westminster2018-04-17a.xml (305342 bytes)
2025-09-16 21:42:39,009 - scraper.xml_scraper - INFO - Erfolgreich heruntergeladen: westminster2018-04-18a.xml (297184 bytes)
2025-09-16 21:42:41,218 - scraper.xml_scraper - INFO - Erfolgreich heruntergeladen: westminster2018-04-19a.xml (147642 bytes)
2025-09-16 21:42:41,223 - scraper.xml_scraper - INFO - Erfolgreich heruntergeladen: westminster2018-04-23a.xml (183912 bytes)
2025-09-16 21:42:43,383 - scraper.xml_scraper - INFO - Erfolgreich heruntergeladen: westminster2018-04-25a.xml (291797 bytes)
2025-09-16 21:42:43,403 - scraper.xml_scraper - INFO - Erfolgreich heruntergeladen: westminster2018-04-24a.xml (305161 bytes)
2025-09-16 21:42:45,530 - scraper.xml_scraper - INFO - Erfolgreich heruntergeladen: westminster2018-04-26a.xml (110635 bytes)
2025-09-16 21:42:45,535 - scraper.xml_scraper - INFO - Erfolgreich heruntergeladen: westminster2018-04-30a.xml (175115 bytes)
2025-09-16 21:42:47,694 - scraper.xml_scraper - INFO - Erfolgreich heruntergeladen: westminster2018-05-01a.xml (246335 bytes)
2025-09-16 21:42:47,701 - scraper.xml_scraper - INFO - Erfolgreich heruntergeladen: westminster2018-05-02a.xml (275668 bytes)
2025-09-16 21:42:49,788 - scraper.xml_scraper - INFO - Erfolgreich heruntergeladen: westminster2018-05-08a.xml (19048 bytes)
2025-09-16 21:42:49,833 - scraper.xml_scraper - INFO - Erfolgreich heruntergeladen: westminster2018-05-03a.xml (67428 bytes)
2025-09-16 21:42:51,913 - scraper.xml_scraper - INFO - Erfolgreich heruntergeladen: westminster2018-05-09a.xml (29067 bytes)
2025-09-16 21:42:51,930 - scraper.xml_scraper - INFO - Erfolgreich heruntergeladen: westminster2018-05-08b.xml (208793 bytes)
2025-09-16 21:42:54,075 - scraper.xml_scraper - INFO - Erfolgreich heruntergeladen: westminster2018-05-09b.xml (314505 bytes)
2025-09-16 21:42:54,075 - scraper.xml_scraper - INFO - Erfolgreich heruntergeladen: westminster2018-05-10a.xml (195256 bytes)
2025-09-16 21:42:56,205 - scraper.xml_scraper - INFO - Erfolgreich heruntergeladen: westminster2018-05-14a.xml (180504 bytes)
2025-09-16 21:42:56,306 - scraper.xml_scraper - INFO - Erfolgreich heruntergeladen: westminster2018-05-15a.xml (307371 bytes)
2025-09-16 21:42:58,461 - scraper.xml_scraper - INFO - Erfolgreich heruntergeladen: westminster2018-05-16a.xml (266427 bytes)
2025-09-16 21:42:58,531 - scraper.xml_scraper - INFO - Erfolgreich heruntergeladen: westminster2018-05-17a.xml (145030 bytes)
2025-09-16 21:43:00,631 - scraper.xml_scraper - INFO - Erfolgreich heruntergeladen: westminster2018-05-21a.xml (129597 bytes)
2025-09-16 21:43:00,635 - scraper.xml_scraper - INFO - Erfolgreich heruntergeladen: westminster2018-05-22a.xml (30366 bytes)
2025-09-16 21:43:02,798 - scraper.xml_scraper - INFO - Erfolgreich heruntergeladen: westminster2018-05-23a.xml (306166 bytes)
2025-09-16 21:43:02,798 - scraper.xml_scraper - INFO - Erfolgreich heruntergeladen: westminster2018-05-22b.xml (304012 bytes)
2025-09-16 21:43:04,927 - scraper.xml_scraper - INFO - Erfolgreich heruntergeladen: westminster2018-05-24a.xml (159911 bytes)
2025-09-16 21:43:04,941 - scraper.xml_scraper - INFO - Erfolgreich heruntergeladen: westminster2018-06-04a.xml (126608 bytes)
2025-09-16 21:43:07,092 - scraper.xml_scraper - INFO - Erfolgreich heruntergeladen: westminster2018-06-05a.xml (313111 bytes)
2025-09-16 21:43:07,125 - scraper.xml_scraper - INFO - Erfolgreich heruntergeladen: westminster2018-06-06a.xml (305648 bytes)
2025-09-16 21:43:09,224 - scraper.xml_scraper - INFO - Erfolgreich heruntergeladen: westminster2018-06-07a.xml (186078 bytes)
2025-09-16 21:43:09,305 - scraper.xml_scraper - INFO - Erfolgreich heruntergeladen: westminster2018-06-11a.xml (134448 bytes)
2025-09-16 21:43:11,381 - scraper.xml_scraper - INFO - Erfolgreich heruntergeladen: westminster2018-06-12a.xml (226197 bytes)
2025-09-16 21:43:11,455 - scraper.xml_scraper - INFO - Erfolgreich heruntergeladen: westminster2018-06-13a.xml (297795 bytes)
2025-09-16 21:43:13,509 - scraper.xml_scraper - INFO - Erfolgreich heruntergeladen: westminster2018-06-14a.xml (162667 bytes)
2025-09-16 21:43:13,588 - scraper.xml_scraper - INFO - Erfolgreich heruntergeladen: westminster2018-06-18a.xml (102574 bytes)
2025-09-16 21:43:15,668 - scraper.xml_scraper - INFO - Erfolgreich heruntergeladen: westminster2018-06-19a.xml (273388 bytes)
2025-09-16 21:43:15,749 - scraper.xml_scraper - INFO - Erfolgreich heruntergeladen: westminster2018-06-20a.xml (323543 bytes)
2025-09-16 21:43:17,869 - scraper.xml_scraper - INFO - Erfolgreich heruntergeladen: westminster2018-06-21a.xml (173975 bytes)
2025-09-16 21:43:17,953 - scraper.xml_scraper - INFO - Erfolgreich heruntergeladen: westminster2018-06-25a.xml (159579 bytes)
2025-09-16 21:43:20,125 - scraper.xml_scraper - INFO - Erfolgreich heruntergeladen: westminster2018-06-27a.xml (281569 bytes)
2025-09-16 21:43:20,126 - scraper.xml_scraper - INFO - Erfolgreich heruntergeladen: westminster2018-06-26a.xml (319141 bytes)
2025-09-16 21:43:22,259 - scraper.xml_scraper - INFO - Erfolgreich heruntergeladen: westminster2018-06-28b.xml (98921 bytes)
2025-09-16 21:43:22,261 - scraper.xml_scraper - INFO - Erfolgreich heruntergeladen: westminster2018-06-28a.xml (51437 bytes)
2025-09-16 21:43:24,363 - scraper.xml_scraper - INFO - Erfolgreich heruntergeladen: westminster2018-07-03a.xml (41947 bytes)
2025-09-16 21:43:24,489 - scraper.xml_scraper - INFO - Erfolgreich heruntergeladen: westminster2018-07-02a.xml (100029 bytes)
2025-09-16 21:43:26,640 - scraper.xml_scraper - INFO - Erfolgreich heruntergeladen: westminster2018-07-03b.xml (316171 bytes)
2025-09-16 21:43:26,811 - scraper.xml_scraper - INFO - Erfolgreich heruntergeladen: westminster2018-07-04a.xml (324201 bytes)
2025-09-16 21:43:28,816 - scraper.xml_scraper - INFO - Erfolgreich heruntergeladen: westminster2018-07-05a.xml (149891 bytes)
2025-09-16 21:43:28,866 - scraper.xml_scraper - INFO - Erfolgreich heruntergeladen: westminster2018-07-09a.xml (80757 bytes)
2025-09-16 21:43:30,896 - scraper.xml_scraper - INFO - Erfolgreich heruntergeladen: westminster2018-07-10a.xml (29351 bytes)
2025-09-16 21:43:30,938 - scraper.xml_scraper - INFO - Erfolgreich heruntergeladen: westminster2018-07-10b.xml (37820 bytes)
2025-09-16 21:43:33,146 - scraper.xml_scraper - INFO - Erfolgreich heruntergeladen: westminster2018-07-11a.xml (21226 bytes)
2025-09-16 21:43:33,230 - scraper.xml_scraper - INFO - Erfolgreich heruntergeladen: westminster2018-07-10c.xml (303261 bytes)
2025-09-16 21:43:35,320 - scraper.xml_scraper - INFO - Erfolgreich heruntergeladen: westminster2018-07-11b.xml (203926 bytes)
2025-09-16 21:43:35,747 - scraper.xml_scraper - INFO - Erfolgreich heruntergeladen: westminster2018-07-12a.xml (118897 bytes)
2025-09-16 21:43:37,598 - scraper.xml_scraper - INFO - Erfolgreich heruntergeladen: westminster2018-07-16a.xml (75931 bytes)
2025-09-16 21:43:37,862 - scraper.xml_scraper - INFO - Erfolgreich heruntergeladen: westminster2018-07-17a.xml (294512 bytes)
2025-09-16 21:43:39,838 - scraper.xml_scraper - INFO - Erfolgreich heruntergeladen: westminster2018-07-18a.xml (282106 bytes)
2025-09-16 21:43:39,922 - scraper.xml_scraper - INFO - Erfolgreich heruntergeladen: westminster2018-07-19a.xml (127222 bytes)
2025-09-16 21:43:41,927 - scraper.xml_scraper - INFO - Erfolgreich heruntergeladen: westminster2018-07-24a.xml (22754 bytes)
2025-09-16 21:43:42,051 - scraper.xml_scraper - INFO - Erfolgreich heruntergeladen: westminster2018-07-24b.xml (308273 bytes)
2025-09-16 21:43:44,088 - scraper.xml_scraper - INFO - Erfolgreich heruntergeladen: westminster2018-09-04a.xml (301048 bytes)
2025-09-16 21:43:44,123 - scraper.xml_scraper - INFO - Erfolgreich heruntergeladen: westminster2018-09-05a.xml (22854 bytes)
2025-09-16 21:43:46,260 - scraper.xml_scraper - INFO - Erfolgreich heruntergeladen: westminster2018-09-06a.xml (176704 bytes)
2025-09-16 21:43:46,273 - scraper.xml_scraper - INFO - Erfolgreich heruntergeladen: westminster2018-09-05b.xml (274561 bytes)
2025-09-16 21:43:48,367 - scraper.xml_scraper - INFO - Erfolgreich heruntergeladen: westminster2018-09-10a.xml (75151 bytes)
2025-09-16 21:43:48,449 - scraper.xml_scraper - INFO - Erfolgreich heruntergeladen: westminster2018-09-11a.xml (297768 bytes)
2025-09-16 21:43:50,519 - scraper.xml_scraper - INFO - Erfolgreich heruntergeladen: westminster2018-09-13a.xml (16695 bytes)
2025-09-16 21:43:50,547 - scraper.xml_scraper - INFO - Erfolgreich heruntergeladen: westminster2018-09-12a.xml (308379 bytes)
2025-09-16 21:43:52,629 - scraper.xml_scraper - INFO - Erfolgreich heruntergeladen: westminster2018-10-09a.xml (37568 bytes)
2025-09-16 21:43:52,663 - scraper.xml_scraper - INFO - Erfolgreich heruntergeladen: westminster2018-09-13b.xml (169543 bytes)
2025-09-16 21:43:54,738 - scraper.xml_scraper - INFO - Erfolgreich heruntergeladen: westminster2018-10-10a.xml (32283 bytes)
2025-09-16 21:43:54,786 - scraper.xml_scraper - INFO - Erfolgreich heruntergeladen: westminster2018-10-09b.xml (317555 bytes)
2025-09-16 21:43:56,883 - scraper.xml_scraper - INFO - Erfolgreich heruntergeladen: westminster2018-10-11a.xml (97878 bytes)
2025-09-16 21:43:56,996 - scraper.xml_scraper - INFO - Erfolgreich heruntergeladen: westminster2018-10-10b.xml (307572 bytes)
2025-09-16 21:43:58,968 - scraper.xml_scraper - INFO - Erfolgreich heruntergeladen: westminster2018-10-15a.xml (22506 bytes)
2025-09-16 21:43:59,198 - scraper.xml_scraper - INFO - Erfolgreich heruntergeladen: westminster2018-10-15b.xml (130350 bytes)
2025-09-16 21:44:01,221 - scraper.xml_scraper - INFO - Erfolgreich heruntergeladen: westminster2018-10-16a.xml (292832 bytes)
2025-09-16 21:44:01,281 - scraper.xml_scraper - INFO - Erfolgreich heruntergeladen: westminster2018-10-17a.xml (31944 bytes)
2025-09-16 21:44:03,373 - scraper.xml_scraper - INFO - Erfolgreich heruntergeladen: westminster2018-10-17b.xml (276772 bytes)
2025-09-16 21:44:03,407 - scraper.xml_scraper - INFO - Erfolgreich heruntergeladen: westminster2018-10-18a.xml (101997 bytes)
2025-09-16 21:44:05,483 - scraper.xml_scraper - INFO - Erfolgreich heruntergeladen: westminster2018-10-23a.xml (39751 bytes)
2025-09-16 21:44:05,512 - scraper.xml_scraper - INFO - Erfolgreich heruntergeladen: westminster2018-10-22a.xml (128592 bytes)
2025-09-16 21:44:07,656 - scraper.xml_scraper - INFO - Erfolgreich heruntergeladen: westminster2018-10-24a.xml (305060 bytes)
2025-09-16 21:44:07,656 - scraper.xml_scraper - INFO - Erfolgreich heruntergeladen: westminster2018-10-23b.xml (282725 bytes)
2025-09-16 21:44:09,769 - scraper.xml_scraper - INFO - Erfolgreich heruntergeladen: westminster2018-10-25a.xml (12539 bytes)
2025-09-16 21:44:09,784 - scraper.xml_scraper - INFO - Erfolgreich heruntergeladen: westminster2018-10-25b.xml (170230 bytes)
2025-09-16 21:44:11,875 - scraper.xml_scraper - INFO - Erfolgreich heruntergeladen: westminster2018-10-29a.xml (86655 bytes)
2025-09-16 21:44:11,942 - scraper.xml_scraper - INFO - Erfolgreich heruntergeladen: westminster2018-10-30a.xml (286194 bytes)
2025-09-16 21:44:14,091 - scraper.xml_scraper - INFO - Erfolgreich heruntergeladen: westminster2018-11-01a.xml (179908 bytes)
2025-09-16 21:44:14,117 - scraper.xml_scraper - INFO - Erfolgreich heruntergeladen: westminster2018-10-31a.xml (293750 bytes)
2025-09-16 21:44:16,189 - scraper.xml_scraper - INFO - Erfolgreich heruntergeladen: westminster2018-11-06b.xml (28658 bytes)
2025-09-16 21:44:16,219 - scraper.xml_scraper - INFO - Erfolgreich heruntergeladen: westminster2018-11-06a.xml (21813 bytes)
2025-09-16 21:44:18,342 - scraper.xml_scraper - INFO - Erfolgreich heruntergeladen: westminster2018-11-12a.xml (92059 bytes)
2025-09-16 21:44:18,352 - scraper.xml_scraper - INFO - Erfolgreich heruntergeladen: westminster2018-11-06c.xml (273775 bytes)
2025-09-16 21:44:20,425 - scraper.xml_scraper - INFO - Erfolgreich heruntergeladen: westminster2018-11-13a.xml (27357 bytes)
2025-09-16 21:44:20,593 - scraper.xml_scraper - INFO - Erfolgreich heruntergeladen: westminster2018-11-13b.xml (275932 bytes)
2025-09-16 21:44:22,588 - scraper.xml_scraper - INFO - Erfolgreich heruntergeladen: westminster2018-11-14a.xml (294353 bytes)
2025-09-16 21:44:22,766 - scraper.xml_scraper - INFO - Erfolgreich heruntergeladen: westminster2018-11-15a.xml (17874 bytes)
2025-09-16 21:44:24,695 - scraper.xml_scraper - INFO - Erfolgreich heruntergeladen: westminster2018-11-15b.xml (63451 bytes)
2025-09-16 21:44:24,868 - scraper.xml_scraper - INFO - Erfolgreich heruntergeladen: westminster2018-11-19a.xml (168247 bytes)
2025-09-16 21:44:26,774 - scraper.xml_scraper - INFO - Erfolgreich heruntergeladen: westminster2018-11-20a.xml (36913 bytes)
2025-09-16 21:44:26,977 - scraper.xml_scraper - INFO - Erfolgreich heruntergeladen: westminster2018-11-20b.xml (327016 bytes)
2025-09-16 21:44:28,854 - scraper.xml_scraper - INFO - Erfolgreich heruntergeladen: westminster2018-11-21a.xml (27377 bytes)
2025-09-16 21:44:29,113 - scraper.xml_scraper - INFO - Erfolgreich heruntergeladen: westminster2018-11-21b.xml (285803 bytes)
2025-09-16 21:44:30,921 - scraper.xml_scraper - INFO - Erfolgreich heruntergeladen: westminster2018-11-22a.xml (18147 bytes)
2025-09-16 21:44:31,221 - scraper.xml_scraper - INFO - Erfolgreich heruntergeladen: westminster2018-11-22b.xml (140372 bytes)
2025-09-16 21:44:33,052 - scraper.xml_scraper - INFO - Erfolgreich heruntergeladen: westminster2018-11-26a.xml (172324 bytes)
2025-09-16 21:44:33,272 - scraper.xml_scraper - INFO - Erfolgreich heruntergeladen: westminster2018-11-27a.xml (31464 bytes)
2025-09-16 21:44:35,128 - scraper.xml_scraper - INFO - Erfolgreich heruntergeladen: westminster2018-11-27b.xml (34276 bytes)
2025-09-16 21:44:35,403 - scraper.xml_scraper - INFO - Erfolgreich heruntergeladen: westminster2018-11-27c.xml (308824 bytes)
2025-09-16 21:44:37,271 - scraper.xml_scraper - INFO - Erfolgreich heruntergeladen: westminster2018-11-28a.xml (19590 bytes)
2025-09-16 21:44:37,562 - scraper.xml_scraper - INFO - Erfolgreich heruntergeladen: westminster2018-11-28b.xml (268090 bytes)
2025-09-16 21:44:39,468 - scraper.xml_scraper - INFO - Erfolgreich heruntergeladen: westminster2018-11-29a.xml (70966 bytes)
2025-09-16 21:44:39,642 - scraper.xml_scraper - INFO - Erfolgreich heruntergeladen: westminster2018-11-29b.xml (176791 bytes)
2025-09-16 21:44:41,647 - scraper.xml_scraper - INFO - Erfolgreich heruntergeladen: westminster2018-12-03a.xml (74990 bytes)
2025-09-16 21:44:41,705 - scraper.xml_scraper - INFO - Erfolgreich heruntergeladen: westminster2018-12-04a.xml (25700 bytes)
2025-09-16 21:44:43,823 - scraper.xml_scraper - INFO - Erfolgreich heruntergeladen: westminster2018-12-04b.xml (28931 bytes)
2025-09-16 21:44:43,892 - scraper.xml_scraper - INFO - Erfolgreich heruntergeladen: westminster2018-12-04c.xml (285608 bytes)
2025-09-16 21:44:45,916 - scraper.xml_scraper - INFO - Erfolgreich heruntergeladen: westminster2018-12-05a.xml (23411 bytes)
2025-09-16 21:44:46,053 - scraper.xml_scraper - INFO - Erfolgreich heruntergeladen: westminster2018-12-05b.xml (281758 bytes)
2025-09-16 21:44:48,052 - scraper.xml_scraper - INFO - Erfolgreich heruntergeladen: westminster2018-12-06a.xml (139887 bytes)
2025-09-16 21:44:48,116 - scraper.xml_scraper - INFO - Erfolgreich heruntergeladen: westminster2018-12-10a.xml (35663 bytes)
2025-09-16 21:44:50,238 - scraper.xml_scraper - INFO - Erfolgreich heruntergeladen: westminster2018-12-11a.xml (309740 bytes)
2025-09-16 21:44:50,278 - scraper.xml_scraper - INFO - Erfolgreich heruntergeladen: westminster2018-12-12a.xml (277647 bytes)
2025-09-16 21:44:52,307 - scraper.xml_scraper - INFO - Erfolgreich heruntergeladen: westminster2018-12-13a.xml (14512 bytes)
2025-09-16 21:44:52,397 - scraper.xml_scraper - INFO - Erfolgreich heruntergeladen: westminster2018-12-13b.xml (153911 bytes)
2025-09-16 21:44:54,384 - scraper.xml_scraper - INFO - Erfolgreich heruntergeladen: westminster2018-12-18a.xml (24487 bytes)
2025-09-16 21:44:54,539 - scraper.xml_scraper - INFO - Erfolgreich heruntergeladen: westminster2018-12-18b.xml (291741 bytes)
2025-09-16 21:44:56,511 - scraper.xml_scraper - INFO - Erfolgreich heruntergeladen: westminster2018-12-19a.xml (121262 bytes)
2025-09-16 21:44:56,620 - scraper.xml_scraper - INFO - Erfolgreich heruntergeladen: westminster2018-12-19b.xml (275474 bytes)
2025-09-16 21:44:58,639 - scraper.xml_scraper - INFO - Erfolgreich heruntergeladen: westminster2018-12-20a.xml (174972 bytes)
2025-09-16 21:44:58,749 - scraper.xml_scraper - INFO - Erfolgreich heruntergeladen: westminster2019-01-07a.xml (142735 bytes)
2025-09-16 21:45:00,711 - scraper.xml_scraper - INFO - Erfolgreich heruntergeladen: westminster2019-01-08a.xml (25225 bytes)
2025-09-16 21:45:00,873 - scraper.xml_scraper - INFO - Erfolgreich heruntergeladen: westminster2019-01-08b.xml (302004 bytes)
2025-09-16 21:45:02,953 - scraper.xml_scraper - INFO - Erfolgreich heruntergeladen: westminster2019-01-09a.xml (315419 bytes)
2025-09-16 21:45:03,124 - scraper.xml_scraper - INFO - Erfolgreich heruntergeladen: westminster2019-01-10a.xml (185836 bytes)
2025-09-16 21:45:05,079 - scraper.xml_scraper - INFO - Erfolgreich heruntergeladen: westminster2019-01-14a.xml (22878 bytes)
2025-09-16 21:45:05,301 - scraper.xml_scraper - INFO - Erfolgreich heruntergeladen: westminster2019-01-14b.xml (152502 bytes)
2025-09-16 21:45:07,343 - scraper.xml_scraper - INFO - Erfolgreich heruntergeladen: westminster2019-01-15a.xml (321938 bytes)
2025-09-16 21:45:07,371 - scraper.xml_scraper - INFO - Erfolgreich heruntergeladen: westminster2019-01-16a.xml (34295 bytes)
2025-09-16 21:45:09,472 - scraper.xml_scraper - INFO - Erfolgreich heruntergeladen: westminster2019-01-17a.xml (21691 bytes)
2025-09-16 21:45:09,562 - scraper.xml_scraper - INFO - Erfolgreich heruntergeladen: westminster2019-01-16b.xml (306398 bytes)
2025-09-16 21:45:11,627 - scraper.xml_scraper - INFO - Erfolgreich heruntergeladen: westminster2019-01-17b.xml (148909 bytes)
2025-09-16 21:45:11,702 - scraper.xml_scraper - INFO - Erfolgreich heruntergeladen: westminster2019-01-21a.xml (197176 bytes)
2025-09-16 21:45:13,773 - scraper.xml_scraper - INFO - Erfolgreich heruntergeladen: westminster2019-01-23a.xml (29359 bytes)
2025-09-16 21:45:13,815 - scraper.xml_scraper - INFO - Erfolgreich heruntergeladen: westminster2019-01-22a.xml (315625 bytes)
2025-09-16 21:45:16,028 - scraper.xml_scraper - INFO - Erfolgreich heruntergeladen: westminster2019-01-23b.xml (287600 bytes)
2025-09-16 21:45:16,037 - scraper.xml_scraper - INFO - Erfolgreich heruntergeladen: westminster2019-01-24a.xml (174434 bytes)
2025-09-16 21:45:18,215 - scraper.xml_scraper - INFO - Erfolgreich heruntergeladen: westminster2019-01-29a.xml (23736 bytes)
2025-09-16 21:45:18,278 - scraper.xml_scraper - INFO - Erfolgreich heruntergeladen: westminster2019-01-28a.xml (112421 bytes)
2025-09-16 21:45:20,381 - scraper.xml_scraper - INFO - Erfolgreich heruntergeladen: westminster2019-01-29b.xml (289363 bytes)
2025-09-16 21:45:20,442 - scraper.xml_scraper - INFO - Erfolgreich heruntergeladen: westminster2019-01-30a.xml (308540 bytes)
2025-09-16 21:45:22,514 - scraper.xml_scraper - INFO - Erfolgreich heruntergeladen: westminster2019-02-04a.xml (114061 bytes)
2025-09-16 21:45:22,597 - scraper.xml_scraper - INFO - Erfolgreich heruntergeladen: westminster2019-02-05a.xml (327878 bytes)
2025-09-16 21:45:24,680 - scraper.xml_scraper - INFO - Erfolgreich heruntergeladen: westminster2019-02-06a.xml (298924 bytes)
2025-09-16 21:45:24,680 - scraper.xml_scraper - INFO - Erfolgreich heruntergeladen: westminster2019-02-07a.xml (15651 bytes)
2025-09-16 21:45:26,793 - scraper.xml_scraper - INFO - Erfolgreich heruntergeladen: westminster2019-02-11a.xml (57596 bytes)
2025-09-16 21:45:26,819 - scraper.xml_scraper - INFO - Erfolgreich heruntergeladen: westminster2019-02-07b.xml (188435 bytes)
2025-09-16 21:45:28,872 - scraper.xml_scraper - INFO - Erfolgreich heruntergeladen: westminster2019-02-12a.xml (31432 bytes)
2025-09-16 21:45:29,016 - scraper.xml_scraper - INFO - Erfolgreich heruntergeladen: westminster2019-02-12b.xml (299649 bytes)
2025-09-16 21:45:30,962 - scraper.xml_scraper - INFO - Erfolgreich heruntergeladen: westminster2019-02-13a.xml (27794 bytes)
2025-09-16 21:45:31,126 - scraper.xml_scraper - INFO - Erfolgreich heruntergeladen: westminster2019-02-13b.xml (280043 bytes)
2025-09-16 21:45:33,046 - scraper.xml_scraper - INFO - Erfolgreich heruntergeladen: westminster2019-02-14a.xml (25421 bytes)
2025-09-16 21:45:33,229 - scraper.xml_scraper - INFO - Erfolgreich heruntergeladen: westminster2019-02-14b.xml (200308 bytes)
2025-09-16 21:45:35,208 - scraper.xml_scraper - INFO - Erfolgreich heruntergeladen: westminster2019-02-19a.xml (302515 bytes)
2025-09-16 21:45:35,271 - scraper.xml_scraper - INFO - Erfolgreich heruntergeladen: westminster2019-02-20a.xml (189830 bytes)
2025-09-16 21:45:37,397 - scraper.xml_scraper - INFO - Erfolgreich heruntergeladen: westminster2019-02-21a.xml (151283 bytes)
2025-09-16 21:45:37,402 - scraper.xml_scraper - INFO - Erfolgreich heruntergeladen: westminster2019-02-20b.xml (288774 bytes)
2025-09-16 21:45:39,468 - scraper.xml_scraper - INFO - Erfolgreich heruntergeladen: westminster2019-02-25a.xml (33057 bytes)
2025-09-16 21:45:39,526 - scraper.xml_scraper - INFO - Erfolgreich heruntergeladen: westminster2019-02-25b.xml (180425 bytes)
2025-09-16 21:45:41,624 - scraper.xml_scraper - INFO - Erfolgreich heruntergeladen: westminster2019-02-26a.xml (273631 bytes)
2025-09-16 21:45:41,688 - scraper.xml_scraper - INFO - Erfolgreich heruntergeladen: westminster2019-02-27a.xml (318999 bytes)
2025-09-16 21:45:43,758 - scraper.xml_scraper - INFO - Erfolgreich heruntergeladen: westminster2019-02-28a.xml (179653 bytes)
2025-09-16 21:45:43,762 - scraper.xml_scraper - INFO - Erfolgreich heruntergeladen: westminster2019-03-04a.xml (35852 bytes)
2025-09-16 21:45:45,843 - scraper.xml_scraper - INFO - Erfolgreich heruntergeladen: westminster2019-03-05a.xml (37310 bytes)
2025-09-16 21:45:45,885 - scraper.xml_scraper - INFO - Erfolgreich heruntergeladen: westminster2019-03-04b.xml (201270 bytes)
2025-09-16 21:45:47,936 - scraper.xml_scraper - INFO - Erfolgreich heruntergeladen: westminster2019-03-05b.xml (33481 bytes)
2025-09-16 21:45:48,043 - scraper.xml_scraper - INFO - Erfolgreich heruntergeladen: westminster2019-03-05c.xml (298983 bytes)
2025-09-16 21:45:50,129 - scraper.xml_scraper - INFO - Erfolgreich heruntergeladen: westminster2019-03-06a.xml (25751 bytes)
2025-09-16 21:45:50,158 - scraper.xml_scraper - INFO - Erfolgreich heruntergeladen: westminster2019-03-06b.xml (26098 bytes)
2025-09-16 21:45:52,263 - scraper.xml_scraper - INFO - Erfolgreich heruntergeladen: westminster2019-03-07a.xml (39902 bytes)
2025-09-16 21:45:52,341 - scraper.xml_scraper - INFO - Erfolgreich heruntergeladen: westminster2019-03-06c.xml (290096 bytes)
2025-09-16 21:45:54,411 - scraper.xml_scraper - INFO - Erfolgreich heruntergeladen: westminster2019-03-07b.xml (160353 bytes)
2025-09-16 21:45:54,471 - scraper.xml_scraper - INFO - Erfolgreich heruntergeladen: westminster2019-03-11a.xml (116814 bytes)
2025-09-16 21:45:56,484 - scraper.xml_scraper - INFO - Erfolgreich heruntergeladen: westminster2019-03-12a.xml (24153 bytes)
2025-09-16 21:45:56,727 - scraper.xml_scraper - INFO - Erfolgreich heruntergeladen: westminster2019-03-12b.xml (309573 bytes)
2025-09-16 21:45:58,702 - scraper.xml_scraper - INFO - Erfolgreich heruntergeladen: westminster2019-03-13a.xml (41383 bytes)
2025-09-16 21:45:59,029 - scraper.xml_scraper - INFO - Erfolgreich heruntergeladen: westminster2019-03-13b.xml (323563 bytes)
2025-09-16 21:46:00,952 - scraper.xml_scraper - INFO - Erfolgreich heruntergeladen: westminster2019-03-14a.xml (164498 bytes)
2025-09-16 21:46:01,077 - scraper.xml_scraper - INFO - Erfolgreich heruntergeladen: westminster2019-03-18a.xml (14086 bytes)
2025-09-16 21:46:03,107 - scraper.xml_scraper - INFO - Erfolgreich heruntergeladen: westminster2019-03-18b.xml (70215 bytes)
2025-09-16 21:46:03,320 - scraper.xml_scraper - INFO - Erfolgreich heruntergeladen: westminster2019-03-19a.xml (286636 bytes)
2025-09-16 21:46:05,258 - scraper.xml_scraper - INFO - Erfolgreich heruntergeladen: westminster2019-03-20a.xml (329835 bytes)
2025-09-16 21:46:05,416 - scraper.xml_scraper - INFO - Erfolgreich heruntergeladen: westminster2019-03-21a.xml (120477 bytes)
2025-09-16 21:46:07,394 - scraper.xml_scraper - INFO - Erfolgreich heruntergeladen: westminster2019-03-25a.xml (135733 bytes)
2025-09-16 21:46:07,502 - scraper.xml_scraper - INFO - Erfolgreich heruntergeladen: westminster2019-03-25b.xml (164292 bytes)
2025-09-16 21:46:09,576 - scraper.xml_scraper - INFO - Erfolgreich heruntergeladen: westminster2019-03-27a.xml (27717 bytes)
2025-09-16 21:46:09,577 - scraper.xml_scraper - INFO - Erfolgreich heruntergeladen: westminster2019-03-26a.xml (285065 bytes)
2025-09-16 21:46:11,780 - scraper.xml_scraper - INFO - Erfolgreich heruntergeladen: westminster2019-03-28a.xml (144275 bytes)
2025-09-16 21:46:11,800 - scraper.xml_scraper - INFO - Erfolgreich heruntergeladen: westminster2019-03-27b.xml (318368 bytes)
2025-09-16 21:46:14,037 - scraper.xml_scraper - INFO - Erfolgreich heruntergeladen: westminster2019-04-01a.xml (196762 bytes)
2025-09-16 21:46:14,060 - scraper.xml_scraper - INFO - Erfolgreich heruntergeladen: westminster2019-04-02a.xml (321311 bytes)
2025-09-16 21:46:16,242 - scraper.xml_scraper - INFO - Erfolgreich heruntergeladen: westminster2019-04-04a.xml (140852 bytes)
2025-09-16 21:46:16,271 - scraper.xml_scraper - INFO - Erfolgreich heruntergeladen: westminster2019-04-03a.xml (314967 bytes)
2025-09-16 21:46:18,440 - scraper.xml_scraper - INFO - Erfolgreich heruntergeladen: westminster2019-04-10a.xml (305987 bytes)
2025-09-16 21:46:18,440 - scraper.xml_scraper - INFO - Erfolgreich heruntergeladen: westminster2019-04-09a.xml (342514 bytes)
2025-09-16 21:46:20,567 - scraper.xml_scraper - INFO - Erfolgreich heruntergeladen: westminster2019-04-11a.xml (139702 bytes)
2025-09-16 21:46:20,603 - scraper.xml_scraper - INFO - Erfolgreich heruntergeladen: westminster2019-04-23a.xml (315639 bytes)
2025-09-16 21:46:22,642 - scraper.xml_scraper - INFO - Erfolgreich heruntergeladen: westminster2019-04-24a.xml (20035 bytes)
2025-09-16 21:46:22,675 - scraper.xml_scraper - INFO - Erfolgreich heruntergeladen: westminster2019-04-24b.xml (20132 bytes)
2025-09-16 21:46:24,797 - scraper.xml_scraper - INFO - Erfolgreich heruntergeladen: westminster2019-04-24c.xml (262477 bytes)
2025-09-16 21:46:24,801 - scraper.xml_scraper - INFO - Erfolgreich heruntergeladen: westminster2019-04-25a.xml (147501 bytes)
2025-09-16 21:46:26,880 - scraper.xml_scraper - INFO - Erfolgreich heruntergeladen: westminster2019-04-30a.xml (28619 bytes)
2025-09-16 21:46:26,897 - scraper.xml_scraper - INFO - Erfolgreich heruntergeladen: westminster2019-04-29a.xml (88966 bytes)
2025-09-16 21:46:29,040 - scraper.xml_scraper - INFO - Erfolgreich heruntergeladen: westminster2019-04-30b.xml (297143 bytes)
2025-09-16 21:46:29,063 - scraper.xml_scraper - INFO - Erfolgreich heruntergeladen: westminster2019-05-01a.xml (278749 bytes)
2025-09-16 21:46:31,137 - scraper.xml_scraper - INFO - Erfolgreich heruntergeladen: westminster2019-05-07a.xml (26474 bytes)
2025-09-16 21:46:31,166 - scraper.xml_scraper - INFO - Erfolgreich heruntergeladen: westminster2019-05-02a.xml (133820 bytes)
2025-09-16 21:46:33,311 - scraper.xml_scraper - INFO - Erfolgreich heruntergeladen: westminster2019-05-07b.xml (272459 bytes)
2025-09-16 21:46:33,317 - scraper.xml_scraper - INFO - Erfolgreich heruntergeladen: westminster2019-05-08a.xml (291883 bytes)
2025-09-16 21:46:35,479 - scraper.xml_scraper - INFO - Erfolgreich heruntergeladen: westminster2019-05-09a.xml (51764 bytes)
2025-09-16 21:46:35,487 - scraper.xml_scraper - INFO - Erfolgreich heruntergeladen: westminster2019-05-13a.xml (84986 bytes)
2025-09-16 21:46:37,554 - scraper.xml_scraper - INFO - Erfolgreich heruntergeladen: westminster2019-05-14a.xml (28419 bytes)
2025-09-16 21:46:37,716 - scraper.xml_scraper - INFO - Erfolgreich heruntergeladen: westminster2019-05-14b.xml (314411 bytes)
2025-09-16 21:46:39,657 - scraper.xml_scraper - INFO - Erfolgreich heruntergeladen: westminster2019-05-15a.xml (18527 bytes)
2025-09-16 21:46:39,901 - scraper.xml_scraper - INFO - Erfolgreich heruntergeladen: westminster2019-05-15b.xml (270250 bytes)
2025-09-16 21:46:41,886 - scraper.xml_scraper - INFO - Erfolgreich heruntergeladen: westminster2019-05-16a.xml (104181 bytes)
2025-09-16 21:46:41,995 - scraper.xml_scraper - INFO - Erfolgreich heruntergeladen: westminster2019-05-20a.xml (181141 bytes)
2025-09-16 21:46:44,038 - scraper.xml_scraper - INFO - Erfolgreich heruntergeladen: westminster2019-05-21a.xml (28339 bytes)
2025-09-16 21:46:44,155 - scraper.xml_scraper - INFO - Erfolgreich heruntergeladen: westminster2019-05-21b.xml (319826 bytes)
2025-09-16 21:46:46,243 - scraper.xml_scraper - INFO - Erfolgreich heruntergeladen: westminster2019-05-22a.xml (318191 bytes)
2025-09-16 21:46:46,288 - scraper.xml_scraper - INFO - Erfolgreich heruntergeladen: westminster2019-05-23a.xml (66911 bytes)
2025-09-16 21:46:48,319 - scraper.xml_scraper - INFO - Erfolgreich heruntergeladen: westminster2019-06-04a.xml (27416 bytes)
2025-09-16 21:46:48,523 - scraper.xml_scraper - INFO - Erfolgreich heruntergeladen: westminster2019-06-04b.xml (284339 bytes)
2025-09-16 21:46:50,395 - scraper.xml_scraper - INFO - Erfolgreich heruntergeladen: westminster2019-06-05a.xml (31205 bytes)
2025-09-16 21:46:50,716 - scraper.xml_scraper - INFO - Erfolgreich heruntergeladen: westminster2019-06-05b.xml (314967 bytes)
2025-09-16 21:46:52,522 - scraper.xml_scraper - INFO - Erfolgreich heruntergeladen: westminster2019-06-06a.xml (135058 bytes)
2025-09-16 21:46:52,788 - scraper.xml_scraper - INFO - Erfolgreich heruntergeladen: westminster2019-06-10a.xml (154731 bytes)
2025-09-16 21:46:54,680 - scraper.xml_scraper - INFO - Erfolgreich heruntergeladen: westminster2019-06-11a.xml (287632 bytes)
2025-09-16 21:46:54,874 - scraper.xml_scraper - INFO - Erfolgreich heruntergeladen: westminster2019-06-12a.xml (295841 bytes)
2025-09-16 21:46:56,898 - scraper.xml_scraper - INFO - Erfolgreich heruntergeladen: westminster2019-06-13a.xml (149572 bytes)
2025-09-16 21:46:57,001 - scraper.xml_scraper - INFO - Erfolgreich heruntergeladen: westminster2019-06-17a.xml (99377 bytes)
2025-09-16 21:46:59,043 - scraper.xml_scraper - INFO - Erfolgreich heruntergeladen: westminster2019-06-18a.xml (30114 bytes)
2025-09-16 21:46:59,216 - scraper.xml_scraper - INFO - Erfolgreich heruntergeladen: westminster2019-06-18b.xml (264918 bytes)
2025-09-16 21:47:01,137 - scraper.xml_scraper - INFO - Erfolgreich heruntergeladen: westminster2019-06-19a.xml (27390 bytes)
2025-09-16 21:47:01,345 - scraper.xml_scraper - INFO - Erfolgreich heruntergeladen: westminster2019-06-19b.xml (286551 bytes)
2025-09-16 21:47:03,305 - scraper.xml_scraper - INFO - Erfolgreich heruntergeladen: westminster2019-06-20a.xml (118774 bytes)
2025-09-16 21:47:03,400 - scraper.xml_scraper - INFO - Erfolgreich heruntergeladen: westminster2019-06-24a.xml (59184 bytes)
2025-09-16 21:47:05,436 - scraper.xml_scraper - INFO - Erfolgreich heruntergeladen: westminster2019-06-24b.xml (95370 bytes)
2025-09-16 21:47:05,497 - scraper.xml_scraper - INFO - Erfolgreich heruntergeladen: westminster2019-06-25a.xml (26246 bytes)
2025-09-16 21:47:07,607 - scraper.xml_scraper - INFO - Erfolgreich heruntergeladen: westminster2019-06-25b.xml (281623 bytes)
2025-09-16 21:47:07,655 - scraper.xml_scraper - INFO - Erfolgreich heruntergeladen: westminster2019-06-26a.xml (292074 bytes)
2025-09-16 21:47:09,746 - scraper.xml_scraper - INFO - Erfolgreich heruntergeladen: westminster2019-06-27a.xml (120246 bytes)
2025-09-16 21:47:09,757 - scraper.xml_scraper - INFO - Erfolgreich heruntergeladen: westminster2019-07-01a.xml (94150 bytes)
2025-09-16 21:47:11,951 - scraper.xml_scraper - INFO - Erfolgreich heruntergeladen: westminster2019-07-02a.xml (292841 bytes)
2025-09-16 21:47:11,956 - scraper.xml_scraper - INFO - Erfolgreich heruntergeladen: westminster2019-07-03a.xml (298544 bytes)
2025-09-16 21:47:14,091 - scraper.xml_scraper - INFO - Erfolgreich heruntergeladen: westminster2019-07-08a.xml (122309 bytes)
2025-09-16 21:47:14,091 - scraper.xml_scraper - INFO - Erfolgreich heruntergeladen: westminster2019-07-04a.xml (171502 bytes)
2025-09-16 21:47:16,258 - scraper.xml_scraper - INFO - Erfolgreich heruntergeladen: westminster2019-07-09a.xml (320706 bytes)
2025-09-16 21:47:16,258 - scraper.xml_scraper - INFO - Erfolgreich heruntergeladen: westminster2019-07-10a.xml (325029 bytes)
2025-09-16 21:47:18,329 - scraper.xml_scraper - INFO - Erfolgreich heruntergeladen: westminster2019-07-11a.xml (10948 bytes)
2025-09-16 21:47:18,378 - scraper.xml_scraper - INFO - Erfolgreich heruntergeladen: westminster2019-07-11b.xml (88922 bytes)
2025-09-16 21:47:20,478 - scraper.xml_scraper - INFO - Erfolgreich heruntergeladen: westminster2019-07-15a.xml (160211 bytes)
2025-09-16 21:47:20,542 - scraper.xml_scraper - INFO - Erfolgreich heruntergeladen: westminster2019-07-16a.xml (330585 bytes)
2025-09-16 21:47:22,639 - scraper.xml_scraper - INFO - Erfolgreich heruntergeladen: westminster2019-07-17a.xml (305843 bytes)
2025-09-16 21:47:22,674 - scraper.xml_scraper - INFO - Erfolgreich heruntergeladen: westminster2019-07-18a.xml (131085 bytes)
2025-09-16 21:47:24,739 - scraper.xml_scraper - INFO - Erfolgreich heruntergeladen: westminster2019-07-22a.xml (72325 bytes)
2025-09-16 21:47:24,749 - scraper.xml_scraper - INFO - Erfolgreich heruntergeladen: westminster2019-07-23a.xml (29233 bytes)
2025-09-16 21:47:26,830 - scraper.xml_scraper - INFO - Erfolgreich heruntergeladen: westminster2019-07-24a.xml (29017 bytes)
2025-09-16 21:47:27,004 - scraper.xml_scraper - INFO - Erfolgreich heruntergeladen: westminster2019-07-23b.xml (312530 bytes)
2025-09-16 21:47:29,098 - scraper.xml_scraper - INFO - Erfolgreich heruntergeladen: westminster2019-07-24b.xml (313265 bytes)
2025-09-16 21:47:29,182 - scraper.xml_scraper - INFO - Erfolgreich heruntergeladen: westminster2019-07-25a.xml (165951 bytes)
2025-09-16 21:47:31,311 - scraper.xml_scraper - INFO - Erfolgreich heruntergeladen: westminster2019-09-03a.xml (283880 bytes)
2025-09-16 21:47:31,355 - scraper.xml_scraper - INFO - Erfolgreich heruntergeladen: westminster2019-09-04a.xml (275229 bytes)
2025-09-16 21:47:33,443 - scraper.xml_scraper - INFO - Erfolgreich heruntergeladen: westminster2019-09-05a.xml (145456 bytes)
2025-09-16 21:47:33,593 - scraper.xml_scraper - INFO - Erfolgreich heruntergeladen: westminster2019-09-09a.xml (125462 bytes)
2025-09-16 21:47:35,601 - scraper.xml_scraper - INFO - Erfolgreich heruntergeladen: westminster2019-10-01a.xml (294626 bytes)
2025-09-16 21:47:35,766 - scraper.xml_scraper - INFO - Erfolgreich heruntergeladen: westminster2019-10-02a.xml (306284 bytes)
2025-09-16 21:47:37,849 - scraper.xml_scraper - INFO - Erfolgreich heruntergeladen: westminster2019-10-03a.xml (144063 bytes)
2025-09-16 21:47:37,902 - scraper.xml_scraper - INFO - Erfolgreich heruntergeladen: westminster2019-10-07a.xml (146017 bytes)
2025-09-16 21:47:39,986 - scraper.xml_scraper - INFO - Erfolgreich heruntergeladen: westminster2019-10-23a.xml (24249 bytes)
2025-09-16 21:47:40,025 - scraper.xml_scraper - INFO - Erfolgreich heruntergeladen: westminster2019-10-08a.xml (296288 bytes)
2025-09-16 21:47:42,107 - scraper.xml_scraper - INFO - Erfolgreich heruntergeladen: westminster2019-10-24a.xml (18497 bytes)
2025-09-16 21:47:42,151 - scraper.xml_scraper - INFO - Erfolgreich heruntergeladen: westminster2019-10-23b.xml (297552 bytes)
2025-09-16 21:47:44,299 - scraper.xml_scraper - INFO - Erfolgreich heruntergeladen: westminster2019-10-24b.xml (189912 bytes)
2025-09-16 21:47:44,300 - scraper.xml_scraper - INFO - Erfolgreich heruntergeladen: westminster2019-10-28a.xml (129108 bytes)
2025-09-16 21:47:46,461 - scraper.xml_scraper - INFO - Erfolgreich heruntergeladen: westminster2019-10-30a.xml (288514 bytes)
2025-09-16 21:47:46,461 - scraper.xml_scraper - INFO - Erfolgreich heruntergeladen: westminster2019-10-29a.xml (313396 bytes)
2025-09-16 21:47:48,602 - scraper.xml_scraper - INFO - Erfolgreich heruntergeladen: westminster2019-11-05a.xml (207787 bytes)
2025-09-16 21:47:48,605 - scraper.xml_scraper - INFO - Erfolgreich heruntergeladen: westminster2019-10-31a.xml (135501 bytes)
2025-09-16 21:47:50,706 - scraper.xml_scraper - INFO - Erfolgreich heruntergeladen: westminster2020-01-22a.xml (43019 bytes)
2025-09-16 21:47:50,788 - scraper.xml_scraper - INFO - Erfolgreich heruntergeladen: westminster2020-01-21a.xml (299081 bytes)
2025-09-16 21:47:52,873 - scraper.xml_scraper - INFO - Erfolgreich heruntergeladen: westminster2020-01-22b.xml (293817 bytes)
2025-09-16 21:47:52,995 - scraper.xml_scraper - INFO - Erfolgreich heruntergeladen: westminster2020-01-23a.xml (186462 bytes)
2025-09-16 21:47:55,116 - scraper.xml_scraper - INFO - Erfolgreich heruntergeladen: westminster2020-01-28a.xml (268152 bytes)
2025-09-16 21:47:55,183 - scraper.xml_scraper - INFO - Erfolgreich heruntergeladen: westminster2020-01-29a.xml (51098 bytes)
2025-09-16 21:47:57,348 - scraper.xml_scraper - INFO - Erfolgreich heruntergeladen: westminster2020-01-29c.xml (301149 bytes)
2025-09-16 21:47:57,515 - scraper.xml_scraper - INFO - Erfolgreich heruntergeladen: westminster2020-01-29b.xml (149488 bytes)
2025-09-16 21:47:59,486 - scraper.xml_scraper - INFO - Erfolgreich heruntergeladen: westminster2020-01-30a.xml (138392 bytes)
2025-09-16 21:47:59,589 - scraper.xml_scraper - INFO - Erfolgreich heruntergeladen: westminster2020-02-04a.xml (35075 bytes)
2025-09-16 21:48:01,567 - scraper.xml_scraper - INFO - Erfolgreich heruntergeladen: westminster2020-02-04b.xml (23092 bytes)
2025-09-16 21:48:01,730 - scraper.xml_scraper - INFO - Erfolgreich heruntergeladen: westminster2020-02-04c.xml (308110 bytes)
2025-09-16 21:48:03,646 - scraper.xml_scraper - INFO - Erfolgreich heruntergeladen: westminster2020-02-05a.xml (27537 bytes)
2025-09-16 21:48:03,859 - scraper.xml_scraper - INFO - Erfolgreich heruntergeladen: westminster2020-02-05b.xml (295879 bytes)
2025-09-16 21:48:05,780 - scraper.xml_scraper - INFO - Erfolgreich heruntergeladen: westminster2020-02-06a.xml (148124 bytes)
2025-09-16 21:48:05,904 - scraper.xml_scraper - INFO - Erfolgreich heruntergeladen: westminster2020-02-11a.xml (74031 bytes)
2025-09-16 21:48:07,945 - scraper.xml_scraper - INFO - Erfolgreich heruntergeladen: westminster2020-02-11b.xml (319828 bytes)
2025-09-16 21:48:08,033 - scraper.xml_scraper - INFO - Erfolgreich heruntergeladen: westminster2020-02-12a.xml (145698 bytes)
2025-09-16 21:48:10,129 - scraper.xml_scraper - INFO - Erfolgreich heruntergeladen: westminster2020-02-12b.xml (334130 bytes)
2025-09-16 21:48:10,159 - scraper.xml_scraper - INFO - Erfolgreich heruntergeladen: westminster2020-02-13a.xml (113772 bytes)
2025-09-16 21:48:12,215 - scraper.xml_scraper - INFO - Erfolgreich heruntergeladen: westminster2020-02-25a.xml (27772 bytes)
2025-09-16 21:48:12,417 - scraper.xml_scraper - INFO - Erfolgreich heruntergeladen: westminster2020-02-25b.xml (313614 bytes)
2025-09-16 21:48:14,328 - scraper.xml_scraper - INFO - Erfolgreich heruntergeladen: westminster2020-02-26a.xml (51934 bytes)
2025-09-16 21:48:14,688 - scraper.xml_scraper - INFO - Erfolgreich heruntergeladen: westminster2020-02-26b.xml (297999 bytes)
2025-09-16 21:48:16,454 - scraper.xml_scraper - INFO - Erfolgreich heruntergeladen: westminster2020-02-27a.xml (109535 bytes)
2025-09-16 21:48:16,891 - scraper.xml_scraper - INFO - Erfolgreich heruntergeladen: westminster2020-03-03a.xml (296395 bytes)
2025-09-16 21:48:18,537 - scraper.xml_scraper - INFO - Erfolgreich heruntergeladen: westminster2020-03-04a.xml (30596 bytes)
2025-09-16 21:48:19,058 - scraper.xml_scraper - INFO - Erfolgreich heruntergeladen: westminster2020-03-04b.xml (318928 bytes)
2025-09-16 21:48:20,627 - scraper.xml_scraper - INFO - Erfolgreich heruntergeladen: westminster2020-03-05a.xml (28786 bytes)
2025-09-16 21:48:21,303 - scraper.xml_scraper - INFO - Erfolgreich heruntergeladen: westminster2020-03-05b.xml (138894 bytes)
2025-09-16 21:48:22,763 - scraper.xml_scraper - INFO - Erfolgreich heruntergeladen: westminster2020-03-05c.xml (180723 bytes)
2025-09-16 21:48:23,483 - scraper.xml_scraper - INFO - Erfolgreich heruntergeladen: westminster2020-03-09a.xml (75990 bytes)
2025-09-16 21:48:24,835 - scraper.xml_scraper - INFO - Erfolgreich heruntergeladen: westminster2020-03-10a.xml (32774 bytes)
2025-09-16 21:48:25,645 - scraper.xml_scraper - INFO - Erfolgreich heruntergeladen: westminster2020-03-10b.xml (299398 bytes)
2025-09-16 21:48:26,922 - scraper.xml_scraper - INFO - Erfolgreich heruntergeladen: westminster2020-03-11a.xml (31165 bytes)
2025-09-16 21:48:27,856 - scraper.xml_scraper - INFO - Erfolgreich heruntergeladen: westminster2020-03-11b.xml (293369 bytes)
2025-09-16 21:48:29,052 - scraper.xml_scraper - INFO - Erfolgreich heruntergeladen: westminster2020-03-12a.xml (141280 bytes)
2025-09-16 21:48:29,989 - scraper.xml_scraper - INFO - Erfolgreich heruntergeladen: westminster2020-03-16a.xml (153847 bytes)
2025-09-16 21:48:31,101 - scraper.xml_scraper - INFO - Erfolgreich heruntergeladen: westminster2020-03-17a.xml (13065 bytes)
2025-09-16 21:48:32,152 - scraper.xml_scraper - INFO - Erfolgreich heruntergeladen: westminster2020-03-17b.xml (214331 bytes)
2025-09-16 21:48:33,267 - scraper.xml_scraper - INFO - Erfolgreich heruntergeladen: westminster2020-03-18a.xml (283182 bytes)
2025-09-16 21:48:34,255 - scraper.xml_scraper - INFO - Erfolgreich heruntergeladen: westminster2020-10-05a.xml (183027 bytes)
2025-09-16 21:48:35,355 - scraper.xml_scraper - INFO - Erfolgreich heruntergeladen: westminster2020-10-06a.xml (16361 bytes)
2025-09-16 21:48:36,512 - scraper.xml_scraper - INFO - Erfolgreich heruntergeladen: westminster2020-10-06b.xml (246342 bytes)
2025-09-16 21:48:37,580 - scraper.xml_scraper - INFO - Erfolgreich heruntergeladen: westminster2020-10-07a.xml (316739 bytes)
2025-09-16 21:48:38,734 - scraper.xml_scraper - INFO - Erfolgreich heruntergeladen: westminster2020-10-08a.xml (147447 bytes)
2025-09-16 21:48:39,798 - scraper.xml_scraper - INFO - Erfolgreich heruntergeladen: westminster2020-10-12a.xml (185479 bytes)
2025-09-16 21:48:40,919 - scraper.xml_scraper - INFO - Erfolgreich heruntergeladen: westminster2020-10-13a.xml (289862 bytes)
2025-09-16 21:48:42,499 - scraper.xml_scraper - INFO - Erfolgreich heruntergeladen: westminster2020-10-14a.xml (311979 bytes)
2025-09-16 21:48:43,028 - scraper.xml_scraper - INFO - Erfolgreich heruntergeladen: westminster2020-10-15a.xml (11777 bytes)
2025-09-16 21:48:44,618 - scraper.xml_scraper - INFO - Erfolgreich heruntergeladen: westminster2020-10-15b.xml (147160 bytes)
2025-09-16 21:48:45,159 - scraper.xml_scraper - INFO - Erfolgreich heruntergeladen: westminster2020-10-19a.xml (17142 bytes)
2025-09-16 21:48:46,760 - scraper.xml_scraper - INFO - Erfolgreich heruntergeladen: westminster2020-10-19b.xml (177613 bytes)
2025-09-16 21:48:47,277 - scraper.xml_scraper - INFO - Erfolgreich heruntergeladen: westminster2020-10-20a.xml (295887 bytes)
2025-09-16 21:48:48,843 - scraper.xml_scraper - INFO - Erfolgreich heruntergeladen: westminster2020-10-21a.xml (21524 bytes)
2025-09-16 21:48:49,486 - scraper.xml_scraper - INFO - Erfolgreich heruntergeladen: westminster2020-10-21b.xml (317397 bytes)
2025-09-16 21:48:50,972 - scraper.xml_scraper - INFO - Erfolgreich heruntergeladen: westminster2020-10-22a.xml (180640 bytes)
2025-09-16 21:48:51,539 - scraper.xml_scraper - INFO - Erfolgreich heruntergeladen: westminster2020-11-02a.xml (24379 bytes)
2025-09-16 21:48:53,104 - scraper.xml_scraper - INFO - Erfolgreich heruntergeladen: westminster2020-11-02b.xml (147170 bytes)
2025-09-16 21:48:53,592 - scraper.xml_scraper - INFO - Erfolgreich heruntergeladen: westminster2020-11-03a.xml (35963 bytes)
2025-09-16 21:48:55,288 - scraper.xml_scraper - INFO - Erfolgreich heruntergeladen: westminster2020-11-03b.xml (283250 bytes)
2025-09-16 21:48:55,704 - scraper.xml_scraper - INFO - Erfolgreich heruntergeladen: westminster2020-11-04a.xml (306707 bytes)
2025-09-16 21:48:57,504 - scraper.xml_scraper - INFO - Erfolgreich heruntergeladen: westminster2020-11-05a.xml (168102 bytes)
2025-09-16 21:48:57,791 - scraper.xml_scraper - INFO - Erfolgreich heruntergeladen: westminster2020-11-09a.xml (200644 bytes)
2025-09-16 21:48:59,633 - scraper.xml_scraper - INFO - Erfolgreich heruntergeladen: westminster2020-11-10a.xml (13527 bytes)
2025-09-16 21:48:59,931 - scraper.xml_scraper - INFO - Erfolgreich heruntergeladen: westminster2020-11-10b.xml (300476 bytes)
2025-09-16 21:49:01,760 - scraper.xml_scraper - INFO - Erfolgreich heruntergeladen: westminster2020-11-11a.xml (33224 bytes)
2025-09-16 21:49:02,204 - scraper.xml_scraper - INFO - Erfolgreich heruntergeladen: westminster2020-11-11b.xml (22805 bytes)
2025-09-16 21:49:03,843 - scraper.xml_scraper - INFO - Erfolgreich heruntergeladen: westminster2020-11-11c.xml (22796 bytes)
2025-09-16 21:49:04,438 - scraper.xml_scraper - INFO - Erfolgreich heruntergeladen: westminster2020-11-11d.xml (296930 bytes)
2025-09-16 21:49:05,990 - scraper.xml_scraper - INFO - Erfolgreich heruntergeladen: westminster2020-11-12a.xml (183481 bytes)
2025-09-16 21:49:06,538 - scraper.xml_scraper - INFO - Erfolgreich heruntergeladen: westminster2020-11-16a.xml (178188 bytes)
2025-09-16 21:49:08,077 - scraper.xml_scraper - INFO - Erfolgreich heruntergeladen: westminster2020-11-17a.xml (22303 bytes)
2025-09-16 21:49:08,617 - scraper.xml_scraper - INFO - Erfolgreich heruntergeladen: westminster2020-11-17b.xml (21703 bytes)
2025-09-16 21:49:10,246 - scraper.xml_scraper - INFO - Erfolgreich heruntergeladen: westminster2020-11-17c.xml (293230 bytes)
2025-09-16 21:49:10,731 - scraper.xml_scraper - INFO - Erfolgreich heruntergeladen: westminster2020-11-18a.xml (337868 bytes)
2025-09-16 21:49:12,373 - scraper.xml_scraper - INFO - Erfolgreich heruntergeladen: westminster2020-11-19a.xml (13928 bytes)
2025-09-16 21:49:12,907 - scraper.xml_scraper - INFO - Erfolgreich heruntergeladen: westminster2020-11-19b.xml (160357 bytes)
2025-09-16 21:49:14,452 - scraper.xml_scraper - INFO - Erfolgreich heruntergeladen: westminster2020-11-23a.xml (15158 bytes)
2025-09-16 21:49:15,043 - scraper.xml_scraper - INFO - Erfolgreich heruntergeladen: westminster2020-11-23b.xml (168423 bytes)
2025-09-16 21:49:16,616 - scraper.xml_scraper - INFO - Erfolgreich heruntergeladen: westminster2020-11-24a.xml (280707 bytes)
2025-09-16 21:49:17,106 - scraper.xml_scraper - INFO - Erfolgreich heruntergeladen: westminster2020-11-25a.xml (32818 bytes)
2025-09-16 21:49:18,769 - scraper.xml_scraper - INFO - Erfolgreich heruntergeladen: westminster2020-11-25b.xml (327546 bytes)
2025-09-16 21:49:19,169 - scraper.xml_scraper - INFO - Erfolgreich heruntergeladen: westminster2020-11-26a.xml (162963 bytes)
2025-09-16 21:49:20,843 - scraper.xml_scraper - INFO - Erfolgreich heruntergeladen: westminster2020-11-30a.xml (15974 bytes)
2025-09-16 21:49:21,302 - scraper.xml_scraper - INFO - Erfolgreich heruntergeladen: westminster2020-11-30b.xml (179277 bytes)
2025-09-16 21:49:22,918 - scraper.xml_scraper - INFO - Erfolgreich heruntergeladen: westminster2020-12-01a.xml (18702 bytes)
2025-09-16 21:49:23,525 - scraper.xml_scraper - INFO - Erfolgreich heruntergeladen: westminster2020-12-01b.xml (302263 bytes)
2025-09-16 21:49:25,080 - scraper.xml_scraper - INFO - Erfolgreich heruntergeladen: westminster2020-12-02a.xml (291154 bytes)
2025-09-16 21:49:25,572 - scraper.xml_scraper - INFO - Erfolgreich heruntergeladen: westminster2020-12-03a.xml (19641 bytes)
2025-09-16 21:49:27,304 - scraper.xml_scraper - INFO - Erfolgreich heruntergeladen: westminster2020-12-03b.xml (187075 bytes)
2025-09-16 21:49:27,618 - scraper.xml_scraper - INFO - Erfolgreich heruntergeladen: westminster2020-12-07a.xml (11845 bytes)
2025-09-16 21:49:29,596 - scraper.xml_scraper - INFO - Erfolgreich heruntergeladen: westminster2020-12-07b.xml (182060 bytes)
2025-09-16 21:49:29,678 - scraper.xml_scraper - INFO - Erfolgreich heruntergeladen: westminster2020-12-08a.xml (27754 bytes)
2025-09-16 21:49:31,851 - scraper.xml_scraper - INFO - Erfolgreich heruntergeladen: westminster2020-12-08b.xml (309271 bytes)
2025-09-16 21:49:32,018 - scraper.xml_scraper - INFO - Erfolgreich heruntergeladen: westminster2020-12-09a.xml (316157 bytes)
2025-09-16 21:49:33,928 - scraper.xml_scraper - INFO - Erfolgreich heruntergeladen: westminster2020-12-10a.xml (15325 bytes)
2025-09-16 21:49:34,200 - scraper.xml_scraper - INFO - Erfolgreich heruntergeladen: westminster2020-12-10b.xml (169962 bytes)
2025-09-16 21:49:36,081 - scraper.xml_scraper - INFO - Erfolgreich heruntergeladen: westminster2020-12-14a.xml (159065 bytes)
2025-09-16 21:49:36,284 - scraper.xml_scraper - INFO - Erfolgreich heruntergeladen: westminster2020-12-15a.xml (305208 bytes)
2025-09-16 21:49:38,167 - scraper.xml_scraper - INFO - Erfolgreich heruntergeladen: westminster2020-12-16a.xml (29414 bytes)
2025-09-16 21:49:38,396 - scraper.xml_scraper - INFO - Erfolgreich heruntergeladen: westminster2020-12-16b.xml (297630 bytes)
2025-09-16 21:49:40,296 - scraper.xml_scraper - INFO - Erfolgreich heruntergeladen: westminster2020-12-17a.xml (191250 bytes)
2025-09-16 21:49:40,470 - scraper.xml_scraper - INFO - Erfolgreich heruntergeladen: westminster2021-01-11a.xml (196048 bytes)
2025-09-16 21:49:42,368 - scraper.xml_scraper - INFO - Erfolgreich heruntergeladen: westminster2021-01-12a.xml (20868 bytes)
2025-09-16 21:49:42,612 - scraper.xml_scraper - INFO - Erfolgreich heruntergeladen: westminster2021-01-12b.xml (294693 bytes)
2025-09-16 21:49:44,597 - scraper.xml_scraper - INFO - Erfolgreich heruntergeladen: westminster2021-01-13a.xml (264273 bytes)
2025-09-16 21:49:44,662 - scraper.xml_scraper - INFO - Erfolgreich heruntergeladen: westminster2021-03-08a.xml (14214 bytes)
2025-09-16 21:49:46,759 - scraper.xml_scraper - INFO - Erfolgreich heruntergeladen: westminster2021-03-08b.xml (23725 bytes)
2025-09-16 21:49:46,816 - scraper.xml_scraper - INFO - Erfolgreich heruntergeladen: westminster2021-03-08c.xml (190640 bytes)
2025-09-16 21:49:48,936 - scraper.xml_scraper - INFO - Erfolgreich heruntergeladen: westminster2021-03-09a.xml (251206 bytes)
2025-09-16 21:49:48,967 - scraper.xml_scraper - INFO - Erfolgreich heruntergeladen: westminster2021-03-10a.xml (296500 bytes)
2025-09-16 21:49:51,015 - scraper.xml_scraper - INFO - Erfolgreich heruntergeladen: westminster2021-03-15a.xml (12316 bytes)
2025-09-16 21:49:51,075 - scraper.xml_scraper - INFO - Erfolgreich heruntergeladen: westminster2021-03-11a.xml (168369 bytes)
2025-09-16 21:49:53,155 - scraper.xml_scraper - INFO - Erfolgreich heruntergeladen: westminster2021-03-15b.xml (184877 bytes)
2025-09-16 21:49:53,268 - scraper.xml_scraper - INFO - Erfolgreich heruntergeladen: westminster2021-03-16a.xml (304910 bytes)
2025-09-16 21:49:55,251 - scraper.xml_scraper - INFO - Erfolgreich heruntergeladen: westminster2021-03-17a.xml (14058 bytes)
2025-09-16 21:49:55,399 - scraper.xml_scraper - INFO - Erfolgreich heruntergeladen: westminster2021-03-17b.xml (259164 bytes)
2025-09-16 21:49:57,388 - scraper.xml_scraper - INFO - Erfolgreich heruntergeladen: westminster2021-03-18a.xml (149070 bytes)
2025-09-16 21:49:57,480 - scraper.xml_scraper - INFO - Erfolgreich heruntergeladen: westminster2021-03-22a.xml (160904 bytes)
2025-09-16 21:49:59,468 - scraper.xml_scraper - INFO - Erfolgreich heruntergeladen: westminster2021-03-23a.xml (28231 bytes)
2025-09-16 21:49:59,591 - scraper.xml_scraper - INFO - Erfolgreich heruntergeladen: westminster2021-03-23b.xml (268559 bytes)
2025-09-16 21:50:01,641 - scraper.xml_scraper - INFO - Erfolgreich heruntergeladen: westminster2021-03-24a.xml (297837 bytes)
2025-09-16 21:50:01,713 - scraper.xml_scraper - INFO - Erfolgreich heruntergeladen: westminster2021-03-25a.xml (170848 bytes)
2025-09-16 21:50:03,814 - scraper.xml_scraper - INFO - Erfolgreich heruntergeladen: westminster2021-04-13a.xml (274403 bytes)
2025-09-16 21:50:03,849 - scraper.xml_scraper - INFO - Erfolgreich heruntergeladen: westminster2021-04-15a.xml (175038 bytes)
2025-09-16 21:50:06,052 - scraper.xml_scraper - INFO - Erfolgreich heruntergeladen: westminster2021-04-19a.xml (179145 bytes)
2025-09-16 21:50:06,092 - scraper.xml_scraper - INFO - Erfolgreich heruntergeladen: westminster2021-04-20a.xml (308741 bytes)
2025-09-16 21:50:08,277 - scraper.xml_scraper - INFO - Erfolgreich heruntergeladen: westminster2021-04-21a.xml (283420 bytes)
2025-09-16 21:50:08,386 - scraper.xml_scraper - INFO - Erfolgreich heruntergeladen: westminster2021-04-22a.xml (150077 bytes)
2025-09-16 21:50:10,383 - scraper.xml_scraper - INFO - Erfolgreich heruntergeladen: westminster2021-04-26a.xml (97496 bytes)
2025-09-16 21:50:10,540 - scraper.xml_scraper - INFO - Erfolgreich heruntergeladen: westminster2021-04-27a.xml (315877 bytes)
2025-09-16 21:50:12,608 - scraper.xml_scraper - INFO - Erfolgreich heruntergeladen: westminster2021-04-28a.xml (261574 bytes)
2025-09-16 21:50:12,704 - scraper.xml_scraper - INFO - Erfolgreich heruntergeladen: westminster2021-05-24a.xml (183959 bytes)
2025-09-16 21:50:14,756 - scraper.xml_scraper - INFO - Erfolgreich heruntergeladen: westminster2021-05-25a.xml (24744 bytes)
2025-09-16 21:50:14,859 - scraper.xml_scraper - INFO - Erfolgreich heruntergeladen: westminster2021-05-25b.xml (255585 bytes)
2025-09-16 21:50:16,917 - scraper.xml_scraper - INFO - Erfolgreich heruntergeladen: westminster2021-05-26a.xml (251220 bytes)
2025-09-16 21:50:16,924 - scraper.xml_scraper - INFO - Erfolgreich heruntergeladen: westminster2021-05-27a.xml (9968 bytes)
2025-09-16 21:50:19,040 - scraper.xml_scraper - INFO - Erfolgreich heruntergeladen: westminster2021-05-27b.xml (151965 bytes)
2025-09-16 21:50:19,100 - scraper.xml_scraper - INFO - Erfolgreich heruntergeladen: westminster2021-06-07a.xml (191065 bytes)
2025-09-16 21:50:21,105 - scraper.xml_scraper - INFO - Erfolgreich heruntergeladen: westminster2021-06-08a.xml (17424 bytes)
2025-09-16 21:50:21,295 - scraper.xml_scraper - INFO - Erfolgreich heruntergeladen: westminster2021-06-08b.xml (298014 bytes)
2025-09-16 21:50:23,266 - scraper.xml_scraper - INFO - Erfolgreich heruntergeladen: westminster2021-06-09a.xml (299550 bytes)
2025-09-16 21:50:23,439 - scraper.xml_scraper - INFO - Erfolgreich heruntergeladen: westminster2021-06-10a.xml (179064 bytes)
2025-09-16 21:50:25,493 - scraper.xml_scraper - INFO - Erfolgreich heruntergeladen: westminster2021-06-14a.xml (181933 bytes)
2025-09-16 21:50:25,633 - scraper.xml_scraper - INFO - Erfolgreich heruntergeladen: westminster2021-06-15a.xml (185902 bytes)
2025-09-16 21:50:27,655 - scraper.xml_scraper - INFO - Erfolgreich heruntergeladen: westminster2021-06-16a.xml (26233 bytes)
2025-09-16 21:50:27,808 - scraper.xml_scraper - INFO - Erfolgreich heruntergeladen: westminster2021-06-16b.xml (297217 bytes)
2025-09-16 21:50:29,853 - scraper.xml_scraper - INFO - Erfolgreich heruntergeladen: westminster2021-06-17a.xml (122822 bytes)
2025-09-16 21:50:29,882 - scraper.xml_scraper - INFO - Erfolgreich heruntergeladen: westminster2021-06-21a.xml (15901 bytes)
2025-09-16 21:50:31,989 - scraper.xml_scraper - INFO - Erfolgreich heruntergeladen: westminster2021-06-21b.xml (185075 bytes)
2025-09-16 21:50:32,068 - scraper.xml_scraper - INFO - Erfolgreich heruntergeladen: westminster2021-06-22a.xml (276514 bytes)
2025-09-16 21:50:34,171 - scraper.xml_scraper - INFO - Erfolgreich heruntergeladen: westminster2021-06-23a.xml (290800 bytes)
2025-09-16 21:50:34,255 - scraper.xml_scraper - INFO - Erfolgreich heruntergeladen: westminster2021-06-24a.xml (215575 bytes)
2025-09-16 21:50:36,305 - scraper.xml_scraper - INFO - Erfolgreich heruntergeladen: westminster2021-06-28a.xml (158644 bytes)
2025-09-16 21:50:36,507 - scraper.xml_scraper - INFO - Erfolgreich heruntergeladen: westminster2021-06-30a.xml (301994 bytes)
2025-09-16 21:50:38,387 - scraper.xml_scraper - INFO - Erfolgreich heruntergeladen: westminster2021-07-01a.xml (14703 bytes)
2025-09-16 21:50:38,707 - scraper.xml_scraper - INFO - Erfolgreich heruntergeladen: westminster2021-07-01b.xml (168251 bytes)
2025-09-16 21:50:40,552 - scraper.xml_scraper - INFO - Erfolgreich heruntergeladen: westminster2021-07-05a.xml (119707 bytes)
2025-09-16 21:50:40,785 - scraper.xml_scraper - INFO - Erfolgreich heruntergeladen: westminster2021-07-07a.xml (310977 bytes)
2025-09-16 21:50:42,636 - scraper.xml_scraper - INFO - Erfolgreich heruntergeladen: westminster2021-07-08a.xml (26895 bytes)
2025-09-16 21:50:42,876 - scraper.xml_scraper - INFO - Erfolgreich heruntergeladen: westminster2021-07-08b.xml (26895 bytes)
2025-09-16 21:50:44,898 - scraper.xml_scraper - INFO - Erfolgreich heruntergeladen: westminster2021-07-08c.xml (164650 bytes)
2025-09-16 21:50:44,923 - scraper.xml_scraper - INFO - Erfolgreich heruntergeladen: westminster2021-07-12a.xml (11547 bytes)
2025-09-16 21:50:47,044 - scraper.xml_scraper - INFO - Erfolgreich heruntergeladen: westminster2021-07-12b.xml (136897 bytes)
2025-09-16 21:50:47,073 - scraper.xml_scraper - INFO - Erfolgreich heruntergeladen: westminster2021-07-13a.xml (287830 bytes)
2025-09-16 21:50:49,182 - scraper.xml_scraper - INFO - Erfolgreich heruntergeladen: westminster2021-07-15a.xml (21491 bytes)
2025-09-16 21:50:49,233 - scraper.xml_scraper - INFO - Erfolgreich heruntergeladen: westminster2021-07-14a.xml (269825 bytes)
2025-09-16 21:50:51,312 - scraper.xml_scraper - INFO - Erfolgreich heruntergeladen: westminster2021-07-15b.xml (187469 bytes)
2025-09-16 21:50:51,372 - scraper.xml_scraper - INFO - Erfolgreich heruntergeladen: westminster2021-07-19a.xml (176514 bytes)
2025-09-16 21:50:53,450 - scraper.xml_scraper - INFO - Erfolgreich heruntergeladen: westminster2021-07-21a.xml (23538 bytes)
2025-09-16 21:50:53,495 - scraper.xml_scraper - INFO - Erfolgreich heruntergeladen: westminster2021-07-20a.xml (293995 bytes)
2025-09-16 21:50:55,598 - scraper.xml_scraper - INFO - Erfolgreich heruntergeladen: westminster2021-07-22a.xml (20091 bytes)
2025-09-16 21:50:55,638 - scraper.xml_scraper - INFO - Erfolgreich heruntergeladen: westminster2021-07-21b.xml (298273 bytes)
2025-09-16 21:50:57,699 - scraper.xml_scraper - INFO - Erfolgreich heruntergeladen: westminster2021-07-22b.xml (20095 bytes)
2025-09-16 21:50:57,768 - scraper.xml_scraper - INFO - Erfolgreich heruntergeladen: westminster2021-07-22c.xml (188034 bytes)
2025-09-16 21:50:59,854 - scraper.xml_scraper - INFO - Erfolgreich heruntergeladen: westminster2021-09-08a.xml (26143 bytes)
2025-09-16 21:50:59,858 - scraper.xml_scraper - INFO - Erfolgreich heruntergeladen: westminster2021-09-07a.xml (312792 bytes)
2025-09-16 21:51:02,063 - scraper.xml_scraper - INFO - Erfolgreich heruntergeladen: westminster2021-09-09a.xml (162612 bytes)
2025-09-16 21:51:02,098 - scraper.xml_scraper - INFO - Erfolgreich heruntergeladen: westminster2021-09-08b.xml (295531 bytes)
2025-09-16 21:51:04,358 - scraper.xml_scraper - INFO - Erfolgreich heruntergeladen: westminster2021-09-13a.xml (208767 bytes)
2025-09-16 21:51:04,391 - scraper.xml_scraper - INFO - Erfolgreich heruntergeladen: westminster2021-09-14a.xml (254645 bytes)
2025-09-16 21:51:06,515 - scraper.xml_scraper - INFO - Erfolgreich heruntergeladen: westminster2021-09-16a.xml (23935 bytes)
2025-09-16 21:51:06,595 - scraper.xml_scraper - INFO - Erfolgreich heruntergeladen: westminster2021-09-15a.xml (255472 bytes)
2025-09-16 21:51:08,620 - scraper.xml_scraper - INFO - Erfolgreich heruntergeladen: westminster2021-09-16b.xml (16576 bytes)
2025-09-16 21:51:08,726 - scraper.xml_scraper - INFO - Erfolgreich heruntergeladen: westminster2021-09-16c.xml (174134 bytes)
2025-09-16 21:51:10,761 - scraper.xml_scraper - INFO - Erfolgreich heruntergeladen: westminster2021-09-20a.xml (105351 bytes)
2025-09-16 21:51:10,820 - scraper.xml_scraper - INFO - Erfolgreich heruntergeladen: westminster2021-09-21a.xml (26598 bytes)
2025-09-16 21:51:12,839 - scraper.xml_scraper - INFO - Erfolgreich heruntergeladen: westminster2021-09-21b.xml (30004 bytes)
2025-09-16 21:51:13,080 - scraper.xml_scraper - INFO - Erfolgreich heruntergeladen: westminster2021-09-21c.xml (325202 bytes)
2025-09-16 21:51:15,000 - scraper.xml_scraper - INFO - Erfolgreich heruntergeladen: westminster2021-09-22a.xml (273592 bytes)
2025-09-16 21:51:15,200 - scraper.xml_scraper - INFO - Erfolgreich heruntergeladen: westminster2021-09-23a.xml (117923 bytes)
2025-09-16 21:51:17,164 - scraper.xml_scraper - INFO - Erfolgreich heruntergeladen: westminster2021-10-19a.xml (316969 bytes)
2025-09-16 21:51:17,329 - scraper.xml_scraper - INFO - Erfolgreich heruntergeladen: westminster2021-10-20a.xml (319374 bytes)
2025-09-16 21:51:19,370 - scraper.xml_scraper - INFO - Erfolgreich heruntergeladen: westminster2021-10-21a.xml (146897 bytes)
2025-09-16 21:51:19,496 - scraper.xml_scraper - INFO - Erfolgreich heruntergeladen: westminster2021-10-25a.xml (174837 bytes)
2025-09-16 21:51:21,597 - scraper.xml_scraper - INFO - Erfolgreich heruntergeladen: westminster2021-10-26a.xml (301168 bytes)
2025-09-16 21:51:21,662 - scraper.xml_scraper - INFO - Erfolgreich heruntergeladen: westminster2021-10-27a.xml (273424 bytes)
2025-09-16 21:51:23,698 - scraper.xml_scraper - INFO - Erfolgreich heruntergeladen: westminster2021-10-28a.xml (19875 bytes)
2025-09-16 21:51:23,804 - scraper.xml_scraper - INFO - Erfolgreich heruntergeladen: westminster2021-10-28b.xml (188448 bytes)
2025-09-16 21:51:25,778 - scraper.xml_scraper - INFO - Erfolgreich heruntergeladen: westminster2021-11-01a.xml (16397 bytes)
2025-09-16 21:51:25,919 - scraper.xml_scraper - INFO - Erfolgreich heruntergeladen: westminster2021-11-01b.xml (164556 bytes)
2025-09-16 21:51:27,921 - scraper.xml_scraper - INFO - Erfolgreich heruntergeladen: westminster2021-11-02a.xml (197066 bytes)
2025-09-16 21:51:27,972 - scraper.xml_scraper - INFO - Erfolgreich heruntergeladen: westminster2021-11-03a.xml (27700 bytes)
2025-09-16 21:51:30,078 - scraper.xml_scraper - INFO - Erfolgreich heruntergeladen: westminster2021-11-04a.xml (84905 bytes)
2025-09-16 21:51:30,111 - scraper.xml_scraper - INFO - Erfolgreich heruntergeladen: westminster2021-11-03b.xml (308374 bytes)
2025-09-16 21:51:32,215 - scraper.xml_scraper - INFO - Erfolgreich heruntergeladen: westminster2021-11-08a.xml (191285 bytes)
2025-09-16 21:51:32,266 - scraper.xml_scraper - INFO - Erfolgreich heruntergeladen: westminster2021-11-09a.xml (223859 bytes)
2025-09-16 21:51:34,377 - scraper.xml_scraper - INFO - Erfolgreich heruntergeladen: westminster2021-11-15a.xml (16246 bytes)
2025-09-16 21:51:34,425 - scraper.xml_scraper - INFO - Erfolgreich heruntergeladen: westminster2021-11-15b.xml (183116 bytes)
2025-09-16 21:51:36,481 - scraper.xml_scraper - INFO - Erfolgreich heruntergeladen: westminster2021-11-16a.xml (59711 bytes)
2025-09-16 21:51:36,592 - scraper.xml_scraper - INFO - Erfolgreich heruntergeladen: westminster2021-11-16b.xml (321609 bytes)
2025-09-16 21:51:38,642 - scraper.xml_scraper - INFO - Erfolgreich heruntergeladen: westminster2021-11-17a.xml (293467 bytes)
2025-09-16 21:51:38,726 - scraper.xml_scraper - INFO - Erfolgreich heruntergeladen: westminster2021-11-18a.xml (189313 bytes)
2025-09-16 21:51:40,731 - scraper.xml_scraper - INFO - Erfolgreich heruntergeladen: westminster2021-11-22a.xml (14652 bytes)
2025-09-16 21:51:40,825 - scraper.xml_scraper - INFO - Erfolgreich heruntergeladen: westminster2021-11-22b.xml (92260 bytes)
2025-09-16 21:51:42,854 - scraper.xml_scraper - INFO - Erfolgreich heruntergeladen: westminster2021-11-23a.xml (178292 bytes)
2025-09-16 21:51:42,982 - scraper.xml_scraper - INFO - Erfolgreich heruntergeladen: westminster2021-11-24a.xml (325192 bytes)
2025-09-16 21:51:44,963 - scraper.xml_scraper - INFO - Erfolgreich heruntergeladen: westminster2021-11-25a.xml (88183 bytes)
2025-09-16 21:51:45,088 - scraper.xml_scraper - INFO - Erfolgreich heruntergeladen: westminster2021-11-29a.xml (43912 bytes)
2025-09-16 21:51:47,236 - scraper.xml_scraper - INFO - Erfolgreich heruntergeladen: westminster2021-11-30a.xml (327634 bytes)
2025-09-16 21:51:47,288 - scraper.xml_scraper - INFO - Erfolgreich heruntergeladen: westminster2021-12-01a.xml (288783 bytes)
2025-09-16 21:51:49,364 - scraper.xml_scraper - INFO - Erfolgreich heruntergeladen: westminster2021-12-02a.xml (118141 bytes)
2025-09-16 21:51:49,389 - scraper.xml_scraper - INFO - Erfolgreich heruntergeladen: westminster2021-12-06a.xml (72747 bytes)
2025-09-16 21:51:51,461 - scraper.xml_scraper - INFO - Erfolgreich heruntergeladen: westminster2021-12-08a.xml (19748 bytes)
2025-09-16 21:51:51,528 - scraper.xml_scraper - INFO - Erfolgreich heruntergeladen: westminster2021-12-07a.xml (295715 bytes)
2025-09-16 21:51:53,633 - scraper.xml_scraper - INFO - Erfolgreich heruntergeladen: westminster2021-12-09a.xml (21589 bytes)
2025-09-16 21:51:53,634 - scraper.xml_scraper - INFO - Erfolgreich heruntergeladen: westminster2021-12-08b.xml (290136 bytes)
2025-09-16 21:51:55,767 - scraper.xml_scraper - INFO - Erfolgreich heruntergeladen: westminster2021-12-13a.xml (91071 bytes)
2025-09-16 21:51:55,869 - scraper.xml_scraper - INFO - Erfolgreich heruntergeladen: westminster2021-12-09b.xml (170856 bytes)
2025-09-16 21:51:57,860 - scraper.xml_scraper - INFO - Erfolgreich heruntergeladen: westminster2021-12-14a.xml (33510 bytes)
2025-09-16 21:51:57,990 - scraper.xml_scraper - INFO - Erfolgreich heruntergeladen: westminster2021-12-14b.xml (27013 bytes)
2025-09-16 21:52:00,117 - scraper.xml_scraper - INFO - Erfolgreich heruntergeladen: westminster2021-12-15a.xml (23160 bytes)
2025-09-16 21:52:00,119 - scraper.xml_scraper - INFO - Erfolgreich heruntergeladen: westminster2021-12-14c.xml (306527 bytes)
2025-09-16 21:52:02,271 - scraper.xml_scraper - INFO - Erfolgreich heruntergeladen: westminster2021-12-16a.xml (61893 bytes)
2025-09-16 21:52:02,336 - scraper.xml_scraper - INFO - Erfolgreich heruntergeladen: westminster2021-12-15b.xml (245792 bytes)
2025-09-16 21:52:04,436 - scraper.xml_scraper - INFO - Erfolgreich heruntergeladen: westminster2022-01-05a.xml (303416 bytes)
2025-09-16 21:52:04,471 - scraper.xml_scraper - INFO - Erfolgreich heruntergeladen: westminster2022-01-06a.xml (193066 bytes)
2025-09-16 21:52:06,543 - scraper.xml_scraper - INFO - Erfolgreich heruntergeladen: westminster2022-01-10a.xml (50537 bytes)
2025-09-16 21:52:06,573 - scraper.xml_scraper - INFO - Erfolgreich heruntergeladen: westminster2022-01-11a.xml (22171 bytes)
2025-09-16 21:52:08,645 - scraper.xml_scraper - INFO - Erfolgreich heruntergeladen: westminster2022-01-12a.xml (23927 bytes)
2025-09-16 21:52:08,720 - scraper.xml_scraper - INFO - Erfolgreich heruntergeladen: westminster2022-01-11b.xml (296527 bytes)
2025-09-16 21:52:10,736 - scraper.xml_scraper - INFO - Erfolgreich heruntergeladen: westminster2022-01-12b.xml (22885 bytes)
2025-09-16 21:52:10,874 - scraper.xml_scraper - INFO - Erfolgreich heruntergeladen: westminster2022-01-12c.xml (307534 bytes)
2025-09-16 21:52:12,876 - scraper.xml_scraper - INFO - Erfolgreich heruntergeladen: westminster2022-01-13a.xml (185307 bytes)
2025-09-16 21:52:12,954 - scraper.xml_scraper - INFO - Erfolgreich heruntergeladen: westminster2022-01-18a.xml (333935 bytes)
2025-09-16 21:52:14,955 - scraper.xml_scraper - INFO - Erfolgreich heruntergeladen: westminster2022-01-19a.xml (22514 bytes)
2025-09-16 21:52:14,995 - scraper.xml_scraper - INFO - Erfolgreich heruntergeladen: westminster2022-01-19b.xml (23469 bytes)
2025-09-16 21:52:17,113 - scraper.xml_scraper - INFO - Erfolgreich heruntergeladen: westminster2022-01-19c.xml (310864 bytes)
2025-09-16 21:52:17,121 - scraper.xml_scraper - INFO - Erfolgreich heruntergeladen: westminster2022-01-20a.xml (158892 bytes)
2025-09-16 21:52:19,231 - scraper.xml_scraper - INFO - Erfolgreich heruntergeladen: westminster2022-01-25a.xml (26625 bytes)
2025-09-16 21:52:19,342 - scraper.xml_scraper - INFO - Erfolgreich heruntergeladen: westminster2022-01-24a.xml (175694 bytes)
2025-09-16 21:52:21,387 - scraper.xml_scraper - INFO - Erfolgreich heruntergeladen: westminster2022-01-25b.xml (298982 bytes)
2025-09-16 21:52:21,514 - scraper.xml_scraper - INFO - Erfolgreich heruntergeladen: westminster2022-01-26a.xml (28788 bytes)
2025-09-16 21:52:23,552 - scraper.xml_scraper - INFO - Erfolgreich heruntergeladen: westminster2022-01-26b.xml (301397 bytes)
2025-09-16 21:52:23,616 - scraper.xml_scraper - INFO - Erfolgreich heruntergeladen: westminster2022-01-27a.xml (93959 bytes)
2025-09-16 21:52:25,644 - scraper.xml_scraper - INFO - Erfolgreich heruntergeladen: westminster2022-01-31a.xml (15968 bytes)
2025-09-16 21:52:25,755 - scraper.xml_scraper - INFO - Erfolgreich heruntergeladen: westminster2022-01-31b.xml (182072 bytes)
2025-09-16 21:52:27,806 - scraper.xml_scraper - INFO - Erfolgreich heruntergeladen: westminster2022-02-01a.xml (332564 bytes)
2025-09-16 21:52:27,831 - scraper.xml_scraper - INFO - Erfolgreich heruntergeladen: westminster2022-02-02a.xml (30320 bytes)
2025-09-16 21:52:29,923 - scraper.xml_scraper - INFO - Erfolgreich heruntergeladen: westminster2022-02-03a.xml (18305 bytes)
2025-09-16 21:52:30,011 - scraper.xml_scraper - INFO - Erfolgreich heruntergeladen: westminster2022-02-02b.xml (298363 bytes)
2025-09-16 21:52:32,053 - scraper.xml_scraper - INFO - Erfolgreich heruntergeladen: westminster2022-02-03b.xml (166352 bytes)
2025-09-16 21:52:32,138 - scraper.xml_scraper - INFO - Erfolgreich heruntergeladen: westminster2022-02-07a.xml (104293 bytes)
2025-09-16 21:52:34,128 - scraper.xml_scraper - INFO - Erfolgreich heruntergeladen: westminster2022-02-08a.xml (28785 bytes)
2025-09-16 21:52:34,248 - scraper.xml_scraper - INFO - Erfolgreich heruntergeladen: westminster2022-02-08b.xml (287888 bytes)
2025-09-16 21:52:36,203 - scraper.xml_scraper - INFO - Erfolgreich heruntergeladen: westminster2022-02-09a.xml (23440 bytes)
2025-09-16 21:52:36,375 - scraper.xml_scraper - INFO - Erfolgreich heruntergeladen: westminster2022-02-09b.xml (314550 bytes)
2025-09-16 21:52:38,272 - scraper.xml_scraper - INFO - Erfolgreich heruntergeladen: westminster2022-02-10a.xml (18512 bytes)
2025-09-16 21:52:38,488 - scraper.xml_scraper - INFO - Erfolgreich heruntergeladen: westminster2022-02-10b.xml (191177 bytes)
2025-09-16 21:52:40,495 - scraper.xml_scraper - INFO - Erfolgreich heruntergeladen: westminster2022-02-21a.xml (189234 bytes)
2025-09-16 21:52:40,641 - scraper.xml_scraper - INFO - Erfolgreich heruntergeladen: westminster2022-02-22a.xml (272110 bytes)
2025-09-16 21:52:42,748 - scraper.xml_scraper - INFO - Erfolgreich heruntergeladen: westminster2022-02-23a.xml (293670 bytes)
2025-09-16 21:52:42,773 - scraper.xml_scraper - INFO - Erfolgreich heruntergeladen: westminster2022-02-24a.xml (182629 bytes)
2025-09-16 21:52:44,845 - scraper.xml_scraper - INFO - Erfolgreich heruntergeladen: westminster2022-03-01a.xml (24898 bytes)
2025-09-16 21:52:44,882 - scraper.xml_scraper - INFO - Erfolgreich heruntergeladen: westminster2022-02-28a.xml (82789 bytes)
2025-09-16 21:52:46,958 - scraper.xml_scraper - INFO - Erfolgreich heruntergeladen: westminster2022-03-01c.xml (30345 bytes)
2025-09-16 21:52:47,123 - scraper.xml_scraper - INFO - Erfolgreich heruntergeladen: westminster2022-03-01b.xml (27391 bytes)
2025-09-16 21:52:49,121 - scraper.xml_scraper - INFO - Erfolgreich heruntergeladen: westminster2022-03-01d.xml (309953 bytes)
2025-09-16 21:52:49,250 - scraper.xml_scraper - INFO - Erfolgreich heruntergeladen: westminster2022-03-02a.xml (29652 bytes)
2025-09-16 21:52:51,194 - scraper.xml_scraper - INFO - Erfolgreich heruntergeladen: westminster2022-03-02b.xml (17682 bytes)
2025-09-16 21:52:51,424 - scraper.xml_scraper - INFO - Erfolgreich heruntergeladen: westminster2022-03-02c.xml (274468 bytes)
2025-09-16 21:52:53,412 - scraper.xml_scraper - INFO - Erfolgreich heruntergeladen: westminster2022-03-03a.xml (88002 bytes)
2025-09-16 21:52:53,514 - scraper.xml_scraper - INFO - Erfolgreich heruntergeladen: westminster2022-03-08a.xml (282686 bytes)
2025-09-16 21:52:55,654 - scraper.xml_scraper - INFO - Erfolgreich heruntergeladen: westminster2022-03-09a.xml (277508 bytes)
2025-09-16 21:52:55,657 - scraper.xml_scraper - INFO - Erfolgreich heruntergeladen: westminster2022-03-10a.xml (143674 bytes)
2025-09-16 21:52:57,758 - scraper.xml_scraper - INFO - Erfolgreich heruntergeladen: westminster2022-03-15a.xml (25708 bytes)
2025-09-16 21:52:57,786 - scraper.xml_scraper - INFO - Erfolgreich heruntergeladen: westminster2022-03-14a.xml (160073 bytes)
2025-09-16 21:52:59,860 - scraper.xml_scraper - INFO - Erfolgreich heruntergeladen: westminster2022-03-16a.xml (22260 bytes)
2025-09-16 21:52:59,926 - scraper.xml_scraper - INFO - Erfolgreich heruntergeladen: westminster2022-03-15b.xml (298052 bytes)
2025-09-16 21:53:02,019 - scraper.xml_scraper - INFO - Erfolgreich heruntergeladen: westminster2022-03-17a.xml (80951 bytes)
2025-09-16 21:53:02,042 - scraper.xml_scraper - INFO - Erfolgreich heruntergeladen: westminster2022-03-16b.xml (273376 bytes)
2025-09-16 21:53:04,160 - scraper.xml_scraper - INFO - Erfolgreich heruntergeladen: westminster2022-03-21a.xml (136658 bytes)
2025-09-16 21:53:04,165 - scraper.xml_scraper - INFO - Erfolgreich heruntergeladen: westminster2022-03-22a.xml (24734 bytes)
2025-09-16 21:53:06,321 - scraper.xml_scraper - INFO - Erfolgreich heruntergeladen: westminster2022-03-23a.xml (244112 bytes)
2025-09-16 21:53:06,367 - scraper.xml_scraper - INFO - Erfolgreich heruntergeladen: westminster2022-03-22b.xml (240328 bytes)
2025-09-16 21:53:08,438 - scraper.xml_scraper - INFO - Erfolgreich heruntergeladen: westminster2022-03-24a.xml (51671 bytes)
2025-09-16 21:53:08,497 - scraper.xml_scraper - INFO - Erfolgreich heruntergeladen: westminster2022-03-28a.xml (160120 bytes)
2025-09-16 21:53:10,602 - scraper.xml_scraper - INFO - Erfolgreich heruntergeladen: westminster2022-03-29a.xml (265069 bytes)
2025-09-16 21:53:10,743 - scraper.xml_scraper - INFO - Erfolgreich heruntergeladen: westminster2022-03-30a.xml (230439 bytes)
2025-09-16 21:53:12,840 - scraper.xml_scraper - INFO - Erfolgreich heruntergeladen: westminster2022-03-31a.xml (15221 bytes)
2025-09-16 21:53:13,106 - scraper.xml_scraper - INFO - Erfolgreich heruntergeladen: westminster2022-03-31b.xml (165640 bytes)
2025-09-16 21:53:15,128 - scraper.xml_scraper - INFO - Erfolgreich heruntergeladen: westminster2022-04-19a.xml (188108 bytes)
2025-09-16 21:53:15,309 - scraper.xml_scraper - INFO - Erfolgreich heruntergeladen: westminster2022-04-20a.xml (288827 bytes)
2025-09-16 21:53:17,273 - scraper.xml_scraper - INFO - Erfolgreich heruntergeladen: westminster2022-04-21a.xml (179989 bytes)
2025-09-16 21:53:17,435 - scraper.xml_scraper - INFO - Erfolgreich heruntergeladen: westminster2022-04-25a.xml (10891 bytes)
2025-09-16 21:53:19,371 - scraper.xml_scraper - INFO - Erfolgreich heruntergeladen: westminster2022-04-25b.xml (94117 bytes)
2025-09-16 21:53:19,522 - scraper.xml_scraper - INFO - Erfolgreich heruntergeladen: westminster2022-04-26a.xml (23420 bytes)
2025-09-16 21:53:21,618 - scraper.xml_scraper - INFO - Erfolgreich heruntergeladen: westminster2022-04-26b.xml (300506 bytes)
2025-09-16 21:53:21,761 - scraper.xml_scraper - INFO - Erfolgreich heruntergeladen: westminster2022-04-27a.xml (259355 bytes)
2025-09-16 21:53:23,884 - scraper.xml_scraper - INFO - Erfolgreich heruntergeladen: westminster2022-05-19a.xml (132210 bytes)
2025-09-16 21:53:23,913 - scraper.xml_scraper - INFO - Erfolgreich heruntergeladen: westminster2022-05-23a.xml (22857 bytes)
2025-09-16 21:53:26,035 - scraper.xml_scraper - INFO - Erfolgreich heruntergeladen: westminster2022-05-24a.xml (14016 bytes)
2025-09-16 21:53:26,169 - scraper.xml_scraper - INFO - Erfolgreich heruntergeladen: westminster2022-05-23b.xml (146704 bytes)
2025-09-16 21:53:28,245 - scraper.xml_scraper - INFO - Erfolgreich heruntergeladen: westminster2022-05-24b.xml (274634 bytes)
2025-09-16 21:53:28,408 - scraper.xml_scraper - INFO - Erfolgreich heruntergeladen: westminster2022-05-25a.xml (302930 bytes)
2025-09-16 21:53:30,385 - scraper.xml_scraper - INFO - Erfolgreich heruntergeladen: westminster2022-05-26a.xml (118712 bytes)
2025-09-16 21:53:30,542 - scraper.xml_scraper - INFO - Erfolgreich heruntergeladen: westminster2022-06-06a.xml (69842 bytes)
2025-09-16 21:53:32,635 - scraper.xml_scraper - INFO - Erfolgreich heruntergeladen: westminster2022-06-07a.xml (301715 bytes)
2025-09-16 21:53:32,654 - scraper.xml_scraper - INFO - Erfolgreich heruntergeladen: westminster2022-06-08a.xml (18575 bytes)
2025-09-16 21:53:34,899 - scraper.xml_scraper - INFO - Erfolgreich heruntergeladen: westminster2022-06-09a.xml (124759 bytes)
2025-09-16 21:53:34,918 - scraper.xml_scraper - INFO - Erfolgreich heruntergeladen: westminster2022-06-08b.xml (289010 bytes)
2025-09-16 21:53:37,071 - scraper.xml_scraper - INFO - Erfolgreich heruntergeladen: westminster2022-06-13a.xml (19966 bytes)
2025-09-16 21:53:37,107 - scraper.xml_scraper - INFO - Erfolgreich heruntergeladen: westminster2022-06-13b.xml (160114 bytes)
2025-09-16 21:53:39,145 - scraper.xml_scraper - INFO - Erfolgreich heruntergeladen: westminster2022-06-14a.xml (28679 bytes)
2025-09-16 21:53:39,205 - scraper.xml_scraper - INFO - Erfolgreich heruntergeladen: westminster2022-06-14b.xml (50310 bytes)
2025-09-16 21:53:41,355 - scraper.xml_scraper - INFO - Erfolgreich heruntergeladen: westminster2022-06-14c.xml (305592 bytes)
2025-09-16 21:53:41,376 - scraper.xml_scraper - INFO - Erfolgreich heruntergeladen: westminster2022-06-15a.xml (308441 bytes)
2025-09-16 21:53:43,478 - scraper.xml_scraper - INFO - Erfolgreich heruntergeladen: westminster2022-06-20a.xml (68619 bytes)
2025-09-16 21:53:43,496 - scraper.xml_scraper - INFO - Erfolgreich heruntergeladen: westminster2022-06-16a.xml (166906 bytes)
2025-09-16 21:53:45,704 - scraper.xml_scraper - INFO - Erfolgreich heruntergeladen: westminster2022-06-21a.xml (279165 bytes)
2025-09-16 21:53:45,765 - scraper.xml_scraper - INFO - Erfolgreich heruntergeladen: westminster2022-06-22a.xml (306770 bytes)
2025-09-16 21:53:47,865 - scraper.xml_scraper - INFO - Erfolgreich heruntergeladen: westminster2022-06-28a.xml (27516 bytes)
2025-09-16 21:53:47,890 - scraper.xml_scraper - INFO - Erfolgreich heruntergeladen: westminster2022-06-27a.xml (52929 bytes)
2025-09-16 21:53:50,043 - scraper.xml_scraper - INFO - Erfolgreich heruntergeladen: westminster2022-06-28b.xml (288038 bytes)
2025-09-16 21:53:50,044 - scraper.xml_scraper - INFO - Erfolgreich heruntergeladen: westminster2022-06-29a.xml (284382 bytes)
2025-09-16 21:53:52,176 - scraper.xml_scraper - INFO - Erfolgreich heruntergeladen: westminster2022-07-04a.xml (194066 bytes)
2025-09-16 21:53:52,176 - scraper.xml_scraper - INFO - Erfolgreich heruntergeladen: westminster2022-06-30a.xml (168696 bytes)
2025-09-16 21:53:54,282 - scraper.xml_scraper - INFO - Erfolgreich heruntergeladen: westminster2022-07-06a.xml (22841 bytes)
2025-09-16 21:53:54,340 - scraper.xml_scraper - INFO - Erfolgreich heruntergeladen: westminster2022-07-05a.xml (284410 bytes)
2025-09-16 21:53:56,442 - scraper.xml_scraper - INFO - Erfolgreich heruntergeladen: westminster2022-07-06b.xml (263184 bytes)
2025-09-16 21:53:56,473 - scraper.xml_scraper - INFO - Erfolgreich heruntergeladen: westminster2022-07-07a.xml (155659 bytes)
2025-09-16 21:53:58,578 - scraper.xml_scraper - INFO - Erfolgreich heruntergeladen: westminster2022-07-11a.xml (107388 bytes)
2025-09-16 21:53:58,613 - scraper.xml_scraper - INFO - Erfolgreich heruntergeladen: westminster2022-07-12a.xml (17639 bytes)
2025-09-16 21:54:00,711 - scraper.xml_scraper - INFO - Erfolgreich heruntergeladen: westminster2022-07-12b.xml (204236 bytes)
2025-09-16 21:54:00,771 - scraper.xml_scraper - INFO - Erfolgreich heruntergeladen: westminster2022-07-13a.xml (260811 bytes)
2025-09-16 21:54:02,826 - scraper.xml_scraper - INFO - Erfolgreich heruntergeladen: westminster2022-07-14a.xml (81471 bytes)
2025-09-16 21:54:03,009 - scraper.xml_scraper - INFO - Erfolgreich heruntergeladen: westminster2022-07-18a.xml (149281 bytes)
2025-09-16 21:54:04,999 - scraper.xml_scraper - INFO - Erfolgreich heruntergeladen: westminster2022-07-19a.xml (317825 bytes)
2025-09-16 21:54:05,156 - scraper.xml_scraper - INFO - Erfolgreich heruntergeladen: westminster2022-07-20a.xml (227019 bytes)
2025-09-16 21:54:07,205 - scraper.xml_scraper - INFO - Erfolgreich heruntergeladen: westminster2022-07-21a.xml (73103 bytes)
2025-09-16 21:54:07,266 - scraper.xml_scraper - INFO - Erfolgreich heruntergeladen: westminster2022-09-06a.xml (27348 bytes)
2025-09-16 21:54:09,357 - scraper.xml_scraper - INFO - Erfolgreich heruntergeladen: westminster2022-09-06b.xml (24278 bytes)
2025-09-16 21:54:09,467 - scraper.xml_scraper - INFO - Erfolgreich heruntergeladen: westminster2022-09-06c.xml (293494 bytes)
2025-09-16 21:54:11,547 - scraper.xml_scraper - INFO - Erfolgreich heruntergeladen: westminster2022-09-07a.xml (273375 bytes)
2025-09-16 21:54:11,602 - scraper.xml_scraper - INFO - Erfolgreich heruntergeladen: westminster2022-09-08a.xml (197582 bytes)
2025-09-16 21:54:13,681 - scraper.xml_scraper - INFO - Erfolgreich heruntergeladen: westminster2022-10-12a.xml (36471 bytes)
2025-09-16 21:54:13,701 - scraper.xml_scraper - INFO - Erfolgreich heruntergeladen: westminster2022-10-11a.xml (277230 bytes)
2025-09-16 21:54:15,789 - scraper.xml_scraper - INFO - Erfolgreich heruntergeladen: westminster2022-10-12b.xml (45331 bytes)
2025-09-16 21:54:15,896 - scraper.xml_scraper - INFO - Erfolgreich heruntergeladen: westminster2022-10-12c.xml (341790 bytes)
2025-09-16 21:54:17,935 - scraper.xml_scraper - INFO - Erfolgreich heruntergeladen: westminster2022-10-13a.xml (100313 bytes)
2025-09-16 21:54:18,036 - scraper.xml_scraper - INFO - Erfolgreich heruntergeladen: westminster2022-10-17a.xml (90790 bytes)
2025-09-16 21:54:20,009 - scraper.xml_scraper - INFO - Erfolgreich heruntergeladen: westminster2022-10-18a.xml (19292 bytes)
2025-09-16 21:54:20,163 - scraper.xml_scraper - INFO - Erfolgreich heruntergeladen: westminster2022-10-18b.xml (271772 bytes)
2025-09-16 21:54:22,168 - scraper.xml_scraper - INFO - Erfolgreich heruntergeladen: westminster2022-10-19a.xml (300443 bytes)
2025-09-16 21:54:22,207 - scraper.xml_scraper - INFO - Erfolgreich heruntergeladen: westminster2022-10-20a.xml (106439 bytes)
2025-09-16 21:54:24,296 - scraper.xml_scraper - INFO - Erfolgreich heruntergeladen: westminster2022-10-24a.xml (178048 bytes)
2025-09-16 21:54:24,303 - scraper.xml_scraper - INFO - Erfolgreich heruntergeladen: westminster2022-10-25a.xml (27615 bytes)
2025-09-16 21:54:26,405 - scraper.xml_scraper - INFO - Erfolgreich heruntergeladen: westminster2022-10-26a.xml (90113 bytes)
2025-09-16 21:54:26,456 - scraper.xml_scraper - INFO - Erfolgreich heruntergeladen: westminster2022-10-25b.xml (303101 bytes)
2025-09-16 21:54:28,537 - scraper.xml_scraper - INFO - Erfolgreich heruntergeladen: westminster2022-10-27a.xml (20926 bytes)
2025-09-16 21:54:28,562 - scraper.xml_scraper - INFO - Erfolgreich heruntergeladen: westminster2022-10-26b.xml (267684 bytes)
2025-09-16 21:54:30,674 - scraper.xml_scraper - INFO - Erfolgreich heruntergeladen: westminster2022-10-27b.xml (167477 bytes)
2025-09-16 21:54:30,698 - scraper.xml_scraper - INFO - Erfolgreich heruntergeladen: westminster2022-10-31a.xml (105038 bytes)
2025-09-16 21:54:32,893 - scraper.xml_scraper - INFO - Erfolgreich heruntergeladen: westminster2022-11-01a.xml (297492 bytes)
2025-09-16 21:54:32,925 - scraper.xml_scraper - INFO - Erfolgreich heruntergeladen: westminster2022-11-02a.xml (273086 bytes)
2025-09-16 21:54:35,073 - scraper.xml_scraper - INFO - Erfolgreich heruntergeladen: westminster2022-11-07a.xml (84596 bytes)
2025-09-16 21:54:35,184 - scraper.xml_scraper - INFO - Erfolgreich heruntergeladen: westminster2022-11-03a.xml (159471 bytes)
2025-09-16 21:54:37,314 - scraper.xml_scraper - INFO - Erfolgreich heruntergeladen: westminster2022-11-08a.xml (297002 bytes)
2025-09-16 21:54:37,340 - scraper.xml_scraper - INFO - Erfolgreich heruntergeladen: westminster2022-11-09a.xml (16988 bytes)
2025-09-16 21:54:39,521 - scraper.xml_scraper - INFO - Erfolgreich heruntergeladen: westminster2022-11-14a.xml (101127 bytes)
2025-09-16 21:54:39,521 - scraper.xml_scraper - INFO - Erfolgreich heruntergeladen: westminster2022-11-09b.xml (261982 bytes)
2025-09-16 21:54:41,694 - scraper.xml_scraper - INFO - Erfolgreich heruntergeladen: westminster2022-11-15a.xml (236359 bytes)
2025-09-16 21:54:41,811 - scraper.xml_scraper - INFO - Erfolgreich heruntergeladen: westminster2022-11-16a.xml (261271 bytes)
2025-09-16 21:54:43,909 - scraper.xml_scraper - INFO - Erfolgreich heruntergeladen: westminster2022-11-17a.xml (176348 bytes)
2025-09-16 21:54:44,045 - scraper.xml_scraper - INFO - Erfolgreich heruntergeladen: westminster2022-11-22a.xml (303499 bytes)
2025-09-16 21:54:46,061 - scraper.xml_scraper - INFO - Erfolgreich heruntergeladen: westminster2022-11-23a.xml (29234 bytes)
2025-09-16 21:54:46,249 - scraper.xml_scraper - INFO - Erfolgreich heruntergeladen: westminster2022-11-23b.xml (67726 bytes)
2025-09-16 21:54:48,242 - scraper.xml_scraper - INFO - Erfolgreich heruntergeladen: westminster2022-11-23c.xml (328751 bytes)
2025-09-16 21:54:48,301 - scraper.xml_scraper - INFO - Erfolgreich heruntergeladen: westminster2022-11-24a.xml (24331 bytes)
2025-09-16 21:54:50,317 - scraper.xml_scraper - INFO - Erfolgreich heruntergeladen: westminster2022-11-24b.xml (36663 bytes)
2025-09-16 21:54:50,426 - scraper.xml_scraper - INFO - Erfolgreich heruntergeladen: westminster2022-11-24c.xml (139234 bytes)
2025-09-16 21:54:52,403 - scraper.xml_scraper - INFO - Erfolgreich heruntergeladen: westminster2022-11-28a.xml (24586 bytes)
2025-09-16 21:54:52,467 - scraper.xml_scraper - INFO - Erfolgreich heruntergeladen: westminster2022-11-28b.xml (27057 bytes)
2025-09-16 21:54:54,530 - scraper.xml_scraper - INFO - Erfolgreich heruntergeladen: westminster2022-11-28c.xml (195603 bytes)
2025-09-16 21:54:54,624 - scraper.xml_scraper - INFO - Erfolgreich heruntergeladen: westminster2022-11-29a.xml (284022 bytes)
2025-09-16 21:54:56,691 - scraper.xml_scraper - INFO - Erfolgreich heruntergeladen: westminster2022-11-30a.xml (273302 bytes)
2025-09-16 21:54:56,751 - scraper.xml_scraper - INFO - Erfolgreich heruntergeladen: westminster2022-12-01a.xml (168999 bytes)
2025-09-16 21:54:58,836 - scraper.xml_scraper - INFO - Erfolgreich heruntergeladen: westminster2022-12-05a.xml (129140 bytes)
2025-09-16 21:54:58,903 - scraper.xml_scraper - INFO - Erfolgreich heruntergeladen: westminster2022-12-06a.xml (294362 bytes)
2025-09-16 21:55:00,941 - scraper.xml_scraper - INFO - Erfolgreich heruntergeladen: westminster2022-12-07a.xml (49545 bytes)
2025-09-16 21:55:01,055 - scraper.xml_scraper - INFO - Erfolgreich heruntergeladen: westminster2022-12-07b.xml (296355 bytes)
2025-09-16 21:55:03,069 - scraper.xml_scraper - INFO - Erfolgreich heruntergeladen: westminster2022-12-08a.xml (159948 bytes)
2025-09-16 21:55:03,156 - scraper.xml_scraper - INFO - Erfolgreich heruntergeladen: westminster2022-12-12a.xml (55704 bytes)
2025-09-16 21:55:05,154 - scraper.xml_scraper - INFO - Erfolgreich heruntergeladen: westminster2022-12-13a.xml (22085 bytes)
2025-09-16 21:55:05,284 - scraper.xml_scraper - INFO - Erfolgreich heruntergeladen: westminster2022-12-13b.xml (262032 bytes)
2025-09-16 21:55:07,310 - scraper.xml_scraper - INFO - Erfolgreich heruntergeladen: westminster2022-12-14a.xml (226489 bytes)
2025-09-16 21:55:07,398 - scraper.xml_scraper - INFO - Erfolgreich heruntergeladen: westminster2022-12-15a.xml (66818 bytes)
2025-09-16 21:55:09,414 - scraper.xml_scraper - INFO - Erfolgreich heruntergeladen: westminster2022-12-19a.xml (60408 bytes)
2025-09-16 21:55:09,644 - scraper.xml_scraper - INFO - Erfolgreich heruntergeladen: westminster2022-12-20a.xml (297855 bytes)
2025-09-16 21:55:09,652 - scraper.xml_scraper - INFO - Gefunden: 1554 XML-Dateien im Download-Verzeichnis
2025-09-16 21:55:09,964 - scraper.xml_scraper - INFO - === XML-Scraping abgeschlossen ===
2025-09-16 21:55:09,965 - scraper.xml_scraper - INFO - Heruntergeladen: 1554/1554
2025-09-16 21:55:09,965 - scraper.xml_scraper - INFO - Fehler: 0
2025-09-16 21:55:09,965 - scraper.xml_scraper - INFO - Dauer: 1672.21 Sekunden
